<?xml version="1.0" encoding="UTF-8"?><CodeSystem xmlns="http://hl7.org/fhir"><id value="research-subject-milestone"/><meta><lastUpdated value="2020-04-09T21:10:28.568+00:00"/></meta><text><status value="generated"/><div xmlns="http://www.w3.org/1999/xhtml"><p>This case-sensitive code system <code>http://terminology.hl7.org/CodeSystem/research-subject-milestone</code> defines the following codes:</p><table class="codes"><tr><td style="white-space:nowrap"><b>Code</b></td><td><b>Display</b></td><td><b>Definition</b></td></tr><tr><td style="white-space:nowrap">SignedUp<a name="research-subject-milestone-SignedUp"> </a></td><td>Signed up</td><td>A person has expressed an interest in being in a study but has not yet been through any assessment or consent processes.</td></tr><tr><td style="white-space:nowrap">Screened<a name="research-subject-milestone-Screened"> </a></td><td>Screened</td><td>A potential subject has been screened for suitability.</td></tr><tr><td style="white-space:nowrap">Randomized<a name="research-subject-milestone-Randomized"> </a></td><td>Randomized</td><td>A subject has been allocated to an arm of the study.</td></tr></table></div></text><extension url="http://hl7.org/fhir/StructureDefinition/structuredefinition-wg"><valueCode value="brr"/></extension><extension url="http://hl7.org/fhir/StructureDefinition/structuredefinition-fmm"><valueInteger value="1"/></extension><url value="http://terminology.hl7.org/CodeSystem/research-subject-milestone"/><identifier><system value="urn:ietf:rfc:3986"/><value value="urn:oid:2.16.840.1.113883.4.642.1.0"/></identifier><version value="0.1.0"/><name value="ResearchSubjectMilestone"/><title value="ResearchSubjectMilestone"/><status value="draft"/><experimental value="false"/><date value="2020-04-09T21:10:28+00:00"/><publisher value="SatuSehat"/><contact><name value="SatuSehat"/><telecom><system value="url"/><value value="https://satusehat.kemkes.go.id/"/></telecom><telecom><system value="email"/><value value="fhir@dto.kemkes.go.id"/></telecom></contact><description value="Indicates the progression of a study subject through the study milestones."/><copyright value="This material derives from the HL7 Terminology (THO). THO is copyright ©1989+ Health Level Seven International and is made available under the CC0 designation. For more licensing information see: https://terminology.hl7.org/license"/><caseSensitive value="true"/><valueSet value="http://terminology.hl7.org/ValueSet/research-subject-milestone"/><content value="complete"/><concept><code value="SignedUp"/><display value="Signed up"/><definition value="A person has expressed an interest in being in a study but has not yet been through any assessment or consent processes."/></concept><concept><code value="Screened"/><display value="Screened"/><definition value="A potential subject has been screened for suitability."/></concept><concept><code value="Randomized"/><display value="Randomized"/><definition value="A subject has been allocated to an arm of the study."/></concept></CodeSystem>