<?xml version="1.0" encoding="UTF-8"?><CodeSystem xmlns="http://hl7.org/fhir"><id value="measure-data-usage"/><meta><lastUpdated value="2020-04-09T21:10:28.568+00:00"/></meta><text><status value="generated"/><div xmlns="http://www.w3.org/1999/xhtml"><p>This case-sensitive code system <code>http://terminology.hl7.org/CodeSystem/measure-data-usage</code> defines the following codes:</p><table class="codes"><tr><td style="white-space:nowrap"><b>Code</b></td><td><b>Display</b></td><td><b>Definition</b></td></tr><tr><td style="white-space:nowrap">supplemental-data<a name="measure-data-usage-supplemental-data"> </a></td><td>Supplemental Data</td><td>The data is intended to be provided as additional information alongside the measure results.</td></tr><tr><td style="white-space:nowrap">risk-adjustment-factor<a name="measure-data-usage-risk-adjustment-factor"> </a></td><td>Risk Adjustment Factor</td><td>The data is intended to be used to calculate and apply a risk adjustment model for the measure.</td></tr></table></div></text><extension url="http://hl7.org/fhir/StructureDefinition/structuredefinition-wg"><valueCode value="cqi"/></extension><extension url="http://hl7.org/fhir/StructureDefinition/structuredefinition-fmm"><valueInteger value="2"/></extension><url value="http://terminology.hl7.org/CodeSystem/measure-data-usage"/><identifier><system value="urn:ietf:rfc:3986"/><value value="urn:oid:2.16.840.1.113883.4.642.1.1234"/></identifier><version value="0.1.0"/><name value="MeasureDataUsage"/><title value="MeasureDataUsage"/><status value="draft"/><experimental value="false"/><date value="2020-04-09T21:10:28+00:00"/><publisher value="SatuSehat"/><contact><name value="SatuSehat"/><telecom><system value="url"/><value value="https://satusehat.kemkes.go.id/"/></telecom><telecom><system value="email"/><value value="fhir@dto.kemkes.go.id"/></telecom></contact><description value="The intended usage for supplemental data elements in the measure."/><copyright value="This material derives from the HL7 Terminology (THO). THO is copyright ©1989+ Health Level Seven International and is made available under the CC0 designation. For more licensing information see: https://terminology.hl7.org/license"/><caseSensitive value="true"/><valueSet value="http://terminology.hl7.org/ValueSet/measure-data-usage"/><content value="complete"/><concept><code value="supplemental-data"/><display value="Supplemental Data"/><definition value="The data is intended to be provided as additional information alongside the measure results."/></concept><concept><code value="risk-adjustment-factor"/><display value="Risk Adjustment Factor"/><definition value="The data is intended to be used to calculate and apply a risk adjustment model for the measure."/></concept></CodeSystem>