<?xml version="1.0" encoding="UTF-8"?><CodeSystem xmlns="http://hl7.org/fhir"><id value="v3-LanguageAbilityMode"/><language value="en"/><text><status value="generated"/><div xml:lang="en" xmlns="http://www.w3.org/1999/xhtml" lang="en"><p><b>Properties</b></p><p><b>This code system  defines the following properties for its concepts</b></p><table class="grid"><tr><td><b>Code</b></td><td><b>URI</b></td><td><b>Type</b></td><td><b>Description</b></td></tr><tr><td>Specializes</td><td/><td>Coding</td><td>The child code is a more narrow version of the concept represented by the parent code.  I.e. Every child concept is also a valid parent concept.  Used to allow determination of subsumption.  Must be transitive, irreflexive, antisymmetric.</td></tr><tr><td>Generalizes</td><td/><td>Coding</td><td>Inverse of Specializes.  Only included as a derived relationship.</td></tr><tr><td>internalId</td><td>http://terminology.hl7.org/CodeSystem/utg-concept-properties#v3-internal-id</td><td>code</td><td>The internal identifier for the concept in the HL7 Access database repository.</td></tr><tr><td>status</td><td>http://hl7.org/fhir/concept-properties#status</td><td>code</td><td>Designation of a concept's state. Normally is not populated unless the state is retired.</td></tr></table><p><b>Concepts</b></p><p>This case-sensitive code system <code>http://terminology.hl7.org/CodeSystem/v3-LanguageAbilityMode</code> defines the following codes in a Is-A heirarchy:</p><table class="codes"><tr><td style="white-space:nowrap"><b>Code</b></td><td><b>Display</b></td><td><b>internalId</b></td><td><b>status</b></td></tr><tr><td style="white-space:nowrap">ESGN<a name="v3-LanguageAbilityMode-ESGN"> </a></td><td>Expressed signed</td><td>12252</td><td>active</td></tr><tr><td style="white-space:nowrap">ESP<a name="v3-LanguageAbilityMode-ESP"> </a></td><td>Expressed spoken</td><td>12250</td><td>active</td></tr><tr><td style="white-space:nowrap">EWR<a name="v3-LanguageAbilityMode-EWR"> </a></td><td>Expressed written</td><td>12251</td><td>active</td></tr><tr><td style="white-space:nowrap">RSGN<a name="v3-LanguageAbilityMode-RSGN"> </a></td><td>Received signed</td><td>16139</td><td>active</td></tr><tr><td style="white-space:nowrap">RSP<a name="v3-LanguageAbilityMode-RSP"> </a></td><td>Received spoken</td><td>12253</td><td>active</td></tr><tr><td style="white-space:nowrap">RWR<a name="v3-LanguageAbilityMode-RWR"> </a></td><td>Received written</td><td>12254</td><td>active</td></tr></table></div></text><url value="http://terminology.hl7.org/CodeSystem/v3-LanguageAbilityMode"/><identifier><system value="urn:ietf:rfc:3986"/><value value="urn:oid:2.16.840.1.113883.5.60"/></identifier><version value="0.1.0"/><name value="LanguageAbilityMode"/><title value="LanguageAbilityMode"/><status value="active"/><experimental value="false"/><date value="2019-03-20"/><publisher value="SatuSehat"/><contact><name value="SatuSehat"/><telecom><system value="url"/><value value="https://satusehat.kemkes.go.id/"/></telecom><telecom><system value="email"/><value value="fhir@dto.kemkes.go.id"/></telecom></contact><description value="A value representing the method of expression of the language.&#xD;&#xA;&#xD;&#xA;*Example:*Expressed spoken, expressed written, expressed signed, received spoken, received written, received signed.&#xD;&#xA;&#xD;&#xA;*OpenIssue:* Description copied from Concept Domain of same name. Must be verified."/><copyright value="This material derives from the HL7 Terminology THO. THO is copyright ©1989+ Health Level Seven International and is made available under the CC0 designation. For more licensing information see: https://terminology.hl7.org/license"/><caseSensitive value="true"/><hierarchyMeaning value="is-a"/><content value="complete"/><property><extension url="http://terminology.hl7.org/StructureDefinition/ext-mif-relationship-symmetry"><valueCode value="antisymmetric"/></extension><extension url="http://terminology.hl7.org/StructureDefinition/ext-mif-relationship-transitivity"><valueCode value="transitive"/></extension><extension url="http://terminology.hl7.org/StructureDefinition/ext-mif-relationship-reflexivity"><valueCode value="irreflexive"/></extension><extension url="http://terminology.hl7.org/StructureDefinition/ext-mif-relationship-isNavigable"><valueBoolean value="true"/></extension><extension url="http://terminology.hl7.org/StructureDefinition/ext-mif-relationship-relationshipKind"><valueCode value="Specializes"/></extension><extension url="http://terminology.hl7.org/StructureDefinition/ext-mif-relationship-inverseName"><valueString value="Generalizes"/></extension><code value="Specializes"/><description value="The child code is a more narrow version of the concept represented by the parent code.  I.e. Every child concept is also a valid parent concept.  Used to allow determination of subsumption.  Must be transitive, irreflexive, antisymmetric."/><type value="Coding"/></property><property><extension url="http://terminology.hl7.org/StructureDefinition/ext-mif-relationship-symmetry"><valueCode value="antisymmetric"/></extension><extension url="http://terminology.hl7.org/StructureDefinition/ext-mif-relationship-transitivity"><valueCode value="transitive"/></extension><extension url="http://terminology.hl7.org/StructureDefinition/ext-mif-relationship-reflexivity"><valueCode value="irreflexive"/></extension><extension url="http://terminology.hl7.org/StructureDefinition/ext-mif-relationship-isNavigable"><valueBoolean value="true"/></extension><extension url="http://terminology.hl7.org/StructureDefinition/ext-mif-relationship-relationshipKind"><valueCode value="Generalizes"/></extension><extension url="http://terminology.hl7.org/StructureDefinition/ext-mif-relationship-inverseName"><valueString value="Specializes"/></extension><code value="Generalizes"/><description value="Inverse of Specializes.  Only included as a derived relationship."/><type value="Coding"/></property><property><code value="internalId"/><uri value="http://terminology.hl7.org/CodeSystem/utg-concept-properties#v3-internal-id"/><description value="The internal identifier for the concept in the HL7 Access database repository."/><type value="code"/></property><property><code value="status"/><uri value="http://hl7.org/fhir/concept-properties#status"/><description value="Designation of a concept's state. Normally is not populated unless the state is retired."/><type value="code"/></property><concept><code value="ESGN"/><display value="Expressed signed"/><property><code value="status"/><valueCode value="active"/></property><property><code value="internalId"/><valueCode value="12252"/></property></concept><concept><code value="ESP"/><display value="Expressed spoken"/><property><code value="status"/><valueCode value="active"/></property><property><code value="internalId"/><valueCode value="12250"/></property></concept><concept><code value="EWR"/><display value="Expressed written"/><property><code value="status"/><valueCode value="active"/></property><property><code value="internalId"/><valueCode value="12251"/></property></concept><concept><code value="RSGN"/><display value="Received signed"/><property><code value="status"/><valueCode value="active"/></property><property><code value="internalId"/><valueCode value="16139"/></property></concept><concept><code value="RSP"/><display value="Received spoken"/><property><code value="status"/><valueCode value="active"/></property><property><code value="internalId"/><valueCode value="12253"/></property></concept><concept><code value="RWR"/><display value="Received written"/><property><code value="status"/><valueCode value="active"/></property><property><code value="internalId"/><valueCode value="12254"/></property></concept></CodeSystem>