<?xml version="1.0" encoding="UTF-8"?><CodeSystem xmlns="http://hl7.org/fhir"><id value="KemkesSmallestLogisticUnit"/><meta><versionId value="2"/><lastUpdated value="2023-11-09T13:31:14.515+07:00"/></meta><language value="Indonesia"/><text><status value="generated"/><div xmlns="http://www.w3.org/1999/xhtml" xml:lang="Indonesia" lang="Indonesia"><p>This case-sensitive code system <code>http://terminology.kemkes.go.id/CodeSystem/smallest-logistic-unit</code> defines the following codes in a Is-A heirarchy:</p><table class="codes"><tr><td style="white-space:nowrap"><b>Code</b></td><td><b>Display</b></td></tr><tr><td style="white-space:nowrap">MRD000001<a name="KemkesSmallestLogisticUnit-MRD000001"> </a></td><td>Botol Plastik</td></tr><tr><td style="white-space:nowrap">MRD000002<a name="KemkesSmallestLogisticUnit-MRD000002"> </a></td><td>Flexy Bag</td></tr><tr><td style="white-space:nowrap">MRD000003<a name="KemkesSmallestLogisticUnit-MRD000003"> </a></td><td>Ovula</td></tr><tr><td style="white-space:nowrap">MRD000004<a name="KemkesSmallestLogisticUnit-MRD000004"> </a></td><td>Pasang</td></tr><tr><td style="white-space:nowrap">MRD000005<a name="KemkesSmallestLogisticUnit-MRD000005"> </a></td><td>Pieces</td></tr><tr><td style="white-space:nowrap">MRD000006<a name="KemkesSmallestLogisticUnit-MRD000006"> </a></td><td>Pot</td></tr><tr><td style="white-space:nowrap">MRD000007<a name="KemkesSmallestLogisticUnit-MRD000007"> </a></td><td>Prefilled pen</td></tr><tr><td style="white-space:nowrap">MRD000008<a name="KemkesSmallestLogisticUnit-MRD000008"> </a></td><td>Prefilled Syringe</td></tr><tr><td style="white-space:nowrap">MRD000009<a name="KemkesSmallestLogisticUnit-MRD000009"> </a></td><td>Respules</td></tr><tr><td style="white-space:nowrap">MRD000010<a name="KemkesSmallestLogisticUnit-MRD000010"> </a></td><td>Set</td></tr><tr><td style="white-space:nowrap">MRD000011<a name="KemkesSmallestLogisticUnit-MRD000011"> </a></td><td>Turbuhaler</td></tr><tr><td style="white-space:nowrap">MRD000012<a name="KemkesSmallestLogisticUnit-MRD000012"> </a></td><td>Vial + Ampul Pelarut</td></tr><tr><td style="white-space:nowrap">MRD000013<a name="KemkesSmallestLogisticUnit-MRD000013"> </a></td><td>Vial + Prefilled Syringe</td></tr><tr><td style="white-space:nowrap">MRD000014<a name="KemkesSmallestLogisticUnit-MRD000014"> </a></td><td>Blister + Inhaler</td></tr></table></div></text><url value="http://terminology.kemkes.go.id/CodeSystem/smallest-logistic-unit"/><version value="0.1.0"/><name value="KemkesSmallestLogisticUnit"/><title value="Terminology Kemkes smallest logistic unit CodeSystem"/><status value="active"/><experimental value="false"/><date value="2024-02-05T00:00:00.000Z"/><publisher value="Thomas Chaidir"/><contact><name value="Thomas Chaidir"/><telecom><system value="url"/><value value="https://satusehat.kemkes.go.id/"/></telecom></contact><description value="Terminology Kemkes smallest logistic unit CodeSystem"/><caseSensitive value="true"/><valueSet value="http://terminology.kemkes.go.id/ValueSet/smallest-logistic-unit"/><hierarchyMeaning value="is-a"/><compositional value="false"/><versionNeeded value="true"/><content value="complete"/><count value="14"/><concept><code value="MRD000001"/><display value="Botol Plastik"/></concept><concept><code value="MRD000002"/><display value="Flexy Bag"/></concept><concept><code value="MRD000003"/><display value="Ovula"/></concept><concept><code value="MRD000004"/><display value="Pasang"/></concept><concept><code value="MRD000005"/><display value="Pieces"/></concept><concept><code value="MRD000006"/><display value="Pot"/></concept><concept><code value="MRD000007"/><display value="Prefilled pen"/></concept><concept><code value="MRD000008"/><display value="Prefilled Syringe"/></concept><concept><code value="MRD000009"/><display value="Respules"/></concept><concept><code value="MRD000010"/><display value="Set"/></concept><concept><code value="MRD000011"/><display value="Turbuhaler"/></concept><concept><code value="MRD000012"/><display value="Vial + Ampul Pelarut"/></concept><concept><code value="MRD000013"/><display value="Vial + Prefilled Syringe"/></concept><concept><code value="MRD000014"/><display value="Blister + Inhaler"/></concept></CodeSystem>