<?xml version="1.0" encoding="UTF-8"?><CodeSystem xmlns="http://hl7.org/fhir"><id value="hc-CCDD"/><text><status value="generated"/><div xmlns="http://www.w3.org/1999/xhtml"><p>This case-insensitive code system <code>http://terminology.hl7.org/CodeSystem/hc-CCDD</code> defines codes, but no codes are represented here</p></div></text><url value="http://terminology.hl7.org/CodeSystem/hc-CCDD"/><identifier><system value="urn:ietf:rfc:3986"/><value value="urn:oid:2.16.840.1.113883.2.20.6.1"/></identifier><version value="0.1.0"/><name value="CCDD"/><title value="Canadian Clinical Drug Data Set"/><status value="active"/><experimental value="false"/><date value="2024-01-26T00:00:00-00:00"/><publisher value="SatuSehat"/><contact><name value="SatuSehat"/><telecom><system value="url"/><value value="https://satusehat.kemkes.go.id/"/></telecom><telecom><system value="email"/><value value="fhir@dto.kemkes.go.id"/></telecom></contact><description value="The Canadian Clinical Drug Data Set provides codes for identification and a consistent approach to naming of medications and some medical devices in Canada. It has been designed and developed to reflect current clinical practice and safety advice and is freely available for use in digital health solutions and design applications.&#xD;&#xA;&#xD;&#xA;CCDD is available in English and Canadian French, and published on Terminology Gateway by Canada Health Infoway.&#xD;&#xA;&#xD;&#xA;To request content changes, send an email to clinicaldrug@infoway-inforoute.ca"/><caseSensitive value="false"/><content value="not-present"/></CodeSystem>