<?xml version="1.0" encoding="UTF-8"?><CodeSystem xmlns="http://hl7.org/fhir"><id value="oms"/><text><status value="generated"/><div xmlns="http://www.w3.org/1999/xhtml"><p>This case-sensitive code system <code>http://terminology.hl7.org/CodeSystem/oms</code> defines codes, but no codes are represented here</p></div></text><url value="http://terminology.hl7.org/CodeSystem/oms"/><identifier><system value="urn:ietf:rfc:3986"/><value value="urn:oid:2.16.840.1.113883.6.98"/></identifier><version value="0.1.0"/><name value="Oms"/><title value="Omaha System"/><status value="active"/><experimental value="false"/><date value="2019-03-20T00:00:00-04:00"/><publisher value="SatuSehat"/><contact><name value="SatuSehat"/><telecom><system value="url"/><value value="https://satusehat.kemkes.go.id/"/></telecom><telecom><system value="email"/><value value="fhir@dto.kemkes.go.id"/></telecom></contact><description value="The Omaha System provides standardized terms, definitions, and codes for observations and procedures, specifically for client problems, multidisciplinary interventions including those focusing on assessment and care, and problem-specific client outcomes."/><caseSensitive value="true"/><content value="not-present"/></CodeSystem>