<?xml version="1.0" encoding="UTF-8"?><CodeSystem xmlns="http://hl7.org/fhir"><id value="v3-hc-aic"/><text><status value="generated"/><div xmlns="http://www.w3.org/1999/xhtml"><p>This case-insensitive code system <code>http://terminology.hl7.org/CodeSystem/v3-hc-aic</code> defines codes, but no codes are represented here</p></div></text><url value="http://terminology.hl7.org/CodeSystem/v3-hc-aic"/><identifier><system value="urn:ietf:rfc:3986"/><value value="urn:oid:2.16.840.1.113883.5.1103"/></identifier><version value="0.1.0"/><name value="HcAIC"/><title value="Active Ingredient Code"/><status value="active"/><experimental value="false"/><date value="2021-03-22T00:00:00-04:00"/><publisher value="SatuSehat"/><contact><name value="SatuSehat"/><telecom><system value="url"/><value value="https://satusehat.kemkes.go.id/"/></telecom><telecom><system value="email"/><value value="fhir@dto.kemkes.go.id"/></telecom></contact><description value="Foreign key for the Active Ingredient Table that relates active ingredients to specific products.  &#xD;&#xA;&#xD;&#xA;Further information about this Code System can be found at https://www.canada.ca/en/health-canada/services/drugs-health-products/drug-products/drug-product-database/read-file-drug-product-database-data-extract.html"/><caseSensitive value="false"/><content value="not-present"/></CodeSystem>