<?xml version="1.0" encoding="UTF-8"?><CodeSystem xmlns="http://hl7.org/fhir"><id value="icaosex"/><text><status value="generated"/><div xmlns="http://www.w3.org/1999/xhtml"><p>This case-sensitive code system <code>http://terminology.hl7.org/CodeSystem/icaosex</code> defines codes, but no codes are represented here</p></div></text><url value="http://terminology.hl7.org/CodeSystem/icaosex"/><version value="0.1.0"/><name value="ICAO_Sex"/><title value="International Civil Aviation Organization Sex"/><status value="active"/><experimental value="false"/><date value="2022-04-21T00:00:00-00:00"/><publisher value="SatuSehat"/><contact><name value="SatuSehat"/><telecom><system value="url"/><value value="https://satusehat.kemkes.go.id/"/></telecom><telecom><system value="email"/><value value="fhir@dto.kemkes.go.id"/></telecom></contact><description value="ICAO is funded and directed by 193 national governments to support their diplomacy and cooperation in air transport as signatory states to the [Chicago Convention (1944)](https://www.icao.int/about-icao/History/Pages/default.aspx)&#xD;&#xA;&#xD;&#xA;Its core function is to maintain an administrative and expert bureaucracy (the [ICAO Secretariat](https://www.icao.int/secretariat/Pages/default.aspx) supporting these diplomatic interactions, and to research new air transport policy and standardization innovations as directed and endorsed by governments through the [ICAO Assembly](https://www.icao.int/about-icao/assembly/Pages/default.aspx), or by the [ICAO Council](https://www.icao.int/about-icao/Council/Pages/council.aspx) which the assembly elects.&#xD;&#xA;&#xD;&#xA;ICAO has developed a technical specification (sample version form 2021 [here](https://www.icao.int/publications/Documents/9303_p7_cons_en.pdf) ) to &quot;allow compatibility and global interchange using both visual (eye readable) and machine readable means. The specifications lay down standards for visas which can, where issued by a State and accepted by a receiving State, be used for travel purposes. The MRV[Machine Readable Visa] shall, as a minimum, contain the data specified herein in a form that is legible both visually and by optical character recognition methods..&quot; &#xD;&#xA;&#xD;&#xA;Further, defining that &quot;Sex of MRV-A[Format A - Machine Readable Visa] holder, when included, is to be specified by use of the single initial commonly used in the language of the State of issue. If translation into English, French or Spanish is necessary, followed by an oblique and the capital letter F for female, M for male, or X for unspecified.&quot;&#xD;&#xA;&#xD;&#xA;Sex of MRV-B[Format B - Machine Readable Visa] holder, when included, is to be specified by use of the single initial commonly used in the language of the State of issue. If translation into English, French or Spanish is necessary, followed by an oblique and the capital letter F for female, M for male, or X for unspecified."/><copyright value="Copyright © ICAO 2021. All rights reserved. None of the materials provided on this web site may be used, reproduced or transmitted, in whole or in part, in any form or by any means, electronic or mechanical, including photocopying, recording or the use of any information storage and retrieval system, except as provided for in the site [Terms and Conditions](https://www.icao.int/pages/Disclaimer.aspx) without permission in writing from ICAO.&#xD;&#xA;&#xD;&#xA;ICAO  grants permission to Users to visit the Site [https://www.icao.int/Pages/default.aspx] and to download, preprint and copy the information, documents and materials (collectively, &quot;Materials&quot;) from the Site for the User’s personal, non-commercial use, without any right to resell or redistribute them or to compile or create derivative works therefrom, subject to the terms and conditions outlined [https://www.icao.int/pages/Disclaimer.aspx], and also subject to more specific restrictions that may apply to specific Material within the Site."/><caseSensitive value="true"/><content value="not-present"/></CodeSystem>