<?xml version="1.0" encoding="UTF-8"?><CodeSystem xmlns="http://hl7.org/fhir"><id value="medicationknowledge-characteristic"/><meta><lastUpdated value="2020-04-09T21:10:28.568+00:00"/><profile value="http://hl7.org/fhir/StructureDefinition/shareablecodesystem"/></meta><text><status value="generated"/><div xmlns="http://www.w3.org/1999/xhtml"><p>This case-sensitive code system <code>http://terminology.hl7.org/CodeSystem/medicationknowledge-characteristic</code> defines the following codes:</p><table class="codes"><tr><td style="white-space:nowrap"><b>Code</b></td><td><b>Display</b></td><td><b>Definition</b></td></tr><tr><td style="white-space:nowrap">imprintcd<a name="medicationknowledge-characteristic-imprintcd"> </a></td><td>Imprint Code</td><td>Identyifying marks on product</td></tr><tr><td style="white-space:nowrap">size<a name="medicationknowledge-characteristic-size"> </a></td><td>Size</td><td>Description of size of the product</td></tr><tr><td style="white-space:nowrap">shape<a name="medicationknowledge-characteristic-shape"> </a></td><td>Shape</td><td>Description of the shape of the product</td></tr><tr><td style="white-space:nowrap">color<a name="medicationknowledge-characteristic-color"> </a></td><td>Color</td><td>Description of the color of the product</td></tr><tr><td style="white-space:nowrap">coating<a name="medicationknowledge-characteristic-coating"> </a></td><td>Coating</td><td>Description of the coating of the product</td></tr><tr><td style="white-space:nowrap">scoring<a name="medicationknowledge-characteristic-scoring"> </a></td><td>Scoring</td><td>Description of the scoring of the product</td></tr><tr><td style="white-space:nowrap">logo<a name="medicationknowledge-characteristic-logo"> </a></td><td>Logo</td><td>Description of the Logo of the product</td></tr><tr><td style="white-space:nowrap">image<a name="medicationknowledge-characteristic-image"> </a></td><td>Image</td><td>Description of the Image of the product</td></tr></table></div></text><extension url="http://hl7.org/fhir/StructureDefinition/structuredefinition-wg"><valueCode value="phx"/></extension><extension url="http://hl7.org/fhir/StructureDefinition/structuredefinition-fmm"><valueInteger value="1"/></extension><url value="http://terminology.hl7.org/CodeSystem/medicationknowledge-characteristic"/><identifier><system value="urn:ietf:rfc:3986"/><value value="urn:oid:2.16.840.1.113883.4.642.1.1338"/></identifier><version value="0.1.0"/><name value="MedicationKnowledgeCharacteristicCodes"/><title value="MedicationKnowledge Characteristic Codes"/><status value="draft"/><experimental value="false"/><date value="2024-03-09T14:36:19-07:00"/><publisher value="SatuSehat"/><contact><name value="SatuSehat"/><telecom><system value="url"/><value value="https://satusehat.kemkes.go.id/"/></telecom><telecom><system value="email"/><value value="fhir@dto.kemkes.go.id"/></telecom></contact><description value="MedicationKnowledge Characteristic Codes"/><copyright value="This material derives from the HL7 Terminology (THO). THO is copyright ©1989+ Health Level Seven International and is made available under the CC0 designation. For more licensing information see: https://terminology.hl7.org/license"/><caseSensitive value="true"/><valueSet value="http://terminology.hl7.org/ValueSet/medicationknowledge-characteristic"/><content value="complete"/><concept><code value="imprintcd"/><display value="Imprint Code"/><definition value="Identyifying marks on product"/></concept><concept><code value="size"/><display value="Size"/><definition value="Description of size of the product"/></concept><concept><code value="shape"/><display value="Shape"/><definition value="Description of the shape of the product"/></concept><concept><code value="color"/><display value="Color"/><definition value="Description of the color of the product"/></concept><concept><code value="coating"/><display value="Coating"/><definition value="Description of the coating of the product"/></concept><concept><code value="scoring"/><display value="Scoring"/><definition value="Description of the scoring of the product"/></concept><concept><code value="logo"/><display value="Logo"/><definition value="Description of the Logo of the product"/></concept><concept><code value="image"/><display value="Image"/><definition value="Description of the Image of the product"/></concept></CodeSystem>