<?xml version="1.0" encoding="UTF-8"?><CodeSystem xmlns="http://hl7.org/fhir"><id value="KemkesClinicalSpecialityCS"/><meta><versionId value="2"/><lastUpdated value="2023-11-09T13:31:14.515+07:00"/></meta><language value="Indonesia"/><text><status value="generated"/><div xmlns="http://www.w3.org/1999/xhtml" xml:lang="Indonesia" lang="Indonesia"><p>This case-sensitive code system <code>http://terminology.kemkes.go.id/CodeSystem/clinical-speciality</code> defines the following codes in a Is-A hierarchy:</p><table class="codes"><tr><td style="white-space:nowrap"><b>Code</b></td><td><b>Display</b></td></tr><tr><td style="white-space:nowrap">1001<a name="KemkesClinicalSpecialityCS-1001"> </a></td><td>Saraf</td></tr><tr><td style="white-space:nowrap">1002<a name="KemkesClinicalSpecialityCS-1002"> </a></td><td>Stroke dan neurovaskular</td></tr><tr><td style="white-space:nowrap">1003<a name="KemkesClinicalSpecialityCS-1003"> </a></td><td>Fungsi luhur (neurobehaviour)</td></tr><tr><td style="white-space:nowrap">1004<a name="KemkesClinicalSpecialityCS-1004"> </a></td><td>Neuroinfeksi dan imunologi</td></tr><tr><td style="white-space:nowrap">1005<a name="KemkesClinicalSpecialityCS-1005"> </a></td><td>Neuro onkologi</td></tr><tr><td style="white-space:nowrap">1006<a name="KemkesClinicalSpecialityCS-1006"> </a></td><td>Neurofisiologi dan neuromuskular</td></tr><tr><td style="white-space:nowrap">1007<a name="KemkesClinicalSpecialityCS-1007"> </a></td><td>Epilepsi</td></tr><tr><td style="white-space:nowrap">1008<a name="KemkesClinicalSpecialityCS-1008"> </a></td><td>Neuropediatri</td></tr><tr><td style="white-space:nowrap">1009<a name="KemkesClinicalSpecialityCS-1009"> </a></td><td>Nyeri</td></tr><tr><td style="white-space:nowrap">1010<a name="KemkesClinicalSpecialityCS-1010"> </a></td><td>Nyeri kepala</td></tr><tr><td style="white-space:nowrap">1011<a name="KemkesClinicalSpecialityCS-1011"> </a></td><td>Movement disorder/gangguan gerak</td></tr><tr><td style="white-space:nowrap">1012<a name="KemkesClinicalSpecialityCS-1012"> </a></td><td>Sleep disorder</td></tr><tr><td style="white-space:nowrap">1013<a name="KemkesClinicalSpecialityCS-1013"> </a></td><td>Neuro-otologi dan vertigo</td></tr><tr><td style="white-space:nowrap">1014<a name="KemkesClinicalSpecialityCS-1014"> </a></td><td>Neurorestorasi</td></tr><tr><td style="white-space:nowrap">1015<a name="KemkesClinicalSpecialityCS-1015"> </a></td><td>Neurotrauma</td></tr><tr><td style="white-space:nowrap">1016<a name="KemkesClinicalSpecialityCS-1016"> </a></td><td>Neurointensif</td></tr><tr><td style="white-space:nowrap">1017<a name="KemkesClinicalSpecialityCS-1017"> </a></td><td>Neuroimaging</td></tr><tr><td style="white-space:nowrap">1018<a name="KemkesClinicalSpecialityCS-1018"> </a></td><td>Neurogeriatri</td></tr><tr><td style="white-space:nowrap">1019<a name="KemkesClinicalSpecialityCS-1019"> </a></td><td>Neurointervensi</td></tr><tr><td style="white-space:nowrap">1020<a name="KemkesClinicalSpecialityCS-1020"> </a></td><td>Neurofisiologi Klinis</td></tr><tr><td style="white-space:nowrap">1021<a name="KemkesClinicalSpecialityCS-1021"> </a></td><td>Neuromuskular, Saraf Perifer</td></tr><tr><td style="white-space:nowrap">1022<a name="KemkesClinicalSpecialityCS-1022"> </a></td><td>Neuropsikiatri dan Psikometri</td></tr><tr><td style="white-space:nowrap">1023<a name="KemkesClinicalSpecialityCS-1023"> </a></td><td>Mata</td></tr><tr><td style="white-space:nowrap">1024<a name="KemkesClinicalSpecialityCS-1024"> </a></td><td>Mata infeksi imunologi</td></tr><tr><td style="white-space:nowrap">1025<a name="KemkesClinicalSpecialityCS-1025"> </a></td><td>Glaukoma</td></tr><tr><td style="white-space:nowrap">1026<a name="KemkesClinicalSpecialityCS-1026"> </a></td><td>Kornea, lensa, dan bedah refraktif</td></tr><tr><td style="white-space:nowrap">1027<a name="KemkesClinicalSpecialityCS-1027"> </a></td><td>Neuro oftalmologi</td></tr><tr><td style="white-space:nowrap">1028<a name="KemkesClinicalSpecialityCS-1028"> </a></td><td>Pediatri onkologi strabismus</td></tr><tr><td style="white-space:nowrap">1029<a name="KemkesClinicalSpecialityCS-1029"> </a></td><td>Refraksi lensa kontak</td></tr><tr><td style="white-space:nowrap">1030<a name="KemkesClinicalSpecialityCS-1030"> </a></td><td>Rekonstruksi okuloplasti dan onkologi</td></tr><tr><td style="white-space:nowrap">1031<a name="KemkesClinicalSpecialityCS-1031"> </a></td><td>Vitreo retina</td></tr><tr><td style="white-space:nowrap">1032<a name="KemkesClinicalSpecialityCS-1032"> </a></td><td>Onkologi Mata</td></tr><tr><td style="white-space:nowrap">1033<a name="KemkesClinicalSpecialityCS-1033"> </a></td><td>Strabismus</td></tr><tr><td style="white-space:nowrap">1034<a name="KemkesClinicalSpecialityCS-1034"> </a></td><td>Telinga hidung tenggorok dan bedah kepala leher (THT-KL)</td></tr><tr><td style="white-space:nowrap">1035<a name="KemkesClinicalSpecialityCS-1035"> </a></td><td>Otologi</td></tr><tr><td style="white-space:nowrap">1036<a name="KemkesClinicalSpecialityCS-1036"> </a></td><td>Rinologi</td></tr><tr><td style="white-space:nowrap">1037<a name="KemkesClinicalSpecialityCS-1037"> </a></td><td>Onkologi bedah kepala leher</td></tr><tr><td style="white-space:nowrap">1038<a name="KemkesClinicalSpecialityCS-1038"> </a></td><td>Laring faring</td></tr><tr><td style="white-space:nowrap">1039<a name="KemkesClinicalSpecialityCS-1039"> </a></td><td>Neurotologi</td></tr><tr><td style="white-space:nowrap">1040<a name="KemkesClinicalSpecialityCS-1040"> </a></td><td>Endoskopi bronkoesofagologi</td></tr><tr><td style="white-space:nowrap">1041<a name="KemkesClinicalSpecialityCS-1041"> </a></td><td>THT-KL alergi imunologi</td></tr><tr><td style="white-space:nowrap">1042<a name="KemkesClinicalSpecialityCS-1042"> </a></td><td>THT-KL plastik rekonstruksi</td></tr><tr><td style="white-space:nowrap">1043<a name="KemkesClinicalSpecialityCS-1043"> </a></td><td>THT komunitas</td></tr><tr><td style="white-space:nowrap">1044<a name="KemkesClinicalSpecialityCS-1044"> </a></td><td>Gigi</td></tr><tr><td style="white-space:nowrap">1045<a name="KemkesClinicalSpecialityCS-1045"> </a></td><td>Gigi radiologi</td></tr><tr><td style="white-space:nowrap">1046<a name="KemkesClinicalSpecialityCS-1046"> </a></td><td>Bedah mulut</td></tr><tr><td style="white-space:nowrap">1047<a name="KemkesClinicalSpecialityCS-1047"> </a></td><td>Konservasi/endodonsi</td></tr><tr><td style="white-space:nowrap">1048<a name="KemkesClinicalSpecialityCS-1048"> </a></td><td>Ortodontik</td></tr><tr><td style="white-space:nowrap">1049<a name="KemkesClinicalSpecialityCS-1049"> </a></td><td>Periodonti</td></tr><tr><td style="white-space:nowrap">1050<a name="KemkesClinicalSpecialityCS-1050"> </a></td><td>Prosthodonti</td></tr><tr><td style="white-space:nowrap">1051<a name="KemkesClinicalSpecialityCS-1051"> </a></td><td>Pedodonti</td></tr><tr><td style="white-space:nowrap">1052<a name="KemkesClinicalSpecialityCS-1052"> </a></td><td>Penyakit mulut</td></tr><tr><td style="white-space:nowrap">1053<a name="KemkesClinicalSpecialityCS-1053"> </a></td><td>Paru</td></tr><tr><td style="white-space:nowrap">1054<a name="KemkesClinicalSpecialityCS-1054"> </a></td><td>Infeksi paru</td></tr><tr><td style="white-space:nowrap">1055<a name="KemkesClinicalSpecialityCS-1055"> </a></td><td>Onkologi toraks</td></tr><tr><td style="white-space:nowrap">1056<a name="KemkesClinicalSpecialityCS-1056"> </a></td><td>Paru intervensi dan gawat nafas</td></tr><tr><td style="white-space:nowrap">1057<a name="KemkesClinicalSpecialityCS-1057"> </a></td><td>Asma penyakit paru obstruktif kronis</td></tr><tr><td style="white-space:nowrap">1058<a name="KemkesClinicalSpecialityCS-1058"> </a></td><td>Paru kerja dan lingkungan</td></tr><tr><td style="white-space:nowrap">1059<a name="KemkesClinicalSpecialityCS-1059"> </a></td><td>Imunologi paru</td></tr><tr><td style="white-space:nowrap">1060<a name="KemkesClinicalSpecialityCS-1060"> </a></td><td>Faal Paru Klinik</td></tr><tr><td style="white-space:nowrap">1061<a name="KemkesClinicalSpecialityCS-1061"> </a></td><td>Jantung dan pembuluh darah</td></tr><tr><td style="white-space:nowrap">1062<a name="KemkesClinicalSpecialityCS-1062"> </a></td><td>Aritmia</td></tr><tr><td style="white-space:nowrap">1063<a name="KemkesClinicalSpecialityCS-1063"> </a></td><td>Ekokardiografi</td></tr><tr><td style="white-space:nowrap">1064<a name="KemkesClinicalSpecialityCS-1064"> </a></td><td>Kardiologi intervensi</td></tr><tr><td style="white-space:nowrap">1065<a name="KemkesClinicalSpecialityCS-1065"> </a></td><td>Kardiologi pediatrik dan penyakit jantung bawaan</td></tr><tr><td style="white-space:nowrap">1066<a name="KemkesClinicalSpecialityCS-1066"> </a></td><td>Kedokteran vaskular</td></tr><tr><td style="white-space:nowrap">1067<a name="KemkesClinicalSpecialityCS-1067"> </a></td><td>Pencitraan kardiovaskular</td></tr><tr><td style="white-space:nowrap">1068<a name="KemkesClinicalSpecialityCS-1068"> </a></td><td>Perawatan intensif dan kegawatan kardiovaskular</td></tr><tr><td style="white-space:nowrap">1069<a name="KemkesClinicalSpecialityCS-1069"> </a></td><td>Prevensi dan rehabilitasi kardiovaskular</td></tr><tr><td style="white-space:nowrap">1070<a name="KemkesClinicalSpecialityCS-1070"> </a></td><td>Umum</td></tr><tr><td style="white-space:nowrap">1071<a name="KemkesClinicalSpecialityCS-1071"> </a></td><td>Penyakit dalam</td></tr><tr><td style="white-space:nowrap">1072<a name="KemkesClinicalSpecialityCS-1072"> </a></td><td>Penyakit dalam gastroenterologi hepatologi</td></tr><tr><td style="white-space:nowrap">1073<a name="KemkesClinicalSpecialityCS-1073"> </a></td><td>Penyakit dalam tropik infeksi</td></tr><tr><td style="white-space:nowrap">1074<a name="KemkesClinicalSpecialityCS-1074"> </a></td><td>Penyakit dalam ginjal hipertensi</td></tr><tr><td style="white-space:nowrap">1075<a name="KemkesClinicalSpecialityCS-1075"> </a></td><td>Penyakit dalam rematologi</td></tr><tr><td style="white-space:nowrap">1076<a name="KemkesClinicalSpecialityCS-1076"> </a></td><td>Penyakit dalam endokrin metabolik</td></tr><tr><td style="white-space:nowrap">1077<a name="KemkesClinicalSpecialityCS-1077"> </a></td><td>Penyakit dalam alergi imunologi</td></tr><tr><td style="white-space:nowrap">1078<a name="KemkesClinicalSpecialityCS-1078"> </a></td><td>Penyakit dalam psikosomatis</td></tr><tr><td style="white-space:nowrap">1079<a name="KemkesClinicalSpecialityCS-1079"> </a></td><td>Penyakit dalam geriatri</td></tr><tr><td style="white-space:nowrap">1080<a name="KemkesClinicalSpecialityCS-1080"> </a></td><td>Penyakit dalam kardiovaskular</td></tr><tr><td style="white-space:nowrap">1081<a name="KemkesClinicalSpecialityCS-1081"> </a></td><td>Penyakit dalam pulmonologi</td></tr><tr><td style="white-space:nowrap">1082<a name="KemkesClinicalSpecialityCS-1082"> </a></td><td>Penyakit dalam hematoonkologi</td></tr><tr><td style="white-space:nowrap">1083<a name="KemkesClinicalSpecialityCS-1083"> </a></td><td>Hepatologi</td></tr><tr><td style="white-space:nowrap">1084<a name="KemkesClinicalSpecialityCS-1084"> </a></td><td>Reumatologi</td></tr><tr><td style="white-space:nowrap">1085<a name="KemkesClinicalSpecialityCS-1085"> </a></td><td>Hemodialisa</td></tr><tr><td style="white-space:nowrap">1086<a name="KemkesClinicalSpecialityCS-1086"> </a></td><td>Kulit dan kelamin</td></tr><tr><td style="white-space:nowrap">1087<a name="KemkesClinicalSpecialityCS-1087"> </a></td><td>Dermatologi tropis</td></tr><tr><td style="white-space:nowrap">1088<a name="KemkesClinicalSpecialityCS-1088"> </a></td><td>Venereologi</td></tr><tr><td style="white-space:nowrap">1089<a name="KemkesClinicalSpecialityCS-1089"> </a></td><td>Dermato alergi imunologi</td></tr><tr><td style="white-space:nowrap">1090<a name="KemkesClinicalSpecialityCS-1090"> </a></td><td>Dermatologi anak</td></tr><tr><td style="white-space:nowrap">1091<a name="KemkesClinicalSpecialityCS-1091"> </a></td><td>Dermatologi kosmetik dan estetik</td></tr><tr><td style="white-space:nowrap">1092<a name="KemkesClinicalSpecialityCS-1092"> </a></td><td>Onkologi dan bedah kulit</td></tr><tr><td style="white-space:nowrap">1093<a name="KemkesClinicalSpecialityCS-1093"> </a></td><td>Dermatologi Geriatrik</td></tr><tr><td style="white-space:nowrap">1094<a name="KemkesClinicalSpecialityCS-1094"> </a></td><td>Dermatopatologi</td></tr><tr><td style="white-space:nowrap">1095<a name="KemkesClinicalSpecialityCS-1095"> </a></td><td>Anak</td></tr><tr><td style="white-space:nowrap">1096<a name="KemkesClinicalSpecialityCS-1096"> </a></td><td>Anak respirologi</td></tr><tr><td style="white-space:nowrap">1097<a name="KemkesClinicalSpecialityCS-1097"> </a></td><td>Anak neurologi</td></tr><tr><td style="white-space:nowrap">1098<a name="KemkesClinicalSpecialityCS-1098"> </a></td><td>Anak hematoonkologi</td></tr><tr><td style="white-space:nowrap">1099<a name="KemkesClinicalSpecialityCS-1099"> </a></td><td>Anak nefrologi</td></tr><tr><td style="white-space:nowrap">1100<a name="KemkesClinicalSpecialityCS-1100"> </a></td><td>Emergensi dan rawat intensif anak</td></tr><tr><td style="white-space:nowrap">1101<a name="KemkesClinicalSpecialityCS-1101"> </a></td><td>Neonatologi</td></tr><tr><td style="white-space:nowrap">1102<a name="KemkesClinicalSpecialityCS-1102"> </a></td><td>Perinatologi</td></tr><tr><td style="white-space:nowrap">1103<a name="KemkesClinicalSpecialityCS-1103"> </a></td><td>Anak endokrinologi</td></tr><tr><td style="white-space:nowrap">1104<a name="KemkesClinicalSpecialityCS-1104"> </a></td><td>Anak kardiologi</td></tr><tr><td style="white-space:nowrap">1105<a name="KemkesClinicalSpecialityCS-1105"> </a></td><td>Anak alergi imunologi</td></tr><tr><td style="white-space:nowrap">1106<a name="KemkesClinicalSpecialityCS-1106"> </a></td><td>Pediatri sosial tumbuh kembang</td></tr><tr><td style="white-space:nowrap">1107<a name="KemkesClinicalSpecialityCS-1107"> </a></td><td>Pencitraan pediatri</td></tr><tr><td style="white-space:nowrap">1108<a name="KemkesClinicalSpecialityCS-1108"> </a></td><td>Pediatrik Oftalmologi</td></tr><tr><td style="white-space:nowrap">1109<a name="KemkesClinicalSpecialityCS-1109"> </a></td><td>Anak nutrisi dan penyakit metabolik</td></tr><tr><td style="white-space:nowrap">1110<a name="KemkesClinicalSpecialityCS-1110"> </a></td><td>Anak infeksi dan penyakit tropik</td></tr><tr><td style="white-space:nowrap">1111<a name="KemkesClinicalSpecialityCS-1111"> </a></td><td>Anak Gastro-Hepatologi</td></tr><tr><td style="white-space:nowrap">1112<a name="KemkesClinicalSpecialityCS-1112"> </a></td><td>Kesehatan Remaja</td></tr><tr><td style="white-space:nowrap">1113<a name="KemkesClinicalSpecialityCS-1113"> </a></td><td>Bedah</td></tr><tr><td style="white-space:nowrap">1114<a name="KemkesClinicalSpecialityCS-1114"> </a></td><td>Bedah digestif</td></tr><tr><td style="white-space:nowrap">1115<a name="KemkesClinicalSpecialityCS-1115"> </a></td><td>Bedah onkologi</td></tr><tr><td style="white-space:nowrap">1116<a name="KemkesClinicalSpecialityCS-1116"> </a></td><td>Bedah vaskular</td></tr><tr><td style="white-space:nowrap">1117<a name="KemkesClinicalSpecialityCS-1117"> </a></td><td>Bedah kepala leher</td></tr><tr><td style="white-space:nowrap">1118<a name="KemkesClinicalSpecialityCS-1118"> </a></td><td>Bedah toraks kardiak dan vaskular</td></tr><tr><td style="white-space:nowrap">1119<a name="KemkesClinicalSpecialityCS-1119"> </a></td><td>Obstetri dan ginekologi</td></tr><tr><td style="white-space:nowrap">1120<a name="KemkesClinicalSpecialityCS-1120"> </a></td><td>Fetomaternal</td></tr><tr><td style="white-space:nowrap">1121<a name="KemkesClinicalSpecialityCS-1121"> </a></td><td>Fertilitas dan endokrinologi reproduksi</td></tr><tr><td style="white-space:nowrap">1122<a name="KemkesClinicalSpecialityCS-1122"> </a></td><td>Onkologi ginekologi</td></tr><tr><td style="white-space:nowrap">1123<a name="KemkesClinicalSpecialityCS-1123"> </a></td><td>Uroginekologi dan rekonstruksi</td></tr><tr><td style="white-space:nowrap">1124<a name="KemkesClinicalSpecialityCS-1124"> </a></td><td>Ginekologi sosial</td></tr><tr><td style="white-space:nowrap">1125<a name="KemkesClinicalSpecialityCS-1125"> </a></td><td>Urologi</td></tr><tr><td style="white-space:nowrap">1126<a name="KemkesClinicalSpecialityCS-1126"> </a></td><td>Urologi onkologi</td></tr><tr><td style="white-space:nowrap">1127<a name="KemkesClinicalSpecialityCS-1127"> </a></td><td>Urologi pediatri</td></tr><tr><td style="white-space:nowrap">1128<a name="KemkesClinicalSpecialityCS-1128"> </a></td><td>Urologi wanita dan neuro-urologi</td></tr><tr><td style="white-space:nowrap">1129<a name="KemkesClinicalSpecialityCS-1129"> </a></td><td>Urologi rekonstruksi</td></tr><tr><td style="white-space:nowrap">1130<a name="KemkesClinicalSpecialityCS-1130"> </a></td><td>Urologi andrologi</td></tr><tr><td style="white-space:nowrap">1131<a name="KemkesClinicalSpecialityCS-1131"> </a></td><td>Kedokteran jiwa</td></tr><tr><td style="white-space:nowrap">1132<a name="KemkesClinicalSpecialityCS-1132"> </a></td><td>Kesehatan jiwa anak dan remaja</td></tr><tr><td style="white-space:nowrap">1133<a name="KemkesClinicalSpecialityCS-1133"> </a></td><td>Psikiatri adiksi</td></tr><tr><td style="white-space:nowrap">1134<a name="KemkesClinicalSpecialityCS-1134"> </a></td><td>Psikoterapi</td></tr><tr><td style="white-space:nowrap">1135<a name="KemkesClinicalSpecialityCS-1135"> </a></td><td>Psikiatri forensik</td></tr><tr><td style="white-space:nowrap">1136<a name="KemkesClinicalSpecialityCS-1136"> </a></td><td>Psikogeriatri</td></tr><tr><td style="white-space:nowrap">1137<a name="KemkesClinicalSpecialityCS-1137"> </a></td><td>Psikiatri komunitas</td></tr><tr><td style="white-space:nowrap">1138<a name="KemkesClinicalSpecialityCS-1138"> </a></td><td>Orthopedi dan traumatologi</td></tr><tr><td style="white-space:nowrap">1139<a name="KemkesClinicalSpecialityCS-1139"> </a></td><td>Orthopedic spine</td></tr><tr><td style="white-space:nowrap">1140<a name="KemkesClinicalSpecialityCS-1140"> </a></td><td>Hip and knee</td></tr><tr><td style="white-space:nowrap">1141<a name="KemkesClinicalSpecialityCS-1141"> </a></td><td>Hand, upper limb and microsurgery</td></tr><tr><td style="white-space:nowrap">1142<a name="KemkesClinicalSpecialityCS-1142"> </a></td><td>Orthopedic oncology</td></tr><tr><td style="white-space:nowrap">1143<a name="KemkesClinicalSpecialityCS-1143"> </a></td><td>Pediatric orthopedic</td></tr><tr><td style="white-space:nowrap">1144<a name="KemkesClinicalSpecialityCS-1144"> </a></td><td>Foot and ankle</td></tr><tr><td style="white-space:nowrap">1145<a name="KemkesClinicalSpecialityCS-1145"> </a></td><td>Shoulder and elbow</td></tr><tr><td style="white-space:nowrap">1146<a name="KemkesClinicalSpecialityCS-1146"> </a></td><td>Advance orthopedic trauma</td></tr><tr><td style="white-space:nowrap">1147<a name="KemkesClinicalSpecialityCS-1147"> </a></td><td>Orthopedic sports injury</td></tr><tr><td style="white-space:nowrap">1148<a name="KemkesClinicalSpecialityCS-1148"> </a></td><td>Bio Orthopedic</td></tr><tr><td style="white-space:nowrap">1149<a name="KemkesClinicalSpecialityCS-1149"> </a></td><td>Bedah saraf</td></tr><tr><td style="white-space:nowrap">1150<a name="KemkesClinicalSpecialityCS-1150"> </a></td><td>Bedah saraf neurotrauma</td></tr><tr><td style="white-space:nowrap">1151<a name="KemkesClinicalSpecialityCS-1151"> </a></td><td>Bedah saraf neuro onkologi</td></tr><tr><td style="white-space:nowrap">1152<a name="KemkesClinicalSpecialityCS-1152"> </a></td><td>Bedah saraf neurospine</td></tr><tr><td style="white-space:nowrap">1153<a name="KemkesClinicalSpecialityCS-1153"> </a></td><td>Bedah saraf neurofungsional</td></tr><tr><td style="white-space:nowrap">1154<a name="KemkesClinicalSpecialityCS-1154"> </a></td><td>Bedah saraf neuropediatri</td></tr><tr><td style="white-space:nowrap">1155<a name="KemkesClinicalSpecialityCS-1155"> </a></td><td>Bedah saraf neurovaskular</td></tr><tr><td style="white-space:nowrap">1156<a name="KemkesClinicalSpecialityCS-1156"> </a></td><td>Bedah plastik rekonstruksi dan estetika</td></tr><tr><td style="white-space:nowrap">1157<a name="KemkesClinicalSpecialityCS-1157"> </a></td><td>Bedah plastik rekonstruksi dan estetika kraniomaksilofasial</td></tr><tr><td style="white-space:nowrap">1158<a name="KemkesClinicalSpecialityCS-1158"> </a></td><td>Bedah plastik rekonstruksi dan estetika luka bakar dan luka</td></tr><tr><td style="white-space:nowrap">1159<a name="KemkesClinicalSpecialityCS-1159"> </a></td><td>Bedah plastik rekonstruksi dan estetika rekonstruksi bedah mikro dan onkoplasti</td></tr><tr><td style="white-space:nowrap">1160<a name="KemkesClinicalSpecialityCS-1160"> </a></td><td>Bedah plastik rekonstruksi dan estetika bedah tangan</td></tr><tr><td style="white-space:nowrap">1161<a name="KemkesClinicalSpecialityCS-1161"> </a></td><td>Bedah plastik rekonstruksi dan estetika genitalia eksterna</td></tr><tr><td style="white-space:nowrap">1162<a name="KemkesClinicalSpecialityCS-1162"> </a></td><td>Bedah plastik rekonstruksi dan estetika bedah estetik lanjut</td></tr><tr><td style="white-space:nowrap">1163<a name="KemkesClinicalSpecialityCS-1163"> </a></td><td>Rekonstruksi</td></tr><tr><td style="white-space:nowrap">1164<a name="KemkesClinicalSpecialityCS-1164"> </a></td><td>Trauma dan Rekonstruksi</td></tr><tr><td style="white-space:nowrap">1165<a name="KemkesClinicalSpecialityCS-1165"> </a></td><td>Bedah anak</td></tr><tr><td style="white-space:nowrap">1166<a name="KemkesClinicalSpecialityCS-1166"> </a></td><td>Bedah digestif anak</td></tr><tr><td style="white-space:nowrap">1167<a name="KemkesClinicalSpecialityCS-1167"> </a></td><td>Urogenital anak</td></tr><tr><td style="white-space:nowrap">1168<a name="KemkesClinicalSpecialityCS-1168"> </a></td><td>Kedokteran forensik dan medikolegal</td></tr><tr><td style="white-space:nowrap">1169<a name="KemkesClinicalSpecialityCS-1169"> </a></td><td>Anestesi dan terapi intensif</td></tr><tr><td style="white-space:nowrap">1170<a name="KemkesClinicalSpecialityCS-1170"> </a></td><td>Intensive care</td></tr><tr><td style="white-space:nowrap">1171<a name="KemkesClinicalSpecialityCS-1171"> </a></td><td>Regional anestesi</td></tr><tr><td style="white-space:nowrap">1172<a name="KemkesClinicalSpecialityCS-1172"> </a></td><td>Kardiovaskular anestesi</td></tr><tr><td style="white-space:nowrap">1173<a name="KemkesClinicalSpecialityCS-1173"> </a></td><td>Terapi nyeri</td></tr><tr><td style="white-space:nowrap">1174<a name="KemkesClinicalSpecialityCS-1174"> </a></td><td>Pediatrik anestesi</td></tr><tr><td style="white-space:nowrap">1175<a name="KemkesClinicalSpecialityCS-1175"> </a></td><td>Neuroanestesi</td></tr><tr><td style="white-space:nowrap">1176<a name="KemkesClinicalSpecialityCS-1176"> </a></td><td>Obstetrik anestesi</td></tr><tr><td style="white-space:nowrap">1177<a name="KemkesClinicalSpecialityCS-1177"> </a></td><td>Kedokteran fisik dan rehabilitasi</td></tr><tr><td style="white-space:nowrap">1178<a name="KemkesClinicalSpecialityCS-1178"> </a></td><td>Kedokteran fisik dan rehabilitasi pediatri</td></tr><tr><td style="white-space:nowrap">1179<a name="KemkesClinicalSpecialityCS-1179"> </a></td><td>Kedokteran fisik dan rehabilitasi geriatri</td></tr><tr><td style="white-space:nowrap">1180<a name="KemkesClinicalSpecialityCS-1180"> </a></td><td>Kedokteran fisik dan rehabilitasi muskuloskeletal</td></tr><tr><td style="white-space:nowrap">1181<a name="KemkesClinicalSpecialityCS-1181"> </a></td><td>Kedokteran fisik dan rehabilitasi neomuskuler</td></tr><tr><td style="white-space:nowrap">1182<a name="KemkesClinicalSpecialityCS-1182"> </a></td><td>Kedokteran fisik dan rehabilitasi kardiorespirasi</td></tr><tr><td style="white-space:nowrap">1183<a name="KemkesClinicalSpecialityCS-1183"> </a></td><td>Radiologi</td></tr><tr><td style="white-space:nowrap">1184<a name="KemkesClinicalSpecialityCS-1184"> </a></td><td>Neuroradiologi kepala leher</td></tr><tr><td style="white-space:nowrap">1185<a name="KemkesClinicalSpecialityCS-1185"> </a></td><td>Radiologi abdomen</td></tr><tr><td style="white-space:nowrap">1186<a name="KemkesClinicalSpecialityCS-1186"> </a></td><td>Radiologi intervensi</td></tr><tr><td style="white-space:nowrap">1187<a name="KemkesClinicalSpecialityCS-1187"> </a></td><td>Radiologi anak</td></tr><tr><td style="white-space:nowrap">1188<a name="KemkesClinicalSpecialityCS-1188"> </a></td><td>Radiologi toraks</td></tr><tr><td style="white-space:nowrap">1189<a name="KemkesClinicalSpecialityCS-1189"> </a></td><td>Pencitraan payudara dan reproduksi perempuan</td></tr><tr><td style="white-space:nowrap">1190<a name="KemkesClinicalSpecialityCS-1190"> </a></td><td>Radiologi muskuloskeletal</td></tr><tr><td style="white-space:nowrap">1191<a name="KemkesClinicalSpecialityCS-1191"> </a></td><td>Kedokteran nuklir dan pencitraan molekuler</td></tr><tr><td style="white-space:nowrap">1192<a name="KemkesClinicalSpecialityCS-1192"> </a></td><td>Radiologi Tr Urinariusgenitalia</td></tr><tr><td style="white-space:nowrap">1193<a name="KemkesClinicalSpecialityCS-1193"> </a></td><td>Radiologi Tr Digestivus</td></tr><tr><td style="white-space:nowrap">1194<a name="KemkesClinicalSpecialityCS-1194"> </a></td><td>Pencitraan Kepala Leher</td></tr><tr><td style="white-space:nowrap">1195<a name="KemkesClinicalSpecialityCS-1195"> </a></td><td>Patologi klinik</td></tr><tr><td style="white-space:nowrap">1196<a name="KemkesClinicalSpecialityCS-1196"> </a></td><td>Patologi klinik mikrobiologi klinik dan penyakit infeksi</td></tr><tr><td style="white-space:nowrap">1197<a name="KemkesClinicalSpecialityCS-1197"> </a></td><td>Patologi klinik hematologi</td></tr><tr><td style="white-space:nowrap">1198<a name="KemkesClinicalSpecialityCS-1198"> </a></td><td>Patologi klinik metabolik endokrinologi</td></tr><tr><td style="white-space:nowrap">1199<a name="KemkesClinicalSpecialityCS-1199"> </a></td><td>Patologi klinik gastroenterohepatologi</td></tr><tr><td style="white-space:nowrap">1200<a name="KemkesClinicalSpecialityCS-1200"> </a></td><td>Patologi klinik imunologi</td></tr><tr><td style="white-space:nowrap">1201<a name="KemkesClinicalSpecialityCS-1201"> </a></td><td>Patologi klinik penyakit infeksi</td></tr><tr><td style="white-space:nowrap">1202<a name="KemkesClinicalSpecialityCS-1202"> </a></td><td>Patologi klinik nefrologi gastroenterohepatologi</td></tr><tr><td style="white-space:nowrap">1203<a name="KemkesClinicalSpecialityCS-1203"> </a></td><td>Patologi klinik hematologi onkologi</td></tr><tr><td style="white-space:nowrap">1204<a name="KemkesClinicalSpecialityCS-1204"> </a></td><td>Patologi klinik penyakit tropik dan Infeksi</td></tr><tr><td style="white-space:nowrap">1205<a name="KemkesClinicalSpecialityCS-1205"> </a></td><td>Patologi klinik endokrinologi</td></tr><tr><td style="white-space:nowrap">1206<a name="KemkesClinicalSpecialityCS-1206"> </a></td><td>Patologi anatomi</td></tr><tr><td style="white-space:nowrap">1207<a name="KemkesClinicalSpecialityCS-1207"> </a></td><td>Mikrobiologi klinik</td></tr><tr><td style="white-space:nowrap">1208<a name="KemkesClinicalSpecialityCS-1208"> </a></td><td>Parasitologi klinik</td></tr><tr><td style="white-space:nowrap">1209<a name="KemkesClinicalSpecialityCS-1209"> </a></td><td>Akupuntur</td></tr><tr><td style="white-space:nowrap">1210<a name="KemkesClinicalSpecialityCS-1210"> </a></td><td>Radioterapi</td></tr><tr><td style="white-space:nowrap">1211<a name="KemkesClinicalSpecialityCS-1211"> </a></td><td>Kedokteran nuklir</td></tr><tr><td style="white-space:nowrap">1212<a name="KemkesClinicalSpecialityCS-1212"> </a></td><td>Kedokteran nuklir onkologi</td></tr><tr><td style="white-space:nowrap">1213<a name="KemkesClinicalSpecialityCS-1213"> </a></td><td>Kedokteran nuklir kardiologi nuklir</td></tr><tr><td style="white-space:nowrap">1214<a name="KemkesClinicalSpecialityCS-1214"> </a></td><td>Kedokteran nuklir pediatrik</td></tr><tr><td style="white-space:nowrap">1215<a name="KemkesClinicalSpecialityCS-1215"> </a></td><td>Gizi klinik</td></tr><tr><td style="white-space:nowrap">1216<a name="KemkesClinicalSpecialityCS-1216"> </a></td><td>Nutrisi pada kelainan metabolisme gizi</td></tr><tr><td style="white-space:nowrap">1217<a name="KemkesClinicalSpecialityCS-1217"> </a></td><td>Nutrisi pada Critical Care</td></tr><tr><td style="white-space:nowrap">1218<a name="KemkesClinicalSpecialityCS-1218"> </a></td><td>Andrologi</td></tr><tr><td style="white-space:nowrap">1219<a name="KemkesClinicalSpecialityCS-1219"> </a></td><td>Emergensi</td></tr><tr><td style="white-space:nowrap">1220<a name="KemkesClinicalSpecialityCS-1220"> </a></td><td>Farmakologi klinik</td></tr><tr><td style="white-space:nowrap">1221<a name="KemkesClinicalSpecialityCS-1221"> </a></td><td>Kedokteran kelautan</td></tr><tr><td style="white-space:nowrap">1222<a name="KemkesClinicalSpecialityCS-1222"> </a></td><td>Kedokteran okupasi</td></tr><tr><td style="white-space:nowrap">1223<a name="KemkesClinicalSpecialityCS-1223"> </a></td><td>Kedokteran olahraga</td></tr><tr><td style="white-space:nowrap">1224<a name="KemkesClinicalSpecialityCS-1224"> </a></td><td>Onkologi radiasi</td></tr><tr><td style="white-space:nowrap">1225<a name="KemkesClinicalSpecialityCS-1225"> </a></td><td>Kedokteran Keluarga</td></tr><tr><td style="white-space:nowrap">1226<a name="KemkesClinicalSpecialityCS-1226"> </a></td><td>Kedokteran Penerbangan</td></tr><tr><td style="white-space:nowrap">1227<a name="KemkesClinicalSpecialityCS-1227"> </a></td><td>Lainnya</td></tr><tr><td style="white-space:nowrap">1228<a name="KemkesClinicalSpecialityCS-1228"> </a></td><td>Radiologi Onkologi</td></tr><tr><td style="white-space:nowrap">1229<a name="KemkesClinicalSpecialityCS-1229"> </a></td><td>HIV-ODHA</td></tr><tr><td style="white-space:nowrap">1230<a name="KemkesClinicalSpecialityCS-1230"> </a></td><td>Infeksi</td></tr><tr><td style="white-space:nowrap">1231<a name="KemkesClinicalSpecialityCS-1231"> </a></td><td>Neuroinfeksi</td></tr><tr><td style="white-space:nowrap">1232<a name="KemkesClinicalSpecialityCS-1232"> </a></td><td>Infeksi dan Immunologi</td></tr><tr><td style="white-space:nowrap">1233<a name="KemkesClinicalSpecialityCS-1233"> </a></td><td>Infeksi Menular Seksual</td></tr><tr><td style="white-space:nowrap">1234<a name="KemkesClinicalSpecialityCS-1234"> </a></td><td>Imunologi Klinik</td></tr><tr><td style="white-space:nowrap">1235<a name="KemkesClinicalSpecialityCS-1235"> </a></td><td>Sarana Kemoterapi</td></tr><tr><td style="white-space:nowrap">1236<a name="KemkesClinicalSpecialityCS-1236"> </a></td><td>Sarana Radioterapi</td></tr><tr><td style="white-space:nowrap">1237<a name="KemkesClinicalSpecialityCS-1237"> </a></td><td>Consultation-Liaison Psychiatri</td></tr><tr><td style="white-space:nowrap">1238<a name="KemkesClinicalSpecialityCS-1238"> </a></td><td>Instalasi Gawat Darurat</td></tr></table></div></text><url value="http://terminology.kemkes.go.id/CodeSystem/clinical-speciality"/><version value="0.1.0"/><name value="KemkesClinicalSpecialityCS"/><title value="Terminology Kemkes Clinical Term CodeSystem"/><status value="active"/><experimental value="false"/><date value="2024-02-05T00:00:00.000Z"/><publisher value="SatuSehat"/><contact><name value="SatuSehat"/><telecom><system value="url"/><value value="https://satusehat.kemkes.go.id/"/></telecom><telecom><system value="email"/><value value="fhir@dto.kemkes.go.id"/></telecom></contact><description value="Terminology Kemkes Clinical Speciality CodeSystem"/><caseSensitive value="true"/><valueSet value="http://terminology.kemkes.go.id/ValueSet/clinical-speciality"/><hierarchyMeaning value="is-a"/><compositional value="false"/><versionNeeded value="true"/><content value="complete"/><count value="238"/><concept><code value="1001"/><display value="Saraf"/></concept><concept><code value="1002"/><display value="Stroke dan neurovaskular"/></concept><concept><code value="1003"/><display value="Fungsi luhur (neurobehaviour)"/></concept><concept><code value="1004"/><display value="Neuroinfeksi dan imunologi"/></concept><concept><code value="1005"/><display value="Neuro onkologi"/></concept><concept><code value="1006"/><display value="Neurofisiologi dan neuromuskular"/></concept><concept><code value="1007"/><display value="Epilepsi"/></concept><concept><code value="1008"/><display value="Neuropediatri"/></concept><concept><code value="1009"/><display value="Nyeri"/></concept><concept><code value="1010"/><display value="Nyeri kepala"/></concept><concept><code value="1011"/><display value="Movement disorder/gangguan gerak"/></concept><concept><code value="1012"/><display value="Sleep disorder"/></concept><concept><code value="1013"/><display value="Neuro-otologi dan vertigo"/></concept><concept><code value="1014"/><display value="Neurorestorasi"/></concept><concept><code value="1015"/><display value="Neurotrauma"/></concept><concept><code value="1016"/><display value="Neurointensif"/></concept><concept><code value="1017"/><display value="Neuroimaging"/></concept><concept><code value="1018"/><display value="Neurogeriatri"/></concept><concept><code value="1019"/><display value="Neurointervensi"/></concept><concept><code value="1020"/><display value="Neurofisiologi Klinis"/></concept><concept><code value="1021"/><display value="Neuromuskular, Saraf Perifer"/></concept><concept><code value="1022"/><display value="Neuropsikiatri dan Psikometri"/></concept><concept><code value="1023"/><display value="Mata"/></concept><concept><code value="1024"/><display value="Mata infeksi imunologi"/></concept><concept><code value="1025"/><display value="Glaukoma"/></concept><concept><code value="1026"/><display value="Kornea, lensa, dan bedah refraktif"/></concept><concept><code value="1027"/><display value="Neuro oftalmologi"/></concept><concept><code value="1028"/><display value="Pediatri onkologi strabismus"/></concept><concept><code value="1029"/><display value="Refraksi lensa kontak"/></concept><concept><code value="1030"/><display value="Rekonstruksi okuloplasti dan onkologi"/></concept><concept><code value="1031"/><display value="Vitreo retina"/></concept><concept><code value="1032"/><display value="Onkologi Mata"/></concept><concept><code value="1033"/><display value="Strabismus"/></concept><concept><code value="1034"/><display value="Telinga hidung tenggorok dan bedah kepala leher (THT-KL)"/></concept><concept><code value="1035"/><display value="Otologi"/></concept><concept><code value="1036"/><display value="Rinologi"/></concept><concept><code value="1037"/><display value="Onkologi bedah kepala leher"/></concept><concept><code value="1038"/><display value="Laring faring"/></concept><concept><code value="1039"/><display value="Neurotologi"/></concept><concept><code value="1040"/><display value="Endoskopi bronkoesofagologi"/></concept><concept><code value="1041"/><display value="THT-KL alergi imunologi"/></concept><concept><code value="1042"/><display value="THT-KL plastik rekonstruksi"/></concept><concept><code value="1043"/><display value="THT komunitas"/></concept><concept><code value="1044"/><display value="Gigi"/></concept><concept><code value="1045"/><display value="Gigi radiologi"/></concept><concept><code value="1046"/><display value="Bedah mulut"/></concept><concept><code value="1047"/><display value="Konservasi/endodonsi"/></concept><concept><code value="1048"/><display value="Ortodontik"/></concept><concept><code value="1049"/><display value="Periodonti"/></concept><concept><code value="1050"/><display value="Prosthodonti"/></concept><concept><code value="1051"/><display value="Pedodonti"/></concept><concept><code value="1052"/><display value="Penyakit mulut"/></concept><concept><code value="1053"/><display value="Paru"/></concept><concept><code value="1054"/><display value="Infeksi paru"/></concept><concept><code value="1055"/><display value="Onkologi toraks"/></concept><concept><code value="1056"/><display value="Paru intervensi dan gawat nafas"/></concept><concept><code value="1057"/><display value="Asma penyakit paru obstruktif kronis"/></concept><concept><code value="1058"/><display value="Paru kerja dan lingkungan"/></concept><concept><code value="1059"/><display value="Imunologi paru"/></concept><concept><code value="1060"/><display value="Faal Paru Klinik"/></concept><concept><code value="1061"/><display value="Jantung dan pembuluh darah"/></concept><concept><code value="1062"/><display value="Aritmia"/></concept><concept><code value="1063"/><display value="Ekokardiografi"/></concept><concept><code value="1064"/><display value="Kardiologi intervensi"/></concept><concept><code value="1065"/><display value="Kardiologi pediatrik dan penyakit jantung bawaan"/></concept><concept><code value="1066"/><display value="Kedokteran vaskular"/></concept><concept><code value="1067"/><display value="Pencitraan kardiovaskular"/></concept><concept><code value="1068"/><display value="Perawatan intensif dan kegawatan kardiovaskular"/></concept><concept><code value="1069"/><display value="Prevensi dan rehabilitasi kardiovaskular"/></concept><concept><code value="1070"/><display value="Umum"/></concept><concept><code value="1071"/><display value="Penyakit dalam"/></concept><concept><code value="1072"/><display value="Penyakit dalam gastroenterologi hepatologi"/></concept><concept><code value="1073"/><display value="Penyakit dalam tropik infeksi"/></concept><concept><code value="1074"/><display value="Penyakit dalam ginjal hipertensi"/></concept><concept><code value="1075"/><display value="Penyakit dalam rematologi"/></concept><concept><code value="1076"/><display value="Penyakit dalam endokrin metabolik"/></concept><concept><code value="1077"/><display value="Penyakit dalam alergi imunologi"/></concept><concept><code value="1078"/><display value="Penyakit dalam psikosomatis"/></concept><concept><code value="1079"/><display value="Penyakit dalam geriatri"/></concept><concept><code value="1080"/><display value="Penyakit dalam kardiovaskular"/></concept><concept><code value="1081"/><display value="Penyakit dalam pulmonologi"/></concept><concept><code value="1082"/><display value="Penyakit dalam hematoonkologi"/></concept><concept><code value="1083"/><display value="Hepatologi"/></concept><concept><code value="1084"/><display value="Reumatologi"/></concept><concept><code value="1085"/><display value="Hemodialisa"/></concept><concept><code value="1086"/><display value="Kulit dan kelamin"/></concept><concept><code value="1087"/><display value="Dermatologi tropis"/></concept><concept><code value="1088"/><display value="Venereologi"/></concept><concept><code value="1089"/><display value="Dermato alergi imunologi"/></concept><concept><code value="1090"/><display value="Dermatologi anak"/></concept><concept><code value="1091"/><display value="Dermatologi kosmetik dan estetik"/></concept><concept><code value="1092"/><display value="Onkologi dan bedah kulit"/></concept><concept><code value="1093"/><display value="Dermatologi Geriatrik"/></concept><concept><code value="1094"/><display value="Dermatopatologi"/></concept><concept><code value="1095"/><display value="Anak"/></concept><concept><code value="1096"/><display value="Anak respirologi"/></concept><concept><code value="1097"/><display value="Anak neurologi"/></concept><concept><code value="1098"/><display value="Anak hematoonkologi"/></concept><concept><code value="1099"/><display value="Anak nefrologi"/></concept><concept><code value="1100"/><display value="Emergensi dan rawat intensif anak"/></concept><concept><code value="1101"/><display value="Neonatologi"/></concept><concept><code value="1102"/><display value="Perinatologi"/></concept><concept><code value="1103"/><display value="Anak endokrinologi"/></concept><concept><code value="1104"/><display value="Anak kardiologi"/></concept><concept><code value="1105"/><display value="Anak alergi imunologi"/></concept><concept><code value="1106"/><display value="Pediatri sosial tumbuh kembang"/></concept><concept><code value="1107"/><display value="Pencitraan pediatri"/></concept><concept><code value="1108"/><display value="Pediatrik Oftalmologi"/></concept><concept><code value="1109"/><display value="Anak nutrisi dan penyakit metabolik"/></concept><concept><code value="1110"/><display value="Anak infeksi dan penyakit tropik"/></concept><concept><code value="1111"/><display value="Anak Gastro-Hepatologi"/></concept><concept><code value="1112"/><display value="Kesehatan Remaja"/></concept><concept><code value="1113"/><display value="Bedah"/></concept><concept><code value="1114"/><display value="Bedah digestif"/></concept><concept><code value="1115"/><display value="Bedah onkologi"/></concept><concept><code value="1116"/><display value="Bedah vaskular"/></concept><concept><code value="1117"/><display value="Bedah kepala leher"/></concept><concept><code value="1118"/><display value="Bedah toraks kardiak dan vaskular"/></concept><concept><code value="1119"/><display value="Obstetri dan ginekologi"/></concept><concept><code value="1120"/><display value="Fetomaternal"/></concept><concept><code value="1121"/><display value="Fertilitas dan endokrinologi reproduksi"/></concept><concept><code value="1122"/><display value="Onkologi ginekologi"/></concept><concept><code value="1123"/><display value="Uroginekologi dan rekonstruksi"/></concept><concept><code value="1124"/><display value="Ginekologi sosial"/></concept><concept><code value="1125"/><display value="Urologi"/></concept><concept><code value="1126"/><display value="Urologi onkologi"/></concept><concept><code value="1127"/><display value="Urologi pediatri"/></concept><concept><code value="1128"/><display value="Urologi wanita dan neuro-urologi"/></concept><concept><code value="1129"/><display value="Urologi rekonstruksi"/></concept><concept><code value="1130"/><display value="Urologi andrologi"/></concept><concept><code value="1131"/><display value="Kedokteran jiwa"/></concept><concept><code value="1132"/><display value="Kesehatan jiwa anak dan remaja"/></concept><concept><code value="1133"/><display value="Psikiatri adiksi"/></concept><concept><code value="1134"/><display value="Psikoterapi"/></concept><concept><code value="1135"/><display value="Psikiatri forensik"/></concept><concept><code value="1136"/><display value="Psikogeriatri"/></concept><concept><code value="1137"/><display value="Psikiatri komunitas"/></concept><concept><code value="1138"/><display value="Orthopedi dan traumatologi"/></concept><concept><code value="1139"/><display value="Orthopedic spine"/></concept><concept><code value="1140"/><display value="Hip and knee"/></concept><concept><code value="1141"/><display value="Hand, upper limb and microsurgery"/></concept><concept><code value="1142"/><display value="Orthopedic oncology"/></concept><concept><code value="1143"/><display value="Pediatric orthopedic"/></concept><concept><code value="1144"/><display value="Foot and ankle"/></concept><concept><code value="1145"/><display value="Shoulder and elbow"/></concept><concept><code value="1146"/><display value="Advance orthopedic trauma"/></concept><concept><code value="1147"/><display value="Orthopedic sports injury"/></concept><concept><code value="1148"/><display value="Bio Orthopedic"/></concept><concept><code value="1149"/><display value="Bedah saraf"/></concept><concept><code value="1150"/><display value="Bedah saraf neurotrauma"/></concept><concept><code value="1151"/><display value="Bedah saraf neuro onkologi"/></concept><concept><code value="1152"/><display value="Bedah saraf neurospine"/></concept><concept><code value="1153"/><display value="Bedah saraf neurofungsional"/></concept><concept><code value="1154"/><display value="Bedah saraf neuropediatri"/></concept><concept><code value="1155"/><display value="Bedah saraf neurovaskular"/></concept><concept><code value="1156"/><display value="Bedah plastik rekonstruksi dan estetika"/></concept><concept><code value="1157"/><display value="Bedah plastik rekonstruksi dan estetika kraniomaksilofasial"/></concept><concept><code value="1158"/><display value="Bedah plastik rekonstruksi dan estetika luka bakar dan luka"/></concept><concept><code value="1159"/><display value="Bedah plastik rekonstruksi dan estetika rekonstruksi bedah mikro dan onkoplasti"/></concept><concept><code value="1160"/><display value="Bedah plastik rekonstruksi dan estetika bedah tangan"/></concept><concept><code value="1161"/><display value="Bedah plastik rekonstruksi dan estetika genitalia eksterna"/></concept><concept><code value="1162"/><display value="Bedah plastik rekonstruksi dan estetika bedah estetik lanjut"/></concept><concept><code value="1163"/><display value="Rekonstruksi"/></concept><concept><code value="1164"/><display value="Trauma dan Rekonstruksi"/></concept><concept><code value="1165"/><display value="Bedah anak"/></concept><concept><code value="1166"/><display value="Bedah digestif anak"/></concept><concept><code value="1167"/><display value="Urogenital anak"/></concept><concept><code value="1168"/><display value="Kedokteran forensik dan medikolegal"/></concept><concept><code value="1169"/><display value="Anestesi dan terapi intensif"/></concept><concept><code value="1170"/><display value="Intensive care"/></concept><concept><code value="1171"/><display value="Regional anestesi"/></concept><concept><code value="1172"/><display value="Kardiovaskular anestesi"/></concept><concept><code value="1173"/><display value="Terapi nyeri"/></concept><concept><code value="1174"/><display value="Pediatrik anestesi"/></concept><concept><code value="1175"/><display value="Neuroanestesi"/></concept><concept><code value="1176"/><display value="Obstetrik anestesi"/></concept><concept><code value="1177"/><display value="Kedokteran fisik dan rehabilitasi"/></concept><concept><code value="1178"/><display value="Kedokteran fisik dan rehabilitasi pediatri"/></concept><concept><code value="1179"/><display value="Kedokteran fisik dan rehabilitasi geriatri"/></concept><concept><code value="1180"/><display value="Kedokteran fisik dan rehabilitasi muskuloskeletal"/></concept><concept><code value="1181"/><display value="Kedokteran fisik dan rehabilitasi neomuskuler"/></concept><concept><code value="1182"/><display value="Kedokteran fisik dan rehabilitasi kardiorespirasi"/></concept><concept><code value="1183"/><display value="Radiologi"/></concept><concept><code value="1184"/><display value="Neuroradiologi kepala leher"/></concept><concept><code value="1185"/><display value="Radiologi abdomen"/></concept><concept><code value="1186"/><display value="Radiologi intervensi"/></concept><concept><code value="1187"/><display value="Radiologi anak"/></concept><concept><code value="1188"/><display value="Radiologi toraks"/></concept><concept><code value="1189"/><display value="Pencitraan payudara dan reproduksi perempuan"/></concept><concept><code value="1190"/><display value="Radiologi muskuloskeletal"/></concept><concept><code value="1191"/><display value="Kedokteran nuklir dan pencitraan molekuler"/></concept><concept><code value="1192"/><display value="Radiologi Tr Urinariusgenitalia"/></concept><concept><code value="1193"/><display value="Radiologi Tr Digestivus"/></concept><concept><code value="1194"/><display value="Pencitraan Kepala Leher"/></concept><concept><code value="1195"/><display value="Patologi klinik"/></concept><concept><code value="1196"/><display value="Patologi klinik mikrobiologi klinik dan penyakit infeksi"/></concept><concept><code value="1197"/><display value="Patologi klinik hematologi"/></concept><concept><code value="1198"/><display value="Patologi klinik metabolik endokrinologi"/></concept><concept><code value="1199"/><display value="Patologi klinik gastroenterohepatologi"/></concept><concept><code value="1200"/><display value="Patologi klinik imunologi"/></concept><concept><code value="1201"/><display value="Patologi klinik penyakit infeksi"/></concept><concept><code value="1202"/><display value="Patologi klinik nefrologi gastroenterohepatologi"/></concept><concept><code value="1203"/><display value="Patologi klinik hematologi onkologi"/></concept><concept><code value="1204"/><display value="Patologi klinik penyakit tropik dan Infeksi"/></concept><concept><code value="1205"/><display value="Patologi klinik endokrinologi"/></concept><concept><code value="1206"/><display value="Patologi anatomi"/></concept><concept><code value="1207"/><display value="Mikrobiologi klinik"/></concept><concept><code value="1208"/><display value="Parasitologi klinik"/></concept><concept><code value="1209"/><display value="Akupuntur"/></concept><concept><code value="1210"/><display value="Radioterapi"/></concept><concept><code value="1211"/><display value="Kedokteran nuklir"/></concept><concept><code value="1212"/><display value="Kedokteran nuklir onkologi"/></concept><concept><code value="1213"/><display value="Kedokteran nuklir kardiologi nuklir"/></concept><concept><code value="1214"/><display value="Kedokteran nuklir pediatrik"/></concept><concept><code value="1215"/><display value="Gizi klinik"/></concept><concept><code value="1216"/><display value="Nutrisi pada kelainan metabolisme gizi"/></concept><concept><code value="1217"/><display value="Nutrisi pada Critical Care"/></concept><concept><code value="1218"/><display value="Andrologi"/></concept><concept><code value="1219"/><display value="Emergensi"/></concept><concept><code value="1220"/><display value="Farmakologi klinik"/></concept><concept><code value="1221"/><display value="Kedokteran kelautan"/></concept><concept><code value="1222"/><display value="Kedokteran okupasi"/></concept><concept><code value="1223"/><display value="Kedokteran olahraga"/></concept><concept><code value="1224"/><display value="Onkologi radiasi"/></concept><concept><code value="1225"/><display value="Kedokteran Keluarga"/></concept><concept><code value="1226"/><display value="Kedokteran Penerbangan"/></concept><concept><code value="1227"/><display value="Lainnya"/></concept><concept><code value="1228"/><display value="Radiologi Onkologi"/></concept><concept><code value="1229"/><display value="HIV-ODHA"/></concept><concept><code value="1230"/><display value="Infeksi"/></concept><concept><code value="1231"/><display value="Neuroinfeksi"/></concept><concept><code value="1232"/><display value="Infeksi dan Immunologi"/></concept><concept><code value="1233"/><display value="Infeksi Menular Seksual"/></concept><concept><code value="1234"/><display value="Imunologi Klinik"/></concept><concept><code value="1235"/><display value="Sarana Kemoterapi"/></concept><concept><code value="1236"/><display value="Sarana Radioterapi"/></concept><concept><code value="1237"/><display value="Consultation-Liaison Psychiatri"/></concept><concept><code value="1238"/><display value="Instalasi Gawat Darurat"/></concept></CodeSystem>