<?xml version="1.0" encoding="UTF-8"?><CodeSystem xmlns="http://hl7.org/fhir"><id value="CCC"/><text><status value="generated"/><div xmlns="http://www.w3.org/1999/xhtml"><p>This case-sensitive code system <code>http://terminology.hl7.org/CodeSystem/CCC</code> defines codes, but no codes are represented here</p></div></text><url value="http://terminology.hl7.org/CodeSystem/CCC"/><identifier><system value="urn:ietf:rfc:3986"/><value value="urn:oid:2.16.840.1.113883.6.236"/></identifier><version value="0.1.0"/><name value="CCC"/><title value="Clinical Care Classification System"/><status value="active"/><experimental value="false"/><date value="2019-03-20T00:00:00-04:00"/><publisher value="SatuSehat"/><contact><name value="SatuSehat"/><telecom><system value="url"/><value value="https://satusehat.kemkes.go.id/"/></telecom><telecom><system value="email"/><value value="fhir@dto.kemkes.go.id"/></telecom></contact><description value="Clinical Care Classification System (formerly Home Health Care Classification system) codes. The Clinical Care Classification (CCC) consists of two taxonomies: CCC of Nursing Diagnoses and CCC of Nursing Interventions both of which are classified by 21 Care Components. Each of these are classified by Care Components which provide a standardized framework for documenting patient care in hospitals, home health agencies, ambulatory care clinics, and other health care settings."/><caseSensitive value="true"/><content value="not-present"/></CodeSystem>