<?xml version="1.0" encoding="UTF-8"?><CodeSystem xmlns="http://hl7.org/fhir"><id value="iso639-1"/><text><status value="generated"/><div xmlns="http://www.w3.org/1999/xhtml"><p>This case-sensitive code system <code>http://terminology.hl7.org/CodeSystem/iso639-1</code> defines codes, but no codes are represented here</p></div></text><url value="http://terminology.hl7.org/CodeSystem/iso639-1"/><identifier><system value="urn:ietf:rfc:3986"/><value value="urn:oid:1.0.639.1"/></identifier><version value="0.1.0"/><name value="Iso6391"/><title value="ISO 639-1: Codes for the representation of names of languages -- Part 1: Alpha-2 code"/><status value="retired"/><experimental value="false"/><date value="2021-11-09T10:00:00+10:00"/><publisher value="SatuSehat"/><contact><name value="SatuSehat"/><telecom><system value="url"/><value value="https://satusehat.kemkes.go.id/"/></telecom><telecom><system value="email"/><value value="fhir@dto.kemkes.go.id"/></telecom></contact><description value="**Description:** Codes for the Representation of Names of Languages Part 1: Alpha-2 Code. Used as part of the IETF 3066 specification for languages throughout the HL7 specification.&#xD;&#xA;&#xD;&#xA;This part of ISO 639 provides a code consisting of language code elements comprising two-letter language identifiers for the representation of names of languages. The language identifiers according to this part of ISO 639 were devised originally for use in terminology, lexicography and linguistics, but may be adopted for any application requiring the expression of language in two- letter coded form, especially in computerized systems. The alpha-2 code was devised for practical use for most of the major languages of the world that are not only most frequently represented in the total body of the world's literature, but which also comprise a considerable volume of specialized languages and terminologies. Additional language identifiers are created when it becomes apparent that a significant body of documentation written in specialized languages and terminologies exists. Languages designed exclusively for machine use, such as computer-programming languages, are not included in this code.&#xD;&#xA;&#xD;&#xA;The code set is available from http://www.iso.org/iso/iso\_catalogue/catalogue\_ics/catalogue\_detail\_ics.htm? csnumber=22109&amp;ICS1=1&amp;ICS2=140&amp;ICS3=20"/><caseSensitive value="true"/><content value="not-present"/></CodeSystem>