<?xml version="1.0" encoding="UTF-8"?><CodeSystem xmlns="http://hl7.org/fhir"><id value="hcpcs-Level-II"/><text><status value="generated"/><div xmlns="http://www.w3.org/1999/xhtml"><p>This case-sensitive code system <code>http://www.cms.gov/Medicare/Coding/HCPCSReleaseCodeSets</code> defines codes, but no codes are represented here</p></div></text><url value="http://www.cms.gov/Medicare/Coding/HCPCSReleaseCodeSets"/><identifier><system value="urn:ietf:rfc:3986"/><value value="urn:oid:2.16.840.1.113883.6.285"/></identifier><version value="0.1.0"/><name value="HCPCSLevelII"/><title value="Healthcare Common Procedure Coding System (HCPCS) level II alphanumeric codes"/><status value="active"/><experimental value="false"/><date value="2023-10-11T00:00:00-04:00"/><publisher value="SatuSehat"/><contact><name value="SatuSehat"/><telecom><system value="url"/><value value="https://satusehat.kemkes.go.id/"/></telecom><telecom><system value="email"/><value value="fhir@dto.kemkes.go.id"/></telecom></contact><description value="The Level II HCPCS codes, which are established by CMS's Alpha-Numeric Editorial Panel, primarily represent items and supplies and non-physician services not covered by the American Medical Association's Current Procedural Terminology-4 (CPT-4) codes; Medicare, Medicaid, and private health insurers use HCPCS procedure and modifier codes for claims processing.  Level II alphanumeric procedure and modifier codes comprise the A to V range."/><caseSensitive value="true"/><content value="not-present"/></CodeSystem>