<?xml version="1.0" encoding="UTF-8"?><CodeSystem xmlns="http://hl7.org/fhir"><id value="v3-EntityClass"/><language value="en"/><text><status value="generated"/><div xml:lang="en" xmlns="http://www.w3.org/1999/xhtml" lang="en"><p><b>Properties</b></p><p><b>This code system  defines the following properties for its concepts</b></p><table class="grid"><tr><td><b>Code</b></td><td><b>URI</b></td><td><b>Type</b></td><td><b>Description</b></td></tr><tr><td>Specializes</td><td/><td>Coding</td><td>The child code is a more narrow version of the concept represented by the parent code.  I.e. Every child concept is also a valid parent concept.  Used to allow determination of subsumption.  Must be transitive, irreflexive, antisymmetric.</td></tr><tr><td>Generalizes</td><td/><td>Coding</td><td>Inverse of Specializes.  Only included as a derived relationship.</td></tr><tr><td>internalId</td><td>http://terminology.hl7.org/CodeSystem/utg-concept-properties#v3-internal-id</td><td>code</td><td>The internal identifier for the concept in the HL7 Access database repository.</td></tr><tr><td>Name:Class</td><td>http://terminology.hl7.org/CodeSystem/utg-concept-properties#rim-Class</td><td>code</td><td>The formal name for the class clone under this code</td></tr><tr><td>appliesTo</td><td>http://terminology.hl7.org/CodeSystem/utg-concept-properties#v3-applies-to</td><td>string</td><td>Haven't a clue!</td></tr><tr><td>status</td><td>http://hl7.org/fhir/concept-properties#status</td><td>code</td><td>Designation of a concept's state. Normally is not populated unless the state is retired.</td></tr></table><p><b>Concepts</b></p><p>This case-sensitive code system <code>http://terminology.hl7.org/CodeSystem/v3-EntityClass</code> defines the following codes in a Is-A heirarchy:</p><table class="codes"><tr><td><b>Lvl</b></td><td style="white-space:nowrap"><b>Code</b></td><td><b>Display</b></td><td><b>Definition</b></td><td><b>internalId</b></td><td><b>Name:Class</b></td><td><b>appliesTo</b></td><td><b>status</b></td></tr><tr><td>1</td><td style="white-space:nowrap">ENT<a name="v3-EntityClass-ENT"> </a></td><td>entity</td><td><div><p>Corresponds to the Entity class</p>
</div></td><td>13922</td><td>Entity</td><td/><td>active</td></tr><tr><td>2</td><td style="white-space:nowrap">  HCE<a name="v3-EntityClass-HCE"> </a></td><td>health chart entity</td><td><div><p>A health chart included to serve as a document receiving entity in the management of medical records.</p>
</div></td><td>16755</td><td>HealthChart</td><td/><td>active</td></tr><tr><td>2</td><td style="white-space:nowrap">  LIV<a name="v3-EntityClass-LIV"> </a></td><td>living subject</td><td><div><p>Anything that essentially has the property of life, independent of current state (a dead human corpse is still essentially a living subject).</p>
</div></td><td>10884</td><td>LivingSubject</td><td/><td>active</td></tr><tr><td>3</td><td style="white-space:nowrap">    NLIV<a name="v3-EntityClass-NLIV"> </a></td><td>non-person living subject</td><td><div><p>A subtype of living subject that includes all living things except the species Homo Sapiens.</p>
</div></td><td>11621</td><td>NonPersonLivingSubject</td><td/><td>active</td></tr><tr><td>4</td><td style="white-space:nowrap">      ANM<a name="v3-EntityClass-ANM"> </a></td><td>animal</td><td><div><p>A living subject from the animal kingdom.</p>
</div></td><td>10885</td><td>Animal</td><td/><td>active</td></tr><tr><td>4</td><td style="white-space:nowrap">      MIC<a name="v3-EntityClass-MIC"> </a></td><td>microorganism</td><td><div><p>All single celled living organisms including protozoa, bacteria, yeast, viruses, etc.</p>
</div></td><td>14028</td><td>Microorganism</td><td/><td>active</td></tr><tr><td>4</td><td style="white-space:nowrap">      PLNT<a name="v3-EntityClass-PLNT"> </a></td><td>plant</td><td><div><p>A living subject from the order of plants.</p>
</div></td><td>10886</td><td>Plant</td><td/><td>active</td></tr><tr><td>3</td><td style="white-space:nowrap">    PSN<a name="v3-EntityClass-PSN"> </a></td><td>person</td><td><div><p>A living subject of the species homo sapiens.</p>
</div></td><td>10887</td><td>Person</td><td/><td>active</td></tr><tr><td>2</td><td style="white-space:nowrap">  MAT<a name="v3-EntityClass-MAT"> </a></td><td>material</td><td><div><p>Any thing that has extension in space and mass, may be of living or non-living origin.</p>
</div></td><td>10883</td><td>Material</td><td/><td>active</td></tr><tr><td>3</td><td style="white-space:nowrap">    CHEM<a name="v3-EntityClass-CHEM"> </a></td><td>chemical substance</td><td><div><p>A substance that is fully defined by an organic or inorganic chemical formula, includes mixtures of other chemical substances. Refine using, e.g., IUPAC codes.</p>
</div></td><td>10888</td><td>ChemicalSubstance</td><td/><td>active</td></tr><tr><td>3</td><td style="white-space:nowrap">    FOOD<a name="v3-EntityClass-FOOD"> </a></td><td>food</td><td><div><p>Naturally occurring, processed or manufactured entities that are primarily used as food for humans and animals.</p>
</div></td><td>14027</td><td>Food</td><td/><td>active</td></tr><tr><td>3</td><td style="white-space:nowrap">    MMAT<a name="v3-EntityClass-MMAT"> </a></td><td>manufactured material</td><td><div><p>Corresponds to the ManufacturedMaterial class</p>
</div></td><td>13934</td><td>ManufacturedMaterial</td><td/><td>active</td></tr><tr><td>4</td><td style="white-space:nowrap">      CONT<a name="v3-EntityClass-CONT"> </a></td><td>container</td><td><div><p>A container of other entities.</p>
</div></td><td>11622</td><td>Container</td><td/><td>active</td></tr><tr><td>5</td><td style="white-space:nowrap">        HOLD<a name="v3-EntityClass-HOLD"> </a></td><td>holder</td><td><div><p>A type of container that can hold other containers or other holders.</p>
</div></td><td>14029</td><td>Holder</td><td/><td>active</td></tr><tr><td>4</td><td style="white-space:nowrap">      DEV<a name="v3-EntityClass-DEV"> </a></td><td>device</td><td><div><p>A subtype of ManufacturedMaterial used in an activity, without being substantially changed through that activity. The kind of device is identified by the code attribute inherited from Entity.</p>
<p><em>Usage:</em> This includes durable (reusable) medical equipment as well as disposable equipment.</p>
</div></td><td>11623</td><td>Device</td><td/><td>active</td></tr><tr><td>5</td><td style="white-space:nowrap">        CER<a name="v3-EntityClass-CER"> </a></td><td>certificate representation</td><td><div><p>A physical artifact that stores information about the granting of authorization.</p>
</div></td><td>16098</td><td>CertificateRepresentation</td><td/><td>active</td></tr><tr><td>5</td><td style="white-space:nowrap">        MODDV<a name="v3-EntityClass-MODDV"> </a></td><td>imaging modality</td><td><div><p>Class to contain unique attributes of diagnostic imaging equipment.</p>
</div></td><td>13939</td><td>ModalityDevice</td><td/><td>active</td></tr><tr><td>2</td><td style="white-space:nowrap">  ORG<a name="v3-EntityClass-ORG"> </a></td><td>organization</td><td><div><p>A social or legal structure formed by human beings.</p>
</div></td><td>10889</td><td>Organization</td><td/><td>active</td></tr><tr><td>3</td><td style="white-space:nowrap">    PUB<a name="v3-EntityClass-PUB"> </a></td><td>public institution</td><td><div><p>An agency of the people of a state often assuming some authority over a certain matter. Includes government, governmental agencies, associations.</p>
</div></td><td>10891</td><td>PublicInstitution</td><td/><td>active</td></tr><tr><td>3</td><td style="white-space:nowrap">    STATE<a name="v3-EntityClass-STATE"> </a></td><td>state</td><td><div><p>A politically organized body of people bonded by territory, culture, or ethnicity, having sovereignty (to a certain extent) granted by other states (enclosing or neighboring states). This includes countries (nations), provinces (e.g., one of the United States of America or a French departement), counties or municipalities. Refine using, e.g., ISO country codes, FIPS-PUB state codes, etc.</p>
</div></td><td>10890</td><td>State</td><td/><td>active</td></tr><tr><td>4</td><td style="white-space:nowrap">      NAT<a name="v3-EntityClass-NAT"> </a></td><td>Nation</td><td><div><p>A politically organized body of people bonded by territory and known as a nation.</p>
</div></td><td>20093</td><td>Nation</td><td/><td>active</td></tr><tr><td>2</td><td style="white-space:nowrap">  PLC<a name="v3-EntityClass-PLC"> </a></td><td>place</td><td><div><p>A physical place or site with its containing structure. May be natural or man-made. The geographic position of a place may or may not be constant.</p>
</div></td><td>10892</td><td>Place</td><td/><td>active</td></tr><tr><td>3</td><td style="white-space:nowrap">    CITY<a name="v3-EntityClass-CITY"> </a></td><td>city or town</td><td><div><p>The territory of a city, town or other municipality.</p>
</div></td><td>16835</td><td>City</td><td/><td>active</td></tr><tr><td>3</td><td style="white-space:nowrap">    COUNTRY<a name="v3-EntityClass-COUNTRY"> </a></td><td>country</td><td><div><p>The territory of a sovereign nation.</p>
</div></td><td>16836</td><td>Country</td><td/><td>active</td></tr><tr><td>3</td><td style="white-space:nowrap">    COUNTY<a name="v3-EntityClass-COUNTY"> </a></td><td>county or parish</td><td><div><p>The territory of a county, parish or other division of a state or province.</p>
</div></td><td>16837</td><td>Parish</td><td/><td>active</td></tr><tr><td>3</td><td style="white-space:nowrap">    PROVINCE<a name="v3-EntityClass-PROVINCE"> </a></td><td>state or province</td><td><div><p>The territory of a state, province, department or other division of a sovereign country.</p>
</div></td><td>16838</td><td>Province</td><td/><td>active</td></tr><tr><td>2</td><td style="white-space:nowrap">  RGRP<a name="v3-EntityClass-RGRP"> </a></td><td>group</td><td><div><p>A grouping of resources (personnel, material, or places) to be used for scheduling purposes. May be a pool of like-type resources, a team, or combination of personnel, material and places.</p>
</div></td><td>11630</td><td>Group</td><td>Determiner = determined</td><td>active</td></tr></table></div></text><url value="http://terminology.hl7.org/CodeSystem/v3-EntityClass"/><identifier><system value="urn:ietf:rfc:3986"/><value value="urn:oid:2.16.840.1.113883.5.41"/></identifier><version value="0.1.0"/><name value="EntityClass"/><title value="EntityClass"/><status value="active"/><experimental value="false"/><date value="2019-03-20"/><publisher value="SatuSehat"/><contact><name value="SatuSehat"/><telecom><system value="url"/><value value="https://satusehat.kemkes.go.id/"/></telecom><telecom><system value="email"/><value value="fhir@dto.kemkes.go.id"/></telecom></contact><description value="Classifies the Entity class and all of its subclasses. The terminology is hierarchical. At the top is this HL7-defined domain of high-level categories (such as represented by the Entity subclasses). Each of these terms must be harmonized and is specializable. The value sets beneath are drawn from multiple, frequently external, domains that reflect much more fine-grained typing."/><copyright value="This material derives from the HL7 Terminology THO. THO is copyright ©1989+ Health Level Seven International and is made available under the CC0 designation. For more licensing information see: https://terminology.hl7.org/license"/><caseSensitive value="true"/><hierarchyMeaning value="is-a"/><content value="complete"/><property><extension url="http://terminology.hl7.org/StructureDefinition/ext-mif-relationship-symmetry"><valueCode value="antisymmetric"/></extension><extension url="http://terminology.hl7.org/StructureDefinition/ext-mif-relationship-transitivity"><valueCode value="transitive"/></extension><extension url="http://terminology.hl7.org/StructureDefinition/ext-mif-relationship-reflexivity"><valueCode value="irreflexive"/></extension><extension url="http://terminology.hl7.org/StructureDefinition/ext-mif-relationship-isNavigable"><valueBoolean value="true"/></extension><extension url="http://terminology.hl7.org/StructureDefinition/ext-mif-relationship-relationshipKind"><valueCode value="Specializes"/></extension><extension url="http://terminology.hl7.org/StructureDefinition/ext-mif-relationship-inverseName"><valueString value="Generalizes"/></extension><code value="Specializes"/><description value="The child code is a more narrow version of the concept represented by the parent code.  I.e. Every child concept is also a valid parent concept.  Used to allow determination of subsumption.  Must be transitive, irreflexive, antisymmetric."/><type value="Coding"/></property><property><extension url="http://terminology.hl7.org/StructureDefinition/ext-mif-relationship-symmetry"><valueCode value="antisymmetric"/></extension><extension url="http://terminology.hl7.org/StructureDefinition/ext-mif-relationship-transitivity"><valueCode value="transitive"/></extension><extension url="http://terminology.hl7.org/StructureDefinition/ext-mif-relationship-reflexivity"><valueCode value="irreflexive"/></extension><extension url="http://terminology.hl7.org/StructureDefinition/ext-mif-relationship-isNavigable"><valueBoolean value="true"/></extension><extension url="http://terminology.hl7.org/StructureDefinition/ext-mif-relationship-relationshipKind"><valueCode value="Generalizes"/></extension><extension url="http://terminology.hl7.org/StructureDefinition/ext-mif-relationship-inverseName"><valueString value="Specializes"/></extension><code value="Generalizes"/><description value="Inverse of Specializes.  Only included as a derived relationship."/><type value="Coding"/></property><property><code value="internalId"/><uri value="http://terminology.hl7.org/CodeSystem/utg-concept-properties#v3-internal-id"/><description value="The internal identifier for the concept in the HL7 Access database repository."/><type value="code"/></property><property><code value="Name:Class"/><uri value="http://terminology.hl7.org/CodeSystem/utg-concept-properties#rim-Class"/><description value="The formal name for the class clone under this code"/><type value="code"/></property><property><code value="appliesTo"/><uri value="http://terminology.hl7.org/CodeSystem/utg-concept-properties#v3-applies-to"/><description value="Haven't a clue!"/><type value="string"/></property><property><code value="status"/><uri value="http://hl7.org/fhir/concept-properties#status"/><description value="Designation of a concept's state. Normally is not populated unless the state is retired."/><type value="code"/></property><concept><code value="ENT"/><display value="entity"/><definition value="Corresponds to the Entity class"/><property><code value="status"/><valueCode value="active"/></property><property><code value="internalId"/><valueCode value="13922"/></property><property><code value="Name:Class"/><valueCode value="Entity"/></property><concept><code value="HCE"/><display value="health chart entity"/><definition value="A health chart included to serve as a document receiving entity in the management of medical records."/><property><code value="status"/><valueCode value="active"/></property><property><code value="internalId"/><valueCode value="16755"/></property><property><code value="Name:Class"/><valueCode value="HealthChart"/></property></concept><concept><code value="LIV"/><display value="living subject"/><definition value="Anything that essentially has the property of life, independent of current state (a dead human corpse is still essentially a living subject)."/><property><code value="status"/><valueCode value="active"/></property><property><code value="internalId"/><valueCode value="10884"/></property><property><code value="Name:Class"/><valueCode value="LivingSubject"/></property><concept><code value="NLIV"/><display value="non-person living subject"/><definition value="A subtype of living subject that includes all living things except the species Homo Sapiens."/><property><code value="status"/><valueCode value="active"/></property><property><code value="internalId"/><valueCode value="11621"/></property><property><code value="Name:Class"/><valueCode value="NonPersonLivingSubject"/></property><concept><code value="ANM"/><display value="animal"/><definition value="A living subject from the animal kingdom."/><property><code value="status"/><valueCode value="active"/></property><property><code value="internalId"/><valueCode value="10885"/></property><property><code value="Name:Class"/><valueCode value="Animal"/></property></concept><concept><code value="MIC"/><display value="microorganism"/><definition value="All single celled living organisms including protozoa, bacteria, yeast, viruses, etc."/><property><code value="status"/><valueCode value="active"/></property><property><code value="internalId"/><valueCode value="14028"/></property><property><code value="Name:Class"/><valueCode value="Microorganism"/></property></concept><concept><code value="PLNT"/><display value="plant"/><definition value="A living subject from the order of plants."/><property><code value="status"/><valueCode value="active"/></property><property><code value="internalId"/><valueCode value="10886"/></property><property><code value="Name:Class"/><valueCode value="Plant"/></property></concept></concept><concept><code value="PSN"/><display value="person"/><definition value="A living subject of the species homo sapiens."/><property><code value="status"/><valueCode value="active"/></property><property><code value="internalId"/><valueCode value="10887"/></property><property><code value="Name:Class"/><valueCode value="Person"/></property></concept></concept><concept><code value="MAT"/><display value="material"/><definition value="Any thing that has extension in space and mass, may be of living or non-living origin."/><property><code value="status"/><valueCode value="active"/></property><property><code value="internalId"/><valueCode value="10883"/></property><property><code value="Name:Class"/><valueCode value="Material"/></property><concept><code value="CHEM"/><display value="chemical substance"/><definition value="A substance that is fully defined by an organic or inorganic chemical formula, includes mixtures of other chemical substances. Refine using, e.g., IUPAC codes."/><property><code value="status"/><valueCode value="active"/></property><property><code value="internalId"/><valueCode value="10888"/></property><property><code value="Name:Class"/><valueCode value="ChemicalSubstance"/></property></concept><concept><code value="FOOD"/><display value="food"/><definition value="Naturally occurring, processed or manufactured entities that are primarily used as food for humans and animals."/><property><code value="status"/><valueCode value="active"/></property><property><code value="internalId"/><valueCode value="14027"/></property><property><code value="Name:Class"/><valueCode value="Food"/></property></concept><concept><code value="MMAT"/><display value="manufactured material"/><definition value="Corresponds to the ManufacturedMaterial class"/><property><code value="status"/><valueCode value="active"/></property><property><code value="internalId"/><valueCode value="13934"/></property><property><code value="Name:Class"/><valueCode value="ManufacturedMaterial"/></property><concept><code value="CONT"/><display value="container"/><definition value="A container of other entities."/><property><code value="status"/><valueCode value="active"/></property><property><code value="internalId"/><valueCode value="11622"/></property><property><code value="Name:Class"/><valueCode value="Container"/></property><concept><code value="HOLD"/><display value="holder"/><definition value="A type of container that can hold other containers or other holders."/><property><code value="status"/><valueCode value="active"/></property><property><code value="internalId"/><valueCode value="14029"/></property><property><code value="Name:Class"/><valueCode value="Holder"/></property></concept></concept><concept><code value="DEV"/><display value="device"/><definition value="A subtype of ManufacturedMaterial used in an activity, without being substantially changed through that activity. The kind of device is identified by the code attribute inherited from Entity.&#xD;&#xA;&#xD;&#xA;*Usage:* This includes durable (reusable) medical equipment as well as disposable equipment."/><property><code value="status"/><valueCode value="active"/></property><property><code value="internalId"/><valueCode value="11623"/></property><property><code value="Name:Class"/><valueCode value="Device"/></property><concept><code value="CER"/><display value="certificate representation"/><definition value="A physical artifact that stores information about the granting of authorization."/><property><code value="status"/><valueCode value="active"/></property><property><code value="internalId"/><valueCode value="16098"/></property><property><code value="Name:Class"/><valueCode value="CertificateRepresentation"/></property></concept><concept><code value="MODDV"/><display value="imaging modality"/><definition value="Class to contain unique attributes of diagnostic imaging equipment."/><designation><language value="en"/><use><system value="http://snomed.info/sct"/><code value="900000000000013009"/></use><value value="ImagingModalityEntity"/></designation><property><code value="status"/><valueCode value="active"/></property><property><code value="internalId"/><valueCode value="13939"/></property><property><code value="Name:Class"/><valueCode value="ModalityDevice"/></property></concept></concept></concept></concept><concept><code value="ORG"/><display value="organization"/><definition value="A social or legal structure formed by human beings."/><property><code value="status"/><valueCode value="active"/></property><property><code value="internalId"/><valueCode value="10889"/></property><property><code value="Name:Class"/><valueCode value="Organization"/></property><concept><code value="PUB"/><display value="public institution"/><definition value="An agency of the people of a state often assuming some authority over a certain matter. Includes government, governmental agencies, associations."/><property><code value="status"/><valueCode value="active"/></property><property><code value="internalId"/><valueCode value="10891"/></property><property><code value="Name:Class"/><valueCode value="PublicInstitution"/></property></concept><concept><code value="STATE"/><display value="state"/><definition value="A politically organized body of people bonded by territory, culture, or ethnicity, having sovereignty (to a certain extent) granted by other states (enclosing or neighboring states). This includes countries (nations), provinces (e.g., one of the United States of America or a French departement), counties or municipalities. Refine using, e.g., ISO country codes, FIPS-PUB state codes, etc."/><property><code value="status"/><valueCode value="active"/></property><property><code value="internalId"/><valueCode value="10890"/></property><property><code value="Name:Class"/><valueCode value="State"/></property><concept><code value="NAT"/><display value="Nation"/><definition value="A politically organized body of people bonded by territory and known as a nation."/><property><code value="status"/><valueCode value="active"/></property><property><code value="internalId"/><valueCode value="20093"/></property><property><code value="Name:Class"/><valueCode value="Nation"/></property></concept></concept></concept><concept><code value="PLC"/><display value="place"/><definition value="A physical place or site with its containing structure. May be natural or man-made. The geographic position of a place may or may not be constant."/><property><code value="status"/><valueCode value="active"/></property><property><code value="internalId"/><valueCode value="10892"/></property><property><code value="Name:Class"/><valueCode value="Place"/></property><concept><code value="CITY"/><display value="city or town"/><definition value="The territory of a city, town or other municipality."/><property><code value="status"/><valueCode value="active"/></property><property><code value="internalId"/><valueCode value="16835"/></property><property><code value="Name:Class"/><valueCode value="City"/></property></concept><concept><code value="COUNTRY"/><display value="country"/><definition value="The territory of a sovereign nation."/><property><code value="status"/><valueCode value="active"/></property><property><code value="internalId"/><valueCode value="16836"/></property><property><code value="Name:Class"/><valueCode value="Country"/></property></concept><concept><code value="COUNTY"/><display value="county or parish"/><definition value="The territory of a county, parish or other division of a state or province."/><property><code value="status"/><valueCode value="active"/></property><property><code value="internalId"/><valueCode value="16837"/></property><property><code value="Name:Class"/><valueCode value="Parish"/></property></concept><concept><code value="PROVINCE"/><display value="state or province"/><definition value="The territory of a state, province, department or other division of a sovereign country."/><property><code value="status"/><valueCode value="active"/></property><property><code value="internalId"/><valueCode value="16838"/></property><property><code value="Name:Class"/><valueCode value="Province"/></property></concept></concept><concept><code value="RGRP"/><display value="group"/><definition value="A grouping of resources (personnel, material, or places) to be used for scheduling purposes. May be a pool of like-type resources, a team, or combination of personnel, material and places."/><property><code value="status"/><valueCode value="active"/></property><property><code value="internalId"/><valueCode value="11630"/></property><property><code value="appliesTo"/><valueString value="Determiner = determined"/></property><property><code value="Name:Class"/><valueCode value="Group"/></property></concept></concept></CodeSystem>