<?xml version="1.0" encoding="UTF-8"?><CodeSystem xmlns="http://hl7.org/fhir"><id value="TangramMedicalTerminology"/><text><status value="generated"/><div xmlns="http://www.w3.org/1999/xhtml"><p>This case-sensitive code system <code>https://term.omaha.org.cn</code> defines codes, but no codes are represented here</p></div></text><url value="https://term.omaha.org.cn"/><version value="0.1.0"/><name value="TangramMedicalTerminology"/><title value="OMAHA Tangram Medical Terminology"/><status value="active"/><experimental value="false"/><date value="2022-04-21T00:00:00-00:00"/><publisher value="SatuSehat"/><contact><name value="SatuSehat"/><telecom><system value="url"/><value value="https://satusehat.kemkes.go.id/"/></telecom><telecom><system value="email"/><value value="fhir@dto.kemkes.go.id"/></telecom></contact><description value="OMAHA Tangram Medical Terminology is an ontology-based medical terminological resource developed by Chinese language. It helps to standardize the expression of Chinese medical terms, and improve the semantic interoperability between different systems. The terminology can be used in electronic health records, decision support systems and digital health researches, providing the functions of mapping, data capture, data mining, data registries, statistical analysis and reasoning etc.&#xD;&#xA;&#xD;&#xA;Tangram Medical Terminology is released quarterly using the file name format as Tangram_Medical_Terminology _YYYYMMDD (Example: Tangram _Medical_Terminology _20200120). For more information, please visit http://wiki.omaha.org.cn/pages/viewpage.action?pageId=31425763 &#xD;&#xA;&#xD;&#xA;For more information, see https://term.omaha.org.cn/."/><copyright value="Copyright Zhejiang Institute of Medical-care Information Technology (imit), all rights reserved.&#xD;&#xA;&#xD;&#xA;Complete copyright statement can be found here: https://www.omaha.org.cn/index.php?g=&amp;m=article&amp;a=index&amp;id=20&amp;cid=38 &#xD;&#xA;&#xD;&#xA;Intellectual property is reserved to Zhejiang Institute of Medical-care Information Technology (imit).&#xD;&#xA;&#xD;&#xA;Tangram Medical Terminology can only be used by institutional members of OMAHA. More information for licensing Tangram Medical Terminology can be found here: https://www.omaha.org.cn/index.php?m=index&amp;a=member&amp;cid=333"/><caseSensitive value="true"/><content value="not-present"/></CodeSystem>