<?xml version="1.0" encoding="UTF-8"?><CodeSystem xmlns="http://hl7.org/fhir"><id value="KemkesObservationInterpretation"/><meta><versionId value="2"/><lastUpdated value="2023-11-09T13:31:14.515+07:00"/></meta><language value="Indonesia"/><text><status value="generated"/><div xmlns="http://www.w3.org/1999/xhtml" xml:lang="Indonesia" lang="Indonesia"><p>This case-sensitive code system <code>http://terminology.kemkes.go.id/CodeSystem/ObservationInterpretation</code> defines the following codes in a Is-A heirarchy:</p><table class="codes"><tr><td style="white-space:nowrap"><b>Code</b></td><td><b>Display</b></td></tr><tr><td style="white-space:nowrap">BMI-Normal<a name="KemkesObservationInterpretation-BMI-Normal"> </a></td><td>Normal weight</td></tr><tr><td style="white-space:nowrap">BMI-SevereUnder<a name="KemkesObservationInterpretation-BMI-SevereUnder"> </a></td><td>Severely Underweight</td></tr></table></div></text><url value="http://terminology.kemkes.go.id/CodeSystem/ObservationInterpretation"/><version value="0.1.0"/><name value="KemkesObservationInterpretation"/><title value="Terminology Kemkes ObservationInterpretation CodeSystem"/><status value="active"/><experimental value="false"/><date value="2024-02-05T00:00:00.000Z"/><publisher value="Thomas Chaidir"/><contact><name value="Thomas Chaidir"/><telecom><system value="url"/><value value="https://satusehat.kemkes.go.id/"/></telecom></contact><description value="Terminology Kemkes Observation Interpretation CodeSystem"/><caseSensitive value="true"/><valueSet value="http://terminology.kemkes.go.id/ValueSet/ObservationInterpretation"/><hierarchyMeaning value="is-a"/><compositional value="false"/><versionNeeded value="true"/><content value="complete"/><count value="2"/><concept><code value="BMI-Normal"/><display value="Normal weight"/></concept><concept><code value="BMI-SevereUnder"/><display value="Severely Underweight"/></concept></CodeSystem>