<?xml version="1.0" encoding="UTF-8"?><CodeSystem xmlns="http://hl7.org/fhir"><id value="PHIndustryCDCCensus2010"/><text><status value="generated"/><div xmlns="http://www.w3.org/1999/xhtml"><p>This case-sensitive code system <code>http://terminology.hl7.org/CodeSystem/PHIndustryCDCCensus2010</code> defines codes, but no codes are represented here</p></div></text><url value="http://terminology.hl7.org/CodeSystem/PHIndustryCDCCensus2010"/><identifier><system value="urn:ietf:rfc:3986"/><value value="urn:oid:2.16.840.1.114222.4.5.315"/></identifier><version value="0.1.0"/><name value="PHIndustryCDCCensus2010"/><title value="Industry CDC Census 2010"/><status value="active"/><experimental value="false"/><date value="2019-03-20T00:00:00-04:00"/><publisher value="SatuSehat"/><contact><name value="SatuSehat"/><telecom><system value="url"/><value value="https://satusehat.kemkes.go.id/"/></telecom><telecom><system value="email"/><value value="fhir@dto.kemkes.go.id"/></telecom></contact><description value="2010 Industry coding system used by CDC (NIOSH and NCHS) for coding industry text. Industry describes an economic/business sector comprised of businesses/ enterprises concerned with the output of a specified category of products or services."/><caseSensitive value="true"/><content value="not-present"/></CodeSystem>