<?xml version="1.0" encoding="UTF-8"?><CodeSystem xmlns="http://hl7.org/fhir"><id value="participant-type"/><meta><lastUpdated value="2020-04-09T21:10:28.568+00:00"/><profile value="http://hl7.org/fhir/StructureDefinition/shareablecodesystem"/></meta><text><status value="generated"/><div xmlns="http://www.w3.org/1999/xhtml"><p>This case-sensitive code system <code>http://terminology.hl7.org/CodeSystem/participant-type</code> defines the following codes:</p><table class="codes"><tr><td style="white-space:nowrap"><b>Code</b></td><td><b>Display</b></td><td><b>Definition</b></td></tr><tr><td style="white-space:nowrap">translator<a name="participant-type-translator"> </a></td><td>Translator</td><td>A translator who is facilitating communication with the patient during the encounter.</td></tr><tr><td style="white-space:nowrap">emergency<a name="participant-type-emergency"> </a></td><td>Emergency</td><td>A person to be contacted in case of an emergency during the encounter.</td></tr></table></div></text><extension url="http://hl7.org/fhir/StructureDefinition/structuredefinition-wg"><valueCode value="pa"/></extension><extension url="http://hl7.org/fhir/StructureDefinition/structuredefinition-fmm"><valueInteger value="3"/></extension><url value="http://terminology.hl7.org/CodeSystem/participant-type"/><identifier><system value="urn:ietf:rfc:3986"/><value value="urn:oid:2.16.840.1.113883.4.642.1.1089"/></identifier><version value="0.1.0"/><name value="ParticipantType"/><title value="Participant type"/><status value="draft"/><experimental value="false"/><date value="2024-03-09T14:36:19-07:00"/><publisher value="SatuSehat"/><contact><name value="SatuSehat"/><telecom><system value="url"/><value value="https://satusehat.kemkes.go.id/"/></telecom><telecom><system value="email"/><value value="fhir@dto.kemkes.go.id"/></telecom></contact><description value="This value set defines a set of codes that can be used to indicate how an individual participates in an encounter."/><copyright value="This material derives from the HL7 Terminology (THO). THO is copyright ©1989+ Health Level Seven International and is made available under the CC0 designation. For more licensing information see: https://terminology.hl7.org/license"/><caseSensitive value="true"/><content value="complete"/><concept><code value="translator"/><display value="Translator"/><definition value="A translator who is facilitating communication with the patient during the encounter."/></concept><concept><code value="emergency"/><display value="Emergency"/><definition value="A person to be contacted in case of an emergency during the encounter."/></concept></CodeSystem>