<?xml version="1.0" encoding="UTF-8"?><CodeSystem xmlns="http://hl7.org/fhir"><id value="v3-hl7ApprovalStatus"/><language value="en"/><text><status value="extensions"/><div xml:lang="en" xmlns="http://www.w3.org/1999/xhtml" lang="en"><p><b>Properties</b></p><p><b>This code system  defines the following properties for its concepts</b></p><table class="grid"><tr><td><b>Code</b></td><td><b>URI</b></td><td><b>Type</b></td><td><b>Description</b></td></tr><tr><td>Specializes</td><td/><td>Coding</td><td>The child code is a more narrow version of the concept represented by the parent code.  I.e. Every child concept is also a valid parent concept.  Used to allow determination of subsumption.  Must be transitive, irreflexive, antisymmetric.</td></tr><tr><td>Generalizes</td><td/><td>Coding</td><td>Inverse of Specializes.  Only included as a derived relationship.</td></tr><tr><td>internalId</td><td>http://terminology.hl7.org/CodeSystem/utg-concept-properties#v3-internal-id</td><td>code</td><td>The internal identifier for the concept in the HL7 Access database repository.</td></tr><tr><td>status</td><td>http://hl7.org/fhir/concept-properties#status</td><td>code</td><td>A property that indicates the status of the concept. One of active, experimental, deprecated, or retired.</td></tr><tr><td>deprecationDate</td><td>http://hl7.org/fhir/concept-properties#deprecationDate</td><td>dateTime</td><td>The date at which a concept was deprecated. Concepts that are deprecated but not inactive can still be used, but their use is discouraged.</td></tr></table><p><b>Concepts</b></p><p>This case-sensitive code system <code>http://terminology.hl7.org/CodeSystem/v3-hl7ApprovalStatus</code> defines the following codes in a Is-A heirarchy:</p><table class="codes"><tr><td style="white-space:nowrap"><b>Code</b></td><td><b>Display</b></td><td><b>Definition</b></td><td><b>Deprecated</b></td><td><b>internalId</b></td><td><b>status</b></td><td><b>deprecationDate</b></td></tr><tr><td style="white-space:nowrap">affd<a name="v3-hl7ApprovalStatus-affd"> </a></td><td>affiliate ballot - DSTU</td><td><div><p><strong>Description:</strong> Content that is being presented to an international affiliate for consideration as a realm-specific draft standard for trial use.</p>
</div></td><td/><td>23125</td><td>active</td><td/></tr><tr><td style="white-space:nowrap">affi<a name="v3-hl7ApprovalStatus-affi"> </a></td><td>affiliate ballot - informative</td><td><div><p><strong>Description:</strong> Content that is being presented to an international affiliate for consideration as a realm-specific informative standard.</p>
</div></td><td/><td>23126</td><td>active</td><td/></tr><tr><td style="white-space:nowrap">affn<a name="v3-hl7ApprovalStatus-affn"> </a></td><td>affiliate ballot - normative</td><td><div><p><strong>Description:</strong> Content that is being presented to an international affiliate for consideration as a realm-specific normative standard.</p>
</div></td><td/><td>23124</td><td>active</td><td/></tr><tr><td style="white-space:nowrap">appad<a name="v3-hl7ApprovalStatus-appad"> </a></td><td>approved affiliate DSTU</td><td><div><p><strong>Description:</strong> Content that has passed ballot as a realm-specific draft standard for trial use.</p>
</div></td><td/><td>23129</td><td>active</td><td/></tr><tr><td style="white-space:nowrap">appai<a name="v3-hl7ApprovalStatus-appai"> </a></td><td>approved affiliate informative</td><td><div><p><strong>Description:</strong> Content that has passed ballot as a realm-specific informative standard.</p>
</div></td><td/><td>23128</td><td>active</td><td/></tr><tr><td style="white-space:nowrap">appan<a name="v3-hl7ApprovalStatus-appan"> </a></td><td>approved affiliate normative</td><td><div><p><strong>Description:</strong> Content that has passed ballot as a realm-specific normative standard</p>
</div></td><td/><td>23127</td><td>active</td><td/></tr><tr><td style="white-space:nowrap">appd<a name="v3-hl7ApprovalStatus-appd"> </a></td><td>approved DSTU</td><td><div><p><strong>Description:</strong> Content that has passed ballot as a draft standard for trial use.</p>
</div></td><td/><td>23123</td><td>active</td><td/></tr><tr><td style="white-space:nowrap">appi<a name="v3-hl7ApprovalStatus-appi"> </a></td><td>approved informative</td><td><div><p><strong>Description:</strong> Content that has passed ballot as a normative standard.</p>
</div></td><td/><td>23122</td><td>active</td><td/></tr><tr><td style="white-space:nowrap">appn<a name="v3-hl7ApprovalStatus-appn"> </a></td><td>approved normative</td><td><div><p><strong>Description:</strong> Content that has passed ballot as a normative standard.</p>
</div></td><td/><td>23121</td><td>active</td><td/></tr><tr style="background-color: #ffeeee"><td style="white-space:nowrap">comi<a name="v3-hl7ApprovalStatus-comi"> </a></td><td>committee ballot - informative</td><td><div><p><strong>Description:</strong> Content prepared by a committee and submitted for internal consideration as an informative standard.</p>
<p><em><strong>Deprecation Comment</strong></em> No longer supported as ballot statuses within the HL7 Governance and Operations Manual. Use normative or informative variants instead.</p>
</div></td><td>Deprecated</td><td>23117</td><td>deprecated</td><td>2010-11-23</td></tr><tr style="background-color: #ffeeee"><td style="white-space:nowrap">comn<a name="v3-hl7ApprovalStatus-comn"> </a></td><td>committee ballot - normative</td><td><div><p><strong>Description:</strong> Content prepared by a committee and submitted for internal consideration as an informative standard.</p>
<p><em><strong>Deprecation Comment</strong></em> No longer supported as ballot statuses within the HL7 Governance and Operations Manual. Use normative or informative variants instead.</p>
</div></td><td>Deprecated</td><td>23116</td><td>deprecated</td><td>2010-11-23</td></tr><tr><td style="white-space:nowrap">draft<a name="v3-hl7ApprovalStatus-draft"> </a></td><td>draft</td><td><div><p><strong>Description:</strong> Content that is under development and is not intended to be used.</p>
</div></td><td/><td>23113</td><td>active</td><td/></tr><tr><td style="white-space:nowrap">loc<a name="v3-hl7ApprovalStatus-loc"> </a></td><td>localized adaptation</td><td><div><p><strong>Description:</strong> Content that represents an adaption of a implementable balloted material to represent the needs or capabilities of a particular installation.</p>
</div></td><td/><td>23130</td><td>active</td><td/></tr><tr><td style="white-space:nowrap">memd<a name="v3-hl7ApprovalStatus-memd"> </a></td><td>membership ballot - DSTU</td><td><div><p><strong>Description:</strong> Content prepared by a committee and submitted for membership consideration as a draft standard for trial use.</p>
</div></td><td/><td>23120</td><td>active</td><td/></tr><tr><td style="white-space:nowrap">memi<a name="v3-hl7ApprovalStatus-memi"> </a></td><td>membership ballot - informative</td><td><div><p><strong>Description:</strong> Content prepared by a committee and submitted for membership consideration as an informative standard.</p>
</div></td><td/><td>23119</td><td>active</td><td/></tr><tr><td style="white-space:nowrap">memn<a name="v3-hl7ApprovalStatus-memn"> </a></td><td>membership ballot - normative</td><td><div><p><strong>Description:</strong> Content prepared by a committee and submitted for membership consideration as a normative standard.</p>
</div></td><td/><td>23118</td><td>active</td><td/></tr><tr><td style="white-space:nowrap">ns<a name="v3-hl7ApprovalStatus-ns"> </a></td><td>non-standard - available for use</td><td><div><p><strong>Description:</strong> Content developed independently by an organization or individual that is declared to be 'usable' but for which there is no present intention to submit through the standards submission and review process.</p>
</div></td><td/><td>23114</td><td>active</td><td/></tr><tr><td style="white-space:nowrap">prop<a name="v3-hl7ApprovalStatus-prop"> </a></td><td>proposal</td><td><div><p><strong>Description:</strong> Content submitted to a committee for consideration for future inclusion in the standard.</p>
</div></td><td/><td>23115</td><td>active</td><td/></tr><tr><td style="white-space:nowrap">ref<a name="v3-hl7ApprovalStatus-ref"> </a></td><td>reference</td><td><div><p><strong>Description:</strong> Content intended to support other content that is subject to approval, but which is not itself subject to formal approval.</p>
</div></td><td/><td>23251</td><td>active</td><td/></tr><tr><td style="white-space:nowrap">wd<a name="v3-hl7ApprovalStatus-wd"> </a></td><td>withdrawn</td><td><div><p><strong>Description:</strong> Content that represents an item that was at one point a normative or informative standard, but was subsequently withdrawn.</p>
</div></td><td/><td>23131</td><td>active</td><td/></tr></table></div></text><url value="http://terminology.hl7.org/CodeSystem/v3-hl7ApprovalStatus"/><identifier><system value="urn:ietf:rfc:3986"/><value value="urn:oid:2.16.840.1.113883.5.1130"/></identifier><version value="0.1.0"/><name value="Hl7ApprovalStatus"/><title value="HL7ApprovalStatus"/><status value="active"/><experimental value="false"/><date value="2019-03-20"/><publisher value="SatuSehat"/><contact><name value="SatuSehat"/><telecom><system value="url"/><value value="https://satusehat.kemkes.go.id/"/></telecom><telecom><system value="email"/><value value="fhir@dto.kemkes.go.id"/></telecom></contact><description value="**Description:** Codes for concepts describing the approval level of HL7 artifacts. This code system reflects the concepts expressed in HL7's Governance &amp; Operations Manual (GOM) past and present."/><copyright value="This material derives from the HL7 Terminology THO. THO is copyright ©1989+ Health Level Seven International and is made available under the CC0 designation. For more licensing information see: https://terminology.hl7.org/license"/><caseSensitive value="true"/><hierarchyMeaning value="is-a"/><content value="complete"/><property><extension url="http://terminology.hl7.org/StructureDefinition/ext-mif-relationship-symmetry"><valueCode value="antisymmetric"/></extension><extension url="http://terminology.hl7.org/StructureDefinition/ext-mif-relationship-transitivity"><valueCode value="transitive"/></extension><extension url="http://terminology.hl7.org/StructureDefinition/ext-mif-relationship-reflexivity"><valueCode value="irreflexive"/></extension><extension url="http://terminology.hl7.org/StructureDefinition/ext-mif-relationship-isNavigable"><valueBoolean value="true"/></extension><extension url="http://terminology.hl7.org/StructureDefinition/ext-mif-relationship-relationshipKind"><valueCode value="Specializes"/></extension><extension url="http://terminology.hl7.org/StructureDefinition/ext-mif-relationship-inverseName"><valueString value="Generalizes"/></extension><code value="Specializes"/><description value="The child code is a more narrow version of the concept represented by the parent code.  I.e. Every child concept is also a valid parent concept.  Used to allow determination of subsumption.  Must be transitive, irreflexive, antisymmetric."/><type value="Coding"/></property><property><extension url="http://terminology.hl7.org/StructureDefinition/ext-mif-relationship-symmetry"><valueCode value="antisymmetric"/></extension><extension url="http://terminology.hl7.org/StructureDefinition/ext-mif-relationship-transitivity"><valueCode value="transitive"/></extension><extension url="http://terminology.hl7.org/StructureDefinition/ext-mif-relationship-reflexivity"><valueCode value="irreflexive"/></extension><extension url="http://terminology.hl7.org/StructureDefinition/ext-mif-relationship-isNavigable"><valueBoolean value="true"/></extension><extension url="http://terminology.hl7.org/StructureDefinition/ext-mif-relationship-relationshipKind"><valueCode value="Generalizes"/></extension><extension url="http://terminology.hl7.org/StructureDefinition/ext-mif-relationship-inverseName"><valueString value="Specializes"/></extension><code value="Generalizes"/><description value="Inverse of Specializes.  Only included as a derived relationship."/><type value="Coding"/></property><property><code value="internalId"/><uri value="http://terminology.hl7.org/CodeSystem/utg-concept-properties#v3-internal-id"/><description value="The internal identifier for the concept in the HL7 Access database repository."/><type value="code"/></property><property><code value="status"/><uri value="http://hl7.org/fhir/concept-properties#status"/><description value="A property that indicates the status of the concept. One of active, experimental, deprecated, or retired."/><type value="code"/></property><property><code value="deprecationDate"/><uri value="http://hl7.org/fhir/concept-properties#deprecationDate"/><description value="The date at which a concept was deprecated. Concepts that are deprecated but not inactive can still be used, but their use is discouraged."/><type value="dateTime"/></property><concept><code value="affd"/><display value="affiliate ballot - DSTU"/><definition value="**Description:** Content that is being presented to an international affiliate for consideration as a realm-specific draft standard for trial use."/><property><code value="status"/><valueCode value="active"/></property><property><code value="internalId"/><valueCode value="23125"/></property></concept><concept><code value="affi"/><display value="affiliate ballot - informative"/><definition value="**Description:** Content that is being presented to an international affiliate for consideration as a realm-specific informative standard."/><property><code value="status"/><valueCode value="active"/></property><property><code value="internalId"/><valueCode value="23126"/></property></concept><concept><code value="affn"/><display value="affiliate ballot - normative"/><definition value="**Description:** Content that is being presented to an international affiliate for consideration as a realm-specific normative standard."/><property><code value="status"/><valueCode value="active"/></property><property><code value="internalId"/><valueCode value="23124"/></property></concept><concept><code value="appad"/><display value="approved affiliate DSTU"/><definition value="**Description:** Content that has passed ballot as a realm-specific draft standard for trial use."/><property><code value="status"/><valueCode value="active"/></property><property><code value="internalId"/><valueCode value="23129"/></property></concept><concept><code value="appai"/><display value="approved affiliate informative"/><definition value="**Description:** Content that has passed ballot as a realm-specific informative standard."/><property><code value="status"/><valueCode value="active"/></property><property><code value="internalId"/><valueCode value="23128"/></property></concept><concept><code value="appan"/><display value="approved affiliate normative"/><definition value="**Description:** Content that has passed ballot as a realm-specific normative standard"/><property><code value="status"/><valueCode value="active"/></property><property><code value="internalId"/><valueCode value="23127"/></property></concept><concept><code value="appd"/><display value="approved DSTU"/><definition value="**Description:** Content that has passed ballot as a draft standard for trial use."/><property><code value="status"/><valueCode value="active"/></property><property><code value="internalId"/><valueCode value="23123"/></property></concept><concept><code value="appi"/><display value="approved informative"/><definition value="**Description:** Content that has passed ballot as a normative standard."/><property><code value="status"/><valueCode value="active"/></property><property><code value="internalId"/><valueCode value="23122"/></property></concept><concept><code value="appn"/><display value="approved normative"/><definition value="**Description:** Content that has passed ballot as a normative standard."/><property><code value="status"/><valueCode value="active"/></property><property><code value="internalId"/><valueCode value="23121"/></property></concept><concept><code value="comi"/><display value="committee ballot - informative"/><definition value="**Description:** Content prepared by a committee and submitted for internal consideration as an informative standard.&#xD;&#xA;&#xD;&#xA;***Deprecation Comment*** No longer supported as ballot statuses within the HL7 Governance and Operations Manual. Use normative or informative variants instead."/><property><code value="status"/><valueCode value="deprecated"/></property><property><code value="deprecationDate"/><valueDateTime value="2010-11-23"/></property><property><code value="internalId"/><valueCode value="23117"/></property></concept><concept><code value="comn"/><display value="committee ballot - normative"/><definition value="**Description:** Content prepared by a committee and submitted for internal consideration as an informative standard.&#xD;&#xA;&#xD;&#xA;***Deprecation Comment*** No longer supported as ballot statuses within the HL7 Governance and Operations Manual. Use normative or informative variants instead."/><property><code value="status"/><valueCode value="deprecated"/></property><property><code value="deprecationDate"/><valueDateTime value="2010-11-23"/></property><property><code value="internalId"/><valueCode value="23116"/></property></concept><concept><code value="draft"/><display value="draft"/><definition value="**Description:** Content that is under development and is not intended to be used."/><property><code value="status"/><valueCode value="active"/></property><property><code value="internalId"/><valueCode value="23113"/></property></concept><concept><code value="loc"/><display value="localized adaptation"/><definition value="**Description:** Content that represents an adaption of a implementable balloted material to represent the needs or capabilities of a particular installation."/><property><code value="status"/><valueCode value="active"/></property><property><code value="internalId"/><valueCode value="23130"/></property></concept><concept><code value="memd"/><display value="membership ballot - DSTU"/><definition value="**Description:** Content prepared by a committee and submitted for membership consideration as a draft standard for trial use."/><property><code value="status"/><valueCode value="active"/></property><property><code value="internalId"/><valueCode value="23120"/></property></concept><concept><code value="memi"/><display value="membership ballot - informative"/><definition value="**Description:** Content prepared by a committee and submitted for membership consideration as an informative standard."/><property><code value="status"/><valueCode value="active"/></property><property><code value="internalId"/><valueCode value="23119"/></property></concept><concept><code value="memn"/><display value="membership ballot - normative"/><definition value="**Description:** Content prepared by a committee and submitted for membership consideration as a normative standard."/><property><code value="status"/><valueCode value="active"/></property><property><code value="internalId"/><valueCode value="23118"/></property></concept><concept><code value="ns"/><display value="non-standard - available for use"/><definition value="**Description:** Content developed independently by an organization or individual that is declared to be 'usable' but for which there is no present intention to submit through the standards submission and review process."/><property><code value="status"/><valueCode value="active"/></property><property><code value="internalId"/><valueCode value="23114"/></property></concept><concept><code value="prop"/><display value="proposal"/><definition value="**Description:** Content submitted to a committee for consideration for future inclusion in the standard."/><property><code value="status"/><valueCode value="active"/></property><property><code value="internalId"/><valueCode value="23115"/></property></concept><concept><code value="ref"/><display value="reference"/><definition value="**Description:** Content intended to support other content that is subject to approval, but which is not itself subject to formal approval."/><property><code value="status"/><valueCode value="active"/></property><property><code value="internalId"/><valueCode value="23251"/></property></concept><concept><code value="wd"/><display value="withdrawn"/><definition value="**Description:** Content that represents an item that was at one point a normative or informative standard, but was subsequently withdrawn."/><property><code value="status"/><valueCode value="active"/></property><property><code value="internalId"/><valueCode value="23131"/></property></concept></CodeSystem>