<?xml version="1.0" encoding="UTF-8"?><CodeSystem xmlns="http://hl7.org/fhir"><id value="utg-concept-properties"/><text><status value="generated"/><div xmlns="http://www.w3.org/1999/xhtml"><p><b>Properties</b></p><p><b>This code system  defines the following properties for its concepts</b></p><table class="grid"><tr><td><b>Code</b></td><td><b>URI</b></td><td><b>Type</b></td><td><b>Description</b></td></tr><tr><td>comment</td><td>http://hl7.org/fhir/concept-properties#comment</td><td>string</td><td>VComments and notes on the Domain.</td></tr></table><p><b>Concepts</b></p><p>This case-sensitive code system <code>http://terminology.hl7.org/CodeSystem/utg-concept-properties</code> defines the following codes:</p><table class="codes"><tr><td style="white-space:nowrap"><b>Code</b></td><td><b>Display</b></td><td><b>Definition</b></td><td><b>comment</b></td></tr><tr><td style="white-space:nowrap">v2-binding<a name="utg-concept-properties-v2-binding"> </a></td><td>V2 Binding Code</td><td>Coded value identifying the binding realm for those tables that have a binding to a value set.  0=no binding or binding N/A; 1=Example; 2=Representative; 3=Universal; 4=US Realm.</td><td>used only in v2-tables.xml</td></tr><tr><td style="white-space:nowrap">v2-cld<a name="utg-concept-properties-v2-cld"> </a></td><td>V2 VS CLD Type</td><td>Categorization of Content Logical Definition for the V2 value set informing the table, as printed in the V2 ballot.  0=no expansion, 1=all codes, 2=enumerated, 3=V3 vaue set definition, 4=unique intensional definition, 5=non-HL7 value set definition, 6=FHIR value set definition</td><td>Used only for value sets informing the coded content of HL7 V2 tables. There are only a few types of value set compose statements for V2, and this code indicates now the exapnsion for puisblishing is to be caclulated.</td></tr><tr><td style="white-space:nowrap">v2-cs-oid<a name="utg-concept-properties-v2-cs-oid"> </a></td><td>V2 Code System OID</td><td>OID of the code system associated with the table</td><td>used only in v2-tables.xml</td></tr><tr><td style="white-space:nowrap">v2-cs-uri<a name="utg-concept-properties-v2-cs-uri"> </a></td><td>V2 Code System URI</td><td>URI of the code system associated with the table</td><td>used only in v2-tables.xml</td></tr><tr><td style="white-space:nowrap">v2-vs-uri<a name="utg-concept-properties-v2-vs-uri"> </a></td><td>V2 Value Set URI</td><td>URI of the value set informing the content of the table</td><td>used only in v2-tables.xml</td></tr><tr><td style="white-space:nowrap">v2-table-deprecated<a name="utg-concept-properties-v2-table-deprecated"> </a></td><td>deprecated</td><td>Indicates that although still being published in the V2 international standard, the table has been deprecated in favor of alternative codes, and will be withdrawn in the future.</td><td>used only in v2-tables.xml</td></tr><tr><td style="white-space:nowrap">v2TblStatus<a name="utg-concept-properties-v2TblStatus"> </a></td><td>V2 Table Status</td><td>Status of the table as published in the V2 ballots. This is different from the concept status, which is the status of the concept representing the table infomration in the V2 Tables code system.</td><td>Used only in v2-tables.xml</td></tr><tr><td style="white-space:nowrap">steward<a name="utg-concept-properties-steward"> </a></td><td>Steward WorkGroup</td><td>Steward Work Group for the concept and its tree of subconcepts.</td><td>This is the HL7 Work Group primarily responsible for the content of the artifact.</td></tr><tr><td style="white-space:nowrap">v2-table-oid<a name="utg-concept-properties-v2-table-oid"> </a></td><td>V2 Table OID</td><td>OID value for the table object</td><td>used only in v2-tables.xml</td></tr><tr><td style="white-space:nowrap">v2-table-type<a name="utg-concept-properties-v2-table-type"> </a></td><td>V2 Table Type</td><td>Type of V2 table, e.g. HL7 or User</td><td>used only in v2-tables.xml</td></tr><tr><td style="white-space:nowrap">v2-cs-version<a name="utg-concept-properties-v2-cs-version"> </a></td><td>V2 Code System Version</td><td>Version of the code system informing the table. Note this is a denorm</td><td>used only in v2-tables.xml</td></tr><tr><td style="white-space:nowrap">v2-version-tbl-introduced<a name="utg-concept-properties-v2-version-tbl-introduced"> </a></td><td>version-tbl-introduced</td><td>HL7 V2 version when the V2 Table was introduced</td><td>Used only in v2-tables.xml</td></tr><tr><td style="white-space:nowrap">v2-version-csvs-introduced<a name="utg-concept-properties-v2-version-csvs-introduced"> </a></td><td>version-csvs-introduced</td><td>HL7 V2 version when the code system and value set were introduced.   This is either the creation date of the V2 code system or value set objects, or the date when the FHIR or V3 or External code system and/or value set were associated to the table.</td><td>used only in v2-tables.xml</td></tr><tr><td style="white-space:nowrap">vocab-domain<a name="utg-concept-properties-vocab-domain"> </a></td><td>Concept Domain</td><td>Associated Concept Domain for the table</td><td>used only in v2-tables.xml</td></tr><tr><td style="white-space:nowrap">v2-vs-oid<a name="utg-concept-properties-v2-vs-oid"> </a></td><td>V2 Value Set OID</td><td>OID of the value set informing the table</td><td>used only in v2-tables.xml</td></tr><tr><td style="white-space:nowrap">v2-where-used<a name="utg-concept-properties-v2-where-used"> </a></td><td>Field Where Used</td><td>String holding the segment and field where the table is bound in the interational standard.</td><td>used only in v2-tables.xml</td></tr><tr><td style="white-space:nowrap">rim-classifies-class-code<a name="utg-concept-properties-rim-classifies-class-code"> </a></td><td>ClassifiesC RIM Class Code</td><td>Associates a concept domain with th ActClass code that it is intended to be associated with, ie for late binding, informs the IG devloper which code should be populated in ActClass when a value sset for ActCode is being bound.</td><td>used only in concept domains; in the coremif called 'ConceptualSpaceForClassCode'</td></tr><tr><td style="white-space:nowrap">rim-qualified-by<a name="utg-concept-properties-rim-qualified-by"> </a></td><td>May Be QualifiedB y</td><td>One of the types of concept relationships that implements qualifying relationships</td><td>This needs reexamination to see how it is represented in UTG and if it correct; in V3 relationships between concepts in the same code system are represented internal to the system, not as a map.  Note that we have an extension for code systems for 'conceptrelationshipkind'</td></tr><tr><td style="white-space:nowrap">rim-inbound-relationship<a name="utg-concept-properties-rim-inbound-relationship"> </a></td><td>Name:Act:inboundRelationship:ActRelationship</td><td>Name of inboundRelationship from Act to ActReln</td><td>used only in structural code system content</td></tr><tr><td style="white-space:nowrap">rim-outbound-relationship<a name="utg-concept-properties-rim-outbound-relationship"> </a></td><td>Name:Act:outboundRelationship:ActRelationship</td><td>Formal name of outboundRelationship from Act to ActReln</td><td>used only in structural code system content</td></tr><tr><td style="white-space:nowrap">rim-participation<a name="utg-concept-properties-rim-participation"> </a></td><td>Name:Act:participation:Participation</td><td>Name of relationship from Act to Participation</td><td>used only in structural code system content</td></tr><tr><td style="white-space:nowrap">rim-ActRelationship-source<a name="utg-concept-properties-rim-ActRelationship-source"> </a></td><td>Name:ActRelationship:source:Act</td><td>The name of the assciation from ActRelationship to the source Act</td><td>used only in structural code system content</td></tr><tr><td style="white-space:nowrap">rim-ActRelationship-target<a name="utg-concept-properties-rim-ActRelationship-target"> </a></td><td>Name:ActRelationship:target:Act</td><td>The name of the assciation from ActRelationship to the source Act</td><td>used only in structural code system content</td></tr><tr><td style="white-space:nowrap">rim-Class<a name="utg-concept-properties-rim-Class"> </a></td><td>Name:Class</td><td>The formal name for the class clone under this code</td><td>used only in structural code system content</td></tr><tr><td style="white-space:nowrap">rim-Entity-played<a name="utg-concept-properties-rim-Entity-played"> </a></td><td>Name:Entity:playedRole:Role</td><td>The name of the relationship from the Entity to the playedRole</td><td>used only in structural code system content</td></tr><tr><td style="white-space:nowrap">rim-Entity-scoped<a name="utg-concept-properties-rim-Entity-scoped"> </a></td><td>Name:Entity:scopedRole:Role</td><td>The name of the relationship from the Entity to the scopedRole</td><td>used only in structural code system content</td></tr><tr><td style="white-space:nowrap">rim-Participation-act<a name="utg-concept-properties-rim-Participation-act"> </a></td><td>Name:Participation:act:Act</td><td>The formal name for relationship from Participation to Act</td><td>used only in structural code system content</td></tr><tr><td style="white-space:nowrap">rim-Participation-role<a name="utg-concept-properties-rim-Participation-role"> </a></td><td>Name:Participation:role:Role</td><td>The name of the relationship from Participation to Role</td><td>used only in structural code system content</td></tr><tr><td style="white-space:nowrap">rim-Role-inbound<a name="utg-concept-properties-rim-Role-inbound"> </a></td><td>Name:Role:inboundLink:RoleLink</td><td>Name of inboundLink relationship from Role to RoleLink</td><td>used only in structural code system content</td></tr><tr><td style="white-space:nowrap">rim-Role-outbound<a name="utg-concept-properties-rim-Role-outbound"> </a></td><td>Name:Role:outboundLink:RoleLink</td><td>Name of outboundLink relationship from Role to RoleLink</td><td>used only in structural code system content</td></tr><tr><td style="white-space:nowrap">rim-Role-participation<a name="utg-concept-properties-rim-Role-participation"> </a></td><td>Name:Role:participation:Participation</td><td>Name of relationship from Role to Participation</td><td>used only in structural code system content</td></tr><tr><td style="white-space:nowrap">rim-Role-player<a name="utg-concept-properties-rim-Role-player"> </a></td><td>Name:Role:player:Entity</td><td>The name of the relationship from Role to the payer Entity</td><td>used only in structural code system content</td></tr><tr><td style="white-space:nowrap">rim-Role-scoper<a name="utg-concept-properties-rim-Role-scoper"> </a></td><td>Name:Role:scoper:Entity</td><td>The name of the relationship from Role to the scoper Entity</td><td>used only in structural code system content</td></tr><tr><td style="white-space:nowrap">v3-cs-oid<a name="utg-concept-properties-v3-cs-oid"> </a></td><td>OID</td><td>Property applies to concepts in the CodeSystem Code System.  The property holds the OID that uniquely identifies the code system represented by this coded concept.</td><td>This code system of code systems was retired a long time ago, and should not be in UTG so this property is unnecessary</td></tr><tr><td style="white-space:nowrap">owning-affiliate<a name="utg-concept-properties-owning-affiliate"> </a></td><td>OwningAffiliate</td><td>Property defined in V3 tooling, but may not be currently used.</td><td>not certain where this came from</td></tr><tr><td style="white-space:nowrap">owning-section<a name="utg-concept-properties-owning-section"> </a></td><td>OwningSection</td><td>Property defined in V3 tooling, but may not be currently used.</td><td>not certain where this came from</td></tr><tr><td style="white-space:nowrap">owning-subsection<a name="utg-concept-properties-owning-subsection"> </a></td><td>OwningSubSection</td><td>Property defined in V3 tooling, but may not be currently used.</td><td>not certain where this came from</td></tr><tr><td style="white-space:nowrap">v3-smaller-than<a name="utg-concept-properties-v3-smaller-than"> </a></td><td>SmallerThan</td><td>Property defined in V3 tooling, but may not be currently used.</td><td>not certain where this came from</td></tr><tr><td style="white-space:nowrap">rim-Act-inbound-sort<a name="utg-concept-properties-rim-Act-inbound-sort"> </a></td><td>Sort:Act:inboundRelationship:ActRelationship</td><td>Sort key for the inboundRelationship from Act to ActReln; used to publish the RIM</td><td/></tr><tr><td style="white-space:nowrap">rim-act-outbound-sort<a name="utg-concept-properties-rim-act-outbound-sort"> </a></td><td>Sort:Act:outboundRelationship:ActRelationship</td><td>Sort key for the outboundRelationship from Act to ActReln; used to publish the RIM</td><td/></tr><tr><td style="white-space:nowrap">rim-Act-participation-sort<a name="utg-concept-properties-rim-Act-participation-sort"> </a></td><td>Sort:Act:participation:Participation</td><td>Sort key for relationship from Act to Participation; used to publish the RIM</td><td/></tr><tr><td style="white-space:nowrap">rim-Entity-played-sort<a name="utg-concept-properties-rim-Entity-played-sort"> </a></td><td>Sort:Entity:playedRole:Role</td><td>Sort key for the relationship from the Entity to the playedRole; used to publish the RIM</td><td/></tr><tr><td style="white-space:nowrap">rim-Entity-scoped-sort<a name="utg-concept-properties-rim-Entity-scoped-sort"> </a></td><td>Sort:Entity:scopedRole:Role</td><td>The sort key for the relationship from the Entity to the scopedRole; used to publish the RIM</td><td/></tr><tr><td style="white-space:nowrap">rim-Role-inbound-sort<a name="utg-concept-properties-rim-Role-inbound-sort"> </a></td><td>Sort:Role:inboundLink:RoleLink</td><td>Sort key for inboundLink relationship from Role to RoleLink; used to publish the RIM</td><td/></tr><tr><td style="white-space:nowrap">rim-Role-outbound-sort<a name="utg-concept-properties-rim-Role-outbound-sort"> </a></td><td>Sort:Role:outboundLink:RoleLink</td><td>Sort key for outboundLink relationship from Role to RoleLink; used to publish the RIM</td><td/></tr><tr><td style="white-space:nowrap">rim-Role-participation-sort<a name="utg-concept-properties-rim-Role-participation-sort"> </a></td><td>Sort:Role:participation:Participation</td><td>Sort key for relationship from Role to Participation; used to publish the RIM</td><td/></tr><tr><td style="white-space:nowrap">v3-applies-to<a name="utg-concept-properties-v3-applies-to"> </a></td><td>appliesTo</td><td>Haven't a clue!</td><td>used only in ObservationMethod, and appears to link types of tests with equipment, manufacturers, reagents, or organisms.</td></tr><tr><td style="white-space:nowrap">rim-conductible<a name="utg-concept-properties-rim-conductible"> </a></td><td>conductible</td><td>If true, indicates that ActRelationships or Participations of the specified type (and any specializations thereof) will normally conduct. For more usage information, refer to the Core Principles specification.</td><td/></tr><tr><td style="white-space:nowrap">v3-how-applies<a name="utg-concept-properties-v3-how-applies"> </a></td><td>howApplies</td><td>Haven't a clue!</td><td>used only in ObservationMethod, and appears to link types of tests with equipment, manufacturers, reagents, or organisms.</td></tr><tr><td style="white-space:nowrap">v3-internal-id<a name="utg-concept-properties-v3-internal-id"> </a></td><td>internalId</td><td>The internal identifier for the concept in the HL7 Access database repository.</td><td>this should not be migrated to UTG</td></tr><tr><td style="white-space:nowrap">v3-inverse-relationship<a name="utg-concept-properties-v3-inverse-relationship"> </a></td><td>inverseRelationship</td><td>Property applies to the ConceptCodeRelationship code system. For each concept, it identifies the name of the inverse relationship.</td><td>only used in the code system of contept relationships..  Forgot we had this.   Not sure how it should be modeled in UTG.</td></tr><tr><td style="white-space:nowrap">rim-document-characteristic<a name="utg-concept-properties-rim-document-characteristic"> </a></td><td>isDocumentCharacteristic</td><td>If true, indicates that the Act attribute or association (as represented by a typeCode for eaither ActRelationship or Pareticipation is a descriptor of the document (record) represented by the act object. If false, indicates the property is a descriptor of the action itself, actual, intended, or potential.  Applies to interpretation of attributes and associations with respect to changes in the value of Act.actionNegationInd and Act.moodCode. (See descriptions of these attributes for further discussion.) For example, in an order, the id attribute [isDocumentCharacteristic = true] is an identifier of the record of the order, not an identifier of the intended event.  On the other hand, the code attribute [isDocumentCharacteristic = false] describes a characteristic of the intended event.</td><td>This may not behave the same based on the final outcome from the negation project.   Or this may be the impleentation of their recommendations; need to discuss with Rob Hausam.   Clear the this is used as part of RIM documentation.  Note that this is only used in these two structural code systems.</td></tr><tr><td style="white-space:nowrap">ConceptualSpaceForClassCode<a name="utg-concept-properties-ConceptualSpaceForClassCode"> </a></td><td>Conceptual Space For ClassCode</td><td>This concept domain provides the semantic category space indicates by the identifies Class code.  Used in HL7 V3 RIM.</td><td>Only used in the V3 RIM concept domains.  Identifies the class code that should be used in either ActClass or EntityClass when this domain is the terminology constraint for ActCode or EntityCode attribute</td></tr><tr><td style="white-space:nowrap">source<a name="utg-concept-properties-source"> </a></td><td>Source</td><td>Indicaates the etiology of this domain, i.e. which HL7 product family or other area that the domain originally was needed for and triggered its creation.</td><td>Current values are v2, v3, cda.  Note the ones for CDA have been added manually.</td></tr><tr><td style="white-space:nowrap">openIssue<a name="utg-concept-properties-openIssue"> </a></td><td>Open Issue</td><td>Documents some V3 issue that was never resolved for a particular concept domain.</td><td>Currently valued only for the v3 Concept Domains, and reflect open issues to be addressed in various concept domains.  May be used for open issues on particular concepts in code systems later.</td></tr><tr><td style="white-space:nowrap">deprecationInfo<a name="utg-concept-properties-deprecationInfo"> </a></td><td>Deprecation Information</td><td>Documentation of V3 concept domains that have been deprecated.</td><td>Currently valued only for the v3 Concept Domains.   Includes commentary and release IDs when they were deprecated, and possibly replacement information</td></tr><tr><td style="white-space:nowrap">contextBindingUV-valueSet<a name="utg-concept-properties-contextBindingUV-valueSet"> </a></td><td>UV Bound ValueSet</td><td>Identifies the Value Set bound to this Concept Domain in the Universal Realm.</td><td/></tr><tr><td style="white-space:nowrap">contextBindingUV-effectiveDate<a name="utg-concept-properties-contextBindingUV-effectiveDate"> </a></td><td>UV Binding Effective Date</td><td>Effective Date of the specified Value Set bound to this Concwpt Domain in the Universal Realm.</td><td/></tr><tr><td style="white-space:nowrap">contextBindingUV-strength<a name="utg-concept-properties-contextBindingUV-strength"> </a></td><td>UV Binding Coding Strength</td><td>Coding strength for the Universal Realm binding; either CWE or CNE.</td><td/></tr><tr><td style="white-space:nowrap">contextBindingR1-valueSet<a name="utg-concept-properties-contextBindingR1-valueSet"> </a></td><td>R1 Bound ValueSet</td><td>Identifies the Value Set bound to this Concept Domain in the Representative Realm.</td><td>R1 Bindings have been implemented in at least one Realm, and are offered for general use as they may be valid in other Realms.</td></tr><tr><td style="white-space:nowrap">contextBindingR1-effectiveDate<a name="utg-concept-properties-contextBindingR1-effectiveDate"> </a></td><td>R1 Binding Effective Date</td><td>Effective Date of the specified Value Set bound to this Concept Domain in the Representative Realm.</td><td/></tr><tr><td style="white-space:nowrap">contextBindingR1-strength<a name="utg-concept-properties-contextBindingR1-strength"> </a></td><td>R1 Binding Coding Strength</td><td>Coding strength for the Representatie binding; either CWE or CNE.</td><td/></tr><tr><td style="white-space:nowrap">contextBindingX1-valueSet<a name="utg-concept-properties-contextBindingX1-valueSet"> </a></td><td>X1 Bound ValueSet</td><td>Identifies the Value Set bound to this Concept Domain in the Example Realm.</td><td>X1 Bindings are used solely for published or educational examples, and are known to be incorrect or invalid content for real world systems.  They should not be used in production systems.</td></tr><tr><td style="white-space:nowrap">contextBindingX1-effectiveDate<a name="utg-concept-properties-contextBindingX1-effectiveDate"> </a></td><td>X1 Binding Effective Date</td><td>Effective Date of the specified Value Set bound to this Concept Domain in the Example Realm.</td><td/></tr><tr><td style="white-space:nowrap">contextBindingX1-strength<a name="utg-concept-properties-contextBindingX1-strength"> </a></td><td>X1 Binding Coding Strength</td><td>Coding strength for the Example binding; either CWE or CNE.</td><td/></tr><tr><td style="white-space:nowrap">contextBindingC1-valueSet<a name="utg-concept-properties-contextBindingC1-valueSet"> </a></td><td>C1 Bound ValueSet</td><td>Identifies the Value Set bound to this Concept Domain in the Example Realm.</td><td>C1 Bindings are used solely for provisional or draft bindings, and are intended to be removed or updated at some tiem in the future.  In general, C1 bindings may be incorrect or invalid content for real world systems, or may be subject to change without notice.  They should not be used in production systems.</td></tr><tr><td style="white-space:nowrap">contextBindingC1-effectiveDate<a name="utg-concept-properties-contextBindingC1-effectiveDate"> </a></td><td>C1 Binding Effective Date</td><td>Effective Date of the specified Value Set bound to this Concept Domain in the Unclassified Realm.</td><td/></tr><tr><td style="white-space:nowrap">contextBindingC1-strength<a name="utg-concept-properties-contextBindingC1-strength"> </a></td><td>C1 Binding Coding Strength</td><td>Coding strength for the Example binding; either CWE or CNE.</td><td/></tr><tr><td style="white-space:nowrap">contextBindingUS-valueSet<a name="utg-concept-properties-contextBindingUS-valueSet"> </a></td><td>US Bound ValueSet</td><td>Identifies the Value Set bound to this Concept Domain in the US (United States of America) Realm.</td><td/></tr><tr><td style="white-space:nowrap">contextBindingUS-effectiveDate<a name="utg-concept-properties-contextBindingUS-effectiveDate"> </a></td><td>US Binding Effective Date</td><td>Effective Date of the specified Value Set bound to this Concwpt Domain in the US Realm.</td><td/></tr><tr><td style="white-space:nowrap">contextBindingUS-strength<a name="utg-concept-properties-contextBindingUS-strength"> </a></td><td>US Binding Coding Strength</td><td>Coding strength for the US Realm binding; either CWE or CNE.</td><td/></tr><tr><td style="white-space:nowrap">rim-assoc-conc-property<a name="utg-concept-properties-rim-assoc-conc-property"> </a></td><td>Assoc Concpt Property</td><td>Formal code of an Associated Concept Property.</td><td>Used only in the V3 RIM, and required for Formal Naming.  Also needed for proper operation of RoseTree in display of cormif content.</td></tr><tr><td style="white-space:nowrap">rim-assoc-conc-propname<a name="utg-concept-properties-rim-assoc-conc-propname"> </a></td><td>Assoc Concpt Prop Name</td><td>Formal name of an Associated Concept Property.</td><td>Used only in the V3 RIM, and required for Formal Naming.  Also needed for proper operation of RoseTree in display of cormif content.</td></tr><tr><td style="white-space:nowrap">rim-assoc-conc-propvalue<a name="utg-concept-properties-rim-assoc-conc-propvalue"> </a></td><td>Assoc Concpt Prop Value</td><td>Value of an Associated Concept Property.</td><td>Used only in the V3 RIM, and required for Formal Naming.  Also needed for proper operation of RoseTree in display of cormif content.</td></tr><tr><td style="white-space:nowrap">v2-concComment<a name="utg-concept-properties-v2-concComment"> </a></td><td>V2 Concept Comment</td><td>String value from the V2 publishing database source holding comments for the concepts for populated tables.  These comments are separate from the concept Definition and the Usage Notes.</td><td>used only in Version 2 code systems concepts</td></tr><tr><td style="white-space:nowrap">v2-concCommentAsPub<a name="utg-concept-properties-v2-concCommentAsPub"> </a></td><td>V2 Concept Comment As Published</td><td>String value from the V2 publishing database source holding comments as published for the concepts for populated tables.  These comments are separate from the concept Definition and the Usage Notes, and may be distinct from the other comments due to publishing requirements.</td><td>used only in Version 2 code systems concepts</td></tr><tr><td style="white-space:nowrap">HL7usageNotes<a name="utg-concept-properties-HL7usageNotes"> </a></td><td>HL7 Concept Usage Notes</td><td>String value from the HL7 sources holding the Usage Notes for the concepts for populated tables and code systems.  These  are separate from the concept Definitions and the other comments.</td><td>used only in the Version 2 code systems concepts</td></tr><tr><td style="white-space:nowrap">propIsMandatory<a name="utg-concept-properties-propIsMandatory"> </a></td><td>RIM Property is Mandatory</td><td>Boolean indicating when an attribure of a RIM class attribute is mandatory.</td><td>Used as a property of a property, in RIM Class Codes primarily.</td></tr><tr><td style="white-space:nowrap">propDefaultValue<a name="utg-concept-properties-propDefaultValue"> </a></td><td>Default value of RIM Property</td><td>String holding an optional default value for a mandatory property.</td><td>Used as a property of a property, in RIM Class Codes primarily.</td></tr><tr><td style="white-space:nowrap">propDefaultHandling<a name="utg-concept-properties-propDefaultHandling"> </a></td><td>Default handling of RIM Property</td><td>Code value identifying the default handling code of a RIM attribute mandatory property.</td><td>Used as a property of a property, in RIM Class Codes primarily.</td></tr><tr><td style="white-space:nowrap">rim-ClassifiesClassCode<a name="utg-concept-properties-rim-ClassifiesClassCode"> </a></td><td>Concept Domain that classifies a RIM Class Code</td><td>Code value from a RIM Class such as ActClass or EntityClass which the Domain classifies.</td><td>Used as a property of a property, in RIM Class Codes primarily.</td></tr><tr><td style="white-space:nowrap">ComponentOf<a name="utg-concept-properties-ComponentOf"> </a></td><td>Special additional relationship for part relatioships</td><td>Code value identifying the code in the codeSystem which this concept is a component of.</td><td>Used as a property of a property, in RIM Class Codes primarily.</td></tr><tr><td style="white-space:nowrap">MayBeQualifiedBy<a name="utg-concept-properties-MayBeQualifiedBy"> </a></td><td>Qualifier relationship</td><td>Code value identifying another code in the codeSystem which this concept may be qualified by</td><td>Used as a property of a property, in RIM Class Codes primarily.</td></tr><tr><td style="white-space:nowrap">OwningSubSection<a name="utg-concept-properties-OwningSubSection"> </a></td><td>Subsection containment relationship</td><td>Used in the V3 publication process, indicates a ballot subsection which encloses this content.</td><td>Used as a property of a property, in RIM Class Codes primarily.</td></tr><tr><td style="white-space:nowrap">OwningSection<a name="utg-concept-properties-OwningSection"> </a></td><td>Section containment relationship</td><td>Used in the V3 publication process, indicates a ballot section which encloses this content.</td><td>Used as a property of a property, in RIM Class Codes primarily.</td></tr><tr><td style="white-space:nowrap">OwningAffiliate<a name="utg-concept-properties-OwningAffiliate"> </a></td><td>HL7 Affiliate Owner</td><td>Used in the V3 ballot and publication process to indicate content which is owned by one of the HL7 International Affiliates.</td><td>Used as a property of a property, in RIM Class Codes primarily.</td></tr><tr><td style="white-space:nowrap">DeprecationInfo<a name="utg-concept-properties-DeprecationInfo"> </a></td><td>Deprecation Informaton</td><td>Used to support the capture of comments, remarks, V3 release ID, and other information related to the deprecation of a concept.</td><td>Used primarily to hold the imported comments and release version information on deprecated concepts in the V3 coremif.</td></tr><tr><td style="white-space:nowrap">SmallerThan<a name="utg-concept-properties-SmallerThan"> </a></td><td>Smaller Than</td><td>Points to another code value in the codeSystem which this concept is smaller than.  Typically used in systems of Ordinal relationship codes, where size or magnitude is the ordering key.</td><td>Used as a property of a property, in RIM Class Codes primarily.</td></tr></table></div></text><url value="http://terminology.hl7.org/CodeSystem/utg-concept-properties"/><version value="0.1.0"/><name value="ConceptProperties"/><title value="UTG Specific Concept Properties"/><status value="draft"/><experimental value="false"/><date value="2024-03-09T14:36:19-07:00"/><publisher value="SatuSehat"/><contact><name value="SatuSehat"/><telecom><system value="url"/><value value="https://satusehat.kemkes.go.id/"/></telecom><telecom><system value="email"/><value value="fhir@dto.kemkes.go.id"/></telecom></contact><description value="A set of concept properties used by UTG to maintain legacy terminology distribution systems"/><copyright value="This material derives from the HL7 Terminology (THO). THO is copyright ©1989+ Health Level Seven International and is made available under the CC0 designation. For more licensing information see: https://terminology.hl7.org/license"/><caseSensitive value="true"/><content value="complete"/><property><code value="comment"/><uri value="http://hl7.org/fhir/concept-properties#comment"/><description value="VComments and notes on the Domain."/><type value="string"/></property><concept><code value="v2-binding"/><display value="V2 Binding Code"/><definition value="Coded value identifying the binding realm for those tables that have a binding to a value set.  0=no binding or binding N/A; 1=Example; 2=Representative; 3=Universal; 4=US Realm."/><property><code value="comment"/><valueString value="used only in v2-tables.xml"/></property></concept><concept><code value="v2-cld"/><display value="V2 VS CLD Type"/><definition value="Categorization of Content Logical Definition for the V2 value set informing the table, as printed in the V2 ballot.  0=no expansion, 1=all codes, 2=enumerated, 3=V3 vaue set definition, 4=unique intensional definition, 5=non-HL7 value set definition, 6=FHIR value set definition"/><property><code value="comment"/><valueString value="Used only for value sets informing the coded content of HL7 V2 tables. There are only a few types of value set compose statements for V2, and this code indicates now the exapnsion for puisblishing is to be caclulated."/></property></concept><concept><code value="v2-cs-oid"/><display value="V2 Code System OID"/><definition value="OID of the code system associated with the table"/><property><code value="comment"/><valueString value="used only in v2-tables.xml"/></property></concept><concept><code value="v2-cs-uri"/><display value="V2 Code System URI"/><definition value="URI of the code system associated with the table"/><property><code value="comment"/><valueString value="used only in v2-tables.xml"/></property></concept><concept><code value="v2-vs-uri"/><display value="V2 Value Set URI"/><definition value="URI of the value set informing the content of the table"/><property><code value="comment"/><valueString value="used only in v2-tables.xml"/></property></concept><concept><code value="v2-table-deprecated"/><display value="deprecated"/><definition value="Indicates that although still being published in the V2 international standard, the table has been deprecated in favor of alternative codes, and will be withdrawn in the future."/><property><code value="comment"/><valueString value="used only in v2-tables.xml"/></property></concept><concept><code value="v2TblStatus"/><display value="V2 Table Status"/><definition value="Status of the table as published in the V2 ballots. This is different from the concept status, which is the status of the concept representing the table infomration in the V2 Tables code system."/><property><code value="comment"/><valueString value="Used only in v2-tables.xml"/></property></concept><concept><code value="steward"/><display value="Steward WorkGroup"/><definition value="Steward Work Group for the concept and its tree of subconcepts."/><property><code value="comment"/><valueString value="This is the HL7 Work Group primarily responsible for the content of the artifact."/></property></concept><concept><code value="v2-table-oid"/><display value="V2 Table OID"/><definition value="OID value for the table object"/><property><code value="comment"/><valueString value="used only in v2-tables.xml"/></property></concept><concept><code value="v2-table-type"/><display value="V2 Table Type"/><definition value="Type of V2 table, e.g. HL7 or User"/><property><code value="comment"/><valueString value="used only in v2-tables.xml"/></property></concept><concept><code value="v2-cs-version"/><display value="V2 Code System Version"/><definition value="Version of the code system informing the table. Note this is a denorm"/><property><code value="comment"/><valueString value="used only in v2-tables.xml"/></property></concept><concept><code value="v2-version-tbl-introduced"/><display value="version-tbl-introduced"/><definition value="HL7 V2 version when the V2 Table was introduced"/><property><code value="comment"/><valueString value="Used only in v2-tables.xml"/></property></concept><concept><code value="v2-version-csvs-introduced"/><display value="version-csvs-introduced"/><definition value="HL7 V2 version when the code system and value set were introduced.   This is either the creation date of the V2 code system or value set objects, or the date when the FHIR or V3 or External code system and/or value set were associated to the table."/><property><code value="comment"/><valueString value="used only in v2-tables.xml"/></property></concept><concept><code value="vocab-domain"/><display value="Concept Domain"/><definition value="Associated Concept Domain for the table"/><property><code value="comment"/><valueString value="used only in v2-tables.xml"/></property></concept><concept><code value="v2-vs-oid"/><display value="V2 Value Set OID"/><definition value="OID of the value set informing the table"/><property><code value="comment"/><valueString value="used only in v2-tables.xml"/></property></concept><concept><code value="v2-where-used"/><display value="Field Where Used"/><definition value="String holding the segment and field where the table is bound in the interational standard."/><property><code value="comment"/><valueString value="used only in v2-tables.xml"/></property></concept><concept><code value="rim-classifies-class-code"/><display value="ClassifiesC RIM Class Code"/><definition value="Associates a concept domain with th ActClass code that it is intended to be associated with, ie for late binding, informs the IG devloper which code should be populated in ActClass when a value sset for ActCode is being bound."/><property><code value="comment"/><valueString value="used only in concept domains; in the coremif called 'ConceptualSpaceForClassCode'"/></property></concept><concept><code value="rim-qualified-by"/><display value="May Be QualifiedB y"/><definition value="One of the types of concept relationships that implements qualifying relationships"/><property><code value="comment"/><valueString value="This needs reexamination to see how it is represented in UTG and if it correct; in V3 relationships between concepts in the same code system are represented internal to the system, not as a map.  Note that we have an extension for code systems for 'conceptrelationshipkind'"/></property></concept><concept><code value="rim-inbound-relationship"/><display value="Name:Act:inboundRelationship:ActRelationship"/><definition value="Name of inboundRelationship from Act to ActReln"/><property><code value="comment"/><valueString value="used only in structural code system content"/></property></concept><concept><code value="rim-outbound-relationship"/><display value="Name:Act:outboundRelationship:ActRelationship"/><definition value="Formal name of outboundRelationship from Act to ActReln"/><property><code value="comment"/><valueString value="used only in structural code system content"/></property></concept><concept><code value="rim-participation"/><display value="Name:Act:participation:Participation"/><definition value="Name of relationship from Act to Participation"/><property><code value="comment"/><valueString value="used only in structural code system content"/></property></concept><concept><code value="rim-ActRelationship-source"/><display value="Name:ActRelationship:source:Act"/><definition value="The name of the assciation from ActRelationship to the source Act"/><property><code value="comment"/><valueString value="used only in structural code system content"/></property></concept><concept><code value="rim-ActRelationship-target"/><display value="Name:ActRelationship:target:Act"/><definition value="The name of the assciation from ActRelationship to the source Act"/><property><code value="comment"/><valueString value="used only in structural code system content"/></property></concept><concept><code value="rim-Class"/><display value="Name:Class"/><definition value="The formal name for the class clone under this code"/><property><code value="comment"/><valueString value="used only in structural code system content"/></property></concept><concept><code value="rim-Entity-played"/><display value="Name:Entity:playedRole:Role"/><definition value="The name of the relationship from the Entity to the playedRole"/><property><code value="comment"/><valueString value="used only in structural code system content"/></property></concept><concept><code value="rim-Entity-scoped"/><display value="Name:Entity:scopedRole:Role"/><definition value="The name of the relationship from the Entity to the scopedRole"/><property><code value="comment"/><valueString value="used only in structural code system content"/></property></concept><concept><code value="rim-Participation-act"/><display value="Name:Participation:act:Act"/><definition value="The formal name for relationship from Participation to Act"/><property><code value="comment"/><valueString value="used only in structural code system content"/></property></concept><concept><code value="rim-Participation-role"/><display value="Name:Participation:role:Role"/><definition value="The name of the relationship from Participation to Role"/><property><code value="comment"/><valueString value="used only in structural code system content"/></property></concept><concept><code value="rim-Role-inbound"/><display value="Name:Role:inboundLink:RoleLink"/><definition value="Name of inboundLink relationship from Role to RoleLink"/><property><code value="comment"/><valueString value="used only in structural code system content"/></property></concept><concept><code value="rim-Role-outbound"/><display value="Name:Role:outboundLink:RoleLink"/><definition value="Name of outboundLink relationship from Role to RoleLink"/><property><code value="comment"/><valueString value="used only in structural code system content"/></property></concept><concept><code value="rim-Role-participation"/><display value="Name:Role:participation:Participation"/><definition value="Name of relationship from Role to Participation"/><property><code value="comment"/><valueString value="used only in structural code system content"/></property></concept><concept><code value="rim-Role-player"/><display value="Name:Role:player:Entity"/><definition value="The name of the relationship from Role to the payer Entity"/><property><code value="comment"/><valueString value="used only in structural code system content"/></property></concept><concept><code value="rim-Role-scoper"/><display value="Name:Role:scoper:Entity"/><definition value="The name of the relationship from Role to the scoper Entity"/><property><code value="comment"/><valueString value="used only in structural code system content"/></property></concept><concept><code value="v3-cs-oid"/><display value="OID"/><definition value="Property applies to concepts in the CodeSystem Code System.  The property holds the OID that uniquely identifies the code system represented by this coded concept."/><property><code value="comment"/><valueString value="This code system of code systems was retired a long time ago, and should not be in UTG so this property is unnecessary"/></property></concept><concept><code value="owning-affiliate"/><display value="OwningAffiliate"/><definition value="Property defined in V3 tooling, but may not be currently used."/><property><code value="comment"/><valueString value="not certain where this came from"/></property></concept><concept><code value="owning-section"/><display value="OwningSection"/><definition value="Property defined in V3 tooling, but may not be currently used."/><property><code value="comment"/><valueString value="not certain where this came from"/></property></concept><concept><code value="owning-subsection"/><display value="OwningSubSection"/><definition value="Property defined in V3 tooling, but may not be currently used."/><property><code value="comment"/><valueString value="not certain where this came from"/></property></concept><concept><code value="v3-smaller-than"/><display value="SmallerThan"/><definition value="Property defined in V3 tooling, but may not be currently used."/><property><code value="comment"/><valueString value="not certain where this came from"/></property></concept><concept><code value="rim-Act-inbound-sort"/><display value="Sort:Act:inboundRelationship:ActRelationship"/><definition value="Sort key for the inboundRelationship from Act to ActReln; used to publish the RIM"/></concept><concept><code value="rim-act-outbound-sort"/><display value="Sort:Act:outboundRelationship:ActRelationship"/><definition value="Sort key for the outboundRelationship from Act to ActReln; used to publish the RIM"/></concept><concept><code value="rim-Act-participation-sort"/><display value="Sort:Act:participation:Participation"/><definition value="Sort key for relationship from Act to Participation; used to publish the RIM"/></concept><concept><code value="rim-Entity-played-sort"/><display value="Sort:Entity:playedRole:Role"/><definition value="Sort key for the relationship from the Entity to the playedRole; used to publish the RIM"/></concept><concept><code value="rim-Entity-scoped-sort"/><display value="Sort:Entity:scopedRole:Role"/><definition value="The sort key for the relationship from the Entity to the scopedRole; used to publish the RIM"/></concept><concept><code value="rim-Role-inbound-sort"/><display value="Sort:Role:inboundLink:RoleLink"/><definition value="Sort key for inboundLink relationship from Role to RoleLink; used to publish the RIM"/></concept><concept><code value="rim-Role-outbound-sort"/><display value="Sort:Role:outboundLink:RoleLink"/><definition value="Sort key for outboundLink relationship from Role to RoleLink; used to publish the RIM"/></concept><concept><code value="rim-Role-participation-sort"/><display value="Sort:Role:participation:Participation"/><definition value="Sort key for relationship from Role to Participation; used to publish the RIM"/></concept><concept><code value="v3-applies-to"/><display value="appliesTo"/><definition value="Haven't a clue!"/><property><code value="comment"/><valueString value="used only in ObservationMethod, and appears to link types of tests with equipment, manufacturers, reagents, or organisms."/></property></concept><concept><code value="rim-conductible"/><display value="conductible"/><definition value="If true, indicates that ActRelationships or Participations of the specified type (and any specializations thereof) will normally conduct. For more usage information, refer to the Core Principles specification."/></concept><concept><code value="v3-how-applies"/><display value="howApplies"/><definition value="Haven't a clue!"/><property><code value="comment"/><valueString value="used only in ObservationMethod, and appears to link types of tests with equipment, manufacturers, reagents, or organisms."/></property></concept><concept><code value="v3-internal-id"/><display value="internalId"/><definition value="The internal identifier for the concept in the HL7 Access database repository."/><property><code value="comment"/><valueString value="this should not be migrated to UTG"/></property></concept><concept><code value="v3-inverse-relationship"/><display value="inverseRelationship"/><definition value="Property applies to the ConceptCodeRelationship code system. For each concept, it identifies the name of the inverse relationship."/><property><code value="comment"/><valueString value="only used in the code system of contept relationships..  Forgot we had this.   Not sure how it should be modeled in UTG."/></property></concept><concept><code value="rim-document-characteristic"/><display value="isDocumentCharacteristic"/><definition value="If true, indicates that the Act attribute or association (as represented by a typeCode for eaither ActRelationship or Pareticipation is a descriptor of the document (record) represented by the act object. If false, indicates the property is a descriptor of the action itself, actual, intended, or potential.  Applies to interpretation of attributes and associations with respect to changes in the value of Act.actionNegationInd and Act.moodCode. (See descriptions of these attributes for further discussion.) For example, in an order, the id attribute [isDocumentCharacteristic = true] is an identifier of the record of the order, not an identifier of the intended event.  On the other hand, the code attribute [isDocumentCharacteristic = false] describes a characteristic of the intended event."/><property><code value="comment"/><valueString value="This may not behave the same based on the final outcome from the negation project.   Or this may be the impleentation of their recommendations; need to discuss with Rob Hausam.   Clear the this is used as part of RIM documentation.  Note that this is only used in these two structural code systems."/></property></concept><concept><code value="ConceptualSpaceForClassCode"/><display value="Conceptual Space For ClassCode"/><definition value="This concept domain provides the semantic category space indicates by the identifies Class code.  Used in HL7 V3 RIM."/><property><code value="comment"/><valueString value="Only used in the V3 RIM concept domains.  Identifies the class code that should be used in either ActClass or EntityClass when this domain is the terminology constraint for ActCode or EntityCode attribute"/></property></concept><concept><code value="source"/><display value="Source"/><definition value="Indicaates the etiology of this domain, i.e. which HL7 product family or other area that the domain originally was needed for and triggered its creation."/><property><code value="comment"/><valueString value="Current values are v2, v3, cda.  Note the ones for CDA have been added manually."/></property></concept><concept><code value="openIssue"/><display value="Open Issue"/><definition value="Documents some V3 issue that was never resolved for a particular concept domain."/><property><code value="comment"/><valueString value="Currently valued only for the v3 Concept Domains, and reflect open issues to be addressed in various concept domains.  May be used for open issues on particular concepts in code systems later."/></property></concept><concept><code value="deprecationInfo"/><display value="Deprecation Information"/><definition value="Documentation of V3 concept domains that have been deprecated."/><property><code value="comment"/><valueString value="Currently valued only for the v3 Concept Domains.   Includes commentary and release IDs when they were deprecated, and possibly replacement information"/></property></concept><concept><code value="contextBindingUV-valueSet"/><display value="UV Bound ValueSet"/><definition value="Identifies the Value Set bound to this Concept Domain in the Universal Realm."/></concept><concept><code value="contextBindingUV-effectiveDate"/><display value="UV Binding Effective Date"/><definition value="Effective Date of the specified Value Set bound to this Concwpt Domain in the Universal Realm."/></concept><concept><code value="contextBindingUV-strength"/><display value="UV Binding Coding Strength"/><definition value="Coding strength for the Universal Realm binding; either CWE or CNE."/></concept><concept><code value="contextBindingR1-valueSet"/><display value="R1 Bound ValueSet"/><definition value="Identifies the Value Set bound to this Concept Domain in the Representative Realm."/><property><code value="comment"/><valueString value="R1 Bindings have been implemented in at least one Realm, and are offered for general use as they may be valid in other Realms."/></property></concept><concept><code value="contextBindingR1-effectiveDate"/><display value="R1 Binding Effective Date"/><definition value="Effective Date of the specified Value Set bound to this Concept Domain in the Representative Realm."/></concept><concept><code value="contextBindingR1-strength"/><display value="R1 Binding Coding Strength"/><definition value="Coding strength for the Representatie binding; either CWE or CNE."/></concept><concept><code value="contextBindingX1-valueSet"/><display value="X1 Bound ValueSet"/><definition value="Identifies the Value Set bound to this Concept Domain in the Example Realm."/><property><code value="comment"/><valueString value="X1 Bindings are used solely for published or educational examples, and are known to be incorrect or invalid content for real world systems.  They should not be used in production systems."/></property></concept><concept><code value="contextBindingX1-effectiveDate"/><display value="X1 Binding Effective Date"/><definition value="Effective Date of the specified Value Set bound to this Concept Domain in the Example Realm."/></concept><concept><code value="contextBindingX1-strength"/><display value="X1 Binding Coding Strength"/><definition value="Coding strength for the Example binding; either CWE or CNE."/></concept><concept><code value="contextBindingC1-valueSet"/><display value="C1 Bound ValueSet"/><definition value="Identifies the Value Set bound to this Concept Domain in the Example Realm."/><property><code value="comment"/><valueString value="C1 Bindings are used solely for provisional or draft bindings, and are intended to be removed or updated at some tiem in the future.  In general, C1 bindings may be incorrect or invalid content for real world systems, or may be subject to change without notice.  They should not be used in production systems."/></property></concept><concept><code value="contextBindingC1-effectiveDate"/><display value="C1 Binding Effective Date"/><definition value="Effective Date of the specified Value Set bound to this Concept Domain in the Unclassified Realm."/></concept><concept><code value="contextBindingC1-strength"/><display value="C1 Binding Coding Strength"/><definition value="Coding strength for the Example binding; either CWE or CNE."/></concept><concept><code value="contextBindingUS-valueSet"/><display value="US Bound ValueSet"/><definition value="Identifies the Value Set bound to this Concept Domain in the US (United States of America) Realm."/></concept><concept><code value="contextBindingUS-effectiveDate"/><display value="US Binding Effective Date"/><definition value="Effective Date of the specified Value Set bound to this Concwpt Domain in the US Realm."/></concept><concept><code value="contextBindingUS-strength"/><display value="US Binding Coding Strength"/><definition value="Coding strength for the US Realm binding; either CWE or CNE."/></concept><concept><code value="rim-assoc-conc-property"/><display value="Assoc Concpt Property"/><definition value="Formal code of an Associated Concept Property."/><property><code value="comment"/><valueString value="Used only in the V3 RIM, and required for Formal Naming.  Also needed for proper operation of RoseTree in display of cormif content."/></property></concept><concept><code value="rim-assoc-conc-propname"/><display value="Assoc Concpt Prop Name"/><definition value="Formal name of an Associated Concept Property."/><property><code value="comment"/><valueString value="Used only in the V3 RIM, and required for Formal Naming.  Also needed for proper operation of RoseTree in display of cormif content."/></property></concept><concept><code value="rim-assoc-conc-propvalue"/><display value="Assoc Concpt Prop Value"/><definition value="Value of an Associated Concept Property."/><property><code value="comment"/><valueString value="Used only in the V3 RIM, and required for Formal Naming.  Also needed for proper operation of RoseTree in display of cormif content."/></property></concept><concept><code value="v2-concComment"/><display value="V2 Concept Comment"/><definition value="String value from the V2 publishing database source holding comments for the concepts for populated tables.  These comments are separate from the concept Definition and the Usage Notes."/><property><code value="comment"/><valueString value="used only in Version 2 code systems concepts"/></property></concept><concept><code value="v2-concCommentAsPub"/><display value="V2 Concept Comment As Published"/><definition value="String value from the V2 publishing database source holding comments as published for the concepts for populated tables.  These comments are separate from the concept Definition and the Usage Notes, and may be distinct from the other comments due to publishing requirements."/><property><code value="comment"/><valueString value="used only in Version 2 code systems concepts"/></property></concept><concept><code value="HL7usageNotes"/><display value="HL7 Concept Usage Notes"/><definition value="String value from the HL7 sources holding the Usage Notes for the concepts for populated tables and code systems.  These  are separate from the concept Definitions and the other comments."/><property><code value="comment"/><valueString value="used only in the Version 2 code systems concepts"/></property></concept><concept><code value="propIsMandatory"/><display value="RIM Property is Mandatory"/><definition value="Boolean indicating when an attribure of a RIM class attribute is mandatory."/><property><code value="comment"/><valueString value="Used as a property of a property, in RIM Class Codes primarily."/></property></concept><concept><code value="propDefaultValue"/><display value="Default value of RIM Property"/><definition value="String holding an optional default value for a mandatory property."/><property><code value="comment"/><valueString value="Used as a property of a property, in RIM Class Codes primarily."/></property></concept><concept><code value="propDefaultHandling"/><display value="Default handling of RIM Property"/><definition value="Code value identifying the default handling code of a RIM attribute mandatory property."/><property><code value="comment"/><valueString value="Used as a property of a property, in RIM Class Codes primarily."/></property></concept><concept><code value="rim-ClassifiesClassCode"/><display value="Concept Domain that classifies a RIM Class Code"/><definition value="Code value from a RIM Class such as ActClass or EntityClass which the Domain classifies."/><property><code value="comment"/><valueString value="Used as a property of a property, in RIM Class Codes primarily."/></property></concept><concept><code value="ComponentOf"/><display value="Special additional relationship for part relatioships"/><definition value="Code value identifying the code in the codeSystem which this concept is a component of."/><property><code value="comment"/><valueString value="Used as a property of a property, in RIM Class Codes primarily."/></property></concept><concept><code value="MayBeQualifiedBy"/><display value="Qualifier relationship"/><definition value="Code value identifying another code in the codeSystem which this concept may be qualified by"/><property><code value="comment"/><valueString value="Used as a property of a property, in RIM Class Codes primarily."/></property></concept><concept><code value="OwningSubSection"/><display value="Subsection containment relationship"/><definition value="Used in the V3 publication process, indicates a ballot subsection which encloses this content."/><property><code value="comment"/><valueString value="Used as a property of a property, in RIM Class Codes primarily."/></property></concept><concept><code value="OwningSection"/><display value="Section containment relationship"/><definition value="Used in the V3 publication process, indicates a ballot section which encloses this content."/><property><code value="comment"/><valueString value="Used as a property of a property, in RIM Class Codes primarily."/></property></concept><concept><code value="OwningAffiliate"/><display value="HL7 Affiliate Owner"/><definition value="Used in the V3 ballot and publication process to indicate content which is owned by one of the HL7 International Affiliates."/><property><code value="comment"/><valueString value="Used as a property of a property, in RIM Class Codes primarily."/></property></concept><concept><code value="DeprecationInfo"/><display value="Deprecation Informaton"/><definition value="Used to support the capture of comments, remarks, V3 release ID, and other information related to the deprecation of a concept."/><property><code value="comment"/><valueString value="Used primarily to hold the imported comments and release version information on deprecated concepts in the V3 coremif."/></property></concept><concept><code value="SmallerThan"/><display value="Smaller Than"/><definition value="Points to another code value in the codeSystem which this concept is smaller than.  Typically used in systems of Ordinal relationship codes, where size or magnitude is the ordering key."/><property><code value="comment"/><valueString value="Used as a property of a property, in RIM Class Codes primarily."/></property></concept></CodeSystem>