<?xml version="1.0" encoding="UTF-8"?><CodeSystem xmlns="http://hl7.org/fhir"><id value="EncounterLocationServiceClassInpatient"/><text><status value="generated"/><div xmlns="http://www.w3.org/1999/xhtml"><p>This  code system <code>http://terminology.kemkes.go.id/CodeSystem/locationServiceClass-Inpatient</code> defines the following codes:</p><table class="codes"><tr><td style="white-space:nowrap"><b>Code</b></td><td><b>Display</b></td></tr><tr><td style="white-space:nowrap">1<a name="EncounterLocationServiceClassInpatient-1"> </a></td><td>Kelas 1</td></tr><tr><td style="white-space:nowrap">2<a name="EncounterLocationServiceClassInpatient-2"> </a></td><td>Kelas 2</td></tr><tr><td style="white-space:nowrap">3<a name="EncounterLocationServiceClassInpatient-3"> </a></td><td>Kelas 3</td></tr><tr><td style="white-space:nowrap">vip<a name="EncounterLocationServiceClassInpatient-vip"> </a></td><td>Kelas VIP</td></tr><tr><td style="white-space:nowrap">vvip<a name="EncounterLocationServiceClassInpatient-vvip"> </a></td><td>Kelas VVIP</td></tr></table></div></text><url value="http://terminology.kemkes.go.id/CodeSystem/locationServiceClass-Inpatient"/><version value="0.1.0"/><name value="EncounterLocationServiceClassInpatient"/><title value="Encounter Location ServiceClass Inpatient"/><status value="active"/><date value="2024-05-22T17:23:47+07:00"/><publisher value="Thomas Chaidir"/><contact><name value="Thomas Chaidir"/><telecom><system value="url"/><value value="https://satusehat.kemkes.go.id/"/></telecom></contact><description value="Local ID encounter location ServiceClass Inpatient"/><valueSet value="http://terminology.kemkes.go.id/CodeSystem/locationServiceClass-Inpatient"/><content value="complete"/><count value="5"/><concept><code value="1"/><display value="Kelas 1"/></concept><concept><code value="2"/><display value="Kelas 2"/></concept><concept><code value="3"/><display value="Kelas 3"/></concept><concept><code value="vip"/><display value="Kelas VIP"/></concept><concept><code value="vvip"/><display value="Kelas VVIP"/></concept></CodeSystem>