<?xml version="1.0" encoding="UTF-8"?><CodeSystem xmlns="http://hl7.org/fhir"><id value="flag-category"/><meta><lastUpdated value="2020-04-09T21:10:28.568+00:00"/><profile value="http://hl7.org/fhir/StructureDefinition/shareablecodesystem"/></meta><text><status value="generated"/><div xmlns="http://www.w3.org/1999/xhtml"><p>This case-sensitive code system <code>http://terminology.hl7.org/CodeSystem/flag-category</code> defines the following codes:</p><table class="codes"><tr><td style="white-space:nowrap"><b>Code</b></td><td><b>Display</b></td><td><b>Definition</b></td></tr><tr><td style="white-space:nowrap">diet<a name="flag-category-diet"> </a></td><td>Diet</td><td>Flags related to the subject's dietary needs.</td></tr><tr><td style="white-space:nowrap">drug<a name="flag-category-drug"> </a></td><td>Drug</td><td>Flags related to the subject's medications.</td></tr><tr><td style="white-space:nowrap">lab<a name="flag-category-lab"> </a></td><td>Lab</td><td>Flags related to performing laboratory tests and related processes (e.g. phlebotomy).</td></tr><tr><td style="white-space:nowrap">admin<a name="flag-category-admin"> </a></td><td>Administrative</td><td>Flags related to administrative and financial processes.</td></tr><tr><td style="white-space:nowrap">contact<a name="flag-category-contact"> </a></td><td>Subject Contact</td><td>Flags related to coming into contact with the patient.</td></tr><tr><td style="white-space:nowrap">clinical<a name="flag-category-clinical"> </a></td><td>Clinical</td><td>Flags related to the subject's clinical data.</td></tr><tr><td style="white-space:nowrap">behavioral<a name="flag-category-behavioral"> </a></td><td>Behavioral</td><td>Flags related to behavior.</td></tr><tr><td style="white-space:nowrap">research<a name="flag-category-research"> </a></td><td>Research</td><td>Flags related to research.</td></tr><tr><td style="white-space:nowrap">advance-directive<a name="flag-category-advance-directive"> </a></td><td>Advance Directive</td><td>Flags related to subject's advance directives.</td></tr><tr><td style="white-space:nowrap">safety<a name="flag-category-safety"> </a></td><td>Safety</td><td>Flags related to safety precautions.</td></tr></table></div></text><extension url="http://hl7.org/fhir/StructureDefinition/structuredefinition-wg"><valueCode value="pc"/></extension><extension url="http://hl7.org/fhir/StructureDefinition/structuredefinition-fmm"><valueInteger value="1"/></extension><url value="http://terminology.hl7.org/CodeSystem/flag-category"/><identifier><system value="urn:ietf:rfc:3986"/><value value="urn:oid:2.16.840.1.113883.4.642.1.1071"/></identifier><version value="0.1.0"/><name value="FlagCategory"/><title value="Flag Category"/><status value="draft"/><experimental value="false"/><date value="2024-03-09T14:36:19-07:00"/><publisher value="SatuSehat"/><contact><name value="SatuSehat"/><telecom><system value="url"/><value value="https://satusehat.kemkes.go.id/"/></telecom><telecom><system value="email"/><value value="fhir@dto.kemkes.go.id"/></telecom></contact><description value="Example list of general categories for flagged issues. (Not complete or necessarily appropriate.)"/><copyright value="This material derives from the HL7 Terminology (THO). THO is copyright ©1989+ Health Level Seven International and is made available under the CC0 designation. For more licensing information see: https://terminology.hl7.org/license"/><caseSensitive value="true"/><valueSet value="http://terminology.hl7.org/ValueSet/flag-category"/><content value="complete"/><concept><code value="diet"/><display value="Diet"/><definition value="Flags related to the subject's dietary needs."/></concept><concept><code value="drug"/><display value="Drug"/><definition value="Flags related to the subject's medications."/></concept><concept><code value="lab"/><display value="Lab"/><definition value="Flags related to performing laboratory tests and related processes (e.g. phlebotomy)."/></concept><concept><code value="admin"/><display value="Administrative"/><definition value="Flags related to administrative and financial processes."/></concept><concept><code value="contact"/><display value="Subject Contact"/><definition value="Flags related to coming into contact with the patient."/></concept><concept><code value="clinical"/><display value="Clinical"/><definition value="Flags related to the subject's clinical data."/></concept><concept><code value="behavioral"/><display value="Behavioral"/><definition value="Flags related to behavior."/></concept><concept><code value="research"/><display value="Research"/><definition value="Flags related to research."/></concept><concept><code value="advance-directive"/><display value="Advance Directive"/><definition value="Flags related to subject's advance directives."/></concept><concept><code value="safety"/><display value="Safety"/><definition value="Flags related to safety precautions."/></concept></CodeSystem>