<?xml version="1.0" encoding="UTF-8"?><CodeSystem xmlns="http://hl7.org/fhir"><id value="41b4aac4-719f-4f8a-a96b-92e493c99b75"/><meta><versionId value="2"/><lastUpdated value="2024-02-05T12:25:03.974+07:00"/></meta><language value="English"/><text><status value="generated"/><div xmlns="http://www.w3.org/1999/xhtml" xml:lang="English" lang="English"><p>This case-sensitive code system <code>http://terminology.kemkes.go.id/CodeSystem/cancer-n-category</code> defines the following codes in a Is-A heirarchy:</p><table class="codes"><tr><td style="white-space:nowrap"><b>Code</b></td></tr><tr><td style="white-space:nowrap">N0<a name="41b4aac4-719f-4f8a-a96b-92e493c99b75-N0"> </a></td></tr><tr><td style="white-space:nowrap">N1<a name="41b4aac4-719f-4f8a-a96b-92e493c99b75-N1"> </a></td></tr><tr><td style="white-space:nowrap">N1a<a name="41b4aac4-719f-4f8a-a96b-92e493c99b75-N1a"> </a></td></tr><tr><td style="white-space:nowrap">N1b<a name="41b4aac4-719f-4f8a-a96b-92e493c99b75-N1b"> </a></td></tr><tr><td style="white-space:nowrap">N1c<a name="41b4aac4-719f-4f8a-a96b-92e493c99b75-N1c"> </a></td></tr><tr><td style="white-space:nowrap">N2<a name="41b4aac4-719f-4f8a-a96b-92e493c99b75-N2"> </a></td></tr><tr><td style="white-space:nowrap">N2a<a name="41b4aac4-719f-4f8a-a96b-92e493c99b75-N2a"> </a></td></tr><tr><td style="white-space:nowrap">N2b<a name="41b4aac4-719f-4f8a-a96b-92e493c99b75-N2b"> </a></td></tr><tr><td style="white-space:nowrap">N2c<a name="41b4aac4-719f-4f8a-a96b-92e493c99b75-N2c"> </a></td></tr><tr><td style="white-space:nowrap">N3<a name="41b4aac4-719f-4f8a-a96b-92e493c99b75-N3"> </a></td></tr><tr><td style="white-space:nowrap">N3a<a name="41b4aac4-719f-4f8a-a96b-92e493c99b75-N3a"> </a></td></tr><tr><td style="white-space:nowrap">N3b<a name="41b4aac4-719f-4f8a-a96b-92e493c99b75-N3b"> </a></td></tr><tr><td style="white-space:nowrap">N3c<a name="41b4aac4-719f-4f8a-a96b-92e493c99b75-N3c"> </a></td></tr><tr><td style="white-space:nowrap">NX<a name="41b4aac4-719f-4f8a-a96b-92e493c99b75-NX"> </a></td></tr></table></div></text><url value="http://terminology.kemkes.go.id/CodeSystem/cancer-n-category"/><version value="0.1.0"/><name value="KemkesCancerNCategory"/><title value="Kemkes Cancer N Category"/><status value="active"/><experimental value="true"/><date value="2024-02-05T00:00:00.000Z"/><publisher value="Thomas Chaidir"/><contact><name value="Thomas Chaidir"/><telecom><system value="url"/><value value="https://satusehat.kemkes.go.id/"/></telecom></contact><caseSensitive value="true"/><hierarchyMeaning value="is-a"/><compositional value="false"/><versionNeeded value="false"/><content value="complete"/><count value="14"/><concept><code value="N0"/><display value="N0"/></concept><concept><code value="N1"/><display value="N1"/></concept><concept><code value="N1a"/><display value="N1a"/></concept><concept><code value="N1b"/><display value="N1b"/></concept><concept><code value="N1c"/><display value="N1c"/></concept><concept><code value="N2"/><display value="N2"/></concept><concept><code value="N2a"/><display value="N2a"/></concept><concept><code value="N2b"/><display value="N2b"/></concept><concept><code value="N2c"/><display value="N2c"/></concept><concept><code value="N3"/><display value="N3"/></concept><concept><code value="N3a"/><display value="N3a"/></concept><concept><code value="N3b"/><display value="N3b"/></concept><concept><code value="N3c"/><display value="N3c"/></concept><concept><code value="NX"/><display value="NX"/></concept></CodeSystem>