<?xml version="1.0" encoding="UTF-8"?><CodeSystem xmlns="http://hl7.org/fhir"><id value="v3-EntityNamePartTypeR2"/><language value="en"/><text><status value="generated"/><div xml:lang="en" xmlns="http://www.w3.org/1999/xhtml" lang="en"><p><b>Properties</b></p><p><b>This code system  defines the following properties for its concepts</b></p><table class="grid"><tr><td><b>Code</b></td><td><b>URI</b></td><td><b>Type</b></td><td><b>Description</b></td></tr><tr><td>Specializes</td><td/><td>Coding</td><td>The child code is a more narrow version of the concept represented by the parent code.  I.e. Every child concept is also a valid parent concept.  Used to allow determination of subsumption.  Must be transitive, irreflexive, antisymmetric.</td></tr><tr><td>Generalizes</td><td/><td>Coding</td><td>Inverse of Specializes.  Only included as a derived relationship.</td></tr><tr><td>MayBeQualifiedBy</td><td>http://terminology.hl7.org/CodeSystem/utg-concept-properties#MayBeQualifiedBy</td><td>Coding</td><td>Relationship points from a concept in EntityNamePartType to a concept in  EntityNamePartQualifier and indicates that the former concept may be qualified by the latter.</td></tr><tr><td>internalId</td><td>http://terminology.hl7.org/CodeSystem/utg-concept-properties#v3-internal-id</td><td>code</td><td>The internal identifier for the concept in the HL7 Access database repository.</td></tr><tr><td>status</td><td>http://hl7.org/fhir/concept-properties#status</td><td>code</td><td>Designation of a concept's state. Normally is not populated unless the state is retired.</td></tr></table><p><b>Concepts</b></p><p>This case-sensitive code system <code>http://terminology.hl7.org/CodeSystem/v3-EntityNamePartTypeR2</code> defines the following codes in a Is-A heirarchy:</p><table class="codes"><tr><td style="white-space:nowrap"><b>Code</b></td><td><b>Display</b></td><td><b>Definition</b></td><td><b>Qualifier relationship</b></td><td><b>internalId</b></td><td><b>status</b></td></tr><tr><td style="white-space:nowrap">DEL<a name="v3-EntityNamePartTypeR2-DEL"> </a></td><td>delimiter</td><td><div><p>**Description:**A delimiter has no meaning other than being literally printed in this name representation. A delimiter has no implicit leading and trailing white space.</p>
</div></td><td/><td>22786</td><td>active</td></tr><tr><td style="white-space:nowrap">FAM<a name="v3-EntityNamePartTypeR2-FAM"> </a></td><td>family</td><td><div><p>**Description:**Family name, this is the name that links to the genealogy. In some cultures (e.g. Eritrea) the family name of a son is the first name of his father.</p>
</div></td><td>AD, BR, CL, IN, MID, PFX, SP</td><td>22784</td><td>active</td></tr><tr><td style="white-space:nowrap">GIV<a name="v3-EntityNamePartTypeR2-GIV"> </a></td><td>given</td><td><div><p>**Description:**Given name. Note: don't call it &quot;first name&quot; since the given names do not always come first.</p>
</div></td><td>AD, BR, CL, IN, PFX, SFX, SP</td><td>22785</td><td>active</td></tr><tr><td style="white-space:nowrap">TITLE<a name="v3-EntityNamePartTypeR2-TITLE"> </a></td><td>title</td><td><div><p>**Description:**Part of the name that is acquired as a title due to academic, legal, employment or nobility status etc.</p>
<p>**Note:**Title name parts include name parts that come after the name such as qualifications, even if they are not always considered to be titles.</p>
</div></td><td>AC, LS, NB, PFX, PR, SFX</td><td>22787</td><td>active</td></tr></table></div></text><url value="http://terminology.hl7.org/CodeSystem/v3-EntityNamePartTypeR2"/><identifier><system value="urn:ietf:rfc:3986"/><value value="urn:oid:2.16.840.1.113883.5.1121"/></identifier><version value="0.1.0"/><name value="EntityNamePartTypeR2"/><title value="EntityNamePartTypeR2"/><status value="active"/><experimental value="false"/><date value="2019-03-20"/><publisher value="SatuSehat"/><contact><name value="SatuSehat"/><telecom><system value="url"/><value value="https://satusehat.kemkes.go.id/"/></telecom><telecom><system value="email"/><value value="fhir@dto.kemkes.go.id"/></telecom></contact><description value="**Description:**Indicates whether the name part is a given name, family name, prefix, suffix, etc."/><copyright value="This material derives from the HL7 Terminology THO. THO is copyright ©1989+ Health Level Seven International and is made available under the CC0 designation. For more licensing information see: https://terminology.hl7.org/license"/><caseSensitive value="true"/><hierarchyMeaning value="is-a"/><content value="complete"/><property><extension url="http://terminology.hl7.org/StructureDefinition/ext-mif-relationship-symmetry"><valueCode value="antisymmetric"/></extension><extension url="http://terminology.hl7.org/StructureDefinition/ext-mif-relationship-transitivity"><valueCode value="transitive"/></extension><extension url="http://terminology.hl7.org/StructureDefinition/ext-mif-relationship-reflexivity"><valueCode value="irreflexive"/></extension><extension url="http://terminology.hl7.org/StructureDefinition/ext-mif-relationship-isNavigable"><valueBoolean value="true"/></extension><extension url="http://terminology.hl7.org/StructureDefinition/ext-mif-relationship-relationshipKind"><valueCode value="Specializes"/></extension><extension url="http://terminology.hl7.org/StructureDefinition/ext-mif-relationship-inverseName"><valueString value="Generalizes"/></extension><code value="Specializes"/><description value="The child code is a more narrow version of the concept represented by the parent code.  I.e. Every child concept is also a valid parent concept.  Used to allow determination of subsumption.  Must be transitive, irreflexive, antisymmetric."/><type value="Coding"/></property><property><extension url="http://terminology.hl7.org/StructureDefinition/ext-mif-relationship-symmetry"><valueCode value="antisymmetric"/></extension><extension url="http://terminology.hl7.org/StructureDefinition/ext-mif-relationship-transitivity"><valueCode value="transitive"/></extension><extension url="http://terminology.hl7.org/StructureDefinition/ext-mif-relationship-reflexivity"><valueCode value="irreflexive"/></extension><extension url="http://terminology.hl7.org/StructureDefinition/ext-mif-relationship-isNavigable"><valueBoolean value="true"/></extension><extension url="http://terminology.hl7.org/StructureDefinition/ext-mif-relationship-relationshipKind"><valueCode value="Generalizes"/></extension><extension url="http://terminology.hl7.org/StructureDefinition/ext-mif-relationship-inverseName"><valueString value="Specializes"/></extension><code value="Generalizes"/><description value="Inverse of Specializes.  Only included as a derived relationship."/><type value="Coding"/></property><property><extension url="http://terminology.hl7.org/StructureDefinition/ext-mif-relationship-relationshipKind"><valueCode value="NonDefinitionallyQualifiedBy"/></extension><code value="MayBeQualifiedBy"/><uri value="http://terminology.hl7.org/CodeSystem/utg-concept-properties#MayBeQualifiedBy"/><description value="Relationship points from a concept in EntityNamePartType to a concept in  EntityNamePartQualifier and indicates that the former concept may be qualified by the latter."/><type value="Coding"/></property><property><code value="internalId"/><uri value="http://terminology.hl7.org/CodeSystem/utg-concept-properties#v3-internal-id"/><description value="The internal identifier for the concept in the HL7 Access database repository."/><type value="code"/></property><property><code value="status"/><uri value="http://hl7.org/fhir/concept-properties#status"/><description value="Designation of a concept's state. Normally is not populated unless the state is retired."/><type value="code"/></property><concept><code value="DEL"/><display value="delimiter"/><definition value="**Description:**A delimiter has no meaning other than being literally printed in this name representation. A delimiter has no implicit leading and trailing white space."/><property><code value="status"/><valueCode value="active"/></property><property><code value="internalId"/><valueCode value="22786"/></property></concept><concept><code value="FAM"/><display value="family"/><definition value="**Description:**Family name, this is the name that links to the genealogy. In some cultures (e.g. Eritrea) the family name of a son is the first name of his father."/><property><code value="status"/><valueCode value="active"/></property><property><code value="MayBeQualifiedBy"/><valueCoding><system value="http://terminology.hl7.org/CodeSystem/v3-EntityNamePartQualifierR2"/><code value="AD"/></valueCoding></property><property><code value="MayBeQualifiedBy"/><valueCoding><system value="http://terminology.hl7.org/CodeSystem/v3-EntityNamePartQualifierR2"/><code value="BR"/></valueCoding></property><property><code value="MayBeQualifiedBy"/><valueCoding><system value="http://terminology.hl7.org/CodeSystem/v3-EntityNamePartQualifierR2"/><code value="CL"/></valueCoding></property><property><code value="MayBeQualifiedBy"/><valueCoding><system value="http://terminology.hl7.org/CodeSystem/v3-EntityNamePartQualifierR2"/><code value="IN"/></valueCoding></property><property><code value="MayBeQualifiedBy"/><valueCoding><system value="http://terminology.hl7.org/CodeSystem/v3-EntityNamePartQualifierR2"/><code value="MID"/></valueCoding></property><property><code value="MayBeQualifiedBy"/><valueCoding><system value="http://terminology.hl7.org/CodeSystem/v3-EntityNamePartQualifierR2"/><code value="PFX"/></valueCoding></property><property><code value="MayBeQualifiedBy"/><valueCoding><system value="http://terminology.hl7.org/CodeSystem/v3-EntityNamePartQualifierR2"/><code value="SP"/></valueCoding></property><property><code value="internalId"/><valueCode value="22784"/></property></concept><concept><code value="GIV"/><display value="given"/><definition value="**Description:**Given name. Note: don't call it &quot;first name&quot; since the given names do not always come first."/><property><code value="status"/><valueCode value="active"/></property><property><code value="MayBeQualifiedBy"/><valueCoding><system value="http://terminology.hl7.org/CodeSystem/v3-EntityNamePartQualifierR2"/><code value="AD"/></valueCoding></property><property><code value="MayBeQualifiedBy"/><valueCoding><system value="http://terminology.hl7.org/CodeSystem/v3-EntityNamePartQualifierR2"/><code value="BR"/></valueCoding></property><property><code value="MayBeQualifiedBy"/><valueCoding><system value="http://terminology.hl7.org/CodeSystem/v3-EntityNamePartQualifierR2"/><code value="CL"/></valueCoding></property><property><code value="MayBeQualifiedBy"/><valueCoding><system value="http://terminology.hl7.org/CodeSystem/v3-EntityNamePartQualifierR2"/><code value="IN"/></valueCoding></property><property><code value="MayBeQualifiedBy"/><valueCoding><system value="http://terminology.hl7.org/CodeSystem/v3-EntityNamePartQualifierR2"/><code value="PFX"/></valueCoding></property><property><code value="MayBeQualifiedBy"/><valueCoding><system value="http://terminology.hl7.org/CodeSystem/v3-EntityNamePartQualifierR2"/><code value="SFX"/></valueCoding></property><property><code value="MayBeQualifiedBy"/><valueCoding><system value="http://terminology.hl7.org/CodeSystem/v3-EntityNamePartQualifierR2"/><code value="SP"/></valueCoding></property><property><code value="internalId"/><valueCode value="22785"/></property></concept><concept><code value="TITLE"/><display value="title"/><definition value="**Description:**Part of the name that is acquired as a title due to academic, legal, employment or nobility status etc.&#xD;&#xA;&#xD;&#xA;**Note:**Title name parts include name parts that come after the name such as qualifications, even if they are not always considered to be titles."/><property><code value="status"/><valueCode value="active"/></property><property><code value="MayBeQualifiedBy"/><valueCoding><system value="http://terminology.hl7.org/CodeSystem/v3-EntityNamePartQualifierR2"/><code value="AC"/></valueCoding></property><property><code value="MayBeQualifiedBy"/><valueCoding><system value="http://terminology.hl7.org/CodeSystem/v3-EntityNamePartQualifierR2"/><code value="LS"/></valueCoding></property><property><code value="MayBeQualifiedBy"/><valueCoding><system value="http://terminology.hl7.org/CodeSystem/v3-EntityNamePartQualifierR2"/><code value="NB"/></valueCoding></property><property><code value="MayBeQualifiedBy"/><valueCoding><system value="http://terminology.hl7.org/CodeSystem/v3-EntityNamePartQualifierR2"/><code value="PFX"/></valueCoding></property><property><code value="MayBeQualifiedBy"/><valueCoding><system value="http://terminology.hl7.org/CodeSystem/v3-EntityNamePartQualifierR2"/><code value="PR"/></valueCoding></property><property><code value="MayBeQualifiedBy"/><valueCoding><system value="http://terminology.hl7.org/CodeSystem/v3-EntityNamePartQualifierR2"/><code value="SFX"/></valueCoding></property><property><code value="internalId"/><valueCode value="22787"/></property></concept></CodeSystem>