<?xml version="1.0" encoding="UTF-8"?><CodeSystem xmlns="http://hl7.org/fhir"><id value="v3-EncounterReferralSource"/><language value="en"/><text><status value="generated"/><div xml:lang="en" xmlns="http://www.w3.org/1999/xhtml" lang="en"><p><b>Properties</b></p><p><b>This code system  defines the following properties for its concepts</b></p><table class="grid"><tr><td><b>Code</b></td><td><b>URI</b></td><td><b>Type</b></td><td><b>Description</b></td></tr><tr><td>Specializes</td><td/><td>Coding</td><td>The child code is a more narrow version of the concept represented by the parent code.  I.e. Every child concept is also a valid parent concept.  Used to allow determination of subsumption.  Must be transitive, irreflexive, antisymmetric.</td></tr><tr><td>Generalizes</td><td/><td>Coding</td><td>Inverse of Specializes.  Only included as a derived relationship.</td></tr><tr><td>internalId</td><td>http://terminology.hl7.org/CodeSystem/utg-concept-properties#v3-internal-id</td><td>code</td><td>The internal identifier for the concept in the HL7 Access database repository.</td></tr><tr><td>status</td><td>http://hl7.org/fhir/concept-properties#status</td><td>code</td><td>Designation of a concept's state.  Normally is not populated unless the state is retired..</td></tr></table><p><b>Concepts</b></p><p>This case-sensitive code system <code>http://terminology.hl7.org/CodeSystem/v3-EncounterReferralSource</code> defines the following codes in a Is-A heirarchy:</p><table class="codes"><tr><td style="white-space:nowrap"><b>Code</b></td><td><b>Display</b></td><td><b>internalId</b></td><td><b>status</b></td></tr><tr style="background-color: #ffeeee"><td style="white-space:nowrap">CREF<a name="v3-EncounterReferralSource-CREF"> </a></td><td>clinical referral</td><td>12225</td><td>retired</td></tr><tr style="background-color: #ffeeee"><td style="white-space:nowrap">ER<a name="v3-EncounterReferralSource-ER"> </a></td><td>emergency room</td><td>12230</td><td>retired</td></tr><tr style="background-color: #ffeeee"><td style="white-space:nowrap">HREF<a name="v3-EncounterReferralSource-HREF"> </a></td><td>HMO referral</td><td>12226</td><td>retired</td></tr><tr style="background-color: #ffeeee"><td style="white-space:nowrap">LENF<a name="v3-EncounterReferralSource-LENF"> </a></td><td>court/law enforcement organization</td><td>12223</td><td>retired</td></tr><tr style="background-color: #ffeeee"><td style="white-space:nowrap">PREF<a name="v3-EncounterReferralSource-PREF"> </a></td><td>physician referral</td><td>12222</td><td>retired</td></tr><tr style="background-color: #ffeeee"><td style="white-space:nowrap">THSP<a name="v3-EncounterReferralSource-THSP"> </a></td><td>transfer from hospital</td><td>12227</td><td>retired</td></tr><tr style="background-color: #ffeeee"><td style="white-space:nowrap">TOHCF<a name="v3-EncounterReferralSource-TOHCF"> </a></td><td>transfer from another healthcare facility</td><td>12229</td><td>retired</td></tr><tr style="background-color: #ffeeee"><td style="white-space:nowrap">TSNF<a name="v3-EncounterReferralSource-TSNF"> </a></td><td>transfer from skilled nursing facility</td><td>12228</td><td>retired</td></tr><tr style="background-color: #ffeeee"><td style="white-space:nowrap">WI<a name="v3-EncounterReferralSource-WI"> </a></td><td>walk-in</td><td>12224</td><td>retired</td></tr></table></div></text><url value="http://terminology.hl7.org/CodeSystem/v3-EncounterReferralSource"/><identifier><system value="urn:ietf:rfc:3986"/><value value="urn:oid:2.16.840.1.113883.5.39"/></identifier><version value="0.1.0"/><name value="EncounterReferralSource"/><title value="EncounterReferralSource"/><status value="retired"/><experimental value="false"/><date value="2019-03-20"/><publisher value="SatuSehat"/><contact><name value="SatuSehat"/><telecom><system value="url"/><value value="https://satusehat.kemkes.go.id/"/></telecom><telecom><system value="email"/><value value="fhir@dto.kemkes.go.id"/></telecom></contact><description value="This domain is defined in UB92 and applies to US realm only&#xD;&#xA;&#xD;&#xA;**Deprecation Comment:** Deprecated as per 11/2008 Harmonization cleanup; internal and obsolete HL7 usage, no longer used. We've deprecated all of the codes."/><caseSensitive value="true"/><hierarchyMeaning value="is-a"/><content value="complete"/><property><extension url="http://terminology.hl7.org/StructureDefinition/ext-mif-relationship-symmetry"><valueCode value="antisymmetric"/></extension><extension url="http://terminology.hl7.org/StructureDefinition/ext-mif-relationship-transitivity"><valueCode value="transitive"/></extension><extension url="http://terminology.hl7.org/StructureDefinition/ext-mif-relationship-reflexivity"><valueCode value="irreflexive"/></extension><extension url="http://terminology.hl7.org/StructureDefinition/ext-mif-relationship-isNavigable"><valueBoolean value="true"/></extension><extension url="http://terminology.hl7.org/StructureDefinition/ext-mif-relationship-relationshipKind"><valueCode value="Specializes"/></extension><extension url="http://terminology.hl7.org/StructureDefinition/ext-mif-relationship-inverseName"><valueString value="Generalizes"/></extension><code value="Specializes"/><description value="The child code is a more narrow version of the concept represented by the parent code.  I.e. Every child concept is also a valid parent concept.  Used to allow determination of subsumption.  Must be transitive, irreflexive, antisymmetric."/><type value="Coding"/></property><property><extension url="http://terminology.hl7.org/StructureDefinition/ext-mif-relationship-symmetry"><valueCode value="antisymmetric"/></extension><extension url="http://terminology.hl7.org/StructureDefinition/ext-mif-relationship-transitivity"><valueCode value="transitive"/></extension><extension url="http://terminology.hl7.org/StructureDefinition/ext-mif-relationship-reflexivity"><valueCode value="irreflexive"/></extension><extension url="http://terminology.hl7.org/StructureDefinition/ext-mif-relationship-isNavigable"><valueBoolean value="true"/></extension><extension url="http://terminology.hl7.org/StructureDefinition/ext-mif-relationship-relationshipKind"><valueCode value="Generalizes"/></extension><extension url="http://terminology.hl7.org/StructureDefinition/ext-mif-relationship-inverseName"><valueString value="Specializes"/></extension><code value="Generalizes"/><description value="Inverse of Specializes.  Only included as a derived relationship."/><type value="Coding"/></property><property><code value="internalId"/><uri value="http://terminology.hl7.org/CodeSystem/utg-concept-properties#v3-internal-id"/><description value="The internal identifier for the concept in the HL7 Access database repository."/><type value="code"/></property><property><code value="status"/><uri value="http://hl7.org/fhir/concept-properties#status"/><description value="Designation of a concept's state.  Normally is not populated unless the state is retired.."/><type value="code"/></property><concept><code value="CREF"/><display value="clinical referral"/><property><code value="status"/><valueCode value="retired"/></property><property><code value="internalId"/><valueCode value="12225"/></property></concept><concept><code value="ER"/><display value="emergency room"/><property><code value="status"/><valueCode value="retired"/></property><property><code value="internalId"/><valueCode value="12230"/></property></concept><concept><code value="HREF"/><display value="HMO referral"/><property><code value="status"/><valueCode value="retired"/></property><property><code value="internalId"/><valueCode value="12226"/></property></concept><concept><code value="LENF"/><display value="court/law enforcement organization"/><property><code value="status"/><valueCode value="retired"/></property><property><code value="internalId"/><valueCode value="12223"/></property></concept><concept><code value="PREF"/><display value="physician referral"/><property><code value="status"/><valueCode value="retired"/></property><property><code value="internalId"/><valueCode value="12222"/></property></concept><concept><code value="THSP"/><display value="transfer from hospital"/><property><code value="status"/><valueCode value="retired"/></property><property><code value="internalId"/><valueCode value="12227"/></property></concept><concept><code value="TOHCF"/><display value="transfer from another healthcare facility"/><property><code value="status"/><valueCode value="retired"/></property><property><code value="internalId"/><valueCode value="12229"/></property></concept><concept><code value="TSNF"/><display value="transfer from skilled nursing facility"/><property><code value="status"/><valueCode value="retired"/></property><property><code value="internalId"/><valueCode value="12228"/></property></concept><concept><code value="WI"/><display value="walk-in"/><property><code value="status"/><valueCode value="retired"/></property><property><code value="internalId"/><valueCode value="12224"/></property></concept></CodeSystem>