<?xml version="1.0" encoding="UTF-8"?><CodeSystem xmlns="http://hl7.org/fhir"><id value="ex-tooth"/><meta><lastUpdated value="2020-04-09T21:10:28.568+00:00"/><profile value="http://hl7.org/fhir/StructureDefinition/shareablecodesystem"/></meta><text><status value="generated"/><div xmlns="http://www.w3.org/1999/xhtml"><p>This case-sensitive code system <code>http://terminology.hl7.org/CodeSystem/ex-tooth</code> defines the following codes:</p><table class="codes"><tr><td style="white-space:nowrap"><b>Code</b></td><td><b>Display</b></td><td><b>Definition</b></td></tr><tr><td style="white-space:nowrap">0<a name="ex-tooth-0"> </a></td><td>Oral cavity</td><td>Oral cavity.</td></tr><tr><td style="white-space:nowrap">1<a name="ex-tooth-1"> </a></td><td>1</td><td>Permanent teeth Maxillary right.</td></tr><tr><td style="white-space:nowrap">2<a name="ex-tooth-2"> </a></td><td>2</td><td>Permanent teeth Maxillary left.</td></tr><tr><td style="white-space:nowrap">3<a name="ex-tooth-3"> </a></td><td>3</td><td>Permanent teeth Mandibular right.</td></tr><tr><td style="white-space:nowrap">4<a name="ex-tooth-4"> </a></td><td>4</td><td>Permanent teeth Mandibular left.</td></tr><tr><td style="white-space:nowrap">5<a name="ex-tooth-5"> </a></td><td>5</td><td>Deciduous teeth Maxillary right.</td></tr><tr><td style="white-space:nowrap">6<a name="ex-tooth-6"> </a></td><td>6</td><td>Deciduous teeth Maxillary left.</td></tr><tr><td style="white-space:nowrap">7<a name="ex-tooth-7"> </a></td><td>7</td><td>Deciduous teeth Mandibular right.</td></tr><tr><td style="white-space:nowrap">8<a name="ex-tooth-8"> </a></td><td>8</td><td>Deciduous teeth Mandibular left.</td></tr><tr><td style="white-space:nowrap">11<a name="ex-tooth-11"> </a></td><td>11</td><td>Upper Right Tooth 1 from the central axis, permanent dentition.</td></tr><tr><td style="white-space:nowrap">12<a name="ex-tooth-12"> </a></td><td>12</td><td>Upper Right Tooth 2 from the central axis, permanent dentition.</td></tr><tr><td style="white-space:nowrap">13<a name="ex-tooth-13"> </a></td><td>13</td><td>Upper Right Tooth 3 from the central axis, permanent dentition.</td></tr><tr><td style="white-space:nowrap">14<a name="ex-tooth-14"> </a></td><td>14</td><td>Upper Right Tooth 4 from the central axis, permanent dentition.</td></tr><tr><td style="white-space:nowrap">15<a name="ex-tooth-15"> </a></td><td>15</td><td>Upper Right Tooth 5 from the central axis, permanent dentition.</td></tr><tr><td style="white-space:nowrap">16<a name="ex-tooth-16"> </a></td><td>16</td><td>Upper Right Tooth 6 from the central axis, permanent dentition.</td></tr><tr><td style="white-space:nowrap">17<a name="ex-tooth-17"> </a></td><td>17</td><td>Upper Right Tooth 7 from the central axis, permanent dentition.</td></tr><tr><td style="white-space:nowrap">18<a name="ex-tooth-18"> </a></td><td>18</td><td>Upper Right Tooth 8 from the central axis, permanent dentition.</td></tr><tr><td style="white-space:nowrap">21<a name="ex-tooth-21"> </a></td><td>21</td><td>Upper Left Tooth 1 from the central axis, permanent dentition.</td></tr><tr><td style="white-space:nowrap">22<a name="ex-tooth-22"> </a></td><td>22</td><td>Upper Left Tooth 2 from the central axis, permanent dentition.</td></tr><tr><td style="white-space:nowrap">23<a name="ex-tooth-23"> </a></td><td>23</td><td>Upper Left Tooth 3 from the central axis, permanent dentition.</td></tr><tr><td style="white-space:nowrap">24<a name="ex-tooth-24"> </a></td><td>24</td><td>Upper Left Tooth 4 from the central axis, permanent dentition.</td></tr><tr><td style="white-space:nowrap">25<a name="ex-tooth-25"> </a></td><td>25</td><td>Upper Left Tooth 5 from the central axis, permanent dentition.</td></tr><tr><td style="white-space:nowrap">26<a name="ex-tooth-26"> </a></td><td>26</td><td>Upper Left Tooth 6 from the central axis, permanent dentition.</td></tr><tr><td style="white-space:nowrap">27<a name="ex-tooth-27"> </a></td><td>27</td><td>Upper Left Tooth 7 from the central axis, permanent dentition.</td></tr><tr><td style="white-space:nowrap">28<a name="ex-tooth-28"> </a></td><td>28</td><td>Upper Left Tooth 8 from the central axis, permanent dentition.</td></tr><tr><td style="white-space:nowrap">31<a name="ex-tooth-31"> </a></td><td>31</td><td>Lower Left Tooth 1 from the central axis, permanent dentition.</td></tr><tr><td style="white-space:nowrap">32<a name="ex-tooth-32"> </a></td><td>32</td><td>Lower Left Tooth 2 from the central axis, permanent dentition.</td></tr><tr><td style="white-space:nowrap">33<a name="ex-tooth-33"> </a></td><td>33</td><td>Lower Left Tooth 3 from the central axis, permanent dentition.</td></tr><tr><td style="white-space:nowrap">34<a name="ex-tooth-34"> </a></td><td>34</td><td>Lower Left Tooth 4 from the central axis, permanent dentition.</td></tr><tr><td style="white-space:nowrap">35<a name="ex-tooth-35"> </a></td><td>35</td><td>Lower Left Tooth 5 from the central axis, permanent dentition.</td></tr><tr><td style="white-space:nowrap">36<a name="ex-tooth-36"> </a></td><td>36</td><td>Lower Left Tooth 6 from the central axis, permanent dentition.</td></tr><tr><td style="white-space:nowrap">37<a name="ex-tooth-37"> </a></td><td>37</td><td>Lower Left Tooth 7 from the central axis, permanent dentition.</td></tr><tr><td style="white-space:nowrap">38<a name="ex-tooth-38"> </a></td><td>38</td><td>Lower Left Tooth 8 from the central axis, permanent dentition.</td></tr><tr><td style="white-space:nowrap">41<a name="ex-tooth-41"> </a></td><td>41</td><td>Lower Right Tooth 1 from the central axis, permanent dentition.</td></tr><tr><td style="white-space:nowrap">42<a name="ex-tooth-42"> </a></td><td>42</td><td>Lower Right Tooth 2 from the central axis, permanent dentition.</td></tr><tr><td style="white-space:nowrap">43<a name="ex-tooth-43"> </a></td><td>43</td><td>Lower Right Tooth 3 from the central axis, permanent dentition.</td></tr><tr><td style="white-space:nowrap">44<a name="ex-tooth-44"> </a></td><td>44</td><td>Lower Right Tooth 4 from the central axis, permanent dentition.</td></tr><tr><td style="white-space:nowrap">45<a name="ex-tooth-45"> </a></td><td>45</td><td>Lower Right Tooth 5 from the central axis, permanent dentition.</td></tr><tr><td style="white-space:nowrap">46<a name="ex-tooth-46"> </a></td><td>46</td><td>Lower Right Tooth 6 from the central axis, permanent dentition.</td></tr><tr><td style="white-space:nowrap">47<a name="ex-tooth-47"> </a></td><td>47</td><td>Lower Right Tooth 7 from the central axis, permanent dentition.</td></tr><tr><td style="white-space:nowrap">48<a name="ex-tooth-48"> </a></td><td>48</td><td>Lower Right Tooth 8 from the central axis, permanent dentition.</td></tr></table></div></text><extension url="http://hl7.org/fhir/StructureDefinition/structuredefinition-wg"><valueCode value="fm"/></extension><extension url="http://hl7.org/fhir/StructureDefinition/structuredefinition-fmm"><valueInteger value="1"/></extension><url value="http://terminology.hl7.org/CodeSystem/ex-tooth"/><identifier><system value="urn:ietf:rfc:3986"/><value value="urn:oid:2.16.840.1.113883.4.642.1.1152"/></identifier><version value="0.1.0"/><name value="OralSiteCodes"/><title value="Oral Site Codes"/><status value="draft"/><experimental value="false"/><date value="2024-03-09T14:36:19-07:00"/><publisher value="SatuSehat"/><contact><name value="SatuSehat"/><telecom><system value="url"/><value value="https://satusehat.kemkes.go.id/"/></telecom><telecom><system value="email"/><value value="fhir@dto.kemkes.go.id"/></telecom></contact><description value="This value set includes a smattering of FDI oral site codes."/><copyright value="This material derives from the HL7 Terminology (THO). THO is copyright ©1989+ Health Level Seven International and is made available under the CC0 designation. For more licensing information see: https://terminology.hl7.org/license"/><caseSensitive value="true"/><valueSet value="http://terminology.hl7.org/ValueSet/tooth"/><content value="complete"/><concept><code value="0"/><display value="Oral cavity"/><definition value="Oral cavity."/></concept><concept><code value="1"/><display value="1"/><definition value="Permanent teeth Maxillary right."/></concept><concept><code value="2"/><display value="2"/><definition value="Permanent teeth Maxillary left."/></concept><concept><code value="3"/><display value="3"/><definition value="Permanent teeth Mandibular right."/></concept><concept><code value="4"/><display value="4"/><definition value="Permanent teeth Mandibular left."/></concept><concept><code value="5"/><display value="5"/><definition value="Deciduous teeth Maxillary right."/></concept><concept><code value="6"/><display value="6"/><definition value="Deciduous teeth Maxillary left."/></concept><concept><code value="7"/><display value="7"/><definition value="Deciduous teeth Mandibular right."/></concept><concept><code value="8"/><display value="8"/><definition value="Deciduous teeth Mandibular left."/></concept><concept><code value="11"/><display value="11"/><definition value="Upper Right Tooth 1 from the central axis, permanent dentition."/></concept><concept><code value="12"/><display value="12"/><definition value="Upper Right Tooth 2 from the central axis, permanent dentition."/></concept><concept><code value="13"/><display value="13"/><definition value="Upper Right Tooth 3 from the central axis, permanent dentition."/></concept><concept><code value="14"/><display value="14"/><definition value="Upper Right Tooth 4 from the central axis, permanent dentition."/></concept><concept><code value="15"/><display value="15"/><definition value="Upper Right Tooth 5 from the central axis, permanent dentition."/></concept><concept><code value="16"/><display value="16"/><definition value="Upper Right Tooth 6 from the central axis, permanent dentition."/></concept><concept><code value="17"/><display value="17"/><definition value="Upper Right Tooth 7 from the central axis, permanent dentition."/></concept><concept><code value="18"/><display value="18"/><definition value="Upper Right Tooth 8 from the central axis, permanent dentition."/></concept><concept><code value="21"/><display value="21"/><definition value="Upper Left Tooth 1 from the central axis, permanent dentition."/></concept><concept><code value="22"/><display value="22"/><definition value="Upper Left Tooth 2 from the central axis, permanent dentition."/></concept><concept><code value="23"/><display value="23"/><definition value="Upper Left Tooth 3 from the central axis, permanent dentition."/></concept><concept><code value="24"/><display value="24"/><definition value="Upper Left Tooth 4 from the central axis, permanent dentition."/></concept><concept><code value="25"/><display value="25"/><definition value="Upper Left Tooth 5 from the central axis, permanent dentition."/></concept><concept><code value="26"/><display value="26"/><definition value="Upper Left Tooth 6 from the central axis, permanent dentition."/></concept><concept><code value="27"/><display value="27"/><definition value="Upper Left Tooth 7 from the central axis, permanent dentition."/></concept><concept><code value="28"/><display value="28"/><definition value="Upper Left Tooth 8 from the central axis, permanent dentition."/></concept><concept><code value="31"/><display value="31"/><definition value="Lower Left Tooth 1 from the central axis, permanent dentition."/></concept><concept><code value="32"/><display value="32"/><definition value="Lower Left Tooth 2 from the central axis, permanent dentition."/></concept><concept><code value="33"/><display value="33"/><definition value="Lower Left Tooth 3 from the central axis, permanent dentition."/></concept><concept><code value="34"/><display value="34"/><definition value="Lower Left Tooth 4 from the central axis, permanent dentition."/></concept><concept><code value="35"/><display value="35"/><definition value="Lower Left Tooth 5 from the central axis, permanent dentition."/></concept><concept><code value="36"/><display value="36"/><definition value="Lower Left Tooth 6 from the central axis, permanent dentition."/></concept><concept><code value="37"/><display value="37"/><definition value="Lower Left Tooth 7 from the central axis, permanent dentition."/></concept><concept><code value="38"/><display value="38"/><definition value="Lower Left Tooth 8 from the central axis, permanent dentition."/></concept><concept><code value="41"/><display value="41"/><definition value="Lower Right Tooth 1 from the central axis, permanent dentition."/></concept><concept><code value="42"/><display value="42"/><definition value="Lower Right Tooth 2 from the central axis, permanent dentition."/></concept><concept><code value="43"/><display value="43"/><definition value="Lower Right Tooth 3 from the central axis, permanent dentition."/></concept><concept><code value="44"/><display value="44"/><definition value="Lower Right Tooth 4 from the central axis, permanent dentition."/></concept><concept><code value="45"/><display value="45"/><definition value="Lower Right Tooth 5 from the central axis, permanent dentition."/></concept><concept><code value="46"/><display value="46"/><definition value="Lower Right Tooth 6 from the central axis, permanent dentition."/></concept><concept><code value="47"/><display value="47"/><definition value="Lower Right Tooth 7 from the central axis, permanent dentition."/></concept><concept><code value="48"/><display value="48"/><definition value="Lower Right Tooth 8 from the central axis, permanent dentition."/></concept></CodeSystem>