<?xml version="1.0" encoding="UTF-8"?><CodeSystem xmlns="http://hl7.org/fhir"><id value="v3-MapRelationship"/><language value="en"/><text><status value="generated"/><div xml:lang="en" xmlns="http://www.w3.org/1999/xhtml" lang="en"><p><b>Properties</b></p><p><b>This code system  defines the following properties for its concepts</b></p><table class="grid"><tr><td><b>Code</b></td><td><b>URI</b></td><td><b>Type</b></td><td><b>Description</b></td></tr><tr><td>Specializes</td><td/><td>Coding</td><td>The child code is a more narrow version of the concept represented by the parent code.  I.e. Every child concept is also a valid parent concept.  Used to allow determination of subsumption.  Must be transitive, irreflexive, antisymmetric.</td></tr><tr><td>Generalizes</td><td/><td>Coding</td><td>Inverse of Specializes.  Only included as a derived relationship.</td></tr><tr><td>internalId</td><td>http://terminology.hl7.org/CodeSystem/utg-concept-properties#v3-internal-id</td><td>code</td><td>The internal identifier for the concept in the HL7 Access database repository.</td></tr><tr><td>status</td><td>http://hl7.org/fhir/concept-properties#status</td><td>code</td><td>Designation of a concept's state. Normally is not populated unless the state is retired.</td></tr></table><p><b>Concepts</b></p><p>This case-sensitive code system <code>http://terminology.hl7.org/CodeSystem/v3-MapRelationship</code> defines the following codes in a Is-A heirarchy:</p><table class="codes"><tr><td style="white-space:nowrap"><b>Code</b></td><td><b>Display</b></td><td><b>Definition</b></td><td><b>internalId</b></td><td><b>status</b></td></tr><tr><td style="white-space:nowrap">BT<a name="v3-MapRelationship-BT"> </a></td><td>Broader Than</td><td>The first concept is at a more abstract level than the second concept. For example, Hepatitis is broader than Hepatitis A, and endocrine disease is broader than Diabetes Mellitus. Broader than is the opposite of the narrower than relationship.</td><td>11054</td><td>active</td></tr><tr><td style="white-space:nowrap">E<a name="v3-MapRelationship-E"> </a></td><td>Exact</td><td>The two concepts have identical meaning.</td><td>11053</td><td>active</td></tr><tr><td style="white-space:nowrap">NT<a name="v3-MapRelationship-NT"> </a></td><td>Narrower Than</td><td>The first concept is at a more detailed level than the second concept. For example, Pennicillin G is narrower than Pennicillin, and vellus hair is narrower than hair. Narrower than is the opposite of broader than.</td><td>11055</td><td>active</td></tr></table></div></text><url value="http://terminology.hl7.org/CodeSystem/v3-MapRelationship"/><identifier><system value="urn:ietf:rfc:3986"/><value value="urn:oid:2.16.840.1.113883.5.67"/></identifier><version value="0.1.0"/><name value="MapRelationship"/><title value="MapRelationship"/><status value="active"/><experimental value="false"/><date value="2019-03-20"/><publisher value="SatuSehat"/><contact><name value="SatuSehat"/><telecom><system value="url"/><value value="https://satusehat.kemkes.go.id/"/></telecom><telecom><system value="email"/><value value="fhir@dto.kemkes.go.id"/></telecom></contact><description value="The closeness or quality of the mapping between the HL7 concept (as represented by the HL7 concept identifier) and the source coding system. The values are patterned after the similar relationships used in the UMLS Metathesaurus. Because the HL7 coding sy"/><copyright value="This material derives from the HL7 Terminology THO. THO is copyright ©1989+ Health Level Seven International and is made available under the CC0 designation. For more licensing information see: https://terminology.hl7.org/license"/><caseSensitive value="true"/><hierarchyMeaning value="is-a"/><content value="complete"/><property><extension url="http://terminology.hl7.org/StructureDefinition/ext-mif-relationship-symmetry"><valueCode value="antisymmetric"/></extension><extension url="http://terminology.hl7.org/StructureDefinition/ext-mif-relationship-transitivity"><valueCode value="transitive"/></extension><extension url="http://terminology.hl7.org/StructureDefinition/ext-mif-relationship-reflexivity"><valueCode value="irreflexive"/></extension><extension url="http://terminology.hl7.org/StructureDefinition/ext-mif-relationship-isNavigable"><valueBoolean value="true"/></extension><extension url="http://terminology.hl7.org/StructureDefinition/ext-mif-relationship-relationshipKind"><valueCode value="Specializes"/></extension><extension url="http://terminology.hl7.org/StructureDefinition/ext-mif-relationship-inverseName"><valueString value="Generalizes"/></extension><code value="Specializes"/><description value="The child code is a more narrow version of the concept represented by the parent code.  I.e. Every child concept is also a valid parent concept.  Used to allow determination of subsumption.  Must be transitive, irreflexive, antisymmetric."/><type value="Coding"/></property><property><extension url="http://terminology.hl7.org/StructureDefinition/ext-mif-relationship-symmetry"><valueCode value="antisymmetric"/></extension><extension url="http://terminology.hl7.org/StructureDefinition/ext-mif-relationship-transitivity"><valueCode value="transitive"/></extension><extension url="http://terminology.hl7.org/StructureDefinition/ext-mif-relationship-reflexivity"><valueCode value="irreflexive"/></extension><extension url="http://terminology.hl7.org/StructureDefinition/ext-mif-relationship-isNavigable"><valueBoolean value="true"/></extension><extension url="http://terminology.hl7.org/StructureDefinition/ext-mif-relationship-relationshipKind"><valueCode value="Generalizes"/></extension><extension url="http://terminology.hl7.org/StructureDefinition/ext-mif-relationship-inverseName"><valueString value="Specializes"/></extension><code value="Generalizes"/><description value="Inverse of Specializes.  Only included as a derived relationship."/><type value="Coding"/></property><property><code value="internalId"/><uri value="http://terminology.hl7.org/CodeSystem/utg-concept-properties#v3-internal-id"/><description value="The internal identifier for the concept in the HL7 Access database repository."/><type value="code"/></property><property><code value="status"/><uri value="http://hl7.org/fhir/concept-properties#status"/><description value="Designation of a concept's state. Normally is not populated unless the state is retired."/><type value="code"/></property><concept><code value="BT"/><display value="Broader Than"/><definition value="The first concept is at a more abstract level than the second concept. For example, Hepatitis is broader than Hepatitis A, and endocrine disease is broader than Diabetes Mellitus. Broader than is the opposite of the narrower than relationship."/><property><code value="status"/><valueCode value="active"/></property><property><code value="internalId"/><valueCode value="11054"/></property></concept><concept><code value="E"/><display value="Exact"/><definition value="The two concepts have identical meaning."/><property><code value="status"/><valueCode value="active"/></property><property><code value="internalId"/><valueCode value="11053"/></property></concept><concept><code value="NT"/><display value="Narrower Than"/><definition value="The first concept is at a more detailed level than the second concept. For example, Pennicillin G is narrower than Pennicillin, and vellus hair is narrower than hair. Narrower than is the opposite of broader than."/><property><code value="status"/><valueCode value="active"/></property><property><code value="internalId"/><valueCode value="11055"/></property></concept></CodeSystem>