<?xml version="1.0" encoding="UTF-8"?><CodeSystem xmlns="http://hl7.org/fhir"><id value="encounter-subject-status"/><meta><lastUpdated value="2020-04-09T21:10:28.568+00:00"/><profile value="http://hl7.org/fhir/StructureDefinition/shareablecodesystem"/></meta><text><status value="generated"/><div xmlns="http://www.w3.org/1999/xhtml"><p>This case-sensitive code system <code>http://terminology.hl7.org/CodeSystem/encounter-subject-status</code> defines the following codes:</p><table class="codes"><tr><td style="white-space:nowrap"><b>Code</b></td><td><b>Display</b></td><td><b>Definition</b></td></tr><tr><td style="white-space:nowrap">arrived<a name="encounter-subject-status-arrived"> </a></td><td>Arrived</td><td>The subject has arrived at the physical or virtual location and is ready to receive care.</td></tr><tr><td style="white-space:nowrap">triaged<a name="encounter-subject-status-triaged"> </a></td><td>Triaged</td><td>The subject has been seen triaged by staff and is waiting for further care.</td></tr><tr><td style="white-space:nowrap">receiving-care<a name="encounter-subject-status-receiving-care"> </a></td><td>Receiving Care</td><td>The subject is present and commenced receiving care.  This can include periods of waiting between care.</td></tr><tr><td style="white-space:nowrap">on-leave<a name="encounter-subject-status-on-leave"> </a></td><td>On Leave</td><td>The subject has left the physical or virtual location, but is expected to return and resume care as part of this encounter.</td></tr><tr><td style="white-space:nowrap">departed<a name="encounter-subject-status-departed"> </a></td><td>Departed</td><td>The subject has left the physical or virtual location, and is not expected to return as part of this encounter.</td></tr></table></div></text><extension url="http://hl7.org/fhir/StructureDefinition/structuredefinition-wg"><valueCode value="pa"/></extension><extension url="http://hl7.org/fhir/StructureDefinition/structuredefinition-fmm"><valueInteger value="2"/></extension><url value="http://terminology.hl7.org/CodeSystem/encounter-subject-status"/><identifier><system value="urn:ietf:rfc:3986"/><value value="urn:oid:2.16.840.1.113883.4.642.1.1420"/></identifier><version value="0.1.0"/><name value="EncounterSubjectStatus"/><title value="Encounter subject status"/><status value="draft"/><experimental value="false"/><date value="2024-03-09T14:36:19-07:00"/><publisher value="SatuSehat"/><contact><name value="SatuSehat"/><telecom><system value="url"/><value value="https://satusehat.kemkes.go.id/"/></telecom><telecom><system value="email"/><value value="fhir@dto.kemkes.go.id"/></telecom></contact><description value="This example value set defines a set of codes that can be used to indicate the status of the subject within the encounter"/><copyright value="This material derives from the HL7 Terminology (THO). THO is copyright ©1989+ Health Level Seven International and is made available under the CC0 designation. For more licensing information see: https://terminology.hl7.org/license"/><caseSensitive value="true"/><valueSet value="http://terminology.hl7.org/ValueSet/encounter-subject-status"/><content value="complete"/><concept><code value="arrived"/><display value="Arrived"/><definition value="The subject has arrived at the physical or virtual location and is ready to receive care."/></concept><concept><code value="triaged"/><display value="Triaged"/><definition value="The subject has been seen triaged by staff and is waiting for further care."/></concept><concept><code value="receiving-care"/><display value="Receiving Care"/><definition value="The subject is present and commenced receiving care.  This can include periods of waiting between care."/></concept><concept><code value="on-leave"/><display value="On Leave"/><definition value="The subject has left the physical or virtual location, but is expected to return and resume care as part of this encounter."/></concept><concept><code value="departed"/><display value="Departed"/><definition value="The subject has left the physical or virtual location, and is not expected to return as part of this encounter."/></concept></CodeSystem>