<?xml version="1.0" encoding="UTF-8"?><CodeSystem xmlns="http://hl7.org/fhir"><id value="KemkesLocationUpgradeClass"/><meta><versionId value="2"/><lastUpdated value="2023-11-09T13:31:14.515+07:00"/></meta><language value="Indonesia"/><text><status value="generated"/><div xmlns="http://www.w3.org/1999/xhtml" xml:lang="Indonesia" lang="Indonesia"><p>This case-sensitive code system <code>http://terminology.kemkes.go.id/CodeSystem/locationUpgradeClass</code> defines the following codes in a Is-A heirarchy:</p><table class="codes"><tr><td style="white-space:nowrap"><b>Code</b></td><td><b>Display</b></td></tr><tr><td style="white-space:nowrap">kelas-tetap<a name="KemkesLocationUpgradeClass-kelas-tetap"> </a></td><td>Kelas Tetap Perawatan</td></tr><tr><td style="white-space:nowrap">naik-kelas<a name="KemkesLocationUpgradeClass-naik-kelas"> </a></td><td>Kenaikan Kelas Perawatan</td></tr><tr><td style="white-space:nowrap">turun-kelas<a name="KemkesLocationUpgradeClass-turun-kelas"> </a></td><td>Penurunan Kelas Perawatan</td></tr><tr><td style="white-space:nowrap">titip-rawat<a name="KemkesLocationUpgradeClass-titip-rawat"> </a></td><td>Titip Kelas Perawatan</td></tr></table></div></text><url value="http://terminology.kemkes.go.id/CodeSystem/locationUpgradeClass"/><version value="0.1.0"/><name value="KemkesLocationUpgradeClass"/><title value="Terminology Kemkes location upgrade class CodeSystem"/><status value="active"/><experimental value="false"/><date value="2024-02-05T00:00:00.000Z"/><publisher value="Thomas Chaidir"/><contact><name value="Thomas Chaidir"/><telecom><system value="url"/><value value="https://satusehat.kemkes.go.id/"/></telecom></contact><description value="Terminology Kemkes location upgrade class CodeSystem"/><caseSensitive value="true"/><valueSet value="http://terminology.kemkes.go.id/ValueSet/locationUpgradeClass"/><hierarchyMeaning value="is-a"/><compositional value="false"/><versionNeeded value="true"/><content value="complete"/><count value="4"/><concept><code value="kelas-tetap"/><display value="Kelas Tetap Perawatan"/></concept><concept><code value="naik-kelas"/><display value="Kenaikan Kelas Perawatan"/></concept><concept><code value="turun-kelas"/><display value="Penurunan Kelas Perawatan"/></concept><concept><code value="titip-rawat"/><display value="Titip Kelas Perawatan"/></concept></CodeSystem>