<?xml version="1.0" encoding="UTF-8"?><CodeSystem xmlns="http://hl7.org/fhir"><id value="expansion-processing-rule"/><meta><lastUpdated value="2020-04-09T21:10:28.568+00:00"/></meta><text><status value="generated"/><div xmlns="http://www.w3.org/1999/xhtml"><p>This case-sensitive code system <code>http://terminology.hl7.org/CodeSystem/expansion-processing-rule</code> defines the following codes:</p><table class="codes"><tr><td style="white-space:nowrap"><b>Code</b></td><td><b>Display</b></td><td><b>Definition</b></td></tr><tr><td style="white-space:nowrap">all-codes<a name="expansion-processing-rule-all-codes"> </a></td><td>All Codes</td><td><div><p>The expansion (when in UI mode) includes all codes <em>and</em> any defined groups (in extensions).</p>
</div></td></tr><tr><td style="white-space:nowrap">ungrouped<a name="expansion-processing-rule-ungrouped"> </a></td><td>Groups + Ungrouped codes</td><td><div><p>The expanion (when in UI mode) lists the groups, and then any codes that have not been included in a group.</p>
</div></td></tr><tr><td style="white-space:nowrap">groups-only<a name="expansion-processing-rule-groups-only"> </a></td><td>Groups Only</td><td><div><p>The expansion (when in UI mode) only includes the defined groups.</p>
</div></td></tr></table></div></text><url value="http://terminology.hl7.org/CodeSystem/expansion-processing-rule"/><identifier><system value="urn:ietf:rfc:3986"/><value value="urn:oid:2.16.840.1.113883.4.642.1.1281"/></identifier><version value="0.1.0"/><name value="ExpansionProcessingRule"/><title value="ExpansionProcessingRule"/><status value="draft"/><experimental value="false"/><date value="2020-04-09T21:10:28+00:00"/><publisher value="SatuSehat"/><contact><name value="SatuSehat"/><telecom><system value="url"/><value value="https://satusehat.kemkes.go.id/"/></telecom><telecom><system value="email"/><value value="fhir@dto.kemkes.go.id"/></telecom></contact><description value="Defines how concepts are processed into the expansion when it's for UI presentation."/><copyright value="This material derives from the HL7 Terminology (THO). THO is copyright ©1989+ Health Level Seven International and is made available under the CC0 designation. For more licensing information see: https://terminology.hl7.org/license"/><caseSensitive value="true"/><valueSet value="http://terminology.hl7.org/ValueSet/expansion-processing-rule"/><content value="complete"/><concept><code value="all-codes"/><display value="All Codes"/><definition value="The expansion (when in UI mode) includes all codes *and* any defined groups (in extensions)."/></concept><concept><code value="ungrouped"/><display value="Groups + Ungrouped codes"/><definition value="The expanion (when in UI mode) lists the groups, and then any codes that have not been included in a group."/></concept><concept><code value="groups-only"/><display value="Groups Only"/><definition value="The expansion (when in UI mode) only includes the defined groups."/></concept></CodeSystem>