<?xml version="1.0" encoding="UTF-8"?><CodeSystem xmlns="http://hl7.org/fhir"><id value="ICFDut"/><text><status value="generated"/><div xmlns="http://www.w3.org/1999/xhtml"><p>This case-sensitive code system <code>http://hl7.org/fhir/sid/icf-nl</code> defines codes, but no codes are represented here</p></div></text><url value="http://hl7.org/fhir/sid/icf-nl"/><version value="0.1.0"/><name value="ICFDut"/><title value="International Classification of Functioning, Disability and Health, Dutch Translation"/><status value="active"/><experimental value="false"/><date value="2022-10-11T00:00:00-00:00"/><publisher value="SatuSehat"/><contact><name value="SatuSehat"/><telecom><system value="url"/><value value="https://satusehat.kemkes.go.id/"/></telecom><telecom><system value="email"/><value value="fhir@dto.kemkes.go.id"/></telecom></contact><description value="&quot;The International Classification of Functioning, Disability and Health, known more commonly as ICF, is a classification of health and health-related domains. As the functioning and disability of an individual occurs in a context, ICF also includes a list of environmental factors.&#xD;&#xA;&#xD;&#xA;ICF is the WHO framework for measuring health and disability at both individual and population levels.&#xD;&#xA;&#xD;&#xA;ICF was officially endorsed by all 191 WHO Member States in the Fifty-fourth World Health Assembly on 22 May 2001(resolution [WHA 54.21](http://apps.who.int/gb/archive/pdf_files/WHA54/ea54r21.pdf) ) as the international standard to describe and measure health and disability.&#xD;&#xA;&#xD;&#xA;ICF is based on the same foundation as ICD and ICHI and share the same set of extension codes that enable documentation at a higher level of detail.&quot;&#xD;&#xA;&#xD;&#xA;&quot;The Dutch translation of the ICF is published in book form by BSL. The ICF can also be consulted online in the [Classification Browser](https://class.whofic.nl/browser.aspx?scheme=ICF-nl.cla).&#xD;&#xA;&#xD;&#xA;The ICF team of the WHO-FIC Collaborating Center combines expertise in the field of the ICF for the Dutch language area and currently consists of delegations from the Netherlands Paramedical Institute, the University Medical Center Groningen, Maastricht University, the Big Move Institute, Stichting Scientific Research Road Safety, University of Ghent, Vilans, and Rehabilitation Center de Hoogstraat.&quot;&#xD;&#xA;&#xD;&#xA;Official updates to the ICF are available as annual lists of changes.&#xD;&#xA;&#xD;&#xA;These updates are approved annually at the October meeting of the WHO Family of International Classifications (WHO-FIC) Network.&#xD;&#xA;&#xD;&#xA;To license ICF, the same rules apply for ICF as for ICD. See [http://icd.who.int/](http://icd.who.int/).&#xD;&#xA;&#xD;&#xA;For more information, see [https://www.whofic.nl/familie-van-internationale-classificaties/referentie-classificaties/icf](https://www.whofic.nl/familie-van-internationale-classificaties/referentie-classificaties/icf)."/><copyright value="Publications of the World Health Organization enjoy copyright protection in accordance with the provisions of Protocol 2 of the Universal Copyright Convention. All rights reserved."/><caseSensitive value="true"/><content value="not-present"/></CodeSystem>