<?xml version="1.0" encoding="UTF-8"?><CodeSystem xmlns="http://hl7.org/fhir"><id value="v3-HL7DefinedRoseProperty"/><language value="en"/><text><status value="generated"/><div xml:lang="en" xmlns="http://www.w3.org/1999/xhtml" lang="en"><p><b>Properties</b></p><p><b>This code system  defines the following properties for its concepts</b></p><table class="grid"><tr><td><b>Code</b></td><td><b>URI</b></td><td><b>Type</b></td><td><b>Description</b></td></tr><tr><td>Specializes</td><td/><td>Coding</td><td>The child code is a more narrow version of the concept represented by the parent code.  I.e. Every child concept is also a valid parent concept.  Used to allow determination of subsumption.  Must be transitive, irreflexive, antisymmetric.</td></tr><tr><td>Generalizes</td><td/><td>Coding</td><td>Inverse of Specializes.  Only included as a derived relationship.</td></tr><tr><td>internalId</td><td>http://terminology.hl7.org/CodeSystem/utg-concept-properties#v3-internal-id</td><td>code</td><td>The internal identifier for the concept in the HL7 Access database repository.</td></tr><tr><td>status</td><td>http://hl7.org/fhir/concept-properties#status</td><td>code</td><td>Designation of a concept's state. Normally is not populated unless the state is retired.</td></tr></table><p><b>Concepts</b></p><p>This case-sensitive code system <code>http://terminology.hl7.org/CodeSystem/v3-HL7DefinedRoseProperty</code> defines the following codes in a Is-A heirarchy:</p><table class="codes"><tr><td style="white-space:nowrap"><b>Code</b></td><td><b>Display</b></td><td><b>Definition</b></td><td><b>internalId</b></td><td><b>status</b></td></tr><tr><td style="white-space:nowrap">ApplicationRoleI<a name="v3-HL7DefinedRoseProperty-ApplicationRoleI"> </a></td><td>Application Role</td><td>Holds the unique identifier of an Application Role (stereotype of class).</td><td>10085</td><td>active</td></tr><tr><td style="white-space:nowrap">Cardinality<a name="v3-HL7DefinedRoseProperty-Cardinality"> </a></td><td>Attribute Cardinality</td><td>Records the constraints on the cardinality of attributes as documented in the RIM and in MIMs.</td><td>10086</td><td>active</td></tr><tr><td style="white-space:nowrap">DeleteFromMIM<a name="v3-HL7DefinedRoseProperty-DeleteFromMIM"> </a></td><td>MIM Delete</td><td>Used in constructing a Message Information Model to indicate which attributes to omit from the MIM.</td><td>10087</td><td>active</td></tr><tr><td style="white-space:nowrap">DevelopingCommit<a name="v3-HL7DefinedRoseProperty-DevelopingCommit"> </a></td><td>Developing committee</td><td>Holds the id of the HL7 committee developing the model like &quot;C00.&quot;</td><td>10103</td><td>active</td></tr><tr><td style="white-space:nowrap">DTsymbol<a name="v3-HL7DefinedRoseProperty-DTsymbol"> </a></td><td>Data type symbol</td><td>Holds the symbol for a defined data type (stereotype of class).</td><td>10096</td><td>active</td></tr><tr><td style="white-space:nowrap">EndState<a name="v3-HL7DefinedRoseProperty-EndState"> </a></td><td>End state</td><td>The HL7 MDF says that leaf level use cases should be connected to a state transition of the subject class. The use case diagram provides the link to the subject class. The modeler must use three properties to identify the state transition -- this property and the two following ones named StartState and StateTransition. The first two are, as their names imply, the names of the starting state and ending state of the transition, and the third is the name of the transition.</td><td>10112</td><td>active</td></tr><tr><td style="white-space:nowrap">HMD<a name="v3-HL7DefinedRoseProperty-HMD"> </a></td><td>HMD identifier</td><td>The identifier of the HMD from which the message structure for the message transferred by an interaction is drawn.</td><td>10100</td><td>active</td></tr><tr><td style="white-space:nowrap">ID<a name="v3-HL7DefinedRoseProperty-ID"> </a></td><td>Identifier</td><td>Holds the unique identifier of use cases, interactions and storyboards.</td><td>10115</td><td>active</td></tr><tr><td style="white-space:nowrap">InstancedDTsymbo<a name="v3-HL7DefinedRoseProperty-InstancedDTsymbo"> </a></td><td>Data type instantiated</td><td>Holds the data type assigned to the generic type parameter when an instantiation of generic type is recorded.</td><td>10097</td><td>active</td></tr><tr><td style="white-space:nowrap">IsPrimitiveDT<a name="v3-HL7DefinedRoseProperty-IsPrimitiveDT"> </a></td><td>Primitive data type</td><td>Indicates that a data type definition is for a primitive data type (stereotype of class).</td><td>10098</td><td>active</td></tr><tr><td style="white-space:nowrap">IsReferenceDT<a name="v3-HL7DefinedRoseProperty-IsReferenceDT"> </a></td><td>Reference data type</td><td>Indicates that the type for a data type component (attribute of a data type stereotype of class) is found by reference.</td><td>10099</td><td>active</td></tr><tr><td style="white-space:nowrap">IsSubjectClass<a name="v3-HL7DefinedRoseProperty-IsSubjectClass"> </a></td><td>Subject class</td><td>Set true for classes that are subject classes.</td><td>10094</td><td>active</td></tr><tr><td style="white-space:nowrap">MandatoryInclusi<a name="v3-HL7DefinedRoseProperty-MandatoryInclusi"> </a></td><td>Mandatory</td><td>Indicates with a value of &quot;True&quot; whether the inclusion of an attribute in an HMD and in the messages derived from that HMD is mandatory. The default is not mandatory, and use of mandatory inclusion in the RIM is deprecated.</td><td>10088</td><td>active</td></tr><tr><td style="white-space:nowrap">MayRepeat<a name="v3-HL7DefinedRoseProperty-MayRepeat"> </a></td><td>Attribute may repeat</td><td>Indicates with values of &quot;True&quot; or &quot;False&quot; whether an attribute may repeat in an HMD. The default is non-repeating.</td><td>10089</td><td>active</td></tr><tr><td style="white-space:nowrap">MIM_id<a name="v3-HL7DefinedRoseProperty-MIM_id"> </a></td><td>MIM Identifier</td><td>Used in a subject area category that holds a MIM. It provides the unique identifier for the MIM. The first portion of this identifier should be the ModelID of the RIM from which the MIM is derived.</td><td>10110</td><td>active</td></tr><tr><td style="white-space:nowrap">ModelDate<a name="v3-HL7DefinedRoseProperty-ModelDate"> </a></td><td>Model date</td><td>A text version of the last modified date formatted like &quot;19970606&quot;</td><td>10104</td><td>active</td></tr><tr><td style="white-space:nowrap">ModelDescription<a name="v3-HL7DefinedRoseProperty-ModelDescription"> </a></td><td>Model description</td><td>Contains the textual description of the model.</td><td>10105</td><td>active</td></tr><tr><td style="white-space:nowrap">ModelID<a name="v3-HL7DefinedRoseProperty-ModelID"> </a></td><td>Model identifier</td><td>Holds the unique identifier assigned to this model.</td><td>10106</td><td>active</td></tr><tr><td style="white-space:nowrap">ModelName<a name="v3-HL7DefinedRoseProperty-ModelName"> </a></td><td>Model name</td><td>Holds the formal name for the model</td><td>10107</td><td>active</td></tr><tr><td style="white-space:nowrap">ModelVersion<a name="v3-HL7DefinedRoseProperty-ModelVersion"> </a></td><td>Model version</td><td>A text version of the version number like &quot;V 30-08&quot;</td><td>10108</td><td>active</td></tr><tr><td style="white-space:nowrap">MsgID<a name="v3-HL7DefinedRoseProperty-MsgID"> </a></td><td>Message type identifier</td><td>The identifier of the message structure within the HMD (above) that defines the message transferred by an interaction.</td><td>10101</td><td>active</td></tr><tr><td style="white-space:nowrap">Organization<a name="v3-HL7DefinedRoseProperty-Organization"> </a></td><td>Developing organization</td><td>This is the organization defining the model, &quot;Health\_Level\_Seven&quot;</td><td>10109</td><td>active</td></tr><tr><td style="white-space:nowrap">RcvResp<a name="v3-HL7DefinedRoseProperty-RcvResp"> </a></td><td>Receiver responsibility</td><td>This property holds the identifier of the follow-on interaction, when the receiving application role for an interaction has the responsibility to initiate a follow-on interaction.</td><td>10102</td><td>active</td></tr><tr><td style="white-space:nowrap">RespComm_id<a name="v3-HL7DefinedRoseProperty-RespComm_id"> </a></td><td>Responsible committee ID</td><td>Captures the identifier of the responsible committee for all subject areas and categories.</td><td>10111</td><td>active</td></tr><tr><td style="white-space:nowrap">StartState<a name="v3-HL7DefinedRoseProperty-StartState"> </a></td><td>Start state</td><td>(See description of EndState above).</td><td>10113</td><td>active</td></tr><tr><td style="white-space:nowrap">StateAttribute<a name="v3-HL7DefinedRoseProperty-StateAttribute"> </a></td><td>State attribute</td><td>For classes that are subject classes, this component provides the name of the state attribute for the class. Only one state attribute component may appear for a given class.</td><td>10095</td><td>active</td></tr><tr><td style="white-space:nowrap">StateTransition<a name="v3-HL7DefinedRoseProperty-StateTransition"> </a></td><td>State transition</td><td>(See description of EndState above.)</td><td>10114</td><td>active</td></tr><tr><td style="white-space:nowrap">V23_Datatype<a name="v3-HL7DefinedRoseProperty-V23_Datatype"> </a></td><td>Version 2 data type</td><td>This component can document the Version 2.3 datatype for an attribute that is related to or derived from data fields in HL7 Version 2.3.</td><td>10092</td><td>active</td></tr><tr><td style="white-space:nowrap">V23_Fields<a name="v3-HL7DefinedRoseProperty-V23_Fields"> </a></td><td>Version 2 Field reference</td><td>This component provides a reference to the source Version 2.x field for an attribute that is related to or derived from data fields in HL7 Version 2.3 standard. Concatenate multiple values with commas, if multiple references to Version 2.x exist for an attribute.</td><td>10093</td><td>active</td></tr><tr><td style="white-space:nowrap">Vocab_domain<a name="v3-HL7DefinedRoseProperty-Vocab_domain"> </a></td><td>Vocabulary domain</td><td>Captures the identifier (name) of the vocabulary domain that constrains the values of coded attributes. This property is captured both for RIM attributes and in MIMs.</td><td>10090</td><td>active</td></tr><tr><td style="white-space:nowrap">Vocab_strength<a name="v3-HL7DefinedRoseProperty-Vocab_strength"> </a></td><td>Vocabulary strength</td><td>Captures the strength of encoding for the elements of a coded attribute. This property is captured both for RIM attributes and in MIMs.</td><td>10091</td><td>active</td></tr><tr><td style="white-space:nowrap">zhxID<a name="v3-HL7DefinedRoseProperty-zhxID"> </a></td><td>History identifier</td><td>This component tracks the version history of each element of the model. It contains the unique element identifier assigned to each model element. The repository assigns values for this element. Modelers should not change these values or assign new ones, but they may copy them to indicate an element's historic predecessor.</td><td>10084</td><td>active</td></tr></table></div></text><url value="http://terminology.hl7.org/CodeSystem/v3-HL7DefinedRoseProperty"/><identifier><system value="urn:ietf:rfc:3986"/><value value="urn:oid:2.16.840.1.113883.5.56"/></identifier><version value="0.1.0"/><name value="HL7DefinedRoseProperty"/><title value="HL7DefinedRoseProperty"/><status value="retired"/><experimental value="false"/><date value="2019-03-20"/><publisher value="SatuSehat"/><contact><name value="SatuSehat"/><telecom><system value="url"/><value value="https://satusehat.kemkes.go.id/"/></telecom><telecom><system value="email"/><value value="fhir@dto.kemkes.go.id"/></telecom></contact><description value="The property Ids that HL7 has defined for customizing Rational Rose.&#xD;&#xA;&#xD;&#xA;**Deprecation Comment:** Deprecated as per 11/2008 Harmonization cleanup; internal and obsolete HL7 usage, no longer used."/><copyright value="This material derives from the HL7 Terminology THO. THO is copyright ©1989+ Health Level Seven International and is made available under the CC0 designation. For more licensing information see: https://terminology.hl7.org/license"/><caseSensitive value="true"/><hierarchyMeaning value="is-a"/><content value="complete"/><property><extension url="http://terminology.hl7.org/StructureDefinition/ext-mif-relationship-symmetry"><valueCode value="antisymmetric"/></extension><extension url="http://terminology.hl7.org/StructureDefinition/ext-mif-relationship-transitivity"><valueCode value="transitive"/></extension><extension url="http://terminology.hl7.org/StructureDefinition/ext-mif-relationship-reflexivity"><valueCode value="irreflexive"/></extension><extension url="http://terminology.hl7.org/StructureDefinition/ext-mif-relationship-isNavigable"><valueBoolean value="true"/></extension><extension url="http://terminology.hl7.org/StructureDefinition/ext-mif-relationship-relationshipKind"><valueCode value="Specializes"/></extension><extension url="http://terminology.hl7.org/StructureDefinition/ext-mif-relationship-inverseName"><valueString value="Generalizes"/></extension><code value="Specializes"/><description value="The child code is a more narrow version of the concept represented by the parent code.  I.e. Every child concept is also a valid parent concept.  Used to allow determination of subsumption.  Must be transitive, irreflexive, antisymmetric."/><type value="Coding"/></property><property><extension url="http://terminology.hl7.org/StructureDefinition/ext-mif-relationship-symmetry"><valueCode value="antisymmetric"/></extension><extension url="http://terminology.hl7.org/StructureDefinition/ext-mif-relationship-transitivity"><valueCode value="transitive"/></extension><extension url="http://terminology.hl7.org/StructureDefinition/ext-mif-relationship-reflexivity"><valueCode value="irreflexive"/></extension><extension url="http://terminology.hl7.org/StructureDefinition/ext-mif-relationship-isNavigable"><valueBoolean value="true"/></extension><extension url="http://terminology.hl7.org/StructureDefinition/ext-mif-relationship-relationshipKind"><valueCode value="Generalizes"/></extension><extension url="http://terminology.hl7.org/StructureDefinition/ext-mif-relationship-inverseName"><valueString value="Specializes"/></extension><code value="Generalizes"/><description value="Inverse of Specializes.  Only included as a derived relationship."/><type value="Coding"/></property><property><code value="internalId"/><uri value="http://terminology.hl7.org/CodeSystem/utg-concept-properties#v3-internal-id"/><description value="The internal identifier for the concept in the HL7 Access database repository."/><type value="code"/></property><property><code value="status"/><uri value="http://hl7.org/fhir/concept-properties#status"/><description value="Designation of a concept's state. Normally is not populated unless the state is retired."/><type value="code"/></property><concept><code value="ApplicationRoleI"/><display value="Application Role"/><definition value="Holds the unique identifier of an Application Role (stereotype of class)."/><property><code value="status"/><valueCode value="active"/></property><property><code value="internalId"/><valueCode value="10085"/></property></concept><concept><code value="Cardinality"/><display value="Attribute Cardinality"/><definition value="Records the constraints on the cardinality of attributes as documented in the RIM and in MIMs."/><property><code value="status"/><valueCode value="active"/></property><property><code value="internalId"/><valueCode value="10086"/></property></concept><concept><code value="DeleteFromMIM"/><display value="MIM Delete"/><definition value="Used in constructing a Message Information Model to indicate which attributes to omit from the MIM."/><property><code value="status"/><valueCode value="active"/></property><property><code value="internalId"/><valueCode value="10087"/></property></concept><concept><code value="DevelopingCommit"/><display value="Developing committee"/><definition value="Holds the id of the HL7 committee developing the model like &quot;C00.&quot;"/><property><code value="status"/><valueCode value="active"/></property><property><code value="internalId"/><valueCode value="10103"/></property></concept><concept><code value="DTsymbol"/><display value="Data type symbol"/><definition value="Holds the symbol for a defined data type (stereotype of class)."/><property><code value="status"/><valueCode value="active"/></property><property><code value="internalId"/><valueCode value="10096"/></property></concept><concept><code value="EndState"/><display value="End state"/><definition value="The HL7 MDF says that leaf level use cases should be connected to a state transition of the subject class. The use case diagram provides the link to the subject class. The modeler must use three properties to identify the state transition -- this property and the two following ones named StartState and StateTransition. The first two are, as their names imply, the names of the starting state and ending state of the transition, and the third is the name of the transition."/><property><code value="status"/><valueCode value="active"/></property><property><code value="internalId"/><valueCode value="10112"/></property></concept><concept><code value="HMD"/><display value="HMD identifier"/><definition value="The identifier of the HMD from which the message structure for the message transferred by an interaction is drawn."/><property><code value="status"/><valueCode value="active"/></property><property><code value="internalId"/><valueCode value="10100"/></property></concept><concept><code value="ID"/><display value="Identifier"/><definition value="Holds the unique identifier of use cases, interactions and storyboards."/><property><code value="status"/><valueCode value="active"/></property><property><code value="internalId"/><valueCode value="10115"/></property></concept><concept><code value="InstancedDTsymbo"/><display value="Data type instantiated"/><definition value="Holds the data type assigned to the generic type parameter when an instantiation of generic type is recorded."/><property><code value="status"/><valueCode value="active"/></property><property><code value="internalId"/><valueCode value="10097"/></property></concept><concept><code value="IsPrimitiveDT"/><display value="Primitive data type"/><definition value="Indicates that a data type definition is for a primitive data type (stereotype of class)."/><property><code value="status"/><valueCode value="active"/></property><property><code value="internalId"/><valueCode value="10098"/></property></concept><concept><code value="IsReferenceDT"/><display value="Reference data type"/><definition value="Indicates that the type for a data type component (attribute of a data type stereotype of class) is found by reference."/><property><code value="status"/><valueCode value="active"/></property><property><code value="internalId"/><valueCode value="10099"/></property></concept><concept><code value="IsSubjectClass"/><display value="Subject class"/><definition value="Set true for classes that are subject classes."/><property><code value="status"/><valueCode value="active"/></property><property><code value="internalId"/><valueCode value="10094"/></property></concept><concept><code value="MandatoryInclusi"/><display value="Mandatory"/><definition value="Indicates with a value of &quot;True&quot; whether the inclusion of an attribute in an HMD and in the messages derived from that HMD is mandatory. The default is not mandatory, and use of mandatory inclusion in the RIM is deprecated."/><property><code value="status"/><valueCode value="active"/></property><property><code value="internalId"/><valueCode value="10088"/></property></concept><concept><code value="MayRepeat"/><display value="Attribute may repeat"/><definition value="Indicates with values of &quot;True&quot; or &quot;False&quot; whether an attribute may repeat in an HMD. The default is non-repeating."/><property><code value="status"/><valueCode value="active"/></property><property><code value="internalId"/><valueCode value="10089"/></property></concept><concept><code value="MIM_id"/><display value="MIM Identifier"/><definition value="Used in a subject area category that holds a MIM. It provides the unique identifier for the MIM. The first portion of this identifier should be the ModelID of the RIM from which the MIM is derived."/><property><code value="status"/><valueCode value="active"/></property><property><code value="internalId"/><valueCode value="10110"/></property></concept><concept><code value="ModelDate"/><display value="Model date"/><definition value="A text version of the last modified date formatted like &quot;19970606&quot;"/><property><code value="status"/><valueCode value="active"/></property><property><code value="internalId"/><valueCode value="10104"/></property></concept><concept><code value="ModelDescription"/><display value="Model description"/><definition value="Contains the textual description of the model."/><property><code value="status"/><valueCode value="active"/></property><property><code value="internalId"/><valueCode value="10105"/></property></concept><concept><code value="ModelID"/><display value="Model identifier"/><definition value="Holds the unique identifier assigned to this model."/><property><code value="status"/><valueCode value="active"/></property><property><code value="internalId"/><valueCode value="10106"/></property></concept><concept><code value="ModelName"/><display value="Model name"/><definition value="Holds the formal name for the model"/><property><code value="status"/><valueCode value="active"/></property><property><code value="internalId"/><valueCode value="10107"/></property></concept><concept><code value="ModelVersion"/><display value="Model version"/><definition value="A text version of the version number like &quot;V 30-08&quot;"/><property><code value="status"/><valueCode value="active"/></property><property><code value="internalId"/><valueCode value="10108"/></property></concept><concept><code value="MsgID"/><display value="Message type identifier"/><definition value="The identifier of the message structure within the HMD (above) that defines the message transferred by an interaction."/><property><code value="status"/><valueCode value="active"/></property><property><code value="internalId"/><valueCode value="10101"/></property></concept><concept><code value="Organization"/><display value="Developing organization"/><definition value="This is the organization defining the model, &quot;Health\_Level\_Seven&quot;"/><property><code value="status"/><valueCode value="active"/></property><property><code value="internalId"/><valueCode value="10109"/></property></concept><concept><code value="RcvResp"/><display value="Receiver responsibility"/><definition value="This property holds the identifier of the follow-on interaction, when the receiving application role for an interaction has the responsibility to initiate a follow-on interaction."/><property><code value="status"/><valueCode value="active"/></property><property><code value="internalId"/><valueCode value="10102"/></property></concept><concept><code value="RespComm_id"/><display value="Responsible committee ID"/><definition value="Captures the identifier of the responsible committee for all subject areas and categories."/><property><code value="status"/><valueCode value="active"/></property><property><code value="internalId"/><valueCode value="10111"/></property></concept><concept><code value="StartState"/><display value="Start state"/><definition value="(See description of EndState above)."/><property><code value="status"/><valueCode value="active"/></property><property><code value="internalId"/><valueCode value="10113"/></property></concept><concept><code value="StateAttribute"/><display value="State attribute"/><definition value="For classes that are subject classes, this component provides the name of the state attribute for the class. Only one state attribute component may appear for a given class."/><property><code value="status"/><valueCode value="active"/></property><property><code value="internalId"/><valueCode value="10095"/></property></concept><concept><code value="StateTransition"/><display value="State transition"/><definition value="(See description of EndState above.)"/><property><code value="status"/><valueCode value="active"/></property><property><code value="internalId"/><valueCode value="10114"/></property></concept><concept><code value="V23_Datatype"/><display value="Version 2 data type"/><definition value="This component can document the Version 2.3 datatype for an attribute that is related to or derived from data fields in HL7 Version 2.3."/><property><code value="status"/><valueCode value="active"/></property><property><code value="internalId"/><valueCode value="10092"/></property></concept><concept><code value="V23_Fields"/><display value="Version 2 Field reference"/><definition value="This component provides a reference to the source Version 2.x field for an attribute that is related to or derived from data fields in HL7 Version 2.3 standard. Concatenate multiple values with commas, if multiple references to Version 2.x exist for an attribute."/><property><code value="status"/><valueCode value="active"/></property><property><code value="internalId"/><valueCode value="10093"/></property></concept><concept><code value="Vocab_domain"/><display value="Vocabulary domain"/><definition value="Captures the identifier (name) of the vocabulary domain that constrains the values of coded attributes. This property is captured both for RIM attributes and in MIMs."/><property><code value="status"/><valueCode value="active"/></property><property><code value="internalId"/><valueCode value="10090"/></property></concept><concept><code value="Vocab_strength"/><display value="Vocabulary strength"/><definition value="Captures the strength of encoding for the elements of a coded attribute. This property is captured both for RIM attributes and in MIMs."/><property><code value="status"/><valueCode value="active"/></property><property><code value="internalId"/><valueCode value="10091"/></property></concept><concept><code value="zhxID"/><display value="History identifier"/><definition value="This component tracks the version history of each element of the model. It contains the unique element identifier assigned to each model element. The repository assigns values for this element. Modelers should not change these values or assign new ones, but they may copy them to indicate an element's historic predecessor."/><property><code value="status"/><valueCode value="active"/></property><property><code value="internalId"/><valueCode value="10084"/></property></concept></CodeSystem>