<?xml version="1.0" encoding="UTF-8"?><CodeSystem xmlns="http://hl7.org/fhir"><id value="ISO3166Part2"/><text><status value="generated"/><div xmlns="http://www.w3.org/1999/xhtml"><p>This case-sensitive code system <code>urn:iso:std:iso:3166:-2</code> defines codes, but no codes are represented here</p></div></text><url value="urn:iso:std:iso:3166:-2"/><identifier><system value="urn:ietf:rfc:3986"/><value value="urn:oid:1.0.3166.2"/></identifier><version value="0.1.0"/><name value="ISO3166Part2"/><title value="ISO 3166-2 Codes for the representation of names of countries and their subdivisions — Part 2: Country subdivision code"/><status value="active"/><experimental value="false"/><date value="2022-08-23T00:00:00-00:00"/><publisher value="SatuSehat"/><contact><name value="SatuSehat"/><telecom><system value="url"/><value value="https://satusehat.kemkes.go.id/"/></telecom><telecom><system value="email"/><value value="fhir@dto.kemkes.go.id"/></telecom></contact><description value="ISO 3166-2 establishes a code that represents the names of the principal administrative divisions, or similar areas, of the countries and entities included in ISO 3166-1."/><copyright value="ISO maintains the copyright on the country codes, and controls its use carefully. For further details see the ISO 3166 web page: https://www.iso.org/iso-3166-country-codes.html"/><caseSensitive value="true"/><content value="not-present"/></CodeSystem>