<?xml version="1.0" encoding="UTF-8"?><CodeSystem xmlns="http://hl7.org/fhir"><id value="adverse-event-severity"/><meta><lastUpdated value="2020-04-09T21:10:28.568+00:00"/></meta><text><status value="generated"/><div xmlns="http://www.w3.org/1999/xhtml"><p>This case-sensitive code system <code>http://terminology.hl7.org/CodeSystem/adverse-event-severity</code> defines the following codes:</p><table class="codes"><tr><td style="white-space:nowrap"><b>Code</b></td><td><b>Display</b></td></tr><tr><td style="white-space:nowrap">mild<a name="adverse-event-severity-mild"> </a></td><td>Mild</td></tr><tr><td style="white-space:nowrap">moderate<a name="adverse-event-severity-moderate"> </a></td><td>Moderate</td></tr><tr><td style="white-space:nowrap">severe<a name="adverse-event-severity-severe"> </a></td><td>Severe</td></tr></table></div></text><url value="http://terminology.hl7.org/CodeSystem/adverse-event-severity"/><identifier><system value="urn:ietf:rfc:3986"/><value value="urn:oid:2.16.840.1.113883.4.642.1.1256"/></identifier><version value="0.1.0"/><name value="AdverseEventSeverity"/><title value="AdverseEventSeverity"/><status value="draft"/><experimental value="false"/><date value="2020-04-09T21:10:28+00:00"/><publisher value="SatuSehat"/><contact><name value="SatuSehat"/><telecom><system value="url"/><value value="https://satusehat.kemkes.go.id/"/></telecom><telecom><system value="email"/><value value="fhir@dto.kemkes.go.id"/></telecom></contact><description value="The severity of the adverse event itself, in direct relation to the subject."/><copyright value="This material derives from the HL7 Terminology (THO). THO is copyright ©1989+ Health Level Seven International and is made available under the CC0 designation. For more licensing information see: https://terminology.hl7.org/license"/><caseSensitive value="true"/><valueSet value="http://terminology.hl7.org/ValueSet/adverse-event-severity"/><content value="complete"/><concept><code value="mild"/><display value="Mild"/></concept><concept><code value="moderate"/><display value="Moderate"/></concept><concept><code value="severe"/><display value="Severe"/></concept></CodeSystem>