<?xml version="1.0" encoding="UTF-8"?><CodeSystem xmlns="http://hl7.org/fhir"><id value="v3-HL7DocumentFormatCodes"/><text><status value="generated"/><div xmlns="http://www.w3.org/1999/xhtml"><p>This case-sensitive code system <code>http://terminology.hl7.org/CodeSystem/v3-HL7DocumentFormatCodes</code> defines the following codes:</p><table class="codes"><tr><td style="white-space:nowrap"><b>Code</b></td><td><b>Display</b></td><td><b>Definition</b></td></tr><tr><td style="white-space:nowrap">urn:hl7-org:sdwg:ccda-structuredBody:1.1<a name="v3-HL7DocumentFormatCodes-urn.58hl7-org.58sdwg.58ccda-structuredBody.581.461"> </a></td><td>ccda-structuredBody:1.1</td><td>C-CDA 1.1 constraints using a structured body</td></tr><tr><td style="white-space:nowrap">urn:hl7-org:sdwg:ccda-nonXMLBody:1.1<a name="v3-HL7DocumentFormatCodes-urn.58hl7-org.58sdwg.58ccda-nonXMLBody.581.461"> </a></td><td>ccda-nonXMLBody:1.1</td><td>C-CDA 1.1 constraints using a non structured body</td></tr><tr><td style="white-space:nowrap">urn:hl7-org:sdwg:ccda-structuredBody:2.1<a name="v3-HL7DocumentFormatCodes-urn.58hl7-org.58sdwg.58ccda-structuredBody.582.461"> </a></td><td>ccda-structuredBody:2.1</td><td>C-CDA 2.1 constraints using a structured body</td></tr><tr><td style="white-space:nowrap">urn:hl7-org:sdwg:ccda-nonXMLBody:2.1<a name="v3-HL7DocumentFormatCodes-urn.58hl7-org.58sdwg.58ccda-nonXMLBody.582.461"> </a></td><td>ccda-nonXMLBody:2.1</td><td>C-CDA 2.1 constraints using a non structured body</td></tr><tr><td style="white-space:nowrap">urn:hl7-org:sdwg:pacp-structuredBody:1.0<a name="v3-HL7DocumentFormatCodes-urn.58hl7-org.58sdwg.58pacp-structuredBody.581.460"> </a></td><td>pacp-structuredBody:1.0</td><td>PACP 1.0 constraints using a structured body</td></tr><tr><td style="white-space:nowrap">urn:hl7-org:sdwg:pacp-nonXMLBody:1.0<a name="v3-HL7DocumentFormatCodes-urn.58hl7-org.58sdwg.58pacp-nonXMLBody.581.460"> </a></td><td>pacp-nonXMLBody:1.0</td><td>PACP 1.0 constraints using a non structured body</td></tr><tr><td style="white-space:nowrap">urn:hl7-org:sdwg:pacp-structuredBody:1.1<a name="v3-HL7DocumentFormatCodes-urn.58hl7-org.58sdwg.58pacp-structuredBody.581.461"> </a></td><td>pacp-structuredBody:1.1</td><td>PACP 1.1 constraints using a structured body</td></tr><tr><td style="white-space:nowrap">urn:hl7-org:sdwg:pacp-nonXMLBody:1.1<a name="v3-HL7DocumentFormatCodes-urn.58hl7-org.58sdwg.58pacp-nonXMLBody.581.461"> </a></td><td>pacp-nonXMLBody:1.1</td><td>PACP 1.1 constraints using a non structured body</td></tr><tr><td style="white-space:nowrap">urn:hl7-org:sdwg:pacp-structuredBody:1.2<a name="v3-HL7DocumentFormatCodes-urn.58hl7-org.58sdwg.58pacp-structuredBody.581.462"> </a></td><td>pacp-structuredBody:1.2</td><td>PACP 1.2 constraints using a structured body</td></tr><tr><td style="white-space:nowrap">urn:hl7-org:sdwg:pacp-nonXMLBody:1.2<a name="v3-HL7DocumentFormatCodes-urn.58hl7-org.58sdwg.58pacp-nonXMLBody.581.462"> </a></td><td>pacp-nonXMLBody:1.2</td><td>PACP 1.2 constraints using a non structured body</td></tr><tr><td style="white-space:nowrap">urn:hl7-org:sdwg:pacp-structuredBody:1.3<a name="v3-HL7DocumentFormatCodes-urn.58hl7-org.58sdwg.58pacp-structuredBody.581.463"> </a></td><td>pacp-structuredBody:1.3</td><td>PACP 1.3 constraints using a structured body</td></tr><tr><td style="white-space:nowrap">urn:hl7-org:sdwg:pacp-nonXMLBody:1.3<a name="v3-HL7DocumentFormatCodes-urn.58hl7-org.58sdwg.58pacp-nonXMLBody.581.463"> </a></td><td>pacp-nonXMLBody:1.3</td><td>PACP 1.3 constraints using a non structured body</td></tr><tr><td style="white-space:nowrap">urn:hl7-org:sdwg:ccda-structuredBody:2.2<a name="v3-HL7DocumentFormatCodes-urn.58hl7-org.58sdwg.58ccda-structuredBody.582.462"> </a></td><td>ccda-structuredBody:2.2</td><td>C-CDA 2.2 constraints using a structured body</td></tr><tr><td style="white-space:nowrap">urn:hl7-org:sdwg:ccda-nonXMLBody:2.2<a name="v3-HL7DocumentFormatCodes-urn.58hl7-org.58sdwg.58ccda-nonXMLBody.582.462"> </a></td><td>ccda-nonXMLBody:2.2</td><td>C-CDA 2.2 constraints using a non structured body</td></tr></table></div></text><url value="http://terminology.hl7.org/CodeSystem/v3-HL7DocumentFormatCodes"/><identifier><system value="urn:ietf:rfc:3986"/><value value="urn:oid:2.16.840.1.113883.4.642.1.1407"/></identifier><version value="0.1.0"/><name value="HL7DocumentFormatCodes"/><title value="HL7 Document Format Codes"/><status value="active"/><experimental value="false"/><date value="2019-07-25"/><publisher value="SatuSehat"/><contact><name value="SatuSehat"/><telecom><system value="url"/><value value="https://satusehat.kemkes.go.id/"/></telecom><telecom><system value="email"/><value value="fhir@dto.kemkes.go.id"/></telecom></contact><description value="This codeSystem contains codes which specify the technical format of a document. Each code provides sufficient information to allow any potential document consumer to know if it will be able to process the document. The codes are sufficiently specific to ensure processing/display by identifying a document encoding, structure and template. For example, formatCodes can be used in the FHIR DocumentReference resource to characterize the document being referenced."/><copyright value="This material derives from the HL7 Terminology THO. THO is copyright ©1989+ Health Level Seven International and is made available under the CC0 designation. For more licensing information see: https://terminology.hl7.org/license"/><caseSensitive value="true"/><content value="complete"/><concept><code value="urn:hl7-org:sdwg:ccda-structuredBody:1.1"/><display value="ccda-structuredBody:1.1"/><definition value="C-CDA 1.1 constraints using a structured body"/></concept><concept><code value="urn:hl7-org:sdwg:ccda-nonXMLBody:1.1"/><display value="ccda-nonXMLBody:1.1"/><definition value="C-CDA 1.1 constraints using a non structured body"/></concept><concept><code value="urn:hl7-org:sdwg:ccda-structuredBody:2.1"/><display value="ccda-structuredBody:2.1"/><definition value="C-CDA 2.1 constraints using a structured body"/></concept><concept><code value="urn:hl7-org:sdwg:ccda-nonXMLBody:2.1"/><display value="ccda-nonXMLBody:2.1"/><definition value="C-CDA 2.1 constraints using a non structured body"/></concept><concept><code value="urn:hl7-org:sdwg:pacp-structuredBody:1.0"/><display value="pacp-structuredBody:1.0"/><definition value="PACP 1.0 constraints using a structured body"/></concept><concept><code value="urn:hl7-org:sdwg:pacp-nonXMLBody:1.0"/><display value="pacp-nonXMLBody:1.0"/><definition value="PACP 1.0 constraints using a non structured body"/></concept><concept><code value="urn:hl7-org:sdwg:pacp-structuredBody:1.1"/><display value="pacp-structuredBody:1.1"/><definition value="PACP 1.1 constraints using a structured body"/></concept><concept><code value="urn:hl7-org:sdwg:pacp-nonXMLBody:1.1"/><display value="pacp-nonXMLBody:1.1"/><definition value="PACP 1.1 constraints using a non structured body"/></concept><concept><code value="urn:hl7-org:sdwg:pacp-structuredBody:1.2"/><display value="pacp-structuredBody:1.2"/><definition value="PACP 1.2 constraints using a structured body"/></concept><concept><code value="urn:hl7-org:sdwg:pacp-nonXMLBody:1.2"/><display value="pacp-nonXMLBody:1.2"/><definition value="PACP 1.2 constraints using a non structured body"/></concept><concept><code value="urn:hl7-org:sdwg:pacp-structuredBody:1.3"/><display value="pacp-structuredBody:1.3"/><definition value="PACP 1.3 constraints using a structured body"/></concept><concept><code value="urn:hl7-org:sdwg:pacp-nonXMLBody:1.3"/><display value="pacp-nonXMLBody:1.3"/><definition value="PACP 1.3 constraints using a non structured body"/></concept><concept><code value="urn:hl7-org:sdwg:ccda-structuredBody:2.2"/><display value="ccda-structuredBody:2.2"/><definition value="C-CDA 2.2 constraints using a structured body"/></concept><concept><code value="urn:hl7-org:sdwg:ccda-nonXMLBody:2.2"/><display value="ccda-nonXMLBody:2.2"/><definition value="C-CDA 2.2 constraints using a non structured body"/></concept></CodeSystem>