<?xml version="1.0" encoding="UTF-8"?><CodeSystem xmlns="http://hl7.org/fhir"><id value="KemkesCancerTCategoryCS"/><meta><versionId value="1"/><lastUpdated value="2024-02-05T12:10:37.276+07:00"/></meta><language value="English"/><text><status value="generated"/><div xmlns="http://www.w3.org/1999/xhtml" xml:lang="English" lang="English"><p>This case-sensitive code system <code>http://terminology.kemkes.go.id/CodeSystem/cancer-t-category</code> defines the following codes in a Is-A heirarchy:</p><table class="codes"><tr><td style="white-space:nowrap"><b>Code</b></td></tr><tr><td style="white-space:nowrap">T0<a name="KemkesCancerTCategoryCS-T0"> </a></td></tr><tr><td style="white-space:nowrap">T1<a name="KemkesCancerTCategoryCS-T1"> </a></td></tr><tr><td style="white-space:nowrap">T1a<a name="KemkesCancerTCategoryCS-T1a"> </a></td></tr><tr><td style="white-space:nowrap">T1b<a name="KemkesCancerTCategoryCS-T1b"> </a></td></tr><tr><td style="white-space:nowrap">T1c<a name="KemkesCancerTCategoryCS-T1c"> </a></td></tr><tr><td style="white-space:nowrap">T2<a name="KemkesCancerTCategoryCS-T2"> </a></td></tr><tr><td style="white-space:nowrap">T2a<a name="KemkesCancerTCategoryCS-T2a"> </a></td></tr><tr><td style="white-space:nowrap">T2b<a name="KemkesCancerTCategoryCS-T2b"> </a></td></tr><tr><td style="white-space:nowrap">T2c<a name="KemkesCancerTCategoryCS-T2c"> </a></td></tr><tr><td style="white-space:nowrap">T3<a name="KemkesCancerTCategoryCS-T3"> </a></td></tr><tr><td style="white-space:nowrap">T3a<a name="KemkesCancerTCategoryCS-T3a"> </a></td></tr><tr><td style="white-space:nowrap">T3b<a name="KemkesCancerTCategoryCS-T3b"> </a></td></tr><tr><td style="white-space:nowrap">T3c<a name="KemkesCancerTCategoryCS-T3c"> </a></td></tr><tr><td style="white-space:nowrap">T4<a name="KemkesCancerTCategoryCS-T4"> </a></td></tr><tr><td style="white-space:nowrap">T4a<a name="KemkesCancerTCategoryCS-T4a"> </a></td></tr><tr><td style="white-space:nowrap">T4b<a name="KemkesCancerTCategoryCS-T4b"> </a></td></tr><tr><td style="white-space:nowrap">Ta<a name="KemkesCancerTCategoryCS-Ta"> </a></td></tr><tr><td style="white-space:nowrap">Tis<a name="KemkesCancerTCategoryCS-Tis"> </a></td></tr><tr><td style="white-space:nowrap">TX<a name="KemkesCancerTCategoryCS-TX"> </a></td></tr></table></div></text><url value="http://terminology.kemkes.go.id/CodeSystem/cancer-t-category"/><version value="0.1.0"/><name value="KemkesCancerTCategoryCS"/><title value="Kemkes Cancer T Category"/><status value="active"/><experimental value="false"/><date value="2024-02-05T00:00:00.000Z"/><publisher value="Thomas Chaidir"/><contact><name value="Thomas Chaidir"/><telecom><system value="url"/><value value="https://satusehat.kemkes.go.id/"/></telecom></contact><caseSensitive value="true"/><valueSet value="http://terminology.kemkes.go.id/ValueSet/cancer-t-category"/><hierarchyMeaning value="is-a"/><compositional value="false"/><versionNeeded value="true"/><content value="complete"/><count value="19"/><concept><code value="T0"/><display value="T0"/></concept><concept><code value="T1"/><display value="T1"/></concept><concept><code value="T1a"/><display value="T1a"/></concept><concept><code value="T1b"/><display value="T1b"/></concept><concept><code value="T1c"/><display value="T1c"/></concept><concept><code value="T2"/><display value="T2"/></concept><concept><code value="T2a"/><display value="T2a"/></concept><concept><code value="T2b"/><display value="T2b"/></concept><concept><code value="T2c"/><display value="T2c"/></concept><concept><code value="T3"/><display value="T3"/></concept><concept><code value="T3a"/><display value="T3a"/></concept><concept><code value="T3b"/><display value="T3b"/></concept><concept><code value="T3c"/><display value="T3c"/></concept><concept><code value="T4"/><display value="T4"/></concept><concept><code value="T4a"/><display value="T4a"/></concept><concept><code value="T4b"/><display value="T4b"/></concept><concept><code value="Ta"/><display value="Ta"/></concept><concept><code value="Tis"/><display value="Tis"/></concept><concept><code value="TX"/><display value="TX"/></concept></CodeSystem>