<?xml version="1.0" encoding="UTF-8"?><CodeSystem xmlns="http://hl7.org/fhir"><id value="NCPDPPrescriptionOriginCode"/><text><status value="generated"/><div xmlns="http://www.w3.org/1999/xhtml"><p>This case-sensitive code system <code>http://terminology.hl7.org/CodeSystem/NCPDPPrescriptionOriginCode</code> defines codes, but no codes are represented here</p></div></text><url value="http://terminology.hl7.org/CodeSystem/NCPDPPrescriptionOriginCode"/><version value="0.1.0"/><name value="NCPDPPrescriptionOriginCode"/><title value="NCPDP Prescription Origin Code"/><status value="active"/><experimental value="false"/><date value="2021-03-10T00:00:00-04:00"/><publisher value="SatuSehat"/><contact><name value="SatuSehat"/><telecom><system value="url"/><value value="https://satusehat.kemkes.go.id/"/></telecom><telecom><system value="email"/><value value="fhir@dto.kemkes.go.id"/></telecom></contact><description value="Code indicating the origin of the prescription. Indicates whether the prescription was transmitted as an electronic prescription, by phone, by fax, or as a written paper copy."/><caseSensitive value="true"/><content value="not-present"/></CodeSystem>