<?xml version="1.0" encoding="UTF-8"?><CodeSystem xmlns="http://hl7.org/fhir"><id value="service-referral-method"/><meta><lastUpdated value="2020-04-09T21:10:28.568+00:00"/></meta><text><status value="generated"/><div xmlns="http://www.w3.org/1999/xhtml"><p>This case-sensitive code system <code>http://terminology.hl7.org/CodeSystem/service-referral-method</code> defines the following codes:</p><table class="codes"><tr><td style="white-space:nowrap"><b>Code</b></td><td><b>Display</b></td><td><b>Definition</b></td></tr><tr><td style="white-space:nowrap">fax<a name="service-referral-method-fax"> </a></td><td>Fax</td><td>Referrals may be accepted by fax.</td></tr><tr><td style="white-space:nowrap">phone<a name="service-referral-method-phone"> </a></td><td>Phone</td><td>Referrals may be accepted over the phone.</td></tr><tr><td style="white-space:nowrap">elec<a name="service-referral-method-elec"> </a></td><td>Secure Messaging</td><td>Referrals may be accepted via a secure messaging system. To determine the types of secure messaging systems supported, refer to the identifiers collection. Callers will need to understand the specific identifier system used to know that they are able to transmit messages.</td></tr><tr><td style="white-space:nowrap">semail<a name="service-referral-method-semail"> </a></td><td>Secure Email</td><td>Referrals may be accepted via a secure email. To send please encrypt with the services public key.</td></tr><tr><td style="white-space:nowrap">mail<a name="service-referral-method-mail"> </a></td><td>Mail</td><td>Referrals may be accepted via regular postage (or hand delivered).</td></tr><tr><td style="white-space:nowrap">self<a name="service-referral-method-self"> </a></td><td>Self-referral</td><td>Referrals may be accepted via self-referral.</td></tr></table></div></text><extension url="http://hl7.org/fhir/StructureDefinition/structuredefinition-wg"><valueCode value="pa"/></extension><extension url="http://hl7.org/fhir/StructureDefinition/structuredefinition-fmm"><valueInteger value="1"/></extension><url value="http://terminology.hl7.org/CodeSystem/service-referral-method"/><identifier><system value="urn:ietf:rfc:3986"/><value value="urn:oid:2.16.840.1.113883.4.642.1.1142"/></identifier><version value="0.1.0"/><name value="ReferralMethod"/><title value="ReferralMethod"/><status value="draft"/><experimental value="false"/><date value="2023-09-19T21:10:28+00:00"/><publisher value="SatuSehat"/><contact><name value="SatuSehat"/><telecom><system value="url"/><value value="https://satusehat.kemkes.go.id/"/></telecom><telecom><system value="email"/><value value="fhir@dto.kemkes.go.id"/></telecom></contact><description value="The methods of referral can be used when referring to a specific HealthCareService resource."/><copyright value="This material derives from the HL7 Terminology (THO). THO is copyright ©1989+ Health Level Seven International and is made available under the CC0 designation. For more licensing information see: https://terminology.hl7.org/license"/><caseSensitive value="true"/><valueSet value="http://terminology.hl7.org/ValueSet/service-referral-method"/><content value="complete"/><concept><code value="fax"/><display value="Fax"/><definition value="Referrals may be accepted by fax."/></concept><concept><code value="phone"/><display value="Phone"/><definition value="Referrals may be accepted over the phone."/></concept><concept><code value="elec"/><display value="Secure Messaging"/><definition value="Referrals may be accepted via a secure messaging system. To determine the types of secure messaging systems supported, refer to the identifiers collection. Callers will need to understand the specific identifier system used to know that they are able to transmit messages."/></concept><concept><code value="semail"/><display value="Secure Email"/><definition value="Referrals may be accepted via a secure email. To send please encrypt with the services public key."/></concept><concept><code value="mail"/><display value="Mail"/><definition value="Referrals may be accepted via regular postage (or hand delivered)."/></concept><concept><code value="self"/><display value="Self-referral"/><definition value="Referrals may be accepted via self-referral."/></concept></CodeSystem>