<?xml version="1.0" encoding="UTF-8"?><CodeSystem xmlns="http://hl7.org/fhir"><id value="service-category"/><meta><lastUpdated value="2020-04-09T21:10:28.568+00:00"/><profile value="http://hl7.org/fhir/StructureDefinition/shareablecodesystem"/></meta><text><status value="generated"/><div xmlns="http://www.w3.org/1999/xhtml"><p>This case-sensitive code system <code>http://terminology.hl7.org/CodeSystem/service-category</code> defines the following codes:</p><table class="codes"><tr><td style="white-space:nowrap"><b>Code</b></td><td><b>Display</b></td><td><b>Definition</b></td></tr><tr><td style="white-space:nowrap">1<a name="service-category-1"> </a></td><td>Adoption</td><td>Adoption</td></tr><tr><td style="white-space:nowrap">2<a name="service-category-2"> </a></td><td>Aged Care</td><td>Aged Care</td></tr><tr><td style="white-space:nowrap">34<a name="service-category-34"> </a></td><td>Allied Health</td><td>Allied Health</td></tr><tr><td style="white-space:nowrap">3<a name="service-category-3"> </a></td><td>Alternative/Complementary Therapies</td><td>Alternative &amp; Complementary Therapies</td></tr><tr><td style="white-space:nowrap">4<a name="service-category-4"> </a></td><td>Child Care /Kindergarten</td><td>Child Care and/or Kindergarten</td></tr><tr><td style="white-space:nowrap">5<a name="service-category-5"> </a></td><td>Child Development</td><td>Child Development</td></tr><tr><td style="white-space:nowrap">6<a name="service-category-6"> </a></td><td>Child Protection &amp; Family Services</td><td>Child Protection &amp; Family Services</td></tr><tr><td style="white-space:nowrap">7<a name="service-category-7"> </a></td><td>Community Health Care</td><td>Community Health Care</td></tr><tr><td style="white-space:nowrap">8<a name="service-category-8"> </a></td><td>Counselling</td><td>Counselling</td></tr><tr><td style="white-space:nowrap">36<a name="service-category-36"> </a></td><td>Crisis Line (GPAH use only)</td><td>Crisis Line (GPAH use only)</td></tr><tr><td style="white-space:nowrap">9<a name="service-category-9"> </a></td><td>Death Services</td><td>Death Services</td></tr><tr><td style="white-space:nowrap">10<a name="service-category-10"> </a></td><td>Dental</td><td>Dental</td></tr><tr><td style="white-space:nowrap">11<a name="service-category-11"> </a></td><td>Disability Support</td><td>Disability Support</td></tr><tr><td style="white-space:nowrap">12<a name="service-category-12"> </a></td><td>Drug/Alcohol</td><td>Drug/Alcohol</td></tr><tr><td style="white-space:nowrap">13<a name="service-category-13"> </a></td><td>Education &amp; Learning</td><td>Education &amp; Learning</td></tr><tr><td style="white-space:nowrap">14<a name="service-category-14"> </a></td><td>Emergency Department</td><td>Emergency Department</td></tr><tr><td style="white-space:nowrap">15<a name="service-category-15"> </a></td><td>Employment</td><td>Employment</td></tr><tr><td style="white-space:nowrap">16<a name="service-category-16"> </a></td><td>Financial &amp; Material Aid</td><td>Financial &amp; Material aid</td></tr><tr><td style="white-space:nowrap">17<a name="service-category-17"> </a></td><td>General Practice</td><td>General Practice/GP (doctor)</td></tr><tr><td style="white-space:nowrap">35<a name="service-category-35"> </a></td><td>Hospital</td><td>Hospital</td></tr><tr><td style="white-space:nowrap">18<a name="service-category-18"> </a></td><td>Housing/Homelessness</td><td>Housing/Homelessness</td></tr><tr><td style="white-space:nowrap">19<a name="service-category-19"> </a></td><td>Interpreting</td><td>Interpreting</td></tr><tr><td style="white-space:nowrap">20<a name="service-category-20"> </a></td><td>Justice</td><td>Justice</td></tr><tr><td style="white-space:nowrap">21<a name="service-category-21"> </a></td><td>Legal</td><td>Legal</td></tr><tr><td style="white-space:nowrap">22<a name="service-category-22"> </a></td><td>Mental Health</td><td>Mental Health</td></tr><tr><td style="white-space:nowrap">38<a name="service-category-38"> </a></td><td>NDIA</td><td>NDIA</td></tr><tr><td style="white-space:nowrap">23<a name="service-category-23"> </a></td><td>Physical Activity &amp; Recreation</td><td>Physical Activity &amp; Recreation</td></tr><tr><td style="white-space:nowrap">24<a name="service-category-24"> </a></td><td>Regulation</td><td>Regulation</td></tr><tr><td style="white-space:nowrap">25<a name="service-category-25"> </a></td><td>Respite/Carer Support</td><td>Respite/Carer Support</td></tr><tr><td style="white-space:nowrap">26<a name="service-category-26"> </a></td><td>Specialist Clinical Pathology</td><td>Specialist Clinical Pathology - requires referral</td></tr><tr><td style="white-space:nowrap">27<a name="service-category-27"> </a></td><td>Specialist Medical</td><td>Specialist Medical - requires referral</td></tr><tr><td style="white-space:nowrap">28<a name="service-category-28"> </a></td><td>Specialist Obstetrics &amp; Gynecology</td><td>Specialist Obstetrics &amp; Gynecology - requires referral</td></tr><tr><td style="white-space:nowrap">29<a name="service-category-29"> </a></td><td>Specialist Paediatric</td><td>Specialist Paediatric - requires referral</td></tr><tr><td style="white-space:nowrap">30<a name="service-category-30"> </a></td><td>Specialist Radiology/Imaging</td><td>Specialist Radiology/Imaging - requires referral</td></tr><tr><td style="white-space:nowrap">31<a name="service-category-31"> </a></td><td>Specialist Surgical</td><td>Specialist Surgical - requires referral</td></tr><tr><td style="white-space:nowrap">32<a name="service-category-32"> </a></td><td>Support Group/s</td><td>Support group/s</td></tr><tr><td style="white-space:nowrap">37<a name="service-category-37"> </a></td><td>Test Message (HSD admin)</td><td>Test Message (HSD admin use only)</td></tr><tr><td style="white-space:nowrap">33<a name="service-category-33"> </a></td><td>Transport</td><td>Transport</td></tr></table></div></text><extension url="http://hl7.org/fhir/StructureDefinition/structuredefinition-wg"><valueCode value="pa"/></extension><extension url="http://hl7.org/fhir/StructureDefinition/structuredefinition-fmm"><valueInteger value="1"/></extension><url value="http://terminology.hl7.org/CodeSystem/service-category"/><identifier><system value="urn:ietf:rfc:3986"/><value value="urn:oid:2.16.840.1.113883.4.642.1.1144"/></identifier><version value="0.1.0"/><name value="ServiceCategory"/><title value="Service category"/><status value="draft"/><experimental value="false"/><date value="2024-03-09T14:36:19-07:00"/><publisher value="SatuSehat"/><contact><name value="SatuSehat"/><telecom><system value="url"/><value value="https://satusehat.kemkes.go.id/"/></telecom><telecom><system value="email"/><value value="fhir@dto.kemkes.go.id"/></telecom></contact><description value="This value set defines an example set of codes that can be used to classify groupings of service-types/specialties."/><copyright value="This material derives from the HL7 Terminology (THO). THO is copyright ©1989+ Health Level Seven International and is made available under the CC0 designation. For more licensing information see: https://terminology.hl7.org/license"/><caseSensitive value="true"/><valueSet value="http://terminology.hl7.org/ValueSet/service-category"/><content value="complete"/><concept><code value="1"/><display value="Adoption"/><definition value="Adoption"/></concept><concept><code value="2"/><display value="Aged Care"/><definition value="Aged Care"/></concept><concept><code value="34"/><display value="Allied Health"/><definition value="Allied Health"/></concept><concept><code value="3"/><display value="Alternative/Complementary Therapies"/><definition value="Alternative &amp; Complementary Therapies"/></concept><concept><code value="4"/><display value="Child Care /Kindergarten"/><definition value="Child Care and/or Kindergarten"/></concept><concept><code value="5"/><display value="Child Development"/><definition value="Child Development"/></concept><concept><code value="6"/><display value="Child Protection &amp; Family Services"/><definition value="Child Protection &amp; Family Services"/></concept><concept><code value="7"/><display value="Community Health Care"/><definition value="Community Health Care"/></concept><concept><code value="8"/><display value="Counselling"/><definition value="Counselling"/></concept><concept><code value="36"/><display value="Crisis Line (GPAH use only)"/><definition value="Crisis Line (GPAH use only)"/></concept><concept><code value="9"/><display value="Death Services"/><definition value="Death Services"/></concept><concept><code value="10"/><display value="Dental"/><definition value="Dental"/></concept><concept><code value="11"/><display value="Disability Support"/><definition value="Disability Support"/></concept><concept><code value="12"/><display value="Drug/Alcohol"/><definition value="Drug/Alcohol"/></concept><concept><code value="13"/><display value="Education &amp; Learning"/><definition value="Education &amp; Learning"/></concept><concept><code value="14"/><display value="Emergency Department"/><definition value="Emergency Department"/></concept><concept><code value="15"/><display value="Employment"/><definition value="Employment"/></concept><concept><code value="16"/><display value="Financial &amp; Material Aid"/><definition value="Financial &amp; Material aid"/></concept><concept><code value="17"/><display value="General Practice"/><definition value="General Practice/GP (doctor)"/></concept><concept><code value="35"/><display value="Hospital"/><definition value="Hospital"/></concept><concept><code value="18"/><display value="Housing/Homelessness"/><definition value="Housing/Homelessness"/></concept><concept><code value="19"/><display value="Interpreting"/><definition value="Interpreting"/></concept><concept><code value="20"/><display value="Justice"/><definition value="Justice"/></concept><concept><code value="21"/><display value="Legal"/><definition value="Legal"/></concept><concept><code value="22"/><display value="Mental Health"/><definition value="Mental Health"/></concept><concept><code value="38"/><display value="NDIA"/><definition value="NDIA"/></concept><concept><code value="23"/><display value="Physical Activity &amp; Recreation"/><definition value="Physical Activity &amp; Recreation"/></concept><concept><code value="24"/><display value="Regulation"/><definition value="Regulation"/></concept><concept><code value="25"/><display value="Respite/Carer Support"/><definition value="Respite/Carer Support"/></concept><concept><code value="26"/><display value="Specialist Clinical Pathology"/><definition value="Specialist Clinical Pathology - requires referral"/></concept><concept><code value="27"/><display value="Specialist Medical"/><definition value="Specialist Medical - requires referral"/></concept><concept><code value="28"/><display value="Specialist Obstetrics &amp; Gynecology"/><definition value="Specialist Obstetrics &amp; Gynecology - requires referral"/></concept><concept><code value="29"/><display value="Specialist Paediatric"/><definition value="Specialist Paediatric - requires referral"/></concept><concept><code value="30"/><display value="Specialist Radiology/Imaging"/><definition value="Specialist Radiology/Imaging - requires referral"/></concept><concept><code value="31"/><display value="Specialist Surgical"/><definition value="Specialist Surgical - requires referral"/></concept><concept><code value="32"/><display value="Support Group/s"/><definition value="Support group/s"/></concept><concept><code value="37"/><display value="Test Message (HSD admin)"/><definition value="Test Message (HSD admin use only)"/></concept><concept><code value="33"/><display value="Transport"/><definition value="Transport"/></concept></CodeSystem>