<?xml version="1.0" encoding="UTF-8"?><CodeSystem xmlns="http://hl7.org/fhir"><id value="goal-relationship-type"/><meta><lastUpdated value="2020-04-09T21:10:28.568+00:00"/></meta><text><status value="generated"/><div xmlns="http://www.w3.org/1999/xhtml"><p>This case-sensitive code system <code>http://terminology.hl7.org/CodeSystem/goal-relationship-type</code> defines the following codes:</p><table class="codes"><tr><td style="white-space:nowrap"><b>Code</b></td><td><b>Display</b></td><td><b>Definition</b></td></tr><tr><td style="white-space:nowrap">predecessor<a name="goal-relationship-type-predecessor"> </a></td><td>Predecessor</td><td>Indicates that the target goal is one which must be met before striving for the current goal.</td></tr><tr><td style="white-space:nowrap">successor<a name="goal-relationship-type-successor"> </a></td><td>Successor</td><td>Indicates that the target goal is a desired objective once the current goal is met.</td></tr><tr><td style="white-space:nowrap">replacement<a name="goal-relationship-type-replacement"> </a></td><td>Replacement</td><td>Indicates that this goal has been replaced by the target goal.</td></tr><tr><td style="white-space:nowrap">milestone<a name="goal-relationship-type-milestone"> </a></td><td>Milestone</td><td>Indicates that the target goal is considered to be a &quot;piece&quot; of attaining this goal.</td></tr><tr><td style="white-space:nowrap">other<a name="goal-relationship-type-other"> </a></td><td>Other</td><td>Indicates that the relationship is not covered by one of the pre-defined codes.  (An extension may convey more information about the meaning of the relationship.).</td></tr></table></div></text><url value="http://terminology.hl7.org/CodeSystem/goal-relationship-type"/><identifier><system value="urn:ietf:rfc:3986"/><value value="urn:oid:2.16.840.1.113883.4.642.1.1269"/></identifier><version value="0.1.0"/><name value="GoalRelationshipType"/><title value="GoalRelationshipType"/><status value="draft"/><experimental value="false"/><date value="2020-04-09T21:10:28+00:00"/><publisher value="SatuSehat"/><contact><name value="SatuSehat"/><telecom><system value="url"/><value value="https://satusehat.kemkes.go.id/"/></telecom><telecom><system value="email"/><value value="fhir@dto.kemkes.go.id"/></telecom></contact><description value="Types of relationships between two goals."/><copyright value="This material derives from the HL7 Terminology (THO). THO is copyright ©1989+ Health Level Seven International and is made available under the CC0 designation. For more licensing information see: https://terminology.hl7.org/license"/><caseSensitive value="true"/><valueSet value="http://terminology.hl7.org/ValueSet/goal-relationship-type"/><content value="complete"/><concept><code value="predecessor"/><display value="Predecessor"/><definition value="Indicates that the target goal is one which must be met before striving for the current goal."/></concept><concept><code value="successor"/><display value="Successor"/><definition value="Indicates that the target goal is a desired objective once the current goal is met."/></concept><concept><code value="replacement"/><display value="Replacement"/><definition value="Indicates that this goal has been replaced by the target goal."/></concept><concept><code value="milestone"/><display value="Milestone"/><definition value="Indicates that the target goal is considered to be a &quot;piece&quot; of attaining this goal."/></concept><concept><code value="other"/><display value="Other"/><definition value="Indicates that the relationship is not covered by one of the pre-defined codes.  (An extension may convey more information about the meaning of the relationship.)."/></concept></CodeSystem>