<?xml version="1.0" encoding="UTF-8"?><CodeSystem xmlns="http://hl7.org/fhir"><id value="KemkesPrevTBTreatment"/><meta><versionId value="2"/><lastUpdated value="2023-11-09T13:31:14.515+07:00"/></meta><language value="Indonesia"/><text><status value="generated"/><div xmlns="http://www.w3.org/1999/xhtml" xml:lang="Indonesia" lang="Indonesia"><p>This case-sensitive code system <code>http://terminology.kemkes.go.id/CodeSystem/prev-tb-treatment</code> defines the following codes in a Is-A heirarchy:</p><table class="codes"><tr><td style="white-space:nowrap"><b>Code</b></td><td><b>Display</b></td></tr><tr><td style="white-space:nowrap">not-eval<a name="KemkesPrevTBTreatment-not-eval"> </a></td><td>Pernah diobati tidak diketahui hasilnya</td></tr><tr><td style="white-space:nowrap">non-standard-treatment<a name="KemkesPrevTBTreatment-non-standard-treatment"> </a></td><td>Pasien TB yang mempunyai riwayat pengobatan TB yang tidak standar</td></tr><tr><td style="white-space:nowrap">treatment-non-conversion-1<a name="KemkesPrevTBTreatment-treatment-non-conversion-1"> </a></td><td>Pasien TB pengobatan kategori 1 yang tidak konversi</td></tr><tr><td style="white-space:nowrap">history-of-close-contact-with-TB-DR<a name="KemkesPrevTBTreatment-history-of-close-contact-with-TB-DR"> </a></td><td>Terduga TB yang mempunyai riwayat kontak erat dengan pasien TB RO</td></tr><tr><td style="white-space:nowrap">TB-DR-relapse<a name="KemkesPrevTBTreatment-TB-DR-relapse"> </a></td><td>Pasien TB RO kasus kambuh</td></tr><tr><td style="white-space:nowrap">TB-DR-returns<a name="KemkesPrevTBTreatment-TB-DR-returns"> </a></td><td>Pasien TB RO yang kembali setelah putus berobat</td></tr><tr><td style="white-space:nowrap">treatment-non-conversion-2<a name="KemkesPrevTBTreatment-treatment-non-conversion-2"> </a></td><td>Pasien TB pengobatan kategori 2 yang tidak konversi setelah 3 bulan pengobatan</td></tr><tr><td style="white-space:nowrap">co-infected-TBHIV<a name="KemkesPrevTBTreatment-co-infected-TBHIV"> </a></td><td>Pasien ko-infeksi TB-HIV yang tidak respons secara klinis maupun bakteriologis terhadap pemberian OAT</td></tr></table></div></text><url value="http://terminology.kemkes.go.id/CodeSystem/prev-tb-treatment"/><version value="0.1.0"/><name value="KemkesPrevTBTreatment"/><title value="Terminology Kemkes prev-tb-treatment CodeSystem"/><status value="active"/><experimental value="false"/><date value="2024-02-05T00:00:00.000Z"/><publisher value="Thomas Chaidir"/><contact><name value="Thomas Chaidir"/><telecom><system value="url"/><value value="https://satusehat.kemkes.go.id/"/></telecom></contact><description value="Terminology Kemkes prev-tb-treatment CodeSystem"/><caseSensitive value="true"/><valueSet value="http://terminology.kemkes.go.id/ValueSet/prev-tb-treatment"/><hierarchyMeaning value="is-a"/><compositional value="false"/><versionNeeded value="true"/><content value="complete"/><count value="8"/><concept><code value="not-eval"/><display value="Pernah diobati tidak diketahui hasilnya"/></concept><concept><code value="non-standard-treatment"/><display value="Pasien TB yang mempunyai riwayat pengobatan TB yang tidak standar"/></concept><concept><code value="treatment-non-conversion-1"/><display value="Pasien TB pengobatan kategori 1 yang tidak konversi"/></concept><concept><code value="history-of-close-contact-with-TB-DR"/><display value="Terduga TB yang mempunyai riwayat kontak erat dengan pasien TB RO"/></concept><concept><code value="TB-DR-relapse"/><display value="Pasien TB RO kasus kambuh"/></concept><concept><code value="TB-DR-returns"/><display value="Pasien TB RO yang kembali setelah putus berobat"/></concept><concept><code value="treatment-non-conversion-2"/><display value="Pasien TB pengobatan kategori 2 yang tidak konversi setelah 3 bulan pengobatan"/></concept><concept><code value="co-infected-TBHIV"/><display value="Pasien ko-infeksi TB-HIV yang tidak respons secara klinis maupun bakteriologis terhadap pemberian OAT"/></concept></CodeSystem>