<?xml version="1.0" encoding="UTF-8"?><CodeSystem xmlns="http://hl7.org/fhir"><id value="mdr"/><text><status value="generated"/><div xmlns="http://www.w3.org/1999/xhtml"><p>This case-sensitive code system <code>https://www.meddra.org</code> defines codes, but no codes are represented here</p></div></text><url value="https://www.meddra.org"/><identifier><system value="urn:ietf:rfc:3986"/><value value="urn:oid:2.16.840.1.113883.6.163"/></identifier><version value="0.1.0"/><name value="MedDRA"/><title value="Medical Dictionary for Regulatory Activities"/><status value="active"/><experimental value="false"/><date value="2023-06-14T00:00:00-04:00"/><publisher value="SatuSehat"/><contact><name value="SatuSehat"/><telecom><system value="url"/><value value="https://satusehat.kemkes.go.id/"/></telecom><telecom><system value="email"/><value value="fhir@dto.kemkes.go.id"/></telecom></contact><description value="MedDRA is a multilingual standardised international medical terminology which can be used for regulatory communication and evaluation of data pertaining to medicinal products for human use.  MedDRA is designed for use in the registration, documentation and safety monitoring of medicinal products through all phases of the development cycle (i.e., from clinical trials to post-marketing surveillance).#13;&#xA;&#xD;&#xA;MedDRA is structured as a five level hierarchy. System Organ Classes (SOCs) are the broadest terms (e.g., Cardiac disorders, Investigations). The lowest level of the terminology is the Lowest Level Term (LLT) level."/><copyright value="Please see [https://www.meddra.org/legal-mentions](https://www.meddra.org/legal-mentions). For information about special licensing, see [https://www.meddra.org/subscription/special-licences](https://www.meddra.org/subscription/special-licences)"/><caseSensitive value="true"/><content value="not-present"/></CodeSystem>