<?xml version="1.0" encoding="UTF-8"?><CodeSystem xmlns="http://hl7.org/fhir"><id value="goal-priority"/><meta><lastUpdated value="2020-04-09T21:10:28.568+00:00"/><profile value="http://hl7.org/fhir/StructureDefinition/shareablecodesystem"/></meta><text><status value="generated"/><div xmlns="http://www.w3.org/1999/xhtml"><p>This case-sensitive code system <code>http://terminology.hl7.org/CodeSystem/goal-priority</code> defines the following codes:</p><table class="codes"><tr><td style="white-space:nowrap"><b>Code</b></td><td><b>Display</b></td><td><b>Definition</b></td></tr><tr><td style="white-space:nowrap">high-priority<a name="goal-priority-high-priority"> </a></td><td>High Priority</td><td>Indicates that the goal is of considerable importance and should be a primary focus of care delivery.</td></tr><tr><td style="white-space:nowrap">medium-priority<a name="goal-priority-medium-priority"> </a></td><td>Medium Priority</td><td>Indicates that the goal has a reasonable degree of importance and that concrete action should be taken towards the goal.  Attainment is not as critical as high-priority goals.</td></tr><tr><td style="white-space:nowrap">low-priority<a name="goal-priority-low-priority"> </a></td><td>Low Priority</td><td>The goal is desirable but is not sufficiently important to devote significant resources to.  Achievement of the goal may be sought when incidental to achieving other goals.</td></tr></table></div></text><extension url="http://hl7.org/fhir/StructureDefinition/structuredefinition-wg"><valueCode value="pc"/></extension><url value="http://terminology.hl7.org/CodeSystem/goal-priority"/><identifier><system value="urn:ietf:rfc:3986"/><value value="urn:oid:2.16.840.1.113883.4.642.1.1096"/></identifier><version value="0.1.0"/><name value="GoalPriority"/><title value="Goal priority"/><status value="draft"/><experimental value="false"/><date value="2024-03-09T14:36:19-07:00"/><publisher value="SatuSehat"/><contact><name value="SatuSehat"/><telecom><system value="url"/><value value="https://satusehat.kemkes.go.id/"/></telecom><telecom><system value="email"/><value value="fhir@dto.kemkes.go.id"/></telecom></contact><description value="Indicates the level of importance associated with reaching or sustaining a goal."/><copyright value="This material derives from the HL7 Terminology (THO). THO is copyright ©1989+ Health Level Seven International and is made available under the CC0 designation. For more licensing information see: https://terminology.hl7.org/license"/><caseSensitive value="true"/><valueSet value="http://terminology.hl7.org/ValueSet/goal-priority"/><content value="complete"/><concept><code value="high-priority"/><display value="High Priority"/><definition value="Indicates that the goal is of considerable importance and should be a primary focus of care delivery."/></concept><concept><code value="medium-priority"/><display value="Medium Priority"/><definition value="Indicates that the goal has a reasonable degree of importance and that concrete action should be taken towards the goal.  Attainment is not as critical as high-priority goals."/></concept><concept><code value="low-priority"/><display value="Low Priority"/><definition value="The goal is desirable but is not sufficiently important to devote significant resources to.  Achievement of the goal may be sought when incidental to achieving other goals."/></concept></CodeSystem>