<?xml version="1.0" encoding="UTF-8"?><CodeSystem xmlns="http://hl7.org/fhir"><id value="TNM"/><text><status value="generated"/><div xmlns="http://www.w3.org/1999/xhtml"><p>This case-sensitive code system <code>https://cancerstaging.org</code> defines codes, but no codes are represented here</p></div></text><url value="https://cancerstaging.org"/><version value="0.1.0"/><name value="TNM"/><title value="TNM Staging System"/><status value="active"/><experimental value="false"/><date value="2022-01-14T00:00:00-00:00"/><publisher value="SatuSehat"/><contact><name value="SatuSehat"/><telecom><system value="url"/><value value="https://satusehat.kemkes.go.id/"/></telecom><telecom><system value="email"/><value value="fhir@dto.kemkes.go.id"/></telecom></contact><description value="The TNM Staging System was developed and is maintained by the AJCC and the Union for International Cancer Control (UICC). It is the most commonly used staging system by medical professionals around the world. The TNM classification system was developed as a tool for doctors to stage different types of cancer based on certain, standardized criteria. The TNM Staging System is based on the extent of the tumor (T), the extent of spread to the lymph nodes (N), and the presence of metastasis (M).&#xD;&#xA;&#xD;&#xA;HTA Note: Most content of TNM (V6) is in the SNOMED international release but not content from the most recent (V9).  In Europe many countries use TNM codes, taken from the book and referenced using an OID."/><copyright value="The AJCC may grant permission for use of copyrighted material from the AJCC Cancer Staging Manual to outside individuals and organizations at its own discretion. No changes to, additions to, or deletions from the copied or reused material should be made without prior written approval of the AJCC. Permission applies only to the material and use specified in correspondence. New requests should be made for subsequent use or for other uses of material.&#xD;&#xA;&#xD;&#xA;To license AJCC content for commercial use in electronic health record (EHR) systems or other software and applications, please email ajcc@facs.org for more information on licensing our API.&#xD;&#xA;&#xD;&#xA;To request permission to photocopy, duplicate, republish, or otherwise reuse AJCC material in journals, presentations or course material, follow the instructions below.&#xD;&#xA;&#xD;&#xA;For Sixth, Seventh, Eighth Editions please contact bookpermissions@springernature.com.&#xD;&#xA;&#xD;&#xA;For Fifth Edition please contact the publisher at healthpermissions@wolterskluwer.com.&#xD;&#xA;&#xD;&#xA;Please note that some items in the manual are reproduced with permission from other rights holders. If you wish to reproduce any of those items, you must request permission from the original rights holders. This is often possible through www.copyright.com."/><caseSensitive value="true"/><content value="not-present"/></CodeSystem>