<?xml version="1.0" encoding="UTF-8"?><CodeSystem xmlns="http://hl7.org/fhir"><id value="v3-MdfHmdMetSourceType"/><language value="en"/><text><status value="generated"/><div xml:lang="en" xmlns="http://www.w3.org/1999/xhtml" lang="en"><p><b>Properties</b></p><p><b>This code system  defines the following properties for its concepts</b></p><table class="grid"><tr><td><b>Code</b></td><td><b>URI</b></td><td><b>Type</b></td><td><b>Description</b></td></tr><tr><td>Specializes</td><td/><td>Coding</td><td>The child code is a more narrow version of the concept represented by the parent code.  I.e. Every child concept is also a valid parent concept.  Used to allow determination of subsumption.  Must be transitive, irreflexive, antisymmetric.</td></tr><tr><td>Generalizes</td><td/><td>Coding</td><td>Inverse of Specializes.  Only included as a derived relationship.</td></tr><tr><td>internalId</td><td>http://terminology.hl7.org/CodeSystem/utg-concept-properties#v3-internal-id</td><td>code</td><td>The internal identifier for the concept in the HL7 Access database repository.</td></tr><tr><td>status</td><td>http://hl7.org/fhir/concept-properties#status</td><td>code</td><td>Designation of a concept's state. Normally is not populated unless the state is retired.</td></tr></table><p><b>Concepts</b></p><p>This case-sensitive code system <code>http://terminology.hl7.org/CodeSystem/v3-MdfHmdMetSourceType</code> defines the following codes in a Is-A heirarchy:</p><table class="codes"><tr><td style="white-space:nowrap"><b>Code</b></td><td><b>Display</b></td><td><b>Definition</b></td><td><b>internalId</b></td><td><b>status</b></td></tr><tr><td style="white-space:nowrap">C<a name="v3-MdfHmdMetSourceType-C"> </a></td><td>Common MET</td><td>This message element type is an HL7 common message element type.</td><td>10079</td><td>active</td></tr><tr><td style="white-space:nowrap">D<a name="v3-MdfHmdMetSourceType-D"> </a></td><td>Data type</td><td>This message element type is an HL7 data type.</td><td>10078</td><td>active</td></tr><tr><td style="white-space:nowrap">I<a name="v3-MdfHmdMetSourceType-I"> </a></td><td>Reference</td><td>This row represents a reference to a previously defined type. Such a reference means that, in a given message, the message element instance for the current row is identical to the message element instance that instantiates the referred row.</td><td>10082</td><td>active</td></tr><tr><td style="white-space:nowrap">N<a name="v3-MdfHmdMetSourceType-N"> </a></td><td>New type</td><td>New type. This row starts the definition of a new message element type. The subordinate rows beneath it compose the definition of the type. Each of these subordinate rows has the name of the message element type being defined in the In Message Element Type column. That name will be the same one that is in the Of Message Element Type of this row.</td><td>10077</td><td>active</td></tr><tr><td style="white-space:nowrap">R<a name="v3-MdfHmdMetSourceType-R"> </a></td><td>Recursive</td><td>This row represents the recursive reuse of the message element type within which is appears. See 10.3.3.3.</td><td>10081</td><td>active</td></tr><tr><td style="white-space:nowrap">U<a name="v3-MdfHmdMetSourceType-U"> </a></td><td>Re-used MET</td><td>This message element type was previously defined in this HMD and is being reused</td><td>10080</td><td>active</td></tr></table></div></text><url value="http://terminology.hl7.org/CodeSystem/v3-MdfHmdMetSourceType"/><identifier><system value="urn:ietf:rfc:3986"/><value value="urn:oid:2.16.840.1.113883.5.75"/></identifier><version value="0.1.0"/><name value="MdfHmdMetSourceType"/><title value="MdfHmdMetSourceType"/><status value="retired"/><experimental value="false"/><date value="2019-03-20"/><publisher value="SatuSehat"/><contact><name value="SatuSehat"/><telecom><system value="url"/><value value="https://satusehat.kemkes.go.id/"/></telecom><telecom><system value="email"/><value value="fhir@dto.kemkes.go.id"/></telecom></contact><description value="Code to identify the source of a Message Element Type represented in the 'of MET' column of an HMD.&#xD;&#xA;&#xD;&#xA;**Deprecation Comment:** Deprecated as per 11/2008 Harmonization cleanup; internal and obsolete HL7 usage, no longer used."/><caseSensitive value="true"/><hierarchyMeaning value="is-a"/><content value="complete"/><property><extension url="http://terminology.hl7.org/StructureDefinition/ext-mif-relationship-symmetry"><valueCode value="antisymmetric"/></extension><extension url="http://terminology.hl7.org/StructureDefinition/ext-mif-relationship-transitivity"><valueCode value="transitive"/></extension><extension url="http://terminology.hl7.org/StructureDefinition/ext-mif-relationship-reflexivity"><valueCode value="irreflexive"/></extension><extension url="http://terminology.hl7.org/StructureDefinition/ext-mif-relationship-isNavigable"><valueBoolean value="true"/></extension><extension url="http://terminology.hl7.org/StructureDefinition/ext-mif-relationship-relationshipKind"><valueCode value="Specializes"/></extension><extension url="http://terminology.hl7.org/StructureDefinition/ext-mif-relationship-inverseName"><valueString value="Generalizes"/></extension><code value="Specializes"/><description value="The child code is a more narrow version of the concept represented by the parent code.  I.e. Every child concept is also a valid parent concept.  Used to allow determination of subsumption.  Must be transitive, irreflexive, antisymmetric."/><type value="Coding"/></property><property><extension url="http://terminology.hl7.org/StructureDefinition/ext-mif-relationship-symmetry"><valueCode value="antisymmetric"/></extension><extension url="http://terminology.hl7.org/StructureDefinition/ext-mif-relationship-transitivity"><valueCode value="transitive"/></extension><extension url="http://terminology.hl7.org/StructureDefinition/ext-mif-relationship-reflexivity"><valueCode value="irreflexive"/></extension><extension url="http://terminology.hl7.org/StructureDefinition/ext-mif-relationship-isNavigable"><valueBoolean value="true"/></extension><extension url="http://terminology.hl7.org/StructureDefinition/ext-mif-relationship-relationshipKind"><valueCode value="Generalizes"/></extension><extension url="http://terminology.hl7.org/StructureDefinition/ext-mif-relationship-inverseName"><valueString value="Specializes"/></extension><code value="Generalizes"/><description value="Inverse of Specializes.  Only included as a derived relationship."/><type value="Coding"/></property><property><code value="internalId"/><uri value="http://terminology.hl7.org/CodeSystem/utg-concept-properties#v3-internal-id"/><description value="The internal identifier for the concept in the HL7 Access database repository."/><type value="code"/></property><property><code value="status"/><uri value="http://hl7.org/fhir/concept-properties#status"/><description value="Designation of a concept's state. Normally is not populated unless the state is retired."/><type value="code"/></property><concept><code value="C"/><display value="Common MET"/><definition value="This message element type is an HL7 common message element type."/><property><code value="status"/><valueCode value="active"/></property><property><code value="internalId"/><valueCode value="10079"/></property></concept><concept><code value="D"/><display value="Data type"/><definition value="This message element type is an HL7 data type."/><property><code value="status"/><valueCode value="active"/></property><property><code value="internalId"/><valueCode value="10078"/></property></concept><concept><code value="I"/><display value="Reference"/><definition value="This row represents a reference to a previously defined type. Such a reference means that, in a given message, the message element instance for the current row is identical to the message element instance that instantiates the referred row."/><property><code value="status"/><valueCode value="active"/></property><property><code value="internalId"/><valueCode value="10082"/></property></concept><concept><code value="N"/><display value="New type"/><definition value="New type. This row starts the definition of a new message element type. The subordinate rows beneath it compose the definition of the type. Each of these subordinate rows has the name of the message element type being defined in the In Message Element Type column. That name will be the same one that is in the Of Message Element Type of this row."/><property><code value="status"/><valueCode value="active"/></property><property><code value="internalId"/><valueCode value="10077"/></property></concept><concept><code value="R"/><display value="Recursive"/><definition value="This row represents the recursive reuse of the message element type within which is appears. See 10.3.3.3."/><property><code value="status"/><valueCode value="active"/></property><property><code value="internalId"/><valueCode value="10081"/></property></concept><concept><code value="U"/><display value="Re-used MET"/><definition value="This message element type was previously defined in this HMD and is being reused"/><property><code value="status"/><valueCode value="active"/></property><property><code value="internalId"/><valueCode value="10080"/></property></concept></CodeSystem>