<?xml version="1.0" encoding="UTF-8"?><CodeSystem xmlns="http://hl7.org/fhir"><id value="medicationrequest-admin-location"/><meta><lastUpdated value="2020-04-09T21:10:28.568+00:00"/><profile value="http://hl7.org/fhir/StructureDefinition/shareablecodesystem"/></meta><text><status value="generated"/><div xmlns="http://www.w3.org/1999/xhtml"><p>This case-sensitive code system <code>http://terminology.hl7.org/CodeSystem/medicationrequest-admin-location</code> defines the following codes:</p><table class="codes"><tr><td style="white-space:nowrap"><b>Code</b></td><td><b>Display</b></td><td><b>Definition</b></td></tr><tr><td style="white-space:nowrap">inpatient<a name="medicationrequest-admin-location-inpatient"> </a></td><td>Inpatient</td><td>Includes requests for medications to be administered or consumed in an inpatient or acute care setting</td></tr><tr><td style="white-space:nowrap">outpatient<a name="medicationrequest-admin-location-outpatient"> </a></td><td>Outpatient</td><td>Includes requests for medications to be administered or consumed in an outpatient setting (for example, Emergency Department, Outpatient Clinic, Outpatient Surgery, Doctor's office)</td></tr><tr><td style="white-space:nowrap">community<a name="medicationrequest-admin-location-community"> </a></td><td>Community</td><td>Includes requests for medications to be administered or consumed by the patient in their home (this would include long term care or nursing homes, hospices, etc.)</td></tr></table></div></text><extension url="http://hl7.org/fhir/StructureDefinition/structuredefinition-wg"><valueCode value="phx"/></extension><extension url="http://hl7.org/fhir/StructureDefinition/structuredefinition-fmm"><valueInteger value="1"/></extension><url value="http://terminology.hl7.org/CodeSystem/medicationrequest-admin-location"/><identifier><system value="urn:ietf:rfc:3986"/><value value="urn:oid:2.16.840.1.113883.4.642.1.0"/></identifier><version value="0.1.0"/><name value="MedicationRequest_Administration_Location_Codes"/><title value="Medication request  administration  location  codes"/><status value="draft"/><experimental value="false"/><date value="2024-03-09T14:36:19-07:00"/><publisher value="SatuSehat"/><contact><name value="SatuSehat"/><telecom><system value="url"/><value value="https://satusehat.kemkes.go.id/"/></telecom><telecom><system value="email"/><value value="fhir@dto.kemkes.go.id"/></telecom></contact><description value="MedicationRequest Administration Location Codes"/><copyright value="This material derives from the HL7 Terminology (THO). THO is copyright ©1989+ Health Level Seven International and is made available under the CC0 designation. For more licensing information see: https://terminology.hl7.org/license"/><caseSensitive value="true"/><valueSet value="http://terminology.hl7.org/ValueSet/medicationrequest-admin-location"/><content value="complete"/><concept><code value="inpatient"/><display value="Inpatient"/><definition value="Includes requests for medications to be administered or consumed in an inpatient or acute care setting"/></concept><concept><code value="outpatient"/><display value="Outpatient"/><definition value="Includes requests for medications to be administered or consumed in an outpatient setting (for example, Emergency Department, Outpatient Clinic, Outpatient Surgery, Doctor's office)"/></concept><concept><code value="community"/><display value="Community"/><definition value="Includes requests for medications to be administered or consumed by the patient in their home (this would include long term care or nursing homes, hospices, etc.)"/></concept></CodeSystem>