<?xml version="1.0" encoding="UTF-8"?><CodeSystem xmlns="http://hl7.org/fhir"><id value="ex-diagnosis-on-admission"/><meta><lastUpdated value="2020-04-09T21:10:28.568+00:00"/><profile value="http://hl7.org/fhir/StructureDefinition/shareablecodesystem"/></meta><text><status value="generated"/><div xmlns="http://www.w3.org/1999/xhtml"><p>This case-sensitive code system <code>http://terminology.hl7.org/CodeSystem/ex-diagnosis-on-admission</code> defines the following codes:</p><table class="codes"><tr><td style="white-space:nowrap"><b>Code</b></td><td><b>Display</b></td><td><b>Definition</b></td></tr><tr><td style="white-space:nowrap">yes<a name="ex-diagnosis-on-admission-yes"> </a></td><td>Yes</td><td>Diagnosis was present at time of inpatient admission.</td></tr><tr><td style="white-space:nowrap">no<a name="ex-diagnosis-on-admission-no"> </a></td><td>No</td><td>Diagnosis was not present at time of inpatient admission.</td></tr><tr><td style="white-space:nowrap">unknown<a name="ex-diagnosis-on-admission-unknown"> </a></td><td>Unknown</td><td>Not known if condition was present at the time of inpatient admission.</td></tr></table></div></text><extension url="http://hl7.org/fhir/StructureDefinition/structuredefinition-wg"><valueCode value="fm"/></extension><extension url="http://hl7.org/fhir/StructureDefinition/structuredefinition-fmm"><valueInteger value="1"/></extension><url value="http://terminology.hl7.org/CodeSystem/ex-diagnosis-on-admission"/><identifier><system value="urn:ietf:rfc:3986"/><value value="urn:oid:2.16.840.1.113883.4.642.1.1170"/></identifier><version value="0.1.0"/><name value="ExampleDiagnosisOnAdmissionCodes"/><title value="Example Diagnosis on Admission Codes"/><status value="draft"/><experimental value="false"/><date value="2024-03-09T14:36:19-07:00"/><publisher value="SatuSehat"/><contact><name value="SatuSehat"/><telecom><system value="url"/><value value="https://satusehat.kemkes.go.id/"/></telecom><telecom><system value="email"/><value value="fhir@dto.kemkes.go.id"/></telecom></contact><description value="This value set includes example Diagnosis on Admission codes."/><copyright value="This material derives from the HL7 Terminology (THO). THO is copyright ©1989+ Health Level Seven International and is made available under the CC0 designation. For more licensing information see: https://terminology.hl7.org/license"/><caseSensitive value="true"/><valueSet value="http://terminology.hl7.org/ValueSet/ex-diagnosis-on-admission"/><content value="complete"/><concept><code value="yes"/><display value="Yes"/><definition value="Diagnosis was present at time of inpatient admission."/></concept><concept><code value="no"/><display value="No"/><definition value="Diagnosis was not present at time of inpatient admission."/></concept><concept><code value="unknown"/><display value="Unknown"/><definition value="Not known if condition was present at the time of inpatient admission."/></concept></CodeSystem>