<?xml version="1.0" encoding="UTF-8"?><CodeSystem xmlns="http://hl7.org/fhir"><id value="v3-ParameterizedDataType"/><language value="en"/><text><status value="generated"/><div xml:lang="en" xmlns="http://www.w3.org/1999/xhtml" lang="en"><p><b>Properties</b></p><p><b>This code system  defines the following properties for its concepts</b></p><table class="grid"><tr><td><b>Code</b></td><td><b>URI</b></td><td><b>Type</b></td><td><b>Description</b></td></tr><tr><td>Specializes</td><td/><td>Coding</td><td>The child code is a more narrow version of the concept represented by the parent code.  I.e. Every child concept is also a valid parent concept.  Used to allow determination of subsumption.  Must be transitive, irreflexive, antisymmetric.</td></tr><tr><td>Generalizes</td><td/><td>Coding</td><td>Inverse of Specializes.  Only included as a derived relationship.</td></tr><tr><td>internalId</td><td>http://terminology.hl7.org/CodeSystem/utg-concept-properties#v3-internal-id</td><td>code</td><td>The internal identifier for the concept in the HL7 Access database repository.</td></tr><tr><td>status</td><td>http://hl7.org/fhir/concept-properties#status</td><td>code</td><td>Designation of a concept's state. Normally is not populated unless the state is retired.</td></tr></table><p><b>Concepts</b></p><p>This case-sensitive code system <code>http://terminology.hl7.org/CodeSystem/v3-ParameterizedDataType</code> defines the following codes in a Is-A heirarchy:</p><table class="codes"><tr><td><b>Lvl</b></td><td style="white-space:nowrap"><b>Code</b></td><td><b>Display</b></td><td><b>internalId</b></td><td><b>status</b></td></tr><tr><td>1</td><td style="white-space:nowrap">BAG&lt;T&gt;<a name="v3-ParameterizedDataType-BAG.60T.62"> </a></td><td>Bag</td><td>10763</td><td>active</td></tr><tr><td>1</td><td style="white-space:nowrap">LIST&lt;T&gt;<a name="v3-ParameterizedDataType-LIST.60T.62"> </a></td><td>Sequence</td><td>10762</td><td>active</td></tr><tr><td>1</td><td style="white-space:nowrap">SET&lt;T&gt;<a name="v3-ParameterizedDataType-SET.60T.62"> </a></td><td>Set</td><td>10761</td><td>active</td></tr><tr><td>2</td><td style="white-space:nowrap">  EIVL&lt;T&gt;<a name="v3-ParameterizedDataType-EIVL.60T.62"> </a></td><td>Event Related Interval</td><td>10766</td><td>active</td></tr><tr><td>2</td><td style="white-space:nowrap">  IVL&lt;T&gt;<a name="v3-ParameterizedDataType-IVL.60T.62"> </a></td><td>Interval</td><td>10764</td><td>active</td></tr><tr><td>2</td><td style="white-space:nowrap">  PIVL&lt;T&gt;<a name="v3-ParameterizedDataType-PIVL.60T.62"> </a></td><td>Periodic Interval</td><td>10765</td><td>active</td></tr><tr><td>1</td><td style="white-space:nowrap">T<a name="v3-ParameterizedDataType-T"> </a></td><td>Type</td><td>10760</td><td>active</td></tr><tr><td>2</td><td style="white-space:nowrap">  ANT&lt;T&gt;<a name="v3-ParameterizedDataType-ANT.60T.62"> </a></td><td>Annotated</td><td>10767</td><td>active</td></tr><tr><td>2</td><td style="white-space:nowrap">  HXIT&lt;T&gt;<a name="v3-ParameterizedDataType-HXIT.60T.62"> </a></td><td>Historical</td><td>10768</td><td>active</td></tr><tr><td>2</td><td style="white-space:nowrap">  NPPD&lt;T&gt;<a name="v3-ParameterizedDataType-NPPD.60T.62"> </a></td><td>Non Parametric Probability Distribution</td><td>10771</td><td>active</td></tr><tr><td>2</td><td style="white-space:nowrap">  PPD&lt;T&gt;<a name="v3-ParameterizedDataType-PPD.60T.62"> </a></td><td>Parametric Probability Distribution</td><td>10772</td><td>active</td></tr><tr><td>2</td><td style="white-space:nowrap">  UVN&lt;T&gt;<a name="v3-ParameterizedDataType-UVN.60T.62"> </a></td><td>Uncertain Value Narrative</td><td>10769</td><td>active</td></tr><tr><td>2</td><td style="white-space:nowrap">  UVP&lt;T&gt;<a name="v3-ParameterizedDataType-UVP.60T.62"> </a></td><td>Uncertain Value Probabilistic</td><td>10770</td><td>active</td></tr></table></div></text><url value="http://terminology.hl7.org/CodeSystem/v3-ParameterizedDataType"/><identifier><system value="urn:ietf:rfc:3986"/><value value="urn:oid:2.16.840.1.113883.5.87"/></identifier><version value="0.1.0"/><name value="ParameterizedDataType"/><title value="ParameterizedDataType"/><status value="retired"/><experimental value="false"/><date value="2019-03-20"/><publisher value="SatuSehat"/><contact><name value="SatuSehat"/><telecom><system value="url"/><value value="https://satusehat.kemkes.go.id/"/></telecom><telecom><system value="email"/><value value="fhir@dto.kemkes.go.id"/></telecom></contact><description value="**Deprecation Comment:** Deprecated as per 11/2008 Harmonization cleanup; internal and obsolete HL7 usage, no longer used."/><caseSensitive value="true"/><hierarchyMeaning value="is-a"/><content value="complete"/><property><extension url="http://terminology.hl7.org/StructureDefinition/ext-mif-relationship-symmetry"><valueCode value="antisymmetric"/></extension><extension url="http://terminology.hl7.org/StructureDefinition/ext-mif-relationship-transitivity"><valueCode value="transitive"/></extension><extension url="http://terminology.hl7.org/StructureDefinition/ext-mif-relationship-reflexivity"><valueCode value="irreflexive"/></extension><extension url="http://terminology.hl7.org/StructureDefinition/ext-mif-relationship-isNavigable"><valueBoolean value="true"/></extension><extension url="http://terminology.hl7.org/StructureDefinition/ext-mif-relationship-relationshipKind"><valueCode value="Specializes"/></extension><extension url="http://terminology.hl7.org/StructureDefinition/ext-mif-relationship-inverseName"><valueString value="Generalizes"/></extension><code value="Specializes"/><description value="The child code is a more narrow version of the concept represented by the parent code.  I.e. Every child concept is also a valid parent concept.  Used to allow determination of subsumption.  Must be transitive, irreflexive, antisymmetric."/><type value="Coding"/></property><property><extension url="http://terminology.hl7.org/StructureDefinition/ext-mif-relationship-symmetry"><valueCode value="antisymmetric"/></extension><extension url="http://terminology.hl7.org/StructureDefinition/ext-mif-relationship-transitivity"><valueCode value="transitive"/></extension><extension url="http://terminology.hl7.org/StructureDefinition/ext-mif-relationship-reflexivity"><valueCode value="irreflexive"/></extension><extension url="http://terminology.hl7.org/StructureDefinition/ext-mif-relationship-isNavigable"><valueBoolean value="true"/></extension><extension url="http://terminology.hl7.org/StructureDefinition/ext-mif-relationship-relationshipKind"><valueCode value="Generalizes"/></extension><extension url="http://terminology.hl7.org/StructureDefinition/ext-mif-relationship-inverseName"><valueString value="Specializes"/></extension><code value="Generalizes"/><description value="Inverse of Specializes.  Only included as a derived relationship."/><type value="Coding"/></property><property><code value="internalId"/><uri value="http://terminology.hl7.org/CodeSystem/utg-concept-properties#v3-internal-id"/><description value="The internal identifier for the concept in the HL7 Access database repository."/><type value="code"/></property><property><code value="status"/><uri value="http://hl7.org/fhir/concept-properties#status"/><description value="Designation of a concept's state. Normally is not populated unless the state is retired."/><type value="code"/></property><concept><code value="BAG&lt;T&gt;"/><display value="Bag"/><property><code value="status"/><valueCode value="active"/></property><property><code value="internalId"/><valueCode value="10763"/></property></concept><concept><code value="LIST&lt;T&gt;"/><display value="Sequence"/><property><code value="status"/><valueCode value="active"/></property><property><code value="internalId"/><valueCode value="10762"/></property></concept><concept><code value="SET&lt;T&gt;"/><display value="Set"/><property><code value="status"/><valueCode value="active"/></property><property><code value="internalId"/><valueCode value="10761"/></property><concept><code value="EIVL&lt;T&gt;"/><display value="Event Related Interval"/><property><code value="status"/><valueCode value="active"/></property><property><code value="internalId"/><valueCode value="10766"/></property></concept><concept><code value="IVL&lt;T&gt;"/><display value="Interval"/><property><code value="status"/><valueCode value="active"/></property><property><code value="internalId"/><valueCode value="10764"/></property></concept><concept><code value="PIVL&lt;T&gt;"/><display value="Periodic Interval"/><property><code value="status"/><valueCode value="active"/></property><property><code value="internalId"/><valueCode value="10765"/></property></concept></concept><concept><code value="T"/><display value="Type"/><property><code value="status"/><valueCode value="active"/></property><property><code value="internalId"/><valueCode value="10760"/></property><concept><code value="ANT&lt;T&gt;"/><display value="Annotated"/><property><code value="status"/><valueCode value="active"/></property><property><code value="internalId"/><valueCode value="10767"/></property></concept><concept><code value="HXIT&lt;T&gt;"/><display value="Historical"/><property><code value="status"/><valueCode value="active"/></property><property><code value="internalId"/><valueCode value="10768"/></property></concept><concept><code value="NPPD&lt;T&gt;"/><display value="Non Parametric Probability Distribution"/><property><code value="status"/><valueCode value="active"/></property><property><code value="internalId"/><valueCode value="10771"/></property></concept><concept><code value="PPD&lt;T&gt;"/><display value="Parametric Probability Distribution"/><property><code value="status"/><valueCode value="active"/></property><property><code value="internalId"/><valueCode value="10772"/></property></concept><concept><code value="UVN&lt;T&gt;"/><display value="Uncertain Value Narrative"/><property><code value="status"/><valueCode value="active"/></property><property><code value="internalId"/><valueCode value="10769"/></property></concept><concept><code value="UVP&lt;T&gt;"/><display value="Uncertain Value Probabilistic"/><property><code value="status"/><valueCode value="active"/></property><property><code value="internalId"/><valueCode value="10770"/></property></concept></concept></CodeSystem>