<?xml version="1.0" encoding="UTF-8"?><CodeSystem xmlns="http://hl7.org/fhir"><id value="resource-type-link"/><meta><lastUpdated value="2020-04-09T21:10:28.568+00:00"/></meta><text><status value="generated"/><div xmlns="http://www.w3.org/1999/xhtml"><p>This case-sensitive code system <code>http://terminology.hl7.org/CodeSystem/resource-type-link</code> defines the following codes:</p><table class="codes"><tr><td style="white-space:nowrap"><b>Code</b></td><td><b>Display</b></td><td><b>Definition</b></td></tr><tr><td style="white-space:nowrap">organization<a name="resource-type-link-organization"> </a></td><td>Organization</td><td>Organization resource.</td></tr><tr><td style="white-space:nowrap">patient<a name="resource-type-link-patient"> </a></td><td>Patient</td><td>Patient resource.</td></tr><tr><td style="white-space:nowrap">practitioner<a name="resource-type-link-practitioner"> </a></td><td>Practitioner</td><td>Practitioner resource.</td></tr><tr><td style="white-space:nowrap">relatedperson<a name="resource-type-link-relatedperson"> </a></td><td>RelatedPerson</td><td>RelatedPerson resource.</td></tr></table></div></text><url value="http://terminology.hl7.org/CodeSystem/resource-type-link"/><identifier><system value="urn:ietf:rfc:3986"/><value value="urn:oid:2.16.840.1.113883.4.642.1.1180"/></identifier><version value="0.1.0"/><name value="PayeeResourceType"/><title value="PayeeResourceType"/><status value="draft"/><experimental value="false"/><date value="2020-04-09T21:10:28+00:00"/><publisher value="SatuSehat"/><contact><name value="SatuSehat"/><telecom><system value="url"/><value value="https://satusehat.kemkes.go.id/"/></telecom><telecom><system value="email"/><value value="fhir@dto.kemkes.go.id"/></telecom></contact><description value="The type of payee Resource."/><copyright value="This material derives from the HL7 Terminology (THO). THO is copyright ©1989+ Health Level Seven International and is made available under the CC0 designation. For more licensing information see: https://terminology.hl7.org/license"/><caseSensitive value="true"/><valueSet value="http://terminology.hl7.org/ValueSet/resource-type-link"/><content value="complete"/><concept><code value="organization"/><display value="Organization"/><definition value="Organization resource."/></concept><concept><code value="patient"/><display value="Patient"/><definition value="Patient resource."/></concept><concept><code value="practitioner"/><display value="Practitioner"/><definition value="Practitioner resource."/></concept><concept><code value="relatedperson"/><display value="RelatedPerson"/><definition value="RelatedPerson resource."/></concept></CodeSystem>