<?xml version="1.0" encoding="UTF-8"?><CodeSystem xmlns="http://hl7.org/fhir"><id value="v3-RoleLinkStatus"/><language value="en"/><text><status value="generated"/><div xml:lang="en" xmlns="http://www.w3.org/1999/xhtml" lang="en"><p><b>Properties</b></p><p><b>This code system  defines the following properties for its concepts</b></p><table class="grid"><tr><td><b>Code</b></td><td><b>URI</b></td><td><b>Type</b></td><td><b>Description</b></td></tr><tr><td>Specializes</td><td/><td>Coding</td><td>The child code is a more narrow version of the concept represented by the parent code.  I.e. Every child concept is also a valid parent concept.  Used to allow determination of subsumption.  Must be transitive, irreflexive, antisymmetric.</td></tr><tr><td>Generalizes</td><td/><td>Coding</td><td>Inverse of Specializes.  Only included as a derived relationship.</td></tr><tr><td>internalId</td><td>http://terminology.hl7.org/CodeSystem/utg-concept-properties#v3-internal-id</td><td>code</td><td>The internal identifier for the concept in the HL7 Access database repository.</td></tr><tr><td>status</td><td>http://hl7.org/fhir/concept-properties#status</td><td>code</td><td>Designation of a concept's state. Normally is not populated unless the state is retired.</td></tr></table><p><b>Concepts</b></p><p>This case-sensitive code system <code>http://terminology.hl7.org/CodeSystem/v3-RoleLinkStatus</code> defines the following codes in a Is-A heirarchy:</p><table class="codes"><tr><td><b>Lvl</b></td><td style="white-space:nowrap"><b>Code</b></td><td><b>Display</b></td><td><b>Definition</b></td><td><b>internalId</b></td><td><b>status</b></td></tr><tr><td>1</td><td style="white-space:nowrap">NORMAL<a name="v3-RoleLinkStatus-NORMAL"> </a></td><td>normal</td><td>**Description:** The 'typical' state. Excludes &quot;nullified&quot; which represents the termination state of a RoleLink instance that was created in error.</td><td>23254</td><td>active</td></tr><tr><td>2</td><td style="white-space:nowrap">  ACTIVE<a name="v3-RoleLinkStatus-ACTIVE"> </a></td><td>active</td><td>**Description:** The state indicates the RoleLink is in progress.</td><td>23255</td><td>active</td></tr><tr><td>2</td><td style="white-space:nowrap">  CANCELLED<a name="v3-RoleLinkStatus-CANCELLED"> </a></td><td>cancelled</td><td>**Description:** The terminal state resulting from abandoning the RoleLink prior to or after activation.</td><td>23256</td><td>active</td></tr><tr><td>2</td><td style="white-space:nowrap">  COMPLETED<a name="v3-RoleLinkStatus-COMPLETED"> </a></td><td>completed</td><td>**Description:** The terminal state representing the successful completion of the RoleLink.</td><td>23257</td><td>active</td></tr><tr><td>2</td><td style="white-space:nowrap">  PENDING<a name="v3-RoleLinkStatus-PENDING"> </a></td><td>pending</td><td>**Description:** The state indicates the RoleLink has not yet become active.</td><td>23258</td><td>active</td></tr><tr><td>1</td><td style="white-space:nowrap">NULLIFIED<a name="v3-RoleLinkStatus-NULLIFIED"> </a></td><td>nullified</td><td>**Description:** The state representing the termination of a RoleLink instance that was created in error.</td><td>23259</td><td>active</td></tr></table></div></text><url value="http://terminology.hl7.org/CodeSystem/v3-RoleLinkStatus"/><identifier><system value="urn:ietf:rfc:3986"/><value value="urn:oid:2.16.840.1.113883.5.1137"/></identifier><version value="0.1.0"/><name value="RoleLinkStatus"/><title value="RoleLinkStatus"/><status value="active"/><experimental value="false"/><date value="2019-03-20"/><publisher value="SatuSehat"/><contact><name value="SatuSehat"/><telecom><system value="url"/><value value="https://satusehat.kemkes.go.id/"/></telecom><telecom><system value="email"/><value value="fhir@dto.kemkes.go.id"/></telecom></contact><description value="**Description:**Codes representing possible states of a RoleLink, as defined by the RoleLink class state machine."/><copyright value="This material derives from the HL7 Terminology THO. THO is copyright ©1989+ Health Level Seven International and is made available under the CC0 designation. For more licensing information see: https://terminology.hl7.org/license"/><caseSensitive value="true"/><hierarchyMeaning value="is-a"/><content value="complete"/><property><extension url="http://terminology.hl7.org/StructureDefinition/ext-mif-relationship-symmetry"><valueCode value="antisymmetric"/></extension><extension url="http://terminology.hl7.org/StructureDefinition/ext-mif-relationship-transitivity"><valueCode value="transitive"/></extension><extension url="http://terminology.hl7.org/StructureDefinition/ext-mif-relationship-reflexivity"><valueCode value="irreflexive"/></extension><extension url="http://terminology.hl7.org/StructureDefinition/ext-mif-relationship-isNavigable"><valueBoolean value="true"/></extension><extension url="http://terminology.hl7.org/StructureDefinition/ext-mif-relationship-relationshipKind"><valueCode value="Specializes"/></extension><extension url="http://terminology.hl7.org/StructureDefinition/ext-mif-relationship-inverseName"><valueString value="Generalizes"/></extension><code value="Specializes"/><description value="The child code is a more narrow version of the concept represented by the parent code.  I.e. Every child concept is also a valid parent concept.  Used to allow determination of subsumption.  Must be transitive, irreflexive, antisymmetric."/><type value="Coding"/></property><property><extension url="http://terminology.hl7.org/StructureDefinition/ext-mif-relationship-symmetry"><valueCode value="antisymmetric"/></extension><extension url="http://terminology.hl7.org/StructureDefinition/ext-mif-relationship-transitivity"><valueCode value="transitive"/></extension><extension url="http://terminology.hl7.org/StructureDefinition/ext-mif-relationship-reflexivity"><valueCode value="irreflexive"/></extension><extension url="http://terminology.hl7.org/StructureDefinition/ext-mif-relationship-isNavigable"><valueBoolean value="true"/></extension><extension url="http://terminology.hl7.org/StructureDefinition/ext-mif-relationship-relationshipKind"><valueCode value="Generalizes"/></extension><extension url="http://terminology.hl7.org/StructureDefinition/ext-mif-relationship-inverseName"><valueString value="Specializes"/></extension><code value="Generalizes"/><description value="Inverse of Specializes.  Only included as a derived relationship."/><type value="Coding"/></property><property><code value="internalId"/><uri value="http://terminology.hl7.org/CodeSystem/utg-concept-properties#v3-internal-id"/><description value="The internal identifier for the concept in the HL7 Access database repository."/><type value="code"/></property><property><code value="status"/><uri value="http://hl7.org/fhir/concept-properties#status"/><description value="Designation of a concept's state. Normally is not populated unless the state is retired."/><type value="code"/></property><concept><code value="NORMAL"/><display value="normal"/><definition value="**Description:** The 'typical' state. Excludes &quot;nullified&quot; which represents the termination state of a RoleLink instance that was created in error."/><property><code value="status"/><valueCode value="active"/></property><property><code value="internalId"/><valueCode value="23254"/></property><concept><code value="ACTIVE"/><display value="active"/><definition value="**Description:** The state indicates the RoleLink is in progress."/><property><code value="status"/><valueCode value="active"/></property><property><code value="internalId"/><valueCode value="23255"/></property></concept><concept><code value="CANCELLED"/><display value="cancelled"/><definition value="**Description:** The terminal state resulting from abandoning the RoleLink prior to or after activation."/><property><code value="status"/><valueCode value="active"/></property><property><code value="internalId"/><valueCode value="23256"/></property></concept><concept><code value="COMPLETED"/><display value="completed"/><definition value="**Description:** The terminal state representing the successful completion of the RoleLink."/><property><code value="status"/><valueCode value="active"/></property><property><code value="internalId"/><valueCode value="23257"/></property></concept><concept><code value="PENDING"/><display value="pending"/><definition value="**Description:** The state indicates the RoleLink has not yet become active."/><property><code value="status"/><valueCode value="active"/></property><property><code value="internalId"/><valueCode value="23258"/></property></concept></concept><concept><code value="NULLIFIED"/><display value="nullified"/><definition value="**Description:** The state representing the termination of a RoleLink instance that was created in error."/><property><code value="status"/><valueCode value="active"/></property><property><code value="internalId"/><valueCode value="23259"/></property></concept></CodeSystem>