<?xml version="1.0" encoding="UTF-8"?><CodeSystem xmlns="http://hl7.org/fhir"><id value="failure-action"/><meta><lastUpdated value="2020-04-09T21:10:28.568+00:00"/><profile value="http://hl7.org/fhir/StructureDefinition/shareablecodesystem"/></meta><text><status value="generated"/><div xmlns="http://www.w3.org/1999/xhtml"><p>This case-sensitive code system <code>http://terminology.hl7.org/CodeSystem/failure-action</code> defines the following codes:</p><table class="codes"><tr><td style="white-space:nowrap"><b>Code</b></td><td><b>Display</b></td></tr><tr><td style="white-space:nowrap">fatal<a name="failure-action-fatal"> </a></td><td>Fatal</td></tr><tr><td style="white-space:nowrap">warn<a name="failure-action-warn"> </a></td><td>Warning</td></tr><tr><td style="white-space:nowrap">rec-only<a name="failure-action-rec-only"> </a></td><td>Record only</td></tr><tr><td style="white-space:nowrap">none<a name="failure-action-none"> </a></td><td>None</td></tr></table></div></text><extension url="http://hl7.org/fhir/StructureDefinition/structuredefinition-wg"><valueCode value="pa"/></extension><url value="http://terminology.hl7.org/CodeSystem/failure-action"/><identifier><system value="urn:ietf:rfc:3986"/><value value="urn:oid:2.16.840.1.113883.4.642.1.891"/></identifier><version value="0.1.0"/><name value="Failure_action"/><title value="Failure-action"/><status value="draft"/><experimental value="false"/><date value="2018-06-05T14:06:02+00:00"/><publisher value="SatuSehat"/><contact><name value="SatuSehat"/><telecom><system value="url"/><value value="https://satusehat.kemkes.go.id/"/></telecom><telecom><system value="email"/><value value="fhir@dto.kemkes.go.id"/></telecom></contact><description value="The result if validation fails"/><copyright value="This material derives from the HL7 Terminology (THO). THO is copyright ©1989+ Health Level Seven International and is made available under the CC0 designation. For more licensing information see: https://terminology.hl7.org/license"/><caseSensitive value="true"/><valueSet value="http://terminology.hl7.org/ValueSet/verificationresult-failure-action"/><content value="complete"/><concept><code value="fatal"/><display value="Fatal"/></concept><concept><code value="warn"/><display value="Warning"/></concept><concept><code value="rec-only"/><display value="Record only"/></concept><concept><code value="none"/><display value="None"/></concept></CodeSystem>