<?xml version="1.0" encoding="UTF-8"?><CodeSystem xmlns="http://hl7.org/fhir"><id value="entformula-additive"/><meta><lastUpdated value="2020-04-09T21:10:28.568+00:00"/><profile value="http://hl7.org/fhir/StructureDefinition/shareablecodesystem"/></meta><text><status value="generated"/><div xmlns="http://www.w3.org/1999/xhtml"><p>This case-sensitive code system <code>http://terminology.hl7.org/CodeSystem/entformula-additive</code> defines the following codes:</p><table class="codes"><tr><td style="white-space:nowrap"><b>Code</b></td><td><b>Display</b></td><td><b>Definition</b></td></tr><tr><td style="white-space:nowrap">lipid<a name="entformula-additive-lipid"> </a></td><td>Lipid</td><td>Modular lipid enteral formula component</td></tr><tr><td style="white-space:nowrap">protein<a name="entformula-additive-protein"> </a></td><td>Protein</td><td>Modular protein enteral formula component</td></tr><tr><td style="white-space:nowrap">carbohydrate<a name="entformula-additive-carbohydrate"> </a></td><td>Carbohydrate</td><td>Modular carbohydrate enteral formula component</td></tr><tr><td style="white-space:nowrap">fiber<a name="entformula-additive-fiber"> </a></td><td>Fiber</td><td>Modular fiber enteral formula component</td></tr><tr><td style="white-space:nowrap">water<a name="entformula-additive-water"> </a></td><td>Water</td><td>Added water</td></tr></table></div></text><extension url="http://hl7.org/fhir/StructureDefinition/structuredefinition-wg"><valueCode value="oo"/></extension><extension url="http://hl7.org/fhir/StructureDefinition/structuredefinition-fmm"><valueInteger value="1"/></extension><url value="http://terminology.hl7.org/CodeSystem/entformula-additive"/><identifier><system value="urn:ietf:rfc:3986"/><value value="urn:oid:2.16.840.1.113883.4.642.1.1123"/></identifier><version value="0.1.0"/><name value="EnteralFormulaAdditiveTypeCode"/><title value="Enteral Formula Additive Type Code"/><status value="draft"/><experimental value="false"/><date value="2024-03-09T14:36:19-07:00"/><publisher value="SatuSehat"/><contact><name value="SatuSehat"/><telecom><system value="url"/><value value="https://satusehat.kemkes.go.id/"/></telecom><telecom><system value="email"/><value value="fhir@dto.kemkes.go.id"/></telecom></contact><description value="EnteralFormulaAdditiveType: Codes for the type of modular component such as protein, carbohydrate or fiber to be provided in addition to or mixed with the base formula. This value set is provided as a suggestive example."/><copyright value="This material derives from the HL7 Terminology (THO). THO is copyright ©1989+ Health Level Seven International and is made available under the CC0 designation. For more licensing information see: https://terminology.hl7.org/license"/><caseSensitive value="true"/><valueSet value="http://terminology.hl7.org/ValueSet/entformula-additive"/><content value="complete"/><concept><code value="lipid"/><display value="Lipid"/><definition value="Modular lipid enteral formula component"/></concept><concept><code value="protein"/><display value="Protein"/><definition value="Modular protein enteral formula component"/></concept><concept><code value="carbohydrate"/><display value="Carbohydrate"/><definition value="Modular carbohydrate enteral formula component"/></concept><concept><code value="fiber"/><display value="Fiber"/><definition value="Modular fiber enteral formula component"/></concept><concept><code value="water"/><display value="Water"/><definition value="Added water"/></concept></CodeSystem>