<?xml version="1.0" encoding="UTF-8"?><CodeSystem xmlns="http://hl7.org/fhir"><id value="audit-entity-type"/><meta><lastUpdated value="2020-04-09T21:10:28.568+00:00"/><profile value="http://hl7.org/fhir/StructureDefinition/shareablecodesystem"/></meta><text><status value="generated"/><div xmlns="http://www.w3.org/1999/xhtml"><p>This case-sensitive code system <code>http://terminology.hl7.org/CodeSystem/audit-entity-type</code> defines the following codes:</p><table class="codes"><tr><td style="white-space:nowrap"><b>Code</b></td><td><b>Display</b></td><td><b>Definition</b></td></tr><tr><td style="white-space:nowrap">1<a name="audit-entity-type-1"> </a></td><td>Person</td><td>Person</td></tr><tr><td style="white-space:nowrap">2<a name="audit-entity-type-2"> </a></td><td>System Object</td><td>System Object</td></tr><tr><td style="white-space:nowrap">3<a name="audit-entity-type-3"> </a></td><td>Organization</td><td>Organization</td></tr><tr><td style="white-space:nowrap">4<a name="audit-entity-type-4"> </a></td><td>Other</td><td>Other</td></tr></table></div></text><extension url="http://hl7.org/fhir/StructureDefinition/structuredefinition-wg"><valueCode value="sec"/></extension><extension url="http://hl7.org/fhir/StructureDefinition/structuredefinition-fmm"><valueInteger value="3"/></extension><url value="http://terminology.hl7.org/CodeSystem/audit-entity-type"/><identifier><system value="urn:ietf:rfc:3986"/><value value="urn:oid:2.16.840.1.113883.4.642.1.1134"/></identifier><version value="0.1.0"/><name value="AuditEventEntityType"/><title value="Audit event entity type"/><status value="draft"/><experimental value="false"/><date value="2017-03-10T09:44:54+11:00"/><publisher value="SatuSehat"/><contact><name value="SatuSehat"/><telecom><system value="url"/><value value="https://satusehat.kemkes.go.id/"/></telecom><telecom><system value="email"/><value value="fhir@dto.kemkes.go.id"/></telecom></contact><description value="Code for the entity type involved in the audit event."/><copyright value="This material derives from the HL7 Terminology (THO). THO is copyright ©1989+ Health Level Seven International and is made available under the CC0 designation. For more licensing information see: https://terminology.hl7.org/license"/><caseSensitive value="true"/><content value="complete"/><concept><code value="1"/><display value="Person"/><definition value="Person"/></concept><concept><code value="2"/><display value="System Object"/><definition value="System Object"/></concept><concept><code value="3"/><display value="Organization"/><definition value="Organization"/></concept><concept><code value="4"/><display value="Other"/><definition value="Other"/></concept></CodeSystem>