<?xml version="1.0" encoding="UTF-8"?><CodeSystem xmlns="http://hl7.org/fhir"><id value="implantStatus"/><meta><lastUpdated value="2020-04-09T21:10:28.568+00:00"/></meta><text><status value="generated"/><div xmlns="http://www.w3.org/1999/xhtml"><p>This case-sensitive code system <code>http://terminology.hl7.org/CodeSystem/implantStatus</code> defines the following codes:</p><table class="codes"><tr><td style="white-space:nowrap"><b>Code</b></td><td><b>Display</b></td><td><b>Definition</b></td></tr><tr><td style="white-space:nowrap">functional<a name="implantStatus-functional"> </a></td><td>Functional</td><td>The implanted device is working normally.</td></tr><tr><td style="white-space:nowrap">non-functional<a name="implantStatus-non-functional"> </a></td><td>Non-Functional</td><td>The implanted device is not working.</td></tr><tr><td style="white-space:nowrap">disabled<a name="implantStatus-disabled"> </a></td><td>Disabled</td><td>The implanted device has been turned off.</td></tr><tr><td style="white-space:nowrap">unknown<a name="implantStatus-unknown"> </a></td><td>Unknown</td><td>the functional status of the implant has not been determined.</td></tr></table></div></text><url value="http://terminology.hl7.org/CodeSystem/implantStatus"/><identifier><system value="urn:ietf:rfc:3986"/><value value="urn:oid:2.16.840.1.113883.4.642.1.1283"/></identifier><version value="0.1.0"/><name value="ImplantStatus"/><title value="Implant Status"/><status value="draft"/><experimental value="false"/><date value="2020-04-09T21:10:28+00:00"/><publisher value="SatuSehat"/><contact><name value="SatuSehat"/><telecom><system value="url"/><value value="https://satusehat.kemkes.go.id/"/></telecom><telecom><system value="email"/><value value="fhir@dto.kemkes.go.id"/></telecom></contact><description value="A set codes that define the functional status of an implanted device."/><copyright value="This material derives from the HL7 Terminology (THO). THO is copyright ©1989+ Health Level Seven International and is made available under the CC0 designation. For more licensing information see: https://terminology.hl7.org/license"/><caseSensitive value="true"/><valueSet value="http://terminology.hl7.org/ValueSet/implantStatus"/><content value="complete"/><concept><code value="functional"/><display value="Functional"/><definition value="The implanted device is working normally."/></concept><concept><code value="non-functional"/><display value="Non-Functional"/><definition value="The implanted device is not working."/></concept><concept><code value="disabled"/><display value="Disabled"/><definition value="The implanted device has been turned off."/></concept><concept><code value="unknown"/><display value="Unknown"/><definition value="the functional status of the implant has not been determined."/></concept></CodeSystem>