<?xml version="1.0" encoding="UTF-8"?><CodeSystem xmlns="http://hl7.org/fhir"><id value="v3-SetOperator"/><language value="en"/><text><status value="generated"/><div xml:lang="en" xmlns="http://www.w3.org/1999/xhtml" lang="en"><p><b>Properties</b></p><p><b>This code system  defines the following properties for its concepts</b></p><table class="grid"><tr><td><b>Code</b></td><td><b>URI</b></td><td><b>Type</b></td><td><b>Description</b></td></tr><tr><td>Specializes</td><td/><td>Coding</td><td>The child code is a more narrow version of the concept represented by the parent code.  I.e. Every child concept is also a valid parent concept.  Used to allow determination of subsumption.  Must be transitive, irreflexive, antisymmetric.</td></tr><tr><td>Generalizes</td><td/><td>Coding</td><td>Inverse of Specializes.  Only included as a derived relationship.</td></tr><tr><td>internalId</td><td>http://terminology.hl7.org/CodeSystem/utg-concept-properties#v3-internal-id</td><td>code</td><td>The internal identifier for the concept in the HL7 Access database repository.</td></tr><tr><td>notSelectable</td><td>http://hl7.org/fhir/concept-properties#notSelectable</td><td>boolean</td><td>Indicates that the code is abstract - only intended to be used as a selector for other concepts</td></tr><tr><td>status</td><td>http://hl7.org/fhir/concept-properties#status</td><td>code</td><td>Designation of a concept's state. Normally is not populated unless the state is retired.</td></tr></table><p><b>Concepts</b></p><p>This case-sensitive code system <code>http://terminology.hl7.org/CodeSystem/v3-SetOperator</code> defines the following codes in a Is-A heirarchy:</p><table class="codes"><tr><td><b>Lvl</b></td><td style="white-space:nowrap"><b>Code</b></td><td><b>Display</b></td><td><b>Definition</b></td><td><b>internalId</b></td><td><b>Not Selectable</b></td><td><b>status</b></td></tr><tr><td>1</td><td style="white-space:nowrap">_ValueSetOperator<a name="v3-SetOperator-_ValueSetOperator"> </a></td><td>ValueSetOperator</td><td>Operations that can be used to associate concepts in a terminology.</td><td>22384</td><td>true</td><td>active</td></tr><tr><td>2</td><td style="white-space:nowrap">  E<a name="v3-SetOperator-E"> </a></td><td>exclude</td><td>Form the set-difference with this value, i.e., exclude this element or set from the resulting set.</td><td>11039</td><td/><td>active</td></tr><tr><td>2</td><td style="white-space:nowrap">  I<a name="v3-SetOperator-I"> </a></td><td>include</td><td>Form the union with this value, i.e., include this element or set in the resulting set.</td><td>11038</td><td/><td>active</td></tr><tr><td>1</td><td style="white-space:nowrap">A<a name="v3-SetOperator-A"> </a></td><td>intersect</td><td>Form the intersection with the value.</td><td>17419</td><td/><td>active</td></tr><tr><td>1</td><td style="white-space:nowrap">H<a name="v3-SetOperator-H"> </a></td><td>convex hull</td><td>Form the convex hull with the value. The convex hull is defined over ordered domains and is the smallest contiguous superset (interval) that of all the operand sets.</td><td>17420</td><td/><td>active</td></tr><tr><td>1</td><td style="white-space:nowrap">P<a name="v3-SetOperator-P"> </a></td><td>periodic hull</td><td>Form the periodic hull with the value. The periodic hull is defined over ordered domains and is the periodic set that contains all contiguous supersets of pairs of intervals generated by the operand periodic intervals.</td><td>17421</td><td/><td>active</td></tr></table></div></text><url value="http://terminology.hl7.org/CodeSystem/v3-SetOperator"/><identifier><system value="urn:ietf:rfc:3986"/><value value="urn:oid:2.16.840.1.113883.5.1069"/></identifier><version value="0.1.0"/><name value="SetOperator"/><title value="SetOperator"/><status value="active"/><experimental value="false"/><date value="2019-03-20"/><publisher value="SatuSehat"/><contact><name value="SatuSehat"/><telecom><system value="url"/><value value="https://satusehat.kemkes.go.id/"/></telecom><telecom><system value="email"/><value value="fhir@dto.kemkes.go.id"/></telecom></contact><description value="**** MISSING DESCRIPTION ****"/><copyright value="This material derives from the HL7 Terminology THO. THO is copyright ©1989+ Health Level Seven International and is made available under the CC0 designation. For more licensing information see: https://terminology.hl7.org/license"/><caseSensitive value="true"/><hierarchyMeaning value="is-a"/><content value="complete"/><property><extension url="http://terminology.hl7.org/StructureDefinition/ext-mif-relationship-symmetry"><valueCode value="antisymmetric"/></extension><extension url="http://terminology.hl7.org/StructureDefinition/ext-mif-relationship-transitivity"><valueCode value="transitive"/></extension><extension url="http://terminology.hl7.org/StructureDefinition/ext-mif-relationship-reflexivity"><valueCode value="irreflexive"/></extension><extension url="http://terminology.hl7.org/StructureDefinition/ext-mif-relationship-isNavigable"><valueBoolean value="true"/></extension><extension url="http://terminology.hl7.org/StructureDefinition/ext-mif-relationship-relationshipKind"><valueCode value="Specializes"/></extension><extension url="http://terminology.hl7.org/StructureDefinition/ext-mif-relationship-inverseName"><valueString value="Generalizes"/></extension><code value="Specializes"/><description value="The child code is a more narrow version of the concept represented by the parent code.  I.e. Every child concept is also a valid parent concept.  Used to allow determination of subsumption.  Must be transitive, irreflexive, antisymmetric."/><type value="Coding"/></property><property><extension url="http://terminology.hl7.org/StructureDefinition/ext-mif-relationship-symmetry"><valueCode value="antisymmetric"/></extension><extension url="http://terminology.hl7.org/StructureDefinition/ext-mif-relationship-transitivity"><valueCode value="transitive"/></extension><extension url="http://terminology.hl7.org/StructureDefinition/ext-mif-relationship-reflexivity"><valueCode value="irreflexive"/></extension><extension url="http://terminology.hl7.org/StructureDefinition/ext-mif-relationship-isNavigable"><valueBoolean value="true"/></extension><extension url="http://terminology.hl7.org/StructureDefinition/ext-mif-relationship-relationshipKind"><valueCode value="Generalizes"/></extension><extension url="http://terminology.hl7.org/StructureDefinition/ext-mif-relationship-inverseName"><valueString value="Specializes"/></extension><code value="Generalizes"/><description value="Inverse of Specializes.  Only included as a derived relationship."/><type value="Coding"/></property><property><code value="internalId"/><uri value="http://terminology.hl7.org/CodeSystem/utg-concept-properties#v3-internal-id"/><description value="The internal identifier for the concept in the HL7 Access database repository."/><type value="code"/></property><property><code value="notSelectable"/><uri value="http://hl7.org/fhir/concept-properties#notSelectable"/><description value="Indicates that the code is abstract - only intended to be used as a selector for other concepts"/><type value="boolean"/></property><property><code value="status"/><uri value="http://hl7.org/fhir/concept-properties#status"/><description value="Designation of a concept's state. Normally is not populated unless the state is retired."/><type value="code"/></property><concept><code value="_ValueSetOperator"/><display value="ValueSetOperator"/><definition value="Operations that can be used to associate concepts in a terminology."/><property><code value="notSelectable"/><valueBoolean value="true"/></property><property><code value="status"/><valueCode value="active"/></property><property><code value="internalId"/><valueCode value="22384"/></property><concept><code value="E"/><display value="exclude"/><definition value="Form the set-difference with this value, i.e., exclude this element or set from the resulting set."/><property><code value="status"/><valueCode value="active"/></property><property><code value="internalId"/><valueCode value="11039"/></property></concept><concept><code value="I"/><display value="include"/><definition value="Form the union with this value, i.e., include this element or set in the resulting set."/><property><code value="status"/><valueCode value="active"/></property><property><code value="internalId"/><valueCode value="11038"/></property></concept></concept><concept><code value="A"/><display value="intersect"/><definition value="Form the intersection with the value."/><property><code value="status"/><valueCode value="active"/></property><property><code value="internalId"/><valueCode value="17419"/></property></concept><concept><code value="H"/><display value="convex hull"/><definition value="Form the convex hull with the value. The convex hull is defined over ordered domains and is the smallest contiguous superset (interval) that of all the operand sets."/><property><code value="status"/><valueCode value="active"/></property><property><code value="internalId"/><valueCode value="17420"/></property></concept><concept><code value="P"/><display value="periodic hull"/><definition value="Form the periodic hull with the value. The periodic hull is defined over ordered domains and is the periodic set that contains all contiguous supersets of pairs of intervals generated by the operand periodic intervals."/><property><code value="status"/><valueCode value="active"/></property><property><code value="internalId"/><valueCode value="17421"/></property></concept></CodeSystem>