<?xml version="1.0" encoding="UTF-8"?><CodeSystem xmlns="http://hl7.org/fhir"><id value="v3-fda-FFRN"/><text><status value="generated"/><div xmlns="http://www.w3.org/1999/xhtml"><p>This case-sensitive code system <code>http://terminology.hl7.org/CodeSystem/v3-fda-FFRN</code> defines codes, but no codes are represented here</p></div></text><url value="http://terminology.hl7.org/CodeSystem/v3-fda-FFRN"/><identifier><system value="urn:ietf:rfc:3986"/><value value="urn:oid:2.16.840.1.113883.3.24.6.1"/></identifier><version value="0.1.0"/><name value="FdaFFRN"/><title value="Food and Drug Administration Food Facility Registration Numbers"/><status value="retired"/><experimental value="false"/><date value="2021-11-09T10:00:00+10:00"/><publisher value="SatuSehat"/><contact><name value="SatuSehat"/><telecom><system value="url"/><value value="https://satusehat.kemkes.go.id/"/></telecom><telecom><system value="email"/><value value="fhir@dto.kemkes.go.id"/></telecom></contact><description value="Entered in error originally - do not use. Correct OID for this item is 2.16.840.1.113883.4.344."/><caseSensitive value="true"/><content value="not-present"/></CodeSystem>