<?xml version="1.0" encoding="UTF-8"?><CodeSystem xmlns="http://hl7.org/fhir"><id value="catalogType"/><meta><lastUpdated value="2020-04-09T21:10:28.568+00:00"/></meta><text><status value="generated"/><div xmlns="http://www.w3.org/1999/xhtml"><p>This case-sensitive code system <code>http://terminology.hl7.org/CodeSystem/catalogType</code> defines the following codes:</p><table class="codes"><tr><td style="white-space:nowrap"><b>Code</b></td><td><b>Display</b></td><td><b>Definition</b></td></tr><tr><td style="white-space:nowrap">medication<a name="catalogType-medication"> </a></td><td>Medication Catalog</td><td>Medication Catalog.</td></tr><tr><td style="white-space:nowrap">device<a name="catalogType-device"> </a></td><td>Device Catalog</td><td>Device Catalog.</td></tr><tr><td style="white-space:nowrap">protocol<a name="catalogType-protocol"> </a></td><td>Protocol List</td><td>Protocol List.</td></tr></table></div></text><url value="http://terminology.hl7.org/CodeSystem/catalogType"/><identifier><system value="urn:ietf:rfc:3986"/><value value="urn:oid:2.16.840.1.113883.4.642.1.1288"/></identifier><version value="0.1.0"/><name value="CatalogType"/><title value="CatalogType"/><status value="draft"/><experimental value="false"/><date value="2020-04-09T21:10:28+00:00"/><publisher value="SatuSehat"/><contact><name value="SatuSehat"/><telecom><system value="url"/><value value="https://satusehat.kemkes.go.id/"/></telecom><telecom><system value="email"/><value value="fhir@dto.kemkes.go.id"/></telecom></contact><description value="The type of catalog."/><copyright value="This material derives from the HL7 Terminology (THO). THO is copyright ©1989+ Health Level Seven International and is made available under the CC0 designation. For more licensing information see: https://terminology.hl7.org/license"/><caseSensitive value="true"/><valueSet value="http://terminology.hl7.org/ValueSet/catalogType"/><content value="complete"/><concept><code value="medication"/><display value="Medication Catalog"/><definition value="Medication Catalog."/></concept><concept><code value="device"/><display value="Device Catalog"/><definition value="Device Catalog."/></concept><concept><code value="protocol"/><display value="Protocol List"/><definition value="Protocol List."/></concept></CodeSystem>