<?xml version="1.0" encoding="UTF-8"?><CodeSystem xmlns="http://hl7.org/fhir"><id value="pnds"/><text><status value="generated"/><div xmlns="http://www.w3.org/1999/xhtml"><p>This case-sensitive code system <code>http://terminology.hl7.org/CodeSystem/pnds</code> defines codes, but no codes are represented here</p></div></text><url value="http://terminology.hl7.org/CodeSystem/pnds"/><identifier><system value="urn:ietf:rfc:3986"/><value value="urn:oid:2.16.840.1.113883.6.22"/></identifier><version value="0.1.0"/><name value="Pnds"/><title value="Perioperative Nursing Data Set"/><status value="retired"/><experimental value="false"/><date value="2021-11-09T10:00:00+10:00"/><publisher value="SatuSehat"/><contact><name value="SatuSehat"/><telecom><system value="url"/><value value="https://satusehat.kemkes.go.id/"/></telecom><telecom><system value="email"/><value value="fhir@dto.kemkes.go.id"/></telecom></contact><description value="The PNDS provides standardized terms and codes for patient problems/nursing diagnoses, nursing interventions including actual or expected (goal) outcomes. The PNDS provides standardized terms and codes for nursing diagnoses (a subset of NANDA), nursing interventions and outcomes. The outcomes and interventions are in a relational database. The PNDS intervention and outcome statements are attached in an Access Database. The NANDA diagnoses in the PNDS have already been registered by HL7."/><caseSensitive value="true"/><content value="not-present"/></CodeSystem>