<?xml version="1.0" encoding="UTF-8"?><CodeSystem xmlns="http://hl7.org/fhir"><id value="naics"/><text><status value="generated"/><div xmlns="http://www.w3.org/1999/xhtml"><p>This case-sensitive code system <code>http://terminology.hl7.org/CodeSystem/naics</code> defines codes, but no codes are represented here</p></div></text><url value="http://terminology.hl7.org/CodeSystem/naics"/><identifier><system value="urn:ietf:rfc:3986"/><value value="urn:oid:2.16.840.1.113883.6.85"/></identifier><version value="0.1.0"/><name value="Naics"/><title value="North American Industry Classification System"/><status value="retired"/><experimental value="false"/><date value="2021-11-09T10:00:00+10:00"/><publisher value="SatuSehat"/><contact><name value="SatuSehat"/><telecom><system value="url"/><value value="https://satusehat.kemkes.go.id/"/></telecom><telecom><system value="email"/><value value="fhir@dto.kemkes.go.id"/></telecom></contact><description value="North American Industry Classification System(NAICS) for the United States, a new economic classification system that replaces the 1987 Standard Industrial Classification (SIC) for statistical purposes. NAICS is a system for classifying establishments by type of economic activity. Its purposes are: (1) to facilitate the collection, tabulation, presentation, and analysis of data relating to establishments, and (2) to promote uniformity and comparability in the presentation of statistical data describing the economy. NAICS will be used by Federal statistical agencies that collect or publish data by industry."/><caseSensitive value="true"/><content value="not-present"/></CodeSystem>