<?xml version="1.0" encoding="UTF-8"?><CodeSystem xmlns="http://hl7.org/fhir"><id value="goal-category"/><meta><lastUpdated value="2020-04-09T21:10:28.568+00:00"/><profile value="http://hl7.org/fhir/StructureDefinition/shareablecodesystem"/></meta><text><status value="generated"/><div xmlns="http://www.w3.org/1999/xhtml"><p>This case-sensitive code system <code>http://terminology.hl7.org/CodeSystem/goal-category</code> defines the following codes:</p><table class="codes"><tr><td style="white-space:nowrap"><b>Code</b></td><td><b>Display</b></td><td><b>Definition</b></td></tr><tr><td style="white-space:nowrap">dietary<a name="goal-category-dietary"> </a></td><td>Dietary</td><td>Goals related to the consumption of food and/or beverages.</td></tr><tr><td style="white-space:nowrap">safety<a name="goal-category-safety"> </a></td><td>Safety</td><td>Goals related to the personal protection of the subject.</td></tr><tr><td style="white-space:nowrap">behavioral<a name="goal-category-behavioral"> </a></td><td>Behavioral</td><td>Goals related to the manner in which the subject acts.</td></tr><tr><td style="white-space:nowrap">nursing<a name="goal-category-nursing"> </a></td><td>Nursing</td><td>Goals related to the practice of nursing or established by nurses.</td></tr><tr><td style="white-space:nowrap">physiotherapy<a name="goal-category-physiotherapy"> </a></td><td>Physiotherapy</td><td>Goals related to the mobility and/or motor capability of the subject.</td></tr></table></div></text><extension url="http://hl7.org/fhir/StructureDefinition/structuredefinition-wg"><valueCode value="pc"/></extension><extension url="http://hl7.org/fhir/StructureDefinition/structuredefinition-fmm"><valueInteger value="1"/></extension><url value="http://terminology.hl7.org/CodeSystem/goal-category"/><identifier><system value="urn:ietf:rfc:3986"/><value value="urn:oid:2.16.840.1.113883.4.642.1.1097"/></identifier><version value="0.1.0"/><name value="GoalCategory"/><title value="Goal category"/><status value="draft"/><experimental value="false"/><date value="2024-03-09T14:36:19-07:00"/><publisher value="SatuSehat"/><contact><name value="SatuSehat"/><telecom><system value="url"/><value value="https://satusehat.kemkes.go.id/"/></telecom><telecom><system value="email"/><value value="fhir@dto.kemkes.go.id"/></telecom></contact><description value="Example codes for grouping goals to use for filtering or presentation."/><copyright value="This material derives from the HL7 Terminology (THO). THO is copyright ©1989+ Health Level Seven International and is made available under the CC0 designation. For more licensing information see: https://terminology.hl7.org/license"/><caseSensitive value="true"/><valueSet value="http://terminology.hl7.org/ValueSet/goal-category"/><content value="complete"/><concept><code value="dietary"/><display value="Dietary"/><definition value="Goals related to the consumption of food and/or beverages."/></concept><concept><code value="safety"/><display value="Safety"/><definition value="Goals related to the personal protection of the subject."/></concept><concept><code value="behavioral"/><display value="Behavioral"/><definition value="Goals related to the manner in which the subject acts."/></concept><concept><code value="nursing"/><display value="Nursing"/><definition value="Goals related to the practice of nursing or established by nurses."/></concept><concept><code value="physiotherapy"/><display value="Physiotherapy"/><definition value="Goals related to the mobility and/or motor capability of the subject."/></concept></CodeSystem>