<?xml version="1.0" encoding="UTF-8"?><CodeSystem xmlns="http://hl7.org/fhir"><id value="v3-rxNorm"/><language value="en"/><text><status value="generated"/><div xml:lang="en" xmlns="http://www.w3.org/1999/xhtml" lang="en"><p>This case-sensitive code system <code>http://www.nlm.nih.gov/research/umls/rxnorm</code> defines codes, but no codes are represented here</p></div></text><extension url="http://hl7.org/fhir/StructureDefinition/codesystem-properties-mode"><valueCode value="not-present"/></extension><url value="http://www.nlm.nih.gov/research/umls/rxnorm"/><identifier><system value="urn:ietf:rfc:3986"/><value value="urn:oid:2.16.840.1.113883.6.88"/></identifier><version value="0.1.0"/><name value="RxNorm"/><title value="RxNorm"/><status value="active"/><experimental value="false"/><date value="2020-11-03"/><publisher value="SatuSehat"/><contact><name value="SatuSehat"/><telecom><system value="url"/><value value="https://satusehat.kemkes.go.id/"/></telecom><telecom><system value="email"/><value value="fhir@dto.kemkes.go.id"/></telecom></contact><description value="RxNorm provides normalized names for clinical drugs and links its names to many of the drug vocabularies commonly used in pharmacy management and drug interaction software, including those of First Databank, Micromedex, and Gold Standard Drug Database. By providing links between these vocabularies, RxNorm can mediate messages between systems not using the same software and vocabulary. RxNorm now includes the United States Pharmacopeia (USP) Compendial Nomenclature from the United States Pharmacopeial Convention. USP is a cumulative data set of all Active Pharmaceutical Ingredients (API)."/><copyright value="Using RxNorm codes of type SAB=RXNORM as this specification describes does not require  a UMLS license. Access to the full set of RxNorm definitions, and/or additional use of other RxNorm structures and information requires a UMLS license. The use of RxNorm in this specification is pursuant to HL7's status as a licensee of the NLM UMLS. HL7's license does not convey the right to use RxNorm to any users of this specification; implementers must acquire a license to use RxNorm in their own right."/><caseSensitive value="true"/><content value="not-present"/></CodeSystem>