<?xml version="1.0" encoding="UTF-8"?><CodeSystem xmlns="http://hl7.org/fhir"><id value="KemkesImmunizationRoutineTimingCS"/><meta><versionId value="2"/><lastUpdated value="2023-11-09T13:31:14.515+07:00"/></meta><language value="Indonesia"/><text><status value="generated"/><div xmlns="http://www.w3.org/1999/xhtml" xml:lang="Indonesia" lang="Indonesia"><p>This case-sensitive code system <code>http://terminology.kemkes.go.id/CodeSystem/immunization-routine-timing</code> defines the following codes in a Is-A heirarchy:</p><table class="codes"><tr><td style="white-space:nowrap"><b>Code</b></td><td><b>Display</b></td></tr><tr><td style="white-space:nowrap">IM-Ideal<a name="KemkesImmunizationRoutineTimingCS-IM-Ideal"> </a></td><td>Imunisasi Ideal</td></tr><tr><td style="white-space:nowrap">IM-Kejar<a name="KemkesImmunizationRoutineTimingCS-IM-Kejar"> </a></td><td>Imunisasi Kejar</td></tr></table></div></text><url value="http://terminology.kemkes.go.id/CodeSystem/immunization-routine-timing"/><version value="0.1.0"/><name value="KemkesImmunizationRoutineTimingCS"/><title value="Terminology Kemkes immunization routine timing CodeSystem"/><status value="active"/><experimental value="false"/><date value="2024-02-05T00:00:00.000Z"/><publisher value="Thomas Chaidir"/><contact><name value="Thomas Chaidir"/><telecom><system value="url"/><value value="https://satusehat.kemkes.go.id/"/></telecom></contact><description value="Terminology Kemkes immunization routine timing CodeSystem"/><caseSensitive value="true"/><valueSet value="http://terminology.kemkes.go.id/ValueSet/immunization-routine-timing"/><hierarchyMeaning value="is-a"/><compositional value="false"/><versionNeeded value="true"/><content value="complete"/><count value="2"/><concept><code value="IM-Ideal"/><display value="Imunisasi Ideal"/></concept><concept><code value="IM-Kejar"/><display value="Imunisasi Kejar"/></concept></CodeSystem>