<?xml version="1.0" encoding="UTF-8"?><CodeSystem xmlns="http://hl7.org/fhir"><id value="v3-icpc"/><text><status value="generated"/><div xmlns="http://www.w3.org/1999/xhtml"><p>This case-sensitive code system <code>http://hl7.org/fhir/sid/icpc-1</code> defines codes, but no codes are represented here</p></div></text><url value="http://hl7.org/fhir/sid/icpc-1"/><identifier><system value="urn:ietf:rfc:3986"/><value value="urn:oid:2.16.840.1.113883.6.138"/></identifier><version value="0.1.0"/><name value="Icpc"/><title value="International Classification of Primary Care, 1993 edition"/><status value="active"/><experimental value="false"/><date value="2019-03-20T00:00:00-04:00"/><publisher value="SatuSehat"/><contact><name value="SatuSehat"/><telecom><system value="url"/><value value="https://satusehat.kemkes.go.id/"/></telecom><telecom><system value="email"/><value value="fhir@dto.kemkes.go.id"/></telecom></contact><description value="The International Classification of Primary Care (ICPC). Denmark: World Organisation of Family Doctors, 1993. Various language translations are identified beneath this OID."/><caseSensitive value="true"/><content value="not-present"/></CodeSystem>