<?xml version="1.0" encoding="UTF-8"?><CodeSystem xmlns="http://hl7.org/fhir"><id value="library-type"/><meta><lastUpdated value="2020-04-09T21:10:28.568+00:00"/></meta><text><status value="generated"/><div xmlns="http://www.w3.org/1999/xhtml"><p>This case-sensitive code system <code>http://terminology.hl7.org/CodeSystem/library-type</code> defines the following codes:</p><table class="codes"><tr><td style="white-space:nowrap"><b>Code</b></td><td><b>Display</b></td><td><b>Definition</b></td></tr><tr><td style="white-space:nowrap">logic-library<a name="library-type-logic-library"> </a></td><td>Logic Library</td><td>The resource is a shareable library of formalized knowledge.</td></tr><tr><td style="white-space:nowrap">model-definition<a name="library-type-model-definition"> </a></td><td>Model Definition</td><td>The resource is a definition of an information model.</td></tr><tr><td style="white-space:nowrap">asset-collection<a name="library-type-asset-collection"> </a></td><td>Asset Collection</td><td>The resource is a collection of knowledge assets.</td></tr><tr><td style="white-space:nowrap">module-definition<a name="library-type-module-definition"> </a></td><td>Module Definition</td><td>The resource defines the dependencies, parameters, and data requirements for a particular module or evaluation context.</td></tr></table></div></text><extension url="http://hl7.org/fhir/StructureDefinition/structuredefinition-wg"><valueCode value="cds"/></extension><extension url="http://hl7.org/fhir/StructureDefinition/structuredefinition-fmm"><valueInteger value="2"/></extension><url value="http://terminology.hl7.org/CodeSystem/library-type"/><identifier><system value="urn:ietf:rfc:3986"/><value value="urn:oid:2.16.840.1.113883.4.642.1.1230"/></identifier><version value="0.1.0"/><name value="LibraryType"/><title value="LibraryType"/><status value="draft"/><experimental value="false"/><date value="2020-04-09T21:10:28+00:00"/><publisher value="SatuSehat"/><contact><name value="SatuSehat"/><telecom><system value="url"/><value value="https://satusehat.kemkes.go.id/"/></telecom><telecom><system value="email"/><value value="fhir@dto.kemkes.go.id"/></telecom></contact><description value="The type of knowledge asset this library contains."/><copyright value="This material derives from the HL7 Terminology (THO). THO is copyright ©1989+ Health Level Seven International and is made available under the CC0 designation. For more licensing information see: https://terminology.hl7.org/license"/><caseSensitive value="true"/><valueSet value="http://terminology.hl7.org/ValueSet/library-type"/><content value="complete"/><concept><code value="logic-library"/><display value="Logic Library"/><definition value="The resource is a shareable library of formalized knowledge."/></concept><concept><code value="model-definition"/><display value="Model Definition"/><definition value="The resource is a definition of an information model."/></concept><concept><code value="asset-collection"/><display value="Asset Collection"/><definition value="The resource is a collection of knowledge assets."/></concept><concept><code value="module-definition"/><display value="Module Definition"/><definition value="The resource defines the dependencies, parameters, and data requirements for a particular module or evaluation context."/></concept></CodeSystem>