<?xml version="1.0" encoding="UTF-8"?><CodeSystem xmlns="http://hl7.org/fhir"><id value="chargeitem-billingcodes"/><meta><lastUpdated value="2020-04-09T21:10:28.568+00:00"/></meta><text><status value="generated"/><div xmlns="http://www.w3.org/1999/xhtml"><p>This case-sensitive code system <code>http://terminology.hl7.org/CodeSystem/chargeitem-billingcodes</code> defines the following codes:</p><table class="codes"><tr><td style="white-space:nowrap"><b>Code</b></td><td><b>Display</b></td><td><b>Definition</b></td></tr><tr><td style="white-space:nowrap">1100<a name="chargeitem-billingcodes-1100"> </a></td><td>Unvorhergesehene Inanspruchnahme</td><td><div><p>From German EBM billing system:
Unvorhergesehene Inanspruchnahme des Vertragsarztes durch einen Patienten;zwischen 19:00 und 22:00 Uhr;an Samstagen, Sonntagen und gesetzlichen Feiertagen, am 24.12. und 31.12. zwischen 07:00 und 19:00 Uhr.</p>
</div></td></tr><tr><td style="white-space:nowrap">1210<a name="chargeitem-billingcodes-1210"> </a></td><td>Notfallpauschale</td><td><div><p>From German EBM billing system:
Notfallpauschale im organisierten Not(-fall)dienst und für nicht an der vertragsärztlichen Versorgung teilnehmende Ärzte, Institute und Krankenhäuser bei Inanspruchnahme;zwischen 07:00 und 19:00 Uhr.</p>
</div></td></tr><tr><td style="white-space:nowrap">1320<a name="chargeitem-billingcodes-1320"> </a></td><td>Grundpauschale</td><td><div><p>From German EBM billing system:
Grundpauschale für Ärzte, Institute und Krankenhäuser, die zur Erbringung von Leistungen innerhalb mindestens eines der Fachgebiete Anästhesiologie, Frauenheilkunde und Geburtshilfe, Haut- und Geschlechtskrankheiten, Mund-, Kiefer- und Gesichtschirurgie und Humangenetik ermächtigt sind.</p>
</div></td></tr></table></div></text><extension url="http://hl7.org/fhir/StructureDefinition/structuredefinition-wg"><valueCode value="pa"/></extension><extension url="http://hl7.org/fhir/StructureDefinition/structuredefinition-fmm"><valueInteger value="1"/></extension><url value="http://terminology.hl7.org/CodeSystem/chargeitem-billingcodes"/><identifier><system value="urn:ietf:rfc:3986"/><value value="urn:oid:2.16.840.1.113883.4.642.1.1257"/></identifier><version value="0.1.0"/><name value="ChargeItemCode"/><title value="ChargeItemCode"/><status value="draft"/><experimental value="false"/><date value="2020-04-09T21:10:28+00:00"/><publisher value="SatuSehat"/><contact><name value="SatuSehat"/><telecom><system value="url"/><value value="https://satusehat.kemkes.go.id/"/></telecom><telecom><system value="email"/><value value="fhir@dto.kemkes.go.id"/></telecom></contact><description value="Example set of codes that can be used for billing purposes."/><copyright value="This material derives from the HL7 Terminology (THO). THO is copyright ©1989+ Health Level Seven International and is made available under the CC0 designation. For more licensing information see: https://terminology.hl7.org/license"/><caseSensitive value="true"/><valueSet value="http://terminology.hl7.org/ValueSet/chargeitem-billingcodes"/><content value="complete"/><concept><code value="1100"/><display value="Unvorhergesehene Inanspruchnahme"/><definition value="From German EBM billing system:&#xA;Unvorhergesehene Inanspruchnahme des Vertragsarztes durch einen Patienten;zwischen 19:00 und 22:00 Uhr;an Samstagen, Sonntagen und gesetzlichen Feiertagen, am 24.12. und 31.12. zwischen 07:00 und 19:00 Uhr."/></concept><concept><code value="1210"/><display value="Notfallpauschale"/><definition value="From German EBM billing system:&#xA;Notfallpauschale im organisierten Not(-fall)dienst und für nicht an der vertragsärztlichen Versorgung teilnehmende Ärzte, Institute und Krankenhäuser bei Inanspruchnahme;zwischen 07:00 und 19:00 Uhr."/></concept><concept><code value="1320"/><display value="Grundpauschale"/><definition value="From German EBM billing system:&#xA;Grundpauschale für Ärzte, Institute und Krankenhäuser, die zur Erbringung von Leistungen innerhalb mindestens eines der Fachgebiete Anästhesiologie, Frauenheilkunde und Geburtshilfe, Haut- und Geschlechtskrankheiten, Mund-, Kiefer- und Gesichtschirurgie und Humangenetik ermächtigt sind."/></concept></CodeSystem>