<?xml version="1.0" encoding="UTF-8"?><CodeSystem xmlns="http://hl7.org/fhir"><id value="v3-ManagedParticipationStatus"/><language value="en"/><text><status value="generated"/><div xml:lang="en" xmlns="http://www.w3.org/1999/xhtml" lang="en"><p><b>Properties</b></p><p><b>This code system  defines the following properties for its concepts</b></p><table class="grid"><tr><td><b>Code</b></td><td><b>URI</b></td><td><b>Type</b></td><td><b>Description</b></td></tr><tr><td>Specializes</td><td/><td>Coding</td><td>The child code is a more narrow version of the concept represented by the parent code.  I.e. Every child concept is also a valid parent concept.  Used to allow determination of subsumption.  Must be transitive, irreflexive, antisymmetric.</td></tr><tr><td>Generalizes</td><td/><td>Coding</td><td>Inverse of Specializes.  Only included as a derived relationship.</td></tr><tr><td>internalId</td><td>http://terminology.hl7.org/CodeSystem/utg-concept-properties#v3-internal-id</td><td>code</td><td>The internal identifier for the concept in the HL7 Access database repository.</td></tr><tr><td>status</td><td>http://hl7.org/fhir/concept-properties#status</td><td>code</td><td>Designation of a concept's state. Normally is not populated unless the state is retired.</td></tr></table><p><b>Concepts</b></p><p>This case-sensitive code system <code>http://terminology.hl7.org/CodeSystem/v3-ManagedParticipationStatus</code> defines the following codes in a Is-A heirarchy:</p><table class="codes"><tr><td><b>Lvl</b></td><td style="white-space:nowrap"><b>Code</b></td><td><b>Definition</b></td><td><b>internalId</b></td><td><b>status</b></td></tr><tr><td>1</td><td style="white-space:nowrap">normal<a name="v3-ManagedParticipationStatus-normal"> </a></td><td>The 'typical' state. Excludes &quot;nullified&quot; which represents the termination state of a participation instance that was created in error.</td><td>15993</td><td>active</td></tr><tr><td>2</td><td style="white-space:nowrap">  active<a name="v3-ManagedParticipationStatus-active"> </a></td><td>The state representing the fact that the Participation is in progress.</td><td>15996</td><td>active</td></tr><tr><td>2</td><td style="white-space:nowrap">  cancelled<a name="v3-ManagedParticipationStatus-cancelled"> </a></td><td>The terminal state resulting from cancellation of the Participation prior to activation.</td><td>15995</td><td>active</td></tr><tr><td>2</td><td style="white-space:nowrap">  completed<a name="v3-ManagedParticipationStatus-completed"> </a></td><td>The terminal state representing the successful completion of the Participation.</td><td>15997</td><td>active</td></tr><tr><td>2</td><td style="white-space:nowrap">  pending<a name="v3-ManagedParticipationStatus-pending"> </a></td><td>The state representing that fact that the Participation has not yet become active.</td><td>15994</td><td>active</td></tr><tr><td>1</td><td style="white-space:nowrap">nullified<a name="v3-ManagedParticipationStatus-nullified"> </a></td><td>The state representing the termination of a Participation instance that was created in error.</td><td>15998</td><td>active</td></tr></table></div></text><url value="http://terminology.hl7.org/CodeSystem/v3-ManagedParticipationStatus"/><identifier><system value="urn:ietf:rfc:3986"/><value value="urn:oid:2.16.840.1.113883.5.1062"/></identifier><version value="0.1.0"/><name value="ManagedParticipationStatus"/><title value="ManagedParticipationStatus"/><status value="active"/><experimental value="false"/><date value="2019-03-20"/><publisher value="SatuSehat"/><contact><name value="SatuSehat"/><telecom><system value="url"/><value value="https://satusehat.kemkes.go.id/"/></telecom><telecom><system value="email"/><value value="fhir@dto.kemkes.go.id"/></telecom></contact><description value="Codes representing the defined possible states of a Managed Participation, as defined by the Managed Participation class state machine."/><copyright value="This material derives from the HL7 Terminology THO. THO is copyright ©1989+ Health Level Seven International and is made available under the CC0 designation. For more licensing information see: https://terminology.hl7.org/license"/><caseSensitive value="true"/><hierarchyMeaning value="is-a"/><content value="complete"/><property><extension url="http://terminology.hl7.org/StructureDefinition/ext-mif-relationship-symmetry"><valueCode value="antisymmetric"/></extension><extension url="http://terminology.hl7.org/StructureDefinition/ext-mif-relationship-transitivity"><valueCode value="transitive"/></extension><extension url="http://terminology.hl7.org/StructureDefinition/ext-mif-relationship-reflexivity"><valueCode value="irreflexive"/></extension><extension url="http://terminology.hl7.org/StructureDefinition/ext-mif-relationship-isNavigable"><valueBoolean value="true"/></extension><extension url="http://terminology.hl7.org/StructureDefinition/ext-mif-relationship-relationshipKind"><valueCode value="Specializes"/></extension><extension url="http://terminology.hl7.org/StructureDefinition/ext-mif-relationship-inverseName"><valueString value="Generalizes"/></extension><code value="Specializes"/><description value="The child code is a more narrow version of the concept represented by the parent code.  I.e. Every child concept is also a valid parent concept.  Used to allow determination of subsumption.  Must be transitive, irreflexive, antisymmetric."/><type value="Coding"/></property><property><extension url="http://terminology.hl7.org/StructureDefinition/ext-mif-relationship-symmetry"><valueCode value="antisymmetric"/></extension><extension url="http://terminology.hl7.org/StructureDefinition/ext-mif-relationship-transitivity"><valueCode value="transitive"/></extension><extension url="http://terminology.hl7.org/StructureDefinition/ext-mif-relationship-reflexivity"><valueCode value="irreflexive"/></extension><extension url="http://terminology.hl7.org/StructureDefinition/ext-mif-relationship-isNavigable"><valueBoolean value="true"/></extension><extension url="http://terminology.hl7.org/StructureDefinition/ext-mif-relationship-relationshipKind"><valueCode value="Generalizes"/></extension><extension url="http://terminology.hl7.org/StructureDefinition/ext-mif-relationship-inverseName"><valueString value="Specializes"/></extension><code value="Generalizes"/><description value="Inverse of Specializes.  Only included as a derived relationship."/><type value="Coding"/></property><property><code value="internalId"/><uri value="http://terminology.hl7.org/CodeSystem/utg-concept-properties#v3-internal-id"/><description value="The internal identifier for the concept in the HL7 Access database repository."/><type value="code"/></property><property><code value="status"/><uri value="http://hl7.org/fhir/concept-properties#status"/><description value="Designation of a concept's state. Normally is not populated unless the state is retired."/><type value="code"/></property><concept><code value="normal"/><display value="normal"/><definition value="The 'typical' state. Excludes &quot;nullified&quot; which represents the termination state of a participation instance that was created in error."/><property><code value="status"/><valueCode value="active"/></property><property><code value="internalId"/><valueCode value="15993"/></property><concept><code value="active"/><display value="active"/><definition value="The state representing the fact that the Participation is in progress."/><property><code value="status"/><valueCode value="active"/></property><property><code value="internalId"/><valueCode value="15996"/></property></concept><concept><code value="cancelled"/><display value="cancelled"/><definition value="The terminal state resulting from cancellation of the Participation prior to activation."/><property><code value="status"/><valueCode value="active"/></property><property><code value="internalId"/><valueCode value="15995"/></property></concept><concept><code value="completed"/><display value="completed"/><definition value="The terminal state representing the successful completion of the Participation."/><property><code value="status"/><valueCode value="active"/></property><property><code value="internalId"/><valueCode value="15997"/></property></concept><concept><code value="pending"/><display value="pending"/><definition value="The state representing that fact that the Participation has not yet become active."/><property><code value="status"/><valueCode value="active"/></property><property><code value="internalId"/><valueCode value="15994"/></property></concept></concept><concept><code value="nullified"/><display value="nullified"/><definition value="The state representing the termination of a Participation instance that was created in error."/><property><code value="status"/><valueCode value="active"/></property><property><code value="internalId"/><valueCode value="15998"/></property></concept></CodeSystem>