<?xml version="1.0" encoding="UTF-8"?><CodeSystem xmlns="http://hl7.org/fhir"><id value="MVX"/><text><status value="generated"/><div xmlns="http://www.w3.org/1999/xhtml"><p>This case-sensitive code system <code>http://hl7.org/fhir/sid/mvx</code> defines codes, but no codes are represented here</p></div></text><url value="http://hl7.org/fhir/sid/mvx"/><identifier><system value="urn:ietf:rfc:3986"/><value value="urn:oid:2.16.840.1.113883.12.227"/></identifier><version value="0.1.0"/><name value="MVX"/><title value="Manufacturers of Vaccines (MVX)"/><status value="active"/><experimental value="false"/><date value="2023-06-12T00:00:00-04:00"/><publisher value="SatuSehat"/><contact><name value="SatuSehat"/><telecom><system value="url"/><value value="https://satusehat.kemkes.go.id/"/></telecom><telecom><system value="email"/><value value="fhir@dto.kemkes.go.id"/></telecom></contact><description value="&quot;The CDC's National Center for Immunization and Respiratory Diseases ([NCIRD](https://www.cdc.gov/ncird/)) developed and maintains HL7 Table 0227, Manufacturers of Vaccines (MVX). It includes both active and inactive manufacturers of vaccines in the US. Inactive MVX codes allow transmission of historical immunization records. When MVX code is paired with a CVX (vaccine administered) code, the specific trade named vaccine may be indicated. MVX is the underlying Master Code System for V2 table 0227 (Manufacturers Of Vaccines (code=MVX)). The machine readable name for MVX in PHIN VADS is PH_VaccinesAdministeredCVX_CDC_NIP.&#xD;&#xA;&#xD;&#xA;Status indicates if the manufacturer is currently making vaccine for distribution in the United States.&#xD;&#xA;&#xD;&#xA;Last Updated indicates the last time this particular manufacturer code was updated in this table.&#xD;&#xA;&#xD;&#xA;Questions regarding MVX should be directed to the [IIS Technical Assistance Team](mailto:iisinfo@cdc.gov)(or use [mailing address](https://www2.cdc.gov/vaccines/iis/iisstandards/vaccines.asp?rpt=mvx#addr)).&quot;&#xD;&#xA;&#xD;&#xA;For more information, please see [here](https://www2.cdc.gov/vaccines/iis/iisstandards/vaccines.asp?rpt=mvx)."/><copyright value="&quot;Most of the information on the CDC and ATSDR websites is not subject to copyright, is in the public domain, and may be freely used or reproduced without obtaining copyright permission.&quot;&#xD;&#xA;&#xD;&#xA;For information and exceptions regarding use of CDC material please see [here](https://www.cdc.gov/other/agencymaterials.html)."/><caseSensitive value="true"/><content value="not-present"/></CodeSystem>