<?xml version="1.0" encoding="UTF-8"?><CodeSystem xmlns="http://hl7.org/fhir"><id value="icd9cm"/><text><status value="generated"/><div xmlns="http://www.w3.org/1999/xhtml"><p>This case-sensitive code system <code>http://terminology.hl7.org/CodeSystem/icd9cm</code> defines codes, but no codes are represented here</p></div></text><url value="http://terminology.hl7.org/CodeSystem/icd9cm"/><identifier><system value="urn:ietf:rfc:3986"/><value value="urn:oid:2.16.840.1.113883.6.2"/></identifier><version value="0.1.0"/><name value="Icd9cm"/><title value="ICD-9CM"/><status value="retired"/><experimental value="false"/><date value="2023-08-22T00:00:00-04:00"/><publisher value="SatuSehat"/><contact><name value="SatuSehat"/><telecom><system value="url"/><value value="https://satusehat.kemkes.go.id/"/></telecom><telecom><system value="email"/><value value="fhir@dto.kemkes.go.id"/></telecom></contact><description value="International Classification of Diseases revision 9, with Clinical Modifications (ICD 9 CM)"/><caseSensitive value="true"/><content value="not-present"/></CodeSystem>