<?xml version="1.0" encoding="UTF-8"?><CodeSystem xmlns="http://hl7.org/fhir"><id value="v3-HtmlLinkType"/><language value="en"/><text><status value="generated"/><div xml:lang="en" xmlns="http://www.w3.org/1999/xhtml" lang="en"><p><b>Properties</b></p><p><b>This code system  defines the following properties for its concepts</b></p><table class="grid"><tr><td><b>Code</b></td><td><b>URI</b></td><td><b>Type</b></td><td><b>Description</b></td></tr><tr><td>Specializes</td><td/><td>Coding</td><td>The child code is a more narrow version of the concept represented by the parent code.  I.e. Every child concept is also a valid parent concept.  Used to allow determination of subsumption.  Must be transitive, irreflexive, antisymmetric.</td></tr><tr><td>Generalizes</td><td/><td>Coding</td><td>Inverse of Specializes.  Only included as a derived relationship.</td></tr><tr><td>internalId</td><td>http://terminology.hl7.org/CodeSystem/utg-concept-properties#v3-internal-id</td><td>code</td><td>The internal identifier for the concept in the HL7 Access database repository.</td></tr><tr><td>status</td><td>http://hl7.org/fhir/concept-properties#status</td><td>code</td><td>Designation of a concept's state. Normally is not populated unless the state is retired.</td></tr></table><p><b>Concepts</b></p><p>This case-sensitive code system <code>http://terminology.hl7.org/CodeSystem/v3-HtmlLinkType</code> defines the following codes in a Is-A heirarchy:</p><table class="codes"><tr><td style="white-space:nowrap"><b>Code</b></td><td><b>Definition</b></td><td><b>internalId</b></td><td><b>status</b></td></tr><tr><td style="white-space:nowrap">alternate<a name="v3-HtmlLinkType-alternate"> </a></td><td>Designates substitute versions for the document in which the link occurs. When used together with the lang attribute, it implies a translated version of the document. When used together with the media attribute, it implies a version designed for a different medium (or media).</td><td>11018</td><td>active</td></tr><tr><td style="white-space:nowrap">appendix<a name="v3-HtmlLinkType-appendix"> </a></td><td>Refers to a document serving as an appendix in a collection of documents.</td><td>11030</td><td>active</td></tr><tr><td style="white-space:nowrap">bookmark<a name="v3-HtmlLinkType-bookmark"> </a></td><td>Refers to a bookmark. A bookmark is a link to a key entry point within an extended document. The title attribute may be used, for example, to label the bookmark. Note that several bookmarks may be defined in each document.</td><td>11032</td><td>active</td></tr><tr><td style="white-space:nowrap">chapter<a name="v3-HtmlLinkType-chapter"> </a></td><td>Refers to a document serving as a chapter in a collection of documents.</td><td>11027</td><td>active</td></tr><tr><td style="white-space:nowrap">contents<a name="v3-HtmlLinkType-contents"> </a></td><td>Refers to a document serving as a table of contents. Some user agents also support the synonym ToC (from &quot;Table of Contents&quot;).</td><td>11023</td><td>active</td></tr><tr><td style="white-space:nowrap">copyright<a name="v3-HtmlLinkType-copyright"> </a></td><td>Refers to a copyright statement for the current document.</td><td>11026</td><td>active</td></tr><tr><td style="white-space:nowrap">glossary<a name="v3-HtmlLinkType-glossary"> </a></td><td>Refers to a document providing a glossary of terms that pertain to the current document.</td><td>11025</td><td>active</td></tr><tr><td style="white-space:nowrap">help<a name="v3-HtmlLinkType-help"> </a></td><td>Refers to a document offering help (more information, links to other sources of information, etc.).</td><td>11031</td><td>active</td></tr><tr><td style="white-space:nowrap">index<a name="v3-HtmlLinkType-index"> </a></td><td>Refers to a document providing an index for the current document.</td><td>11024</td><td>active</td></tr><tr><td style="white-space:nowrap">next<a name="v3-HtmlLinkType-next"> </a></td><td>Refers to the next document in a linear sequence of documents. User agents may choose to preload the &quot;next&quot; document, to reduce the perceived load time.</td><td>11021</td><td>active</td></tr><tr><td style="white-space:nowrap">prev<a name="v3-HtmlLinkType-prev"> </a></td><td>Refers to the previous document in an ordered series of documents. Some user agents also support the synonym &quot;Previous&quot;.</td><td>11022</td><td>active</td></tr><tr><td style="white-space:nowrap">section<a name="v3-HtmlLinkType-section"> </a></td><td>Refers to a document serving as a section in a collection of documents.</td><td>11028</td><td>active</td></tr><tr><td style="white-space:nowrap">start<a name="v3-HtmlLinkType-start"> </a></td><td>Refers to the first document in a collection of documents. This link type tells search engines which document is considered by the author to be the starting point of the collection.</td><td>11020</td><td>active</td></tr><tr><td style="white-space:nowrap">stylesheet<a name="v3-HtmlLinkType-stylesheet"> </a></td><td>Refers to an external style sheet. See the section on external style sheets for details. This is used together with the link type &quot;Alternate&quot; for user-selectable alternate style sheets.</td><td>11019</td><td>active</td></tr><tr><td style="white-space:nowrap">subsection<a name="v3-HtmlLinkType-subsection"> </a></td><td>Refers to a document serving as a subsection in a collection of documents.</td><td>11029</td><td>active</td></tr></table></div></text><url value="http://terminology.hl7.org/CodeSystem/v3-HtmlLinkType"/><identifier><system value="urn:ietf:rfc:3986"/><value value="urn:oid:2.16.840.1.113883.5.58"/></identifier><version value="0.1.0"/><name value="HtmlLinkType"/><title value="HtmlLinkType"/><status value="active"/><experimental value="false"/><date value="2019-03-20"/><publisher value="SatuSehat"/><contact><name value="SatuSehat"/><telecom><system value="url"/><value value="https://satusehat.kemkes.go.id/"/></telecom><telecom><system value="email"/><value value="fhir@dto.kemkes.go.id"/></telecom></contact><description value="HtmlLinkType values are drawn from HTML 4.0 and describe the relationship between the current document and the anchor that is the target of the link"/><copyright value="This material derives from the HL7 Terminology THO. THO is copyright ©1989+ Health Level Seven International and is made available under the CC0 designation. For more licensing information see: https://terminology.hl7.org/license"/><caseSensitive value="true"/><hierarchyMeaning value="is-a"/><content value="complete"/><property><extension url="http://terminology.hl7.org/StructureDefinition/ext-mif-relationship-symmetry"><valueCode value="antisymmetric"/></extension><extension url="http://terminology.hl7.org/StructureDefinition/ext-mif-relationship-transitivity"><valueCode value="transitive"/></extension><extension url="http://terminology.hl7.org/StructureDefinition/ext-mif-relationship-reflexivity"><valueCode value="irreflexive"/></extension><extension url="http://terminology.hl7.org/StructureDefinition/ext-mif-relationship-isNavigable"><valueBoolean value="true"/></extension><extension url="http://terminology.hl7.org/StructureDefinition/ext-mif-relationship-relationshipKind"><valueCode value="Specializes"/></extension><extension url="http://terminology.hl7.org/StructureDefinition/ext-mif-relationship-inverseName"><valueString value="Generalizes"/></extension><code value="Specializes"/><description value="The child code is a more narrow version of the concept represented by the parent code.  I.e. Every child concept is also a valid parent concept.  Used to allow determination of subsumption.  Must be transitive, irreflexive, antisymmetric."/><type value="Coding"/></property><property><extension url="http://terminology.hl7.org/StructureDefinition/ext-mif-relationship-symmetry"><valueCode value="antisymmetric"/></extension><extension url="http://terminology.hl7.org/StructureDefinition/ext-mif-relationship-transitivity"><valueCode value="transitive"/></extension><extension url="http://terminology.hl7.org/StructureDefinition/ext-mif-relationship-reflexivity"><valueCode value="irreflexive"/></extension><extension url="http://terminology.hl7.org/StructureDefinition/ext-mif-relationship-isNavigable"><valueBoolean value="true"/></extension><extension url="http://terminology.hl7.org/StructureDefinition/ext-mif-relationship-relationshipKind"><valueCode value="Generalizes"/></extension><extension url="http://terminology.hl7.org/StructureDefinition/ext-mif-relationship-inverseName"><valueString value="Specializes"/></extension><code value="Generalizes"/><description value="Inverse of Specializes.  Only included as a derived relationship."/><type value="Coding"/></property><property><code value="internalId"/><uri value="http://terminology.hl7.org/CodeSystem/utg-concept-properties#v3-internal-id"/><description value="The internal identifier for the concept in the HL7 Access database repository."/><type value="code"/></property><property><code value="status"/><uri value="http://hl7.org/fhir/concept-properties#status"/><description value="Designation of a concept's state. Normally is not populated unless the state is retired."/><type value="code"/></property><concept><code value="alternate"/><display value="alternate"/><definition value="Designates substitute versions for the document in which the link occurs. When used together with the lang attribute, it implies a translated version of the document. When used together with the media attribute, it implies a version designed for a different medium (or media)."/><property><code value="status"/><valueCode value="active"/></property><property><code value="internalId"/><valueCode value="11018"/></property></concept><concept><code value="appendix"/><display value="appendix"/><definition value="Refers to a document serving as an appendix in a collection of documents."/><property><code value="status"/><valueCode value="active"/></property><property><code value="internalId"/><valueCode value="11030"/></property></concept><concept><code value="bookmark"/><display value="bookmark"/><definition value="Refers to a bookmark. A bookmark is a link to a key entry point within an extended document. The title attribute may be used, for example, to label the bookmark. Note that several bookmarks may be defined in each document."/><property><code value="status"/><valueCode value="active"/></property><property><code value="internalId"/><valueCode value="11032"/></property></concept><concept><code value="chapter"/><display value="chapter"/><definition value="Refers to a document serving as a chapter in a collection of documents."/><property><code value="status"/><valueCode value="active"/></property><property><code value="internalId"/><valueCode value="11027"/></property></concept><concept><code value="contents"/><display value="contents"/><definition value="Refers to a document serving as a table of contents. Some user agents also support the synonym ToC (from &quot;Table of Contents&quot;)."/><property><code value="status"/><valueCode value="active"/></property><property><code value="internalId"/><valueCode value="11023"/></property></concept><concept><code value="copyright"/><display value="copyright"/><definition value="Refers to a copyright statement for the current document."/><property><code value="status"/><valueCode value="active"/></property><property><code value="internalId"/><valueCode value="11026"/></property></concept><concept><code value="glossary"/><display value="glossary"/><definition value="Refers to a document providing a glossary of terms that pertain to the current document."/><property><code value="status"/><valueCode value="active"/></property><property><code value="internalId"/><valueCode value="11025"/></property></concept><concept><code value="help"/><display value="help"/><definition value="Refers to a document offering help (more information, links to other sources of information, etc.)."/><property><code value="status"/><valueCode value="active"/></property><property><code value="internalId"/><valueCode value="11031"/></property></concept><concept><code value="index"/><display value="index"/><definition value="Refers to a document providing an index for the current document."/><property><code value="status"/><valueCode value="active"/></property><property><code value="internalId"/><valueCode value="11024"/></property></concept><concept><code value="next"/><display value="next"/><definition value="Refers to the next document in a linear sequence of documents. User agents may choose to preload the &quot;next&quot; document, to reduce the perceived load time."/><property><code value="status"/><valueCode value="active"/></property><property><code value="internalId"/><valueCode value="11021"/></property></concept><concept><code value="prev"/><display value="prev"/><definition value="Refers to the previous document in an ordered series of documents. Some user agents also support the synonym &quot;Previous&quot;."/><property><code value="status"/><valueCode value="active"/></property><property><code value="internalId"/><valueCode value="11022"/></property></concept><concept><code value="section"/><display value="section"/><definition value="Refers to a document serving as a section in a collection of documents."/><property><code value="status"/><valueCode value="active"/></property><property><code value="internalId"/><valueCode value="11028"/></property></concept><concept><code value="start"/><display value="start"/><definition value="Refers to the first document in a collection of documents. This link type tells search engines which document is considered by the author to be the starting point of the collection."/><property><code value="status"/><valueCode value="active"/></property><property><code value="internalId"/><valueCode value="11020"/></property></concept><concept><code value="stylesheet"/><display value="stylesheet"/><definition value="Refers to an external style sheet. See the section on external style sheets for details. This is used together with the link type &quot;Alternate&quot; for user-selectable alternate style sheets."/><property><code value="status"/><valueCode value="active"/></property><property><code value="internalId"/><valueCode value="11019"/></property></concept><concept><code value="subsection"/><display value="subsection"/><definition value="Refers to a document serving as a subsection in a collection of documents."/><property><code value="status"/><valueCode value="active"/></property><property><code value="internalId"/><valueCode value="11029"/></property></concept></CodeSystem>