<?xml version="1.0" encoding="UTF-8"?><CodeSystem xmlns="http://hl7.org/fhir"><id value="v3-PersonDisabilityType"/><language value="en"/><text><status value="generated"/><div xml:lang="en" xmlns="http://www.w3.org/1999/xhtml" lang="en"><p><b>Properties</b></p><p><b>This code system  defines the following properties for its concepts</b></p><table class="grid"><tr><td><b>Code</b></td><td><b>URI</b></td><td><b>Type</b></td><td><b>Description</b></td></tr><tr><td>Specializes</td><td/><td>Coding</td><td>The child code is a more narrow version of the concept represented by the parent code.  I.e. Every child concept is also a valid parent concept.  Used to allow determination of subsumption.  Must be transitive, irreflexive, antisymmetric.</td></tr><tr><td>Generalizes</td><td/><td>Coding</td><td>Inverse of Specializes.  Only included as a derived relationship.</td></tr><tr><td>internalId</td><td>http://terminology.hl7.org/CodeSystem/utg-concept-properties#v3-internal-id</td><td>code</td><td>The internal identifier for the concept in the HL7 Access database repository.</td></tr><tr><td>status</td><td>http://hl7.org/fhir/concept-properties#status</td><td>code</td><td>Designation of a concept's state. Normally is not populated unless the state is retired.</td></tr></table><p><b>Concepts</b></p><p>This case-sensitive code system <code>http://terminology.hl7.org/CodeSystem/v3-PersonDisabilityType</code> defines the following codes in a Is-A heirarchy:</p><table class="codes"><tr><td><b>Lvl</b></td><td style="white-space:nowrap"><b>Code</b></td><td><b>Display</b></td><td><b>Definition</b></td><td><b>internalId</b></td><td><b>status</b></td></tr><tr><td>1</td><td style="white-space:nowrap">1<a name="v3-PersonDisabilityType-1"> </a></td><td>Vision impaired</td><td>Vision impaired</td><td>10182</td><td>active</td></tr><tr><td>1</td><td style="white-space:nowrap">2<a name="v3-PersonDisabilityType-2"> </a></td><td>Hearing impaired</td><td>Hearing impaired</td><td>10183</td><td>active</td></tr><tr><td>1</td><td style="white-space:nowrap">3<a name="v3-PersonDisabilityType-3"> </a></td><td>Speech impaired</td><td>Speech impaired</td><td>10184</td><td>active</td></tr><tr><td>1</td><td style="white-space:nowrap">4<a name="v3-PersonDisabilityType-4"> </a></td><td>Mentally impaired</td><td>Mentally impaired</td><td>10185</td><td>active</td></tr><tr><td>1</td><td style="white-space:nowrap">5<a name="v3-PersonDisabilityType-5"> </a></td><td>Mobility impaired</td><td/><td>10186</td><td>active</td></tr><tr><td>2</td><td style="white-space:nowrap">  CB<a name="v3-PersonDisabilityType-CB"> </a></td><td>Requires crib</td><td>A crib is required to move the person</td><td>15951</td><td>active</td></tr><tr><td>2</td><td style="white-space:nowrap">  CR<a name="v3-PersonDisabilityType-CR"> </a></td><td>Requires crutches</td><td>Person requires crutches to ambulate</td><td>15947</td><td>active</td></tr><tr><td>2</td><td style="white-space:nowrap">  G<a name="v3-PersonDisabilityType-G"> </a></td><td>Requires gurney</td><td>A gurney is required to move the person</td><td>15950</td><td>active</td></tr><tr><td>2</td><td style="white-space:nowrap">  WC<a name="v3-PersonDisabilityType-WC"> </a></td><td>Requires wheelchair</td><td>Person requires a wheelchair to be ambulatory</td><td>15949</td><td>active</td></tr><tr><td>2</td><td style="white-space:nowrap">  WK<a name="v3-PersonDisabilityType-WK"> </a></td><td>Requires walker</td><td>Person requires a walker to ambulate</td><td>15948</td><td>active</td></tr></table></div></text><url value="http://terminology.hl7.org/CodeSystem/v3-PersonDisabilityType"/><identifier><system value="urn:ietf:rfc:3986"/><value value="urn:oid:2.16.840.1.113883.5.93"/></identifier><version value="0.1.0"/><name value="PersonDisabilityType"/><title value="PersonDisabilityType"/><status value="active"/><experimental value="false"/><date value="2019-03-20"/><publisher value="SatuSehat"/><contact><name value="SatuSehat"/><telecom><system value="url"/><value value="https://satusehat.kemkes.go.id/"/></telecom><telecom><system value="email"/><value value="fhir@dto.kemkes.go.id"/></telecom></contact><description value="A code identifying a person's disability."/><copyright value="This material derives from the HL7 Terminology THO. THO is copyright ©1989+ Health Level Seven International and is made available under the CC0 designation. For more licensing information see: https://terminology.hl7.org/license"/><caseSensitive value="true"/><hierarchyMeaning value="is-a"/><content value="complete"/><property><extension url="http://terminology.hl7.org/StructureDefinition/ext-mif-relationship-symmetry"><valueCode value="antisymmetric"/></extension><extension url="http://terminology.hl7.org/StructureDefinition/ext-mif-relationship-transitivity"><valueCode value="transitive"/></extension><extension url="http://terminology.hl7.org/StructureDefinition/ext-mif-relationship-reflexivity"><valueCode value="irreflexive"/></extension><extension url="http://terminology.hl7.org/StructureDefinition/ext-mif-relationship-isNavigable"><valueBoolean value="true"/></extension><extension url="http://terminology.hl7.org/StructureDefinition/ext-mif-relationship-relationshipKind"><valueCode value="Specializes"/></extension><extension url="http://terminology.hl7.org/StructureDefinition/ext-mif-relationship-inverseName"><valueString value="Generalizes"/></extension><code value="Specializes"/><description value="The child code is a more narrow version of the concept represented by the parent code.  I.e. Every child concept is also a valid parent concept.  Used to allow determination of subsumption.  Must be transitive, irreflexive, antisymmetric."/><type value="Coding"/></property><property><extension url="http://terminology.hl7.org/StructureDefinition/ext-mif-relationship-symmetry"><valueCode value="antisymmetric"/></extension><extension url="http://terminology.hl7.org/StructureDefinition/ext-mif-relationship-transitivity"><valueCode value="transitive"/></extension><extension url="http://terminology.hl7.org/StructureDefinition/ext-mif-relationship-reflexivity"><valueCode value="irreflexive"/></extension><extension url="http://terminology.hl7.org/StructureDefinition/ext-mif-relationship-isNavigable"><valueBoolean value="true"/></extension><extension url="http://terminology.hl7.org/StructureDefinition/ext-mif-relationship-relationshipKind"><valueCode value="Generalizes"/></extension><extension url="http://terminology.hl7.org/StructureDefinition/ext-mif-relationship-inverseName"><valueString value="Specializes"/></extension><code value="Generalizes"/><description value="Inverse of Specializes.  Only included as a derived relationship."/><type value="Coding"/></property><property><code value="internalId"/><uri value="http://terminology.hl7.org/CodeSystem/utg-concept-properties#v3-internal-id"/><description value="The internal identifier for the concept in the HL7 Access database repository."/><type value="code"/></property><property><code value="status"/><uri value="http://hl7.org/fhir/concept-properties#status"/><description value="Designation of a concept's state. Normally is not populated unless the state is retired."/><type value="code"/></property><concept><code value="1"/><display value="Vision impaired"/><definition value="Vision impaired"/><property><code value="status"/><valueCode value="active"/></property><property><code value="internalId"/><valueCode value="10182"/></property></concept><concept><code value="2"/><display value="Hearing impaired"/><definition value="Hearing impaired"/><property><code value="status"/><valueCode value="active"/></property><property><code value="internalId"/><valueCode value="10183"/></property></concept><concept><code value="3"/><display value="Speech impaired"/><definition value="Speech impaired"/><property><code value="status"/><valueCode value="active"/></property><property><code value="internalId"/><valueCode value="10184"/></property></concept><concept><code value="4"/><display value="Mentally impaired"/><definition value="Mentally impaired"/><property><code value="status"/><valueCode value="active"/></property><property><code value="internalId"/><valueCode value="10185"/></property></concept><concept><code value="5"/><display value="Mobility impaired"/><property><code value="status"/><valueCode value="active"/></property><property><code value="internalId"/><valueCode value="10186"/></property><concept><code value="CB"/><display value="Requires crib"/><definition value="A crib is required to move the person"/><property><code value="status"/><valueCode value="active"/></property><property><code value="internalId"/><valueCode value="15951"/></property></concept><concept><code value="CR"/><display value="Requires crutches"/><definition value="Person requires crutches to ambulate"/><property><code value="status"/><valueCode value="active"/></property><property><code value="internalId"/><valueCode value="15947"/></property></concept><concept><code value="G"/><display value="Requires gurney"/><definition value="A gurney is required to move the person"/><property><code value="status"/><valueCode value="active"/></property><property><code value="internalId"/><valueCode value="15950"/></property></concept><concept><code value="WC"/><display value="Requires wheelchair"/><definition value="Person requires a wheelchair to be ambulatory"/><property><code value="status"/><valueCode value="active"/></property><property><code value="internalId"/><valueCode value="15949"/></property></concept><concept><code value="WK"/><display value="Requires walker"/><definition value="Person requires a walker to ambulate"/><property><code value="status"/><valueCode value="active"/></property><property><code value="internalId"/><valueCode value="15948"/></property></concept></concept></CodeSystem>