<?xml version="1.0" encoding="UTF-8"?><CodeSystem xmlns="http://hl7.org/fhir"><id value="nic"/><text><status value="generated"/><div xmlns="http://www.w3.org/1999/xhtml"><p>This case-sensitive code system <code>https://nursing.uiowa.edu/cncce/nursing-interventions-classification-overview</code> defines codes, but no codes are represented here</p></div></text><url value="https://nursing.uiowa.edu/cncce/nursing-interventions-classification-overview"/><identifier><system value="urn:ietf:rfc:3986"/><value value="urn:oid:2.16.840.1.113883.6.15"/></identifier><version value="0.1.0"/><name value="Nic"/><title value="Nursing Intervention Classification"/><status value="active"/><experimental value="false"/><date value="2019-03-20T00:00:00-04:00"/><publisher value="SatuSehat"/><contact><name value="SatuSehat"/><telecom><system value="url"/><value value="https://satusehat.kemkes.go.id/"/></telecom><telecom><system value="email"/><value value="fhir@dto.kemkes.go.id"/></telecom></contact><description value="NIC provides names and values for procedures/orders/service intent related to the treatment activities of nurses and other providers who may perform the same treatment activities. Names, definitions, and associated codes are attached for 486 interventions. Defining activities (anywhere from ten to several dozen) are listed for each of the interventions in the NIC classification book but are not attached to this document."/><caseSensitive value="true"/><content value="not-present"/></CodeSystem>