<?xml version="1.0" encoding="UTF-8"?><CodeSystem xmlns="http://hl7.org/fhir"><id value="activity-definition-category"/><meta><lastUpdated value="2020-04-09T21:10:28.568+00:00"/></meta><text><status value="generated"/><div xmlns="http://www.w3.org/1999/xhtml"><p>This case-sensitive code system <code>http://terminology.hl7.org/CodeSystem/activity-definition-category</code> defines the following codes:</p><table class="codes"><tr><td style="white-space:nowrap"><b>Code</b></td><td><b>Display</b></td><td><b>Definition</b></td></tr><tr><td style="white-space:nowrap">treatment<a name="activity-definition-category-treatment"> </a></td><td>Treatment</td><td>The activity is intended to provide or is related to treatment of the patient.</td></tr><tr><td style="white-space:nowrap">education<a name="activity-definition-category-education"> </a></td><td>Education</td><td>The activity is intended to provide or is related to education of the patient.</td></tr><tr><td style="white-space:nowrap">assessment<a name="activity-definition-category-assessment"> </a></td><td>Assessment</td><td>The activity is intended to perform or is related to assessment of the patient.</td></tr></table></div></text><url value="http://terminology.hl7.org/CodeSystem/activity-definition-category"/><identifier><system value="urn:ietf:rfc:3986"/><value value="urn:oid:2.16.840.1.113883.4.642.1.1243"/></identifier><version value="0.1.0"/><name value="ActivityDefinitionCategory"/><title value="ActivityDefinitionCategory"/><status value="draft"/><experimental value="false"/><date value="2020-04-09T21:10:28+00:00"/><publisher value="SatuSehat"/><contact><name value="SatuSehat"/><telecom><system value="url"/><value value="https://satusehat.kemkes.go.id/"/></telecom><telecom><system value="email"/><value value="fhir@dto.kemkes.go.id"/></telecom></contact><description value="High-level categorization of the type of activity."/><copyright value="This material derives from the HL7 Terminology (THO). THO is copyright ©1989+ Health Level Seven International and is made available under the CC0 designation. For more licensing information see: https://terminology.hl7.org/license"/><caseSensitive value="true"/><valueSet value="http://terminology.hl7.org/ValueSet/activity-definition-category"/><content value="complete"/><concept><code value="treatment"/><display value="Treatment"/><definition value="The activity is intended to provide or is related to treatment of the patient."/></concept><concept><code value="education"/><display value="Education"/><definition value="The activity is intended to provide or is related to education of the patient."/></concept><concept><code value="assessment"/><display value="Assessment"/><definition value="The activity is intended to perform or is related to assessment of the patient."/></concept></CodeSystem>