<?xml version="1.0" encoding="UTF-8"?><ImplementationGuide xmlns="http://hl7.org/fhir"><id value="hl7.fhir.id.core"/><text><status value="extensions"/><div xmlns="http://www.w3.org/1999/xhtml"><h2>IDCore</h2><p>The official URL for this implementation guide is: </p><pre>https://fhir.kemkes.go.id/r4/ImplementationGuide/hl7.fhir.id.core</pre></div></text><url value="https://fhir.kemkes.go.id/r4/ImplementationGuide/hl7.fhir.id.core"/><version value="0.1.0"/><name value="IDCore"/><title value="ID Core Implementation Guide"/><status value="active"/><date value="2024-05-22T17:23:47+07:00"/><publisher value="Thomas Chaidir"/><contact><name value="Thomas Chaidir"/><telecom><system value="url"/><value value="https://satusehat.kemkes.go.id/"/></telecom></contact><packageId value="hl7.fhir.id.core"/><license value="CC0-1.0"/><fhirVersion value="4.0.1"/><dependsOn id="hl7tx"><extension url="http://hl7.org/fhir/tools/StructureDefinition/implementationguide-dependency-comment"><valueMarkdown value="Automatically added as a dependency - all IGs depend on HL7 Terminology"/></extension><uri value="http://terminology.hl7.org/ImplementationGuide/hl7.terminology"/><packageId value="hl7.terminology.r4"/><version value="5.5.0"/></dependsOn><dependsOn id="hl7ext"><extension url="http://hl7.org/fhir/tools/StructureDefinition/implementationguide-dependency-comment"><valueMarkdown value="Automatically added as a dependency - all IGs depend on the HL7 Extension Pack"/></extension><uri value="http://hl7.org/fhir/extensions/ImplementationGuide/hl7.fhir.uv.extensions"/><packageId value="hl7.fhir.uv.extensions.r4"/><version value="5.1.0"/></dependsOn><definition><extension url="http://hl7.org/fhir/tools/StructureDefinition/ig-parameter"><extension url="code"><valueString value="copyrightyear"/></extension><extension url="value"><valueString value="2023+"/></extension></extension><extension url="http://hl7.org/fhir/tools/StructureDefinition/ig-parameter"><extension url="code"><valueString value="releaselabel"/></extension><extension url="value"><valueString value="ci-build"/></extension></extension><extension url="http://hl7.org/fhir/tools/StructureDefinition/ig-parameter"><extension url="code"><valueString value="autoload-resources"/></extension><extension url="value"><valueString value="true"/></extension></extension><extension url="http://hl7.org/fhir/tools/StructureDefinition/ig-parameter"><extension url="code"><valueString value="path-liquid"/></extension><extension url="value"><valueString value="template/liquid"/></extension></extension><extension url="http://hl7.org/fhir/tools/StructureDefinition/ig-parameter"><extension url="code"><valueString value="path-liquid"/></extension><extension url="value"><valueString value="input/liquid"/></extension></extension><extension url="http://hl7.org/fhir/tools/StructureDefinition/ig-parameter"><extension url="code"><valueString value="path-qa"/></extension><extension url="value"><valueString value="temp/qa"/></extension></extension><extension url="http://hl7.org/fhir/tools/StructureDefinition/ig-parameter"><extension url="code"><valueString value="path-temp"/></extension><extension url="value"><valueString value="temp/pages"/></extension></extension><extension url="http://hl7.org/fhir/tools/StructureDefinition/ig-parameter"><extension url="code"><valueString value="path-output"/></extension><extension url="value"><valueString value="output"/></extension></extension><extension url="http://hl7.org/fhir/tools/StructureDefinition/ig-parameter"><extension url="code"><valueString value="path-suppressed-warnings"/></extension><extension url="value"><valueString value="input/ignoreWarnings.txt"/></extension></extension><extension url="http://hl7.org/fhir/tools/StructureDefinition/ig-parameter"><extension url="code"><valueString value="path-history"/></extension><extension url="value"><valueString value="https://fhir.kemkes.go.id/r4/history.html"/></extension></extension><extension url="http://hl7.org/fhir/tools/StructureDefinition/ig-parameter"><extension url="code"><valueString value="template-html"/></extension><extension url="value"><valueString value="template-page.html"/></extension></extension><extension url="http://hl7.org/fhir/tools/StructureDefinition/ig-parameter"><extension url="code"><valueString value="template-md"/></extension><extension url="value"><valueString value="template-page-md.html"/></extension></extension><extension url="http://hl7.org/fhir/tools/StructureDefinition/ig-parameter"><extension url="code"><valueString value="apply-contact"/></extension><extension url="value"><valueString value="true"/></extension></extension><extension url="http://hl7.org/fhir/tools/StructureDefinition/ig-parameter"><extension url="code"><valueString value="apply-context"/></extension><extension url="value"><valueString value="true"/></extension></extension><extension url="http://hl7.org/fhir/tools/StructureDefinition/ig-parameter"><extension url="code"><valueString value="apply-copyright"/></extension><extension url="value"><valueString value="true"/></extension></extension><extension url="http://hl7.org/fhir/tools/StructureDefinition/ig-parameter"><extension url="code"><valueString value="apply-jurisdiction"/></extension><extension url="value"><valueString value="true"/></extension></extension><extension url="http://hl7.org/fhir/tools/StructureDefinition/ig-parameter"><extension url="code"><valueString value="apply-license"/></extension><extension url="value"><valueString value="true"/></extension></extension><extension url="http://hl7.org/fhir/tools/StructureDefinition/ig-parameter"><extension url="code"><valueString value="apply-publisher"/></extension><extension url="value"><valueString value="true"/></extension></extension><extension url="http://hl7.org/fhir/tools/StructureDefinition/ig-parameter"><extension url="code"><valueString value="apply-version"/></extension><extension url="value"><valueString value="true"/></extension></extension><extension url="http://hl7.org/fhir/tools/StructureDefinition/ig-parameter"><extension url="code"><valueString value="apply-wg"/></extension><extension url="value"><valueString value="true"/></extension></extension><extension url="http://hl7.org/fhir/tools/StructureDefinition/ig-parameter"><extension url="code"><valueString value="active-tables"/></extension><extension url="value"><valueString value="true"/></extension></extension><extension url="http://hl7.org/fhir/tools/StructureDefinition/ig-parameter"><extension url="code"><valueString value="fmm-definition"/></extension><extension url="value"><valueString value="http://hl7.org/fhir/versions.html#maturity"/></extension></extension><extension url="http://hl7.org/fhir/tools/StructureDefinition/ig-parameter"><extension url="code"><valueString value="propagate-status"/></extension><extension url="value"><valueString value="true"/></extension></extension><extension url="http://hl7.org/fhir/tools/StructureDefinition/ig-parameter"><extension url="code"><valueString value="excludelogbinaryformat"/></extension><extension url="value"><valueString value="true"/></extension></extension><extension url="http://hl7.org/fhir/tools/StructureDefinition/ig-parameter"><extension url="code"><valueString value="tabbed-snapshots"/></extension><extension url="value"><valueString value="true"/></extension></extension><extension url="http://hl7.org/fhir/tools/StructureDefinition/ig-internal-dependency"><valueCode value="hl7.fhir.uv.tools#current"/></extension><extension url="http://hl7.org/fhir/tools/StructureDefinition/ig-parameter"><extension url="code"><valueCode value="copyrightyear"/></extension><extension url="value"><valueString value="2023+"/></extension></extension><extension url="http://hl7.org/fhir/tools/StructureDefinition/ig-parameter"><extension url="code"><valueCode value="releaselabel"/></extension><extension url="value"><valueString value="ci-build"/></extension></extension><extension url="http://hl7.org/fhir/tools/StructureDefinition/ig-parameter"><extension url="code"><valueCode value="autoload-resources"/></extension><extension url="value"><valueString value="true"/></extension></extension><extension url="http://hl7.org/fhir/tools/StructureDefinition/ig-parameter"><extension url="code"><valueCode value="path-liquid"/></extension><extension url="value"><valueString value="template/liquid"/></extension></extension><extension url="http://hl7.org/fhir/tools/StructureDefinition/ig-parameter"><extension url="code"><valueCode value="path-liquid"/></extension><extension url="value"><valueString value="input/liquid"/></extension></extension><extension url="http://hl7.org/fhir/tools/StructureDefinition/ig-parameter"><extension url="code"><valueCode value="path-qa"/></extension><extension url="value"><valueString value="temp/qa"/></extension></extension><extension url="http://hl7.org/fhir/tools/StructureDefinition/ig-parameter"><extension url="code"><valueCode value="path-temp"/></extension><extension url="value"><valueString value="temp/pages"/></extension></extension><extension url="http://hl7.org/fhir/tools/StructureDefinition/ig-parameter"><extension url="code"><valueCode value="path-output"/></extension><extension url="value"><valueString value="output"/></extension></extension><extension url="http://hl7.org/fhir/tools/StructureDefinition/ig-parameter"><extension url="code"><valueCode value="path-suppressed-warnings"/></extension><extension url="value"><valueString value="input/ignoreWarnings.txt"/></extension></extension><extension url="http://hl7.org/fhir/tools/StructureDefinition/ig-parameter"><extension url="code"><valueCode value="path-history"/></extension><extension url="value"><valueString value="https://fhir.kemkes.go.id/r4/history.html"/></extension></extension><extension url="http://hl7.org/fhir/tools/StructureDefinition/ig-parameter"><extension url="code"><valueCode value="template-html"/></extension><extension url="value"><valueString value="template-page.html"/></extension></extension><extension url="http://hl7.org/fhir/tools/StructureDefinition/ig-parameter"><extension url="code"><valueCode value="template-md"/></extension><extension url="value"><valueString value="template-page-md.html"/></extension></extension><extension url="http://hl7.org/fhir/tools/StructureDefinition/ig-parameter"><extension url="code"><valueCode value="apply-contact"/></extension><extension url="value"><valueString value="true"/></extension></extension><extension url="http://hl7.org/fhir/tools/StructureDefinition/ig-parameter"><extension url="code"><valueCode value="apply-context"/></extension><extension url="value"><valueString value="true"/></extension></extension><extension url="http://hl7.org/fhir/tools/StructureDefinition/ig-parameter"><extension url="code"><valueCode value="apply-copyright"/></extension><extension url="value"><valueString value="true"/></extension></extension><extension url="http://hl7.org/fhir/tools/StructureDefinition/ig-parameter"><extension url="code"><valueCode value="apply-jurisdiction"/></extension><extension url="value"><valueString value="true"/></extension></extension><extension url="http://hl7.org/fhir/tools/StructureDefinition/ig-parameter"><extension url="code"><valueCode value="apply-license"/></extension><extension url="value"><valueString value="true"/></extension></extension><extension url="http://hl7.org/fhir/tools/StructureDefinition/ig-parameter"><extension url="code"><valueCode value="apply-publisher"/></extension><extension url="value"><valueString value="true"/></extension></extension><extension url="http://hl7.org/fhir/tools/StructureDefinition/ig-parameter"><extension url="code"><valueCode value="apply-version"/></extension><extension url="value"><valueString value="true"/></extension></extension><extension url="http://hl7.org/fhir/tools/StructureDefinition/ig-parameter"><extension url="code"><valueCode value="apply-wg"/></extension><extension url="value"><valueString value="true"/></extension></extension><extension url="http://hl7.org/fhir/tools/StructureDefinition/ig-parameter"><extension url="code"><valueCode value="active-tables"/></extension><extension url="value"><valueString value="true"/></extension></extension><extension url="http://hl7.org/fhir/tools/StructureDefinition/ig-parameter"><extension url="code"><valueCode value="fmm-definition"/></extension><extension url="value"><valueString value="http://hl7.org/fhir/versions.html#maturity"/></extension></extension><extension url="http://hl7.org/fhir/tools/StructureDefinition/ig-parameter"><extension url="code"><valueCode value="propagate-status"/></extension><extension url="value"><valueString value="true"/></extension></extension><extension url="http://hl7.org/fhir/tools/StructureDefinition/ig-parameter"><extension url="code"><valueCode value="excludelogbinaryformat"/></extension><extension url="value"><valueString value="true"/></extension></extension><extension url="http://hl7.org/fhir/tools/StructureDefinition/ig-parameter"><extension url="code"><valueCode value="tabbed-snapshots"/></extension><extension url="value"><valueString value="true"/></extension></extension><extension url="http://hl7.org/fhir/tools/StructureDefinition/ig-parameter"><extension url="code"><valueCode value="copyrightyear"/></extension><extension url="value"><valueString value="2023+"/></extension></extension><extension url="http://hl7.org/fhir/tools/StructureDefinition/ig-parameter"><extension url="code"><valueCode value="releaselabel"/></extension><extension url="value"><valueString value="ci-build"/></extension></extension><extension url="http://hl7.org/fhir/tools/StructureDefinition/ig-parameter"><extension url="code"><valueCode value="autoload-resources"/></extension><extension url="value"><valueString value="true"/></extension></extension><extension url="http://hl7.org/fhir/tools/StructureDefinition/ig-parameter"><extension url="code"><valueCode value="path-liquid"/></extension><extension url="value"><valueString value="template/liquid"/></extension></extension><extension url="http://hl7.org/fhir/tools/StructureDefinition/ig-parameter"><extension url="code"><valueCode value="path-liquid"/></extension><extension url="value"><valueString value="input/liquid"/></extension></extension><extension url="http://hl7.org/fhir/tools/StructureDefinition/ig-parameter"><extension url="code"><valueCode value="path-qa"/></extension><extension url="value"><valueString value="temp/qa"/></extension></extension><extension url="http://hl7.org/fhir/tools/StructureDefinition/ig-parameter"><extension url="code"><valueCode value="path-temp"/></extension><extension url="value"><valueString value="temp/pages"/></extension></extension><extension url="http://hl7.org/fhir/tools/StructureDefinition/ig-parameter"><extension url="code"><valueCode value="path-output"/></extension><extension url="value"><valueString value="output"/></extension></extension><extension url="http://hl7.org/fhir/tools/StructureDefinition/ig-parameter"><extension url="code"><valueCode value="path-suppressed-warnings"/></extension><extension url="value"><valueString value="input/ignoreWarnings.txt"/></extension></extension><extension url="http://hl7.org/fhir/tools/StructureDefinition/ig-parameter"><extension url="code"><valueCode value="path-history"/></extension><extension url="value"><valueString value="https://fhir.kemkes.go.id/r4/history.html"/></extension></extension><extension url="http://hl7.org/fhir/tools/StructureDefinition/ig-parameter"><extension url="code"><valueCode value="template-html"/></extension><extension url="value"><valueString value="template-page.html"/></extension></extension><extension url="http://hl7.org/fhir/tools/StructureDefinition/ig-parameter"><extension url="code"><valueCode value="template-md"/></extension><extension url="value"><valueString value="template-page-md.html"/></extension></extension><extension url="http://hl7.org/fhir/tools/StructureDefinition/ig-parameter"><extension url="code"><valueCode value="apply-contact"/></extension><extension url="value"><valueString value="true"/></extension></extension><extension url="http://hl7.org/fhir/tools/StructureDefinition/ig-parameter"><extension url="code"><valueCode value="apply-context"/></extension><extension url="value"><valueString value="true"/></extension></extension><extension url="http://hl7.org/fhir/tools/StructureDefinition/ig-parameter"><extension url="code"><valueCode value="apply-copyright"/></extension><extension url="value"><valueString value="true"/></extension></extension><extension url="http://hl7.org/fhir/tools/StructureDefinition/ig-parameter"><extension url="code"><valueCode value="apply-jurisdiction"/></extension><extension url="value"><valueString value="true"/></extension></extension><extension url="http://hl7.org/fhir/tools/StructureDefinition/ig-parameter"><extension url="code"><valueCode value="apply-license"/></extension><extension url="value"><valueString value="true"/></extension></extension><extension url="http://hl7.org/fhir/tools/StructureDefinition/ig-parameter"><extension url="code"><valueCode value="apply-publisher"/></extension><extension url="value"><valueString value="true"/></extension></extension><extension url="http://hl7.org/fhir/tools/StructureDefinition/ig-parameter"><extension url="code"><valueCode value="apply-version"/></extension><extension url="value"><valueString value="true"/></extension></extension><extension url="http://hl7.org/fhir/tools/StructureDefinition/ig-parameter"><extension url="code"><valueCode value="apply-wg"/></extension><extension url="value"><valueString value="true"/></extension></extension><extension url="http://hl7.org/fhir/tools/StructureDefinition/ig-parameter"><extension url="code"><valueCode value="active-tables"/></extension><extension url="value"><valueString value="true"/></extension></extension><extension url="http://hl7.org/fhir/tools/StructureDefinition/ig-parameter"><extension url="code"><valueCode value="fmm-definition"/></extension><extension url="value"><valueString value="http://hl7.org/fhir/versions.html#maturity"/></extension></extension><extension url="http://hl7.org/fhir/tools/StructureDefinition/ig-parameter"><extension url="code"><valueCode value="propagate-status"/></extension><extension url="value"><valueString value="true"/></extension></extension><extension url="http://hl7.org/fhir/tools/StructureDefinition/ig-parameter"><extension url="code"><valueCode value="excludelogbinaryformat"/></extension><extension url="value"><valueString value="true"/></extension></extension><extension url="http://hl7.org/fhir/tools/StructureDefinition/ig-parameter"><extension url="code"><valueCode value="tabbed-snapshots"/></extension><extension url="value"><valueString value="true"/></extension></extension><grouping id="-str-profile"><name value="Structures: Resource Profiles"/><description value="These define constraints on FHIR resources for systems conforming to this implementation guide."/></grouping><grouping id="-str-extension"><name value="Structures: Extension Definitions"/><description value="These define constraints on FHIR data types for systems conforming to this implementation guide."/></grouping><grouping id="-term-valueset"><name value="Terminology: Value Sets"/><description value="These define sets of codes used by systems conforming to this implementation guide."/></grouping><grouping id="-term-codesystem"><name value="Terminology: Code Systems"/><description value="These define new code systems used by systems conforming to this implementation guide."/></grouping><grouping id="-ex-example"><name value="Example: Example Instances"/><description value="These are example instances that show what data produced and consumed by systems conforming with this implementation guide might look like."/></grouping><resource><extension url="http://hl7.org/fhir/tools/StructureDefinition/resource-sort"><valueInteger value="999999999"/></extension><extension url="http://hl7.org/fhir/StructureDefinition/implementationguide-page"><valueUri value="StructureDefinition-IDCoreVSBPDiastolic.html"/></extension><reference><reference value="StructureDefinition/IDCoreVSBPDiastolic"/></reference><name value="Diastolic Blood Pressure"/><description value="Profile for diastolic blood pressure value."/><exampleBoolean value="false"/><groupingId value="-str-profile"/></resource><resource><extension url="http://hl7.org/fhir/tools/StructureDefinition/resource-sort"><valueInteger value="999999999"/></extension><extension url="http://hl7.org/fhir/StructureDefinition/implementationguide-page"><valueUri value="StructureDefinition-IDCoreCondition.html"/></extension><reference><reference value="StructureDefinition/IDCoreCondition"/></reference><name value="IDCoreCondition"/><description value="ID Core Condition profile"/><exampleBoolean value="false"/><groupingId value="-str-profile"/></resource><resource><extension url="http://hl7.org/fhir/tools/StructureDefinition/resource-sort"><valueInteger value="999999999"/></extension><extension url="http://hl7.org/fhir/StructureDefinition/implementationguide-page"><valueUri value="StructureDefinition-IDCoreEncounter.html"/></extension><reference><reference value="StructureDefinition/IDCoreEncounter"/></reference><name value="IDCoreEncounter"/><description value="ID Core Encounter profile"/><exampleBoolean value="false"/><groupingId value="-str-profile"/></resource><resource><extension url="http://hl7.org/fhir/tools/StructureDefinition/resource-sort"><valueInteger value="999999999"/></extension><extension url="http://hl7.org/fhir/StructureDefinition/implementationguide-page"><valueUri value="StructureDefinition-IDCoreEncounterEMER.html"/></extension><reference><reference value="StructureDefinition/IDCoreEncounterEMER"/></reference><name value="IDCoreEncounterEMER"/><description value="Encounter profile for Emergency patient"/><exampleBoolean value="false"/><groupingId value="-str-profile"/></resource><resource><extension url="http://hl7.org/fhir/tools/StructureDefinition/resource-sort"><valueInteger value="999999999"/></extension><extension url="http://hl7.org/fhir/StructureDefinition/implementationguide-page"><valueUri value="StructureDefinition-IDCoreEncounterIMP.html"/></extension><reference><reference value="StructureDefinition/IDCoreEncounterIMP"/></reference><name value="IDCoreEncounterIMP"/><description value="Encounter profile for inpatient patient"/><exampleBoolean value="false"/><groupingId value="-str-profile"/></resource><resource><extension url="http://hl7.org/fhir/tools/StructureDefinition/resource-sort"><valueInteger value="999999999"/></extension><extension url="http://hl7.org/fhir/StructureDefinition/implementationguide-page"><valueUri value="StructureDefinition-IDCoreEncounterStatusFinished.html"/></extension><reference><reference value="StructureDefinition/IDCoreEncounterStatusFinished"/></reference><name value="IDCoreEncounterStatusFinished"/><description value="Encounter profile when the Status is Finished"/><exampleBoolean value="false"/><groupingId value="-str-profile"/></resource><resource><extension url="http://hl7.org/fhir/tools/StructureDefinition/resource-sort"><valueInteger value="999999999"/></extension><extension url="http://hl7.org/fhir/StructureDefinition/implementationguide-page"><valueUri value="StructureDefinition-IDCoreObservation.html"/></extension><reference><reference value="StructureDefinition/IDCoreObservation"/></reference><name value="IDCoreObservation"/><description value="ID Core Observation profile"/><exampleBoolean value="false"/><groupingId value="-str-profile"/></resource><resource><extension url="http://hl7.org/fhir/tools/StructureDefinition/resource-sort"><valueInteger value="999999999"/></extension><extension url="http://hl7.org/fhir/StructureDefinition/implementationguide-page"><valueUri value="StructureDefinition-IDCorePatient.html"/></extension><reference><reference value="StructureDefinition/IDCorePatient"/></reference><name value="IDCorePatient"/><description value="ID Core Patient profile"/><exampleBoolean value="false"/><groupingId value="-str-profile"/></resource><resource><extension url="http://hl7.org/fhir/tools/StructureDefinition/resource-sort"><valueInteger value="999999999"/></extension><extension url="http://hl7.org/fhir/StructureDefinition/implementationguide-page"><valueUri value="StructureDefinition-IDCorePractitioner.html"/></extension><reference><reference value="StructureDefinition/IDCorePractitioner"/></reference><name value="IDCorePractitioner"/><description value="ID Core Practitioner profile"/><exampleBoolean value="false"/><groupingId value="-str-profile"/></resource><resource><extension url="http://hl7.org/fhir/tools/StructureDefinition/resource-sort"><valueInteger value="999999999"/></extension><extension url="http://hl7.org/fhir/StructureDefinition/implementationguide-page"><valueUri value="StructureDefinition-IDCoreVSBPSystolic.html"/></extension><reference><reference value="StructureDefinition/IDCoreVSBPSystolic"/></reference><name value="Systolic Blood Pressure"/><description value="Profile for systolic blood pressure value."/><exampleBoolean value="false"/><groupingId value="-str-profile"/></resource><resource><extension url="http://hl7.org/fhir/tools/StructureDefinition/resource-sort"><valueInteger value="999999999"/></extension><extension url="http://hl7.org/fhir/StructureDefinition/implementationguide-page"><valueUri value="StructureDefinition-IDCoreObservationVitalSigns.html"/></extension><reference><reference value="StructureDefinition/IDCoreObservationVitalSigns"/></reference><name value="Vital Signs Profile"/><description value="IDCore Vital Signs Profile"/><exampleBoolean value="false"/><groupingId value="-str-profile"/></resource><resource><extension url="http://hl7.org/fhir/tools/StructureDefinition/resource-sort"><valueInteger value="999999999"/></extension><extension url="http://hl7.org/fhir/StructureDefinition/implementationguide-page"><valueUri value="StructureDefinition-AddressExtension.html"/></extension><reference><reference value="StructureDefinition/AddressExtension"/></reference><name value="Address administrative code extension"/><exampleBoolean value="false"/><groupingId value="-str-extension"/></resource><resource><extension url="http://hl7.org/fhir/tools/StructureDefinition/resource-sort"><valueInteger value="999999999"/></extension><extension url="http://hl7.org/fhir/StructureDefinition/implementationguide-page"><valueUri value="StructureDefinition-EncounterLocation.html"/></extension><reference><reference value="StructureDefinition/EncounterLocation"/></reference><name value="Encounter Location Extention"/><exampleBoolean value="false"/><groupingId value="-str-extension"/></resource><resource><extension url="http://hl7.org/fhir/tools/StructureDefinition/resource-sort"><valueInteger value="999999999"/></extension><extension url="http://hl7.org/fhir/StructureDefinition/implementationguide-page"><valueUri value="StructureDefinition-CitizenshipStatusExtension.html"/></extension><reference><reference value="StructureDefinition/CitizenshipStatusExtension"/></reference><name value="Patient citizenship status extension"/><exampleBoolean value="false"/><groupingId value="-str-extension"/></resource><resource><extension url="http://hl7.org/fhir/tools/StructureDefinition/resource-sort"><valueInteger value="999999999"/></extension><extension url="http://hl7.org/fhir/StructureDefinition/implementationguide-page"><valueUri value="ValueSet-EncounterLocationServiceClassExtension.html"/></extension><reference><reference value="ValueSet/EncounterLocationServiceClassExtension"/></reference><name value="Encounter Location Extension"/><description value="A set of codes, specifying location extension valueset."/><exampleBoolean value="false"/><groupingId value="-term-valueset"/></resource><resource><extension url="http://hl7.org/fhir/tools/StructureDefinition/resource-sort"><valueInteger value="999999999"/></extension><extension url="http://hl7.org/fhir/StructureDefinition/implementationguide-page"><valueUri value="ValueSet-EncounterLocationServiceClassInpatient.html"/></extension><reference><reference value="ValueSet/EncounterLocationServiceClassInpatient"/></reference><name value="Encounter Location ServiceClass-Inpatient"/><description value="A set of codes, specifying location ServiceClass for inpatient patient."/><exampleBoolean value="false"/><groupingId value="-term-valueset"/></resource><resource><extension url="http://hl7.org/fhir/tools/StructureDefinition/resource-sort"><valueInteger value="999999999"/></extension><extension url="http://hl7.org/fhir/StructureDefinition/implementationguide-page"><valueUri value="ValueSet-EncounterLocationServiceClassOutpatient.html"/></extension><reference><reference value="ValueSet/EncounterLocationServiceClassOutpatient"/></reference><name value="Encounter Location ServiceClass-Outpatient"/><description value="A set of codes, specifying location ServiceClass for outpatient patient."/><exampleBoolean value="false"/><groupingId value="-term-valueset"/></resource><resource><extension url="http://hl7.org/fhir/tools/StructureDefinition/resource-sort"><valueInteger value="999999999"/></extension><extension url="http://hl7.org/fhir/StructureDefinition/implementationguide-page"><valueUri value="ValueSet-EncounterLocationUpgradeClass.html"/></extension><reference><reference value="ValueSet/EncounterLocationUpgradeClass"/></reference><name value="Encounter Location Upgrade Class"/><description value="A set of codes, specifying location UpgradeClass."/><exampleBoolean value="false"/><groupingId value="-term-valueset"/></resource><resource><extension url="http://hl7.org/fhir/tools/StructureDefinition/resource-sort"><valueInteger value="999999999"/></extension><extension url="http://hl7.org/fhir/StructureDefinition/implementationguide-page"><valueUri value="ValueSet-ObservationBodySite.html"/></extension><reference><reference value="ValueSet/ObservationBodySite"/></reference><name value="Value set specific for Observation BodySite"/><description value="Value set specific for Observation BodySite"/><exampleBoolean value="false"/><groupingId value="-term-valueset"/></resource><resource><extension url="http://hl7.org/fhir/tools/StructureDefinition/resource-sort"><valueInteger value="999999999"/></extension><extension url="http://hl7.org/fhir/StructureDefinition/implementationguide-page"><valueUri value="ValueSet-Observation.interpretation.html"/></extension><reference><reference value="ValueSet/Observation.interpretation"/></reference><name value="Value set specific for Observation Code"/><description value="Value set specific for Observation Code"/><exampleBoolean value="false"/><groupingId value="-term-valueset"/></resource><resource><extension url="http://hl7.org/fhir/tools/StructureDefinition/resource-sort"><valueInteger value="999999999"/></extension><extension url="http://hl7.org/fhir/StructureDefinition/implementationguide-page"><valueUri value="ValueSet-Observationcode.html"/></extension><reference><reference value="ValueSet/Observationcode"/></reference><name value="Value set specific for Observation Code"/><description value="Value set specific for Observation Code"/><exampleBoolean value="false"/><groupingId value="-term-valueset"/></resource><resource><extension url="http://hl7.org/fhir/tools/StructureDefinition/resource-sort"><valueInteger value="999999999"/></extension><extension url="http://hl7.org/fhir/StructureDefinition/implementationguide-page"><valueUri value="ValueSet-Observation.valueCodeableConceptSpecific.html"/></extension><reference><reference value="ValueSet/Observation.valueCodeableConceptSpecific"/></reference><name value="Value set specific for Observation specific value CodeableConcept"/><description value="Value set specific for Observation specific value CodeableConcept"/><exampleBoolean value="false"/><groupingId value="-term-valueset"/></resource><resource><extension url="http://hl7.org/fhir/tools/StructureDefinition/resource-sort"><valueInteger value="999999999"/></extension><extension url="http://hl7.org/fhir/StructureDefinition/implementationguide-page"><valueUri value="ValueSet-Observation.valueCodeableConcept.html"/></extension><reference><reference value="ValueSet/Observation.valueCodeableConcept"/></reference><name value="Value set specific for Observation value CodeableConcept"/><description value="Value set specific for Observation value CodeableConcept"/><exampleBoolean value="false"/><groupingId value="-term-valueset"/></resource><resource><extension url="http://hl7.org/fhir/tools/StructureDefinition/resource-sort"><valueInteger value="999999999"/></extension><extension url="http://hl7.org/fhir/StructureDefinition/implementationguide-page"><valueUri value="CodeSystem-EncounterLocationServiceClassInpatient.html"/></extension><reference><reference value="CodeSystem/EncounterLocationServiceClassInpatient"/></reference><name value="Encounter Location ServiceClass Inpatient"/><description value="Local ID encounter location ServiceClass Inpatient"/><exampleBoolean value="false"/><groupingId value="-term-codesystem"/></resource><resource><extension url="http://hl7.org/fhir/tools/StructureDefinition/resource-sort"><valueInteger value="999999999"/></extension><extension url="http://hl7.org/fhir/StructureDefinition/implementationguide-page"><valueUri value="CodeSystem-EncounterLocationServiceClassOutpatient.html"/></extension><reference><reference value="CodeSystem/EncounterLocationServiceClassOutpatient"/></reference><name value="Encounter Location ServiceClass Outpatient"/><description value="Local ID encounter location ServiceClass Outpatient"/><exampleBoolean value="false"/><groupingId value="-term-codesystem"/></resource><resource><extension url="http://hl7.org/fhir/tools/StructureDefinition/resource-sort"><valueInteger value="999999999"/></extension><extension url="http://hl7.org/fhir/StructureDefinition/implementationguide-page"><valueUri value="CodeSystem-EncounterLocationUpgradeClass.html"/></extension><reference><reference value="CodeSystem/EncounterLocationUpgradeClass"/></reference><name value="Encounter Location UpgradeClass"/><description value="Local ID encounter location UpgradeClass"/><exampleBoolean value="false"/><groupingId value="-term-codesystem"/></resource><resource><extension url="http://hl7.org/fhir/tools/StructureDefinition/resource-sort"><valueInteger value="999999999"/></extension><extension url="http://hl7.org/fhir/StructureDefinition/implementationguide-page"><valueUri value="CodeSystem-KemkesICDOMorphologyCS.html"/></extension><reference><reference value="CodeSystem/KemkesICDOMorphologyCS"/></reference><name value="ICD-0 Morphology"/><description value="Created by: Fadhil Muhammad"/><exampleBoolean value="false"/><groupingId value="-term-codesystem"/></resource><resource><extension url="http://hl7.org/fhir/tools/StructureDefinition/resource-sort"><valueInteger value="999999999"/></extension><extension url="http://hl7.org/fhir/StructureDefinition/implementationguide-page"><valueUri value="CodeSystem-KemkesICDOTopographyCS.html"/></extension><reference><reference value="CodeSystem/KemkesICDOTopographyCS"/></reference><name value="ICD-0 Topography"/><description value="Created by: Fadhil Muhammad"/><exampleBoolean value="false"/><groupingId value="-term-codesystem"/></resource><resource><extension url="http://hl7.org/fhir/tools/StructureDefinition/resource-sort"><valueInteger value="999999999"/></extension><extension url="http://hl7.org/fhir/StructureDefinition/implementationguide-page"><valueUri value="CodeSystem-KemkesCancerMCategory.html"/></extension><reference><reference value="CodeSystem/KemkesCancerMCategory"/></reference><name value="Kemkes Cancer M Category"/><exampleBoolean value="false"/><groupingId value="-term-codesystem"/></resource><resource><extension url="http://hl7.org/fhir/tools/StructureDefinition/resource-sort"><valueInteger value="999999999"/></extension><extension url="http://hl7.org/fhir/StructureDefinition/implementationguide-page"><valueUri value="CodeSystem-KemkesCancerNCategory.html"/></extension><reference><reference value="CodeSystem/KemkesCancerNCategory"/></reference><name value="Kemkes Cancer N Category"/><exampleBoolean value="false"/><groupingId value="-term-codesystem"/></resource><resource><extension url="http://hl7.org/fhir/tools/StructureDefinition/resource-sort"><valueInteger value="999999999"/></extension><extension url="http://hl7.org/fhir/StructureDefinition/implementationguide-page"><valueUri value="CodeSystem-KemkesCancerTCategoryCS.html"/></extension><reference><reference value="CodeSystem/KemkesCancerTCategoryCS"/></reference><name value="Kemkes Cancer T Category"/><exampleBoolean value="false"/><groupingId value="-term-codesystem"/></resource><resource><extension url="http://hl7.org/fhir/tools/StructureDefinition/resource-sort"><valueInteger value="999999999"/></extension><extension url="http://hl7.org/fhir/StructureDefinition/implementationguide-page"><valueUri value="CodeSystem-KemkesCarePlanCategoryCS.html"/></extension><reference><reference value="CodeSystem/KemkesCarePlanCategoryCS"/></reference><name value="Terminology Kemkes Clinical Term CodeSystem"/><description value="Terminology Kemkes Clinical Speciality CodeSystem"/><exampleBoolean value="false"/><groupingId value="-term-codesystem"/></resource><resource><extension url="http://hl7.org/fhir/tools/StructureDefinition/resource-sort"><valueInteger value="999999999"/></extension><extension url="http://hl7.org/fhir/StructureDefinition/implementationguide-page"><valueUri value="CodeSystem-KemkesClinicalSpecialityCS.html"/></extension><reference><reference value="CodeSystem/KemkesClinicalSpecialityCS"/></reference><name value="Terminology Kemkes Clinical Term CodeSystem"/><description value="Terminology Kemkes Clinical Speciality CodeSystem"/><exampleBoolean value="false"/><groupingId value="-term-codesystem"/></resource><resource><extension url="http://hl7.org/fhir/tools/StructureDefinition/resource-sort"><valueInteger value="999999999"/></extension><extension url="http://hl7.org/fhir/StructureDefinition/implementationguide-page"><valueUri value="CodeSystem-KemkesClinicalTermCS.html"/></extension><reference><reference value="CodeSystem/KemkesClinicalTermCS"/></reference><name value="Terminology Kemkes Clinical Term CodeSystem"/><description value="Terminology Kemkes Clinical Term CodeSystem"/><exampleBoolean value="false"/><groupingId value="-term-codesystem"/></resource><resource><extension url="http://hl7.org/fhir/tools/StructureDefinition/resource-sort"><valueInteger value="999999999"/></extension><extension url="http://hl7.org/fhir/StructureDefinition/implementationguide-page"><valueUri value="CodeSystem-KemkesHospitalClassCS.html"/></extension><reference><reference value="CodeSystem/KemkesHospitalClassCS"/></reference><name value="Terminology Kemkes Hospital Class CodeSystem"/><description value="Terminology Kemkes Hospital Class CodeSystem"/><exampleBoolean value="false"/><groupingId value="-term-codesystem"/></resource><resource><extension url="http://hl7.org/fhir/tools/StructureDefinition/resource-sort"><valueInteger value="999999999"/></extension><extension url="http://hl7.org/fhir/StructureDefinition/implementationguide-page"><valueUri value="CodeSystem-KemkesObservationInterpretation.html"/></extension><reference><reference value="CodeSystem/KemkesObservationInterpretation"/></reference><name value="Terminology Kemkes ObservationInterpretation CodeSystem"/><description value="Terminology Kemkes Observation Interpretation CodeSystem"/><exampleBoolean value="false"/><groupingId value="-term-codesystem"/></resource><resource><extension url="http://hl7.org/fhir/tools/StructureDefinition/resource-sort"><valueInteger value="999999999"/></extension><extension url="http://hl7.org/fhir/StructureDefinition/implementationguide-page"><valueUri value="CodeSystem-KemkesCompositionSectionCS.html"/></extension><reference><reference value="CodeSystem/KemkesCompositionSectionCS"/></reference><name value="Terminology Kemkes composition section CodeSystem"/><description value="Terminology Kemkes composition section CodeSystem"/><exampleBoolean value="false"/><groupingId value="-term-codesystem"/></resource><resource><extension url="http://hl7.org/fhir/tools/StructureDefinition/resource-sort"><valueInteger value="999999999"/></extension><extension url="http://hl7.org/fhir/StructureDefinition/implementationguide-page"><valueUri value="CodeSystem-KemkesCompositionTypeCS.html"/></extension><reference><reference value="CodeSystem/KemkesCompositionTypeCS"/></reference><name value="Terminology Kemkes composition type CodeSystem"/><description value="Terminology Kemkes composition type CodeSystem"/><exampleBoolean value="false"/><groupingId value="-term-codesystem"/></resource><resource><extension url="http://hl7.org/fhir/tools/StructureDefinition/resource-sort"><valueInteger value="999999999"/></extension><extension url="http://hl7.org/fhir/StructureDefinition/implementationguide-page"><valueUri value="CodeSystem-KemkesExaminationCS.html"/></extension><reference><reference value="CodeSystem/KemkesExaminationCS"/></reference><name value="Terminology Kemkes examination CodeSystem"/><description value="Terminology Kemkes examination CodeSystem"/><exampleBoolean value="false"/><groupingId value="-term-codesystem"/></resource><resource><extension url="http://hl7.org/fhir/tools/StructureDefinition/resource-sort"><valueInteger value="999999999"/></extension><extension url="http://hl7.org/fhir/StructureDefinition/implementationguide-page"><valueUri value="CodeSystem-KemkesImmunizationProgramEligibilityCS.html"/></extension><reference><reference value="CodeSystem/KemkesImmunizationProgramEligibilityCS"/></reference><name value="Terminology Kemkes immunization program eligibility CodeSystem"/><description value="Terminology Kemkes immunization program eligibility CodeSystem"/><exampleBoolean value="false"/><groupingId value="-term-codesystem"/></resource><resource><extension url="http://hl7.org/fhir/tools/StructureDefinition/resource-sort"><valueInteger value="999999999"/></extension><extension url="http://hl7.org/fhir/StructureDefinition/implementationguide-page"><valueUri value="CodeSystem-KemkesImmunizationReasonCS.html"/></extension><reference><reference value="CodeSystem/KemkesImmunizationReasonCS"/></reference><name value="Terminology Kemkes immunization reason CodeSystem"/><description value="Terminology Kemkes immunization reason CodeSystem"/><exampleBoolean value="false"/><groupingId value="-term-codesystem"/></resource><resource><extension url="http://hl7.org/fhir/tools/StructureDefinition/resource-sort"><valueInteger value="999999999"/></extension><extension url="http://hl7.org/fhir/StructureDefinition/implementationguide-page"><valueUri value="CodeSystem-KemkesImmunizationRoutineTimingCS.html"/></extension><reference><reference value="CodeSystem/KemkesImmunizationRoutineTimingCS"/></reference><name value="Terminology Kemkes immunization routine timing CodeSystem"/><description value="Terminology Kemkes immunization routine timing CodeSystem"/><exampleBoolean value="false"/><groupingId value="-term-codesystem"/></resource><resource><extension url="http://hl7.org/fhir/tools/StructureDefinition/resource-sort"><valueInteger value="999999999"/></extension><extension url="http://hl7.org/fhir/StructureDefinition/implementationguide-page"><valueUri value="CodeSystem-KemkesImmunizationStatusReasonCS.html"/></extension><reference><reference value="CodeSystem/KemkesImmunizationStatusReasonCS"/></reference><name value="Terminology Kemkes immunization statusReason CodeSystem"/><description value="Terminology Kemkes immunization statusReason  CodeSystem"/><exampleBoolean value="false"/><groupingId value="-term-codesystem"/></resource><resource><extension url="http://hl7.org/fhir/tools/StructureDefinition/resource-sort"><valueInteger value="999999999"/></extension><extension url="http://hl7.org/fhir/StructureDefinition/implementationguide-page"><valueUri value="CodeSystem-KemkesImmunizationFundingSourceCS.html"/></extension><reference><reference value="CodeSystem/KemkesImmunizationFundingSourceCS"/></reference><name value="Terminology Kemkes immunization- funding source CodeSystem"/><description value="Terminology Kemkes immunization- funding source CodeSystem"/><exampleBoolean value="false"/><groupingId value="-term-codesystem"/></resource><resource><extension url="http://hl7.org/fhir/tools/StructureDefinition/resource-sort"><valueInteger value="999999999"/></extension><extension url="http://hl7.org/fhir/StructureDefinition/implementationguide-page"><valueUri value="CodeSystem-KemkesKPSP.html"/></extension><reference><reference value="CodeSystem/KemkesKPSP"/></reference><name value="Terminology Kemkes kpsp CodeSystem"/><description value="Terminology Kemkes kpsp CodeSystem"/><exampleBoolean value="false"/><groupingId value="-term-codesystem"/></resource><resource><extension url="http://hl7.org/fhir/tools/StructureDefinition/resource-sort"><valueInteger value="999999999"/></extension><extension url="http://hl7.org/fhir/StructureDefinition/implementationguide-page"><valueUri value="CodeSystem-KemkesLocationUpgradeClass.html"/></extension><reference><reference value="CodeSystem/KemkesLocationUpgradeClass"/></reference><name value="Terminology Kemkes location upgrade class CodeSystem"/><description value="Terminology Kemkes location upgrade class CodeSystem"/><exampleBoolean value="false"/><groupingId value="-term-codesystem"/></resource><resource><extension url="http://hl7.org/fhir/tools/StructureDefinition/resource-sort"><valueInteger value="999999999"/></extension><extension url="http://hl7.org/fhir/StructureDefinition/implementationguide-page"><valueUri value="CodeSystem-KemkesLocationType.html"/></extension><reference><reference value="CodeSystem/KemkesLocationType"/></reference><name value="Terminology Kemkes location-type CodeSystem"/><description value="Terminology Kemkes location-type CodeSystem"/><exampleBoolean value="false"/><groupingId value="-term-codesystem"/></resource><resource><extension url="http://hl7.org/fhir/tools/StructureDefinition/resource-sort"><valueInteger value="999999999"/></extension><extension url="http://hl7.org/fhir/StructureDefinition/implementationguide-page"><valueUri value="CodeSystem-KemkesMedicationForm.html"/></extension><reference><reference value="CodeSystem/KemkesMedicationForm"/></reference><name value="Terminology Kemkes medication form CodeSystem"/><description value="Terminology Kemkes medication form CodeSystem"/><exampleBoolean value="false"/><groupingId value="-term-codesystem"/></resource><resource><extension url="http://hl7.org/fhir/tools/StructureDefinition/resource-sort"><valueInteger value="999999999"/></extension><extension url="http://hl7.org/fhir/StructureDefinition/implementationguide-page"><valueUri value="CodeSystem-KemkesMedicationType.html"/></extension><reference><reference value="CodeSystem/KemkesMedicationType"/></reference><name value="Terminology Kemkes medication type CodeSystem"/><description value="Terminology Kemkes medication type CodeSystem"/><exampleBoolean value="false"/><groupingId value="-term-codesystem"/></resource><resource><extension url="http://hl7.org/fhir/tools/StructureDefinition/resource-sort"><valueInteger value="999999999"/></extension><extension url="http://hl7.org/fhir/StructureDefinition/implementationguide-page"><valueUri value="CodeSystem-KemkesOrganizationType.html"/></extension><reference><reference value="CodeSystem/KemkesOrganizationType"/></reference><name value="Terminology Kemkes organization type CodeSystem"/><description value="Terminology Kemkes organization type CodeSystem"/><exampleBoolean value="false"/><groupingId value="-term-codesystem"/></resource><resource><extension url="http://hl7.org/fhir/tools/StructureDefinition/resource-sort"><valueInteger value="999999999"/></extension><extension url="http://hl7.org/fhir/StructureDefinition/implementationguide-page"><valueUri value="CodeSystem-KemkesPrevTBTreatment.html"/></extension><reference><reference value="CodeSystem/KemkesPrevTBTreatment"/></reference><name value="Terminology Kemkes prev-tb-treatment CodeSystem"/><description value="Terminology Kemkes prev-tb-treatment CodeSystem"/><exampleBoolean value="false"/><groupingId value="-term-codesystem"/></resource><resource><extension url="http://hl7.org/fhir/tools/StructureDefinition/resource-sort"><valueInteger value="999999999"/></extension><extension url="http://hl7.org/fhir/StructureDefinition/implementationguide-page"><valueUri value="CodeSystem-KemkesSmallestLogisticUnit.html"/></extension><reference><reference value="CodeSystem/KemkesSmallestLogisticUnit"/></reference><name value="Terminology Kemkes smallest logistic unit CodeSystem"/><description value="Terminology Kemkes smallest logistic unit CodeSystem"/><exampleBoolean value="false"/><groupingId value="-term-codesystem"/></resource><resource><extension url="http://hl7.org/fhir/tools/StructureDefinition/resource-sort"><valueInteger value="999999999"/></extension><extension url="http://hl7.org/fhir/StructureDefinition/implementationguide-page"><valueUri value="Condition-IDCoreCondition.html"/></extension><reference><reference value="Condition/IDCoreCondition"/></reference><name value="IDCoreCondition"/><exampleBoolean value="true"/><groupingId value="-ex-example"/></resource><resource><extension url="http://hl7.org/fhir/tools/StructureDefinition/resource-sort"><valueInteger value="999999999"/></extension><extension url="http://hl7.org/fhir/StructureDefinition/implementationguide-page"><valueUri value="Encounter-IDCoreEncounter.html"/></extension><reference><reference value="Encounter/IDCoreEncounter"/></reference><name value="IDCoreEncounter"/><exampleBoolean value="true"/><groupingId value="-ex-example"/></resource><resource><extension url="http://hl7.org/fhir/tools/StructureDefinition/resource-sort"><valueInteger value="999999999"/></extension><extension url="http://hl7.org/fhir/StructureDefinition/implementationguide-page"><valueUri value="Encounter-IDCoreEncounterEMER.html"/></extension><reference><reference value="Encounter/IDCoreEncounterEMER"/></reference><name value="IDCoreEncounterEMER"/><exampleCanonical value="https://fhir.kemkes.go.id/r4/StructureDefinition/IDCoreEncounter"/><groupingId value="-ex-example"/></resource><resource><extension url="http://hl7.org/fhir/tools/StructureDefinition/resource-sort"><valueInteger value="999999999"/></extension><extension url="http://hl7.org/fhir/StructureDefinition/implementationguide-page"><valueUri value="Encounter-IDCoreEncounterIMP.html"/></extension><reference><reference value="Encounter/IDCoreEncounterIMP"/></reference><name value="IDCoreEncounterIMP"/><exampleCanonical value="https://fhir.kemkes.go.id/r4/StructureDefinition/IDCoreEncounter"/><groupingId value="-ex-example"/></resource><page><extension url="http://hl7.org/fhir/tools/StructureDefinition/ig-page-name"><valueUrl value="toc.html"/></extension><nameUrl value="toc.html"/><title value="Table of Contents"/><generation value="html"/><page><extension url="http://hl7.org/fhir/tools/StructureDefinition/ig-page-name"><valueUrl value="index.html"/></extension><nameUrl value="index.html"/><title value="Home"/><generation value="markdown"/></page><page><extension url="http://hl7.org/fhir/tools/StructureDefinition/ig-page-name"><valueUrl value="modul-pelayanan.html"/></extension><nameUrl value="modul-pelayanan.html"/><title value="Modul Pelayanan"/><generation value="markdown"/><page><extension url="http://hl7.org/fhir/tools/StructureDefinition/ig-page-name"><valueUrl value="resume-medis-jilid1.html"/></extension><nameUrl value="resume-medis-jilid1.html"/><title value="Resume Medis Jilid 1"/><generation value="markdown"/></page><page><extension url="http://hl7.org/fhir/tools/StructureDefinition/ig-page-name"><valueUrl value="resume-medis-jilid2.html"/></extension><nameUrl value="resume-medis-jilid2.html"/><title value="Resume Medis Jilid 2"/><generation value="markdown"/></page><page><extension url="http://hl7.org/fhir/tools/StructureDefinition/ig-page-name"><valueUrl value="rawat-inap-fase1.html"/></extension><nameUrl value="rawat-inap-fase1.html"/><title value="Rawat Inap Fase 1"/><generation value="markdown"/></page><page><extension url="http://hl7.org/fhir/tools/StructureDefinition/ig-page-name"><valueUrl value="rawat-inap-fase2.html"/></extension><nameUrl value="rawat-inap-fase2.html"/><title value="Rawat Inap Fase 2"/><generation value="markdown"/></page><page><extension url="http://hl7.org/fhir/tools/StructureDefinition/ig-page-name"><valueUrl value="igd-fase1.html"/></extension><nameUrl value="igd-fase1.html"/><title value="Igd Fase 1"/><generation value="markdown"/></page><page><extension url="http://hl7.org/fhir/tools/StructureDefinition/ig-page-name"><valueUrl value="igd-fase2.html"/></extension><nameUrl value="igd-fase2.html"/><title value="Igd Fase 2"/><generation value="markdown"/></page></page><page><extension url="http://hl7.org/fhir/tools/StructureDefinition/ig-page-name"><valueUrl value="useCase.html"/></extension><nameUrl value="useCase.html"/><title value="Penerapan (Use Case)"/><generation value="markdown"/><page><extension url="http://hl7.org/fhir/tools/StructureDefinition/ig-page-name"><valueUrl value="imunisasi.html"/></extension><nameUrl value="imunisasi.html"/><title value="Imunisasi"/><generation value="markdown"/></page><page><extension url="http://hl7.org/fhir/tools/StructureDefinition/ig-page-name"><valueUrl value="gizi-tumbang.html"/></extension><nameUrl value="gizi-tumbang.html"/><title value="Gizi Tumbang"/><generation value="markdown"/></page><page><extension url="http://hl7.org/fhir/tools/StructureDefinition/ig-page-name"><valueUrl value="shk.html"/></extension><nameUrl value="shk.html"/><title value="Shk"/><generation value="markdown"/></page><page><extension url="http://hl7.org/fhir/tools/StructureDefinition/ig-page-name"><valueUrl value="anc.html"/></extension><nameUrl value="anc.html"/><title value="Anc"/><generation value="markdown"/></page><page><extension url="http://hl7.org/fhir/tools/StructureDefinition/ig-page-name"><valueUrl value="inc.html"/></extension><nameUrl value="inc.html"/><title value="Inc"/><generation value="markdown"/></page><page><extension url="http://hl7.org/fhir/tools/StructureDefinition/ig-page-name"><valueUrl value="pnc.html"/></extension><nameUrl value="pnc.html"/><title value="Pnc"/><generation value="markdown"/></page></page><page><extension url="http://hl7.org/fhir/tools/StructureDefinition/ig-page-name"><valueUrl value="dicom.html"/></extension><nameUrl value="dicom.html"/><title value="Sistem DICOM"/><generation value="markdown"/><page><extension url="http://hl7.org/fhir/tools/StructureDefinition/ig-page-name"><valueUrl value="architecture.html"/></extension><nameUrl value="architecture.html"/><title value="Architecture"/><generation value="markdown"/></page><page><extension url="http://hl7.org/fhir/tools/StructureDefinition/ig-page-name"><valueUrl value="dicom-requirement.html"/></extension><nameUrl value="dicom-requirement.html"/><title value="Dicom Requirement"/><generation value="markdown"/></page><page><extension url="http://hl7.org/fhir/tools/StructureDefinition/ig-page-name"><valueUrl value="dicom-router.html"/></extension><nameUrl value="dicom-router.html"/><title value="Dicom Router"/><generation value="markdown"/></page></page><page><extension url="http://hl7.org/fhir/tools/StructureDefinition/ig-page-name"><valueUrl value="artifacts.html"/></extension><nameUrl value="artifacts.html"/><title value="Artifacts Summary"/><generation value="html"/><page><extension url="http://hl7.org/fhir/tools/StructureDefinition/ig-page-name"><valueUrl value="StructureDefinition-IDCoreVSBPDiastolic.html"/></extension><nameUrl value="StructureDefinition-IDCoreVSBPDiastolic.html"/><title value="Diastolic Blood Pressure"/><generation value="generated"/></page><page><extension url="http://hl7.org/fhir/tools/StructureDefinition/ig-page-name"><valueUrl value="StructureDefinition-IDCoreCondition.html"/></extension><nameUrl value="StructureDefinition-IDCoreCondition.html"/><title value="IDCoreCondition"/><generation value="generated"/></page><page><extension url="http://hl7.org/fhir/tools/StructureDefinition/ig-page-name"><valueUrl value="StructureDefinition-IDCoreEncounter.html"/></extension><nameUrl value="StructureDefinition-IDCoreEncounter.html"/><title value="IDCoreEncounter"/><generation value="generated"/></page><page><extension url="http://hl7.org/fhir/tools/StructureDefinition/ig-page-name"><valueUrl value="StructureDefinition-IDCoreEncounterEMER.html"/></extension><nameUrl value="StructureDefinition-IDCoreEncounterEMER.html"/><title value="IDCoreEncounterEMER"/><generation value="generated"/></page><page><extension url="http://hl7.org/fhir/tools/StructureDefinition/ig-page-name"><valueUrl value="StructureDefinition-IDCoreEncounterIMP.html"/></extension><nameUrl value="StructureDefinition-IDCoreEncounterIMP.html"/><title value="IDCoreEncounterIMP"/><generation value="generated"/></page><page><extension url="http://hl7.org/fhir/tools/StructureDefinition/ig-page-name"><valueUrl value="StructureDefinition-IDCoreEncounterStatusFinished.html"/></extension><nameUrl value="StructureDefinition-IDCoreEncounterStatusFinished.html"/><title value="IDCoreEncounterStatusFinished"/><generation value="generated"/></page><page><extension url="http://hl7.org/fhir/tools/StructureDefinition/ig-page-name"><valueUrl value="StructureDefinition-IDCoreObservation.html"/></extension><nameUrl value="StructureDefinition-IDCoreObservation.html"/><title value="IDCoreObservation"/><generation value="generated"/></page><page><extension url="http://hl7.org/fhir/tools/StructureDefinition/ig-page-name"><valueUrl value="StructureDefinition-IDCorePatient.html"/></extension><nameUrl value="StructureDefinition-IDCorePatient.html"/><title value="IDCorePatient"/><generation value="generated"/></page><page><extension url="http://hl7.org/fhir/tools/StructureDefinition/ig-page-name"><valueUrl value="StructureDefinition-IDCorePractitioner.html"/></extension><nameUrl value="StructureDefinition-IDCorePractitioner.html"/><title value="IDCorePractitioner"/><generation value="generated"/></page><page><extension url="http://hl7.org/fhir/tools/StructureDefinition/ig-page-name"><valueUrl value="StructureDefinition-IDCoreVSBPSystolic.html"/></extension><nameUrl value="StructureDefinition-IDCoreVSBPSystolic.html"/><title value="Systolic Blood Pressure"/><generation value="generated"/></page><page><extension url="http://hl7.org/fhir/tools/StructureDefinition/ig-page-name"><valueUrl value="StructureDefinition-IDCoreObservationVitalSigns.html"/></extension><nameUrl value="StructureDefinition-IDCoreObservationVitalSigns.html"/><title value="Vital Signs Profile"/><generation value="generated"/></page><page><extension url="http://hl7.org/fhir/tools/StructureDefinition/ig-page-name"><valueUrl value="StructureDefinition-AddressExtension.html"/></extension><nameUrl value="StructureDefinition-AddressExtension.html"/><title value="Address administrative code extension"/><generation value="generated"/></page><page><extension url="http://hl7.org/fhir/tools/StructureDefinition/ig-page-name"><valueUrl value="StructureDefinition-EncounterLocation.html"/></extension><nameUrl value="StructureDefinition-EncounterLocation.html"/><title value="Encounter Location Extention"/><generation value="generated"/></page><page><extension url="http://hl7.org/fhir/tools/StructureDefinition/ig-page-name"><valueUrl value="StructureDefinition-CitizenshipStatusExtension.html"/></extension><nameUrl value="StructureDefinition-CitizenshipStatusExtension.html"/><title value="Patient citizenship status extension"/><generation value="generated"/></page><page><extension url="http://hl7.org/fhir/tools/StructureDefinition/ig-page-name"><valueUrl value="ValueSet-EncounterLocationServiceClassExtension.html"/></extension><nameUrl value="ValueSet-EncounterLocationServiceClassExtension.html"/><title value="Encounter Location Extension"/><generation value="generated"/></page><page><extension url="http://hl7.org/fhir/tools/StructureDefinition/ig-page-name"><valueUrl value="ValueSet-EncounterLocationServiceClassInpatient.html"/></extension><nameUrl value="ValueSet-EncounterLocationServiceClassInpatient.html"/><title value="Encounter Location ServiceClass-Inpatient"/><generation value="generated"/></page><page><extension url="http://hl7.org/fhir/tools/StructureDefinition/ig-page-name"><valueUrl value="ValueSet-EncounterLocationServiceClassOutpatient.html"/></extension><nameUrl value="ValueSet-EncounterLocationServiceClassOutpatient.html"/><title value="Encounter Location ServiceClass-Outpatient"/><generation value="generated"/></page><page><extension url="http://hl7.org/fhir/tools/StructureDefinition/ig-page-name"><valueUrl value="ValueSet-EncounterLocationUpgradeClass.html"/></extension><nameUrl value="ValueSet-EncounterLocationUpgradeClass.html"/><title value="Encounter Location Upgrade Class"/><generation value="generated"/></page><page><extension url="http://hl7.org/fhir/tools/StructureDefinition/ig-page-name"><valueUrl value="ValueSet-ObservationBodySite.html"/></extension><nameUrl value="ValueSet-ObservationBodySite.html"/><title value="Value set specific for Observation BodySite"/><generation value="generated"/></page><page><extension url="http://hl7.org/fhir/tools/StructureDefinition/ig-page-name"><valueUrl value="ValueSet-Observationcode.html"/></extension><nameUrl value="ValueSet-Observationcode.html"/><title value="Value set specific for Observation Code"/><generation value="generated"/></page><page><extension url="http://hl7.org/fhir/tools/StructureDefinition/ig-page-name"><valueUrl value="ValueSet-Observation.interpretation.html"/></extension><nameUrl value="ValueSet-Observation.interpretation.html"/><title value="Value set specific for Observation Code"/><generation value="generated"/></page><page><extension url="http://hl7.org/fhir/tools/StructureDefinition/ig-page-name"><valueUrl value="ValueSet-Observation.valueCodeableConceptSpecific.html"/></extension><nameUrl value="ValueSet-Observation.valueCodeableConceptSpecific.html"/><title value="Value set specific for Observation specific value CodeableConcept"/><generation value="generated"/></page><page><extension url="http://hl7.org/fhir/tools/StructureDefinition/ig-page-name"><valueUrl value="ValueSet-Observation.valueCodeableConcept.html"/></extension><nameUrl value="ValueSet-Observation.valueCodeableConcept.html"/><title value="Value set specific for Observation value CodeableConcept"/><generation value="generated"/></page><page><extension url="http://hl7.org/fhir/tools/StructureDefinition/ig-page-name"><valueUrl value="CodeSystem-EncounterLocationServiceClassInpatient.html"/></extension><nameUrl value="CodeSystem-EncounterLocationServiceClassInpatient.html"/><title value="Encounter Location ServiceClass Inpatient"/><generation value="generated"/></page><page><extension url="http://hl7.org/fhir/tools/StructureDefinition/ig-page-name"><valueUrl value="CodeSystem-EncounterLocationServiceClassOutpatient.html"/></extension><nameUrl value="CodeSystem-EncounterLocationServiceClassOutpatient.html"/><title value="Encounter Location ServiceClass Outpatient"/><generation value="generated"/></page><page><extension url="http://hl7.org/fhir/tools/StructureDefinition/ig-page-name"><valueUrl value="CodeSystem-EncounterLocationUpgradeClass.html"/></extension><nameUrl value="CodeSystem-EncounterLocationUpgradeClass.html"/><title value="Encounter Location UpgradeClass"/><generation value="generated"/></page><page><extension url="http://hl7.org/fhir/tools/StructureDefinition/ig-page-name"><valueUrl value="CodeSystem-KemkesICDOMorphologyCS.html"/></extension><nameUrl value="CodeSystem-KemkesICDOMorphologyCS.html"/><title value="ICD-0 Morphology"/><generation value="generated"/></page><page><extension url="http://hl7.org/fhir/tools/StructureDefinition/ig-page-name"><valueUrl value="CodeSystem-KemkesICDOTopographyCS.html"/></extension><nameUrl value="CodeSystem-KemkesICDOTopographyCS.html"/><title value="ICD-0 Topography"/><generation value="generated"/></page><page><extension url="http://hl7.org/fhir/tools/StructureDefinition/ig-page-name"><valueUrl value="CodeSystem-KemkesCancerMCategory.html"/></extension><nameUrl value="CodeSystem-KemkesCancerMCategory.html"/><title value="Kemkes Cancer M Category"/><generation value="generated"/></page><page><extension url="http://hl7.org/fhir/tools/StructureDefinition/ig-page-name"><valueUrl value="CodeSystem-KemkesCancerNCategory.html"/></extension><nameUrl value="CodeSystem-KemkesCancerNCategory.html"/><title value="Kemkes Cancer N Category"/><generation value="generated"/></page><page><extension url="http://hl7.org/fhir/tools/StructureDefinition/ig-page-name"><valueUrl value="CodeSystem-KemkesCancerTCategoryCS.html"/></extension><nameUrl value="CodeSystem-KemkesCancerTCategoryCS.html"/><title value="Kemkes Cancer T Category"/><generation value="generated"/></page><page><extension url="http://hl7.org/fhir/tools/StructureDefinition/ig-page-name"><valueUrl value="CodeSystem-KemkesCarePlanCategoryCS.html"/></extension><nameUrl value="CodeSystem-KemkesCarePlanCategoryCS.html"/><title value="Terminology Kemkes Clinical Term CodeSystem"/><generation value="generated"/></page><page><extension url="http://hl7.org/fhir/tools/StructureDefinition/ig-page-name"><valueUrl value="CodeSystem-KemkesClinicalSpecialityCS.html"/></extension><nameUrl value="CodeSystem-KemkesClinicalSpecialityCS.html"/><title value="Terminology Kemkes Clinical Term CodeSystem"/><generation value="generated"/></page><page><extension url="http://hl7.org/fhir/tools/StructureDefinition/ig-page-name"><valueUrl value="CodeSystem-KemkesClinicalTermCS.html"/></extension><nameUrl value="CodeSystem-KemkesClinicalTermCS.html"/><title value="Terminology Kemkes Clinical Term CodeSystem"/><generation value="generated"/></page><page><extension url="http://hl7.org/fhir/tools/StructureDefinition/ig-page-name"><valueUrl value="CodeSystem-KemkesCompositionSectionCS.html"/></extension><nameUrl value="CodeSystem-KemkesCompositionSectionCS.html"/><title value="Terminology Kemkes composition section CodeSystem"/><generation value="generated"/></page><page><extension url="http://hl7.org/fhir/tools/StructureDefinition/ig-page-name"><valueUrl value="CodeSystem-KemkesCompositionTypeCS.html"/></extension><nameUrl value="CodeSystem-KemkesCompositionTypeCS.html"/><title value="Terminology Kemkes composition type CodeSystem"/><generation value="generated"/></page><page><extension url="http://hl7.org/fhir/tools/StructureDefinition/ig-page-name"><valueUrl value="CodeSystem-KemkesExaminationCS.html"/></extension><nameUrl value="CodeSystem-KemkesExaminationCS.html"/><title value="Terminology Kemkes examination CodeSystem"/><generation value="generated"/></page><page><extension url="http://hl7.org/fhir/tools/StructureDefinition/ig-page-name"><valueUrl value="CodeSystem-KemkesHospitalClassCS.html"/></extension><nameUrl value="CodeSystem-KemkesHospitalClassCS.html"/><title value="Terminology Kemkes Hospital Class CodeSystem"/><generation value="generated"/></page><page><extension url="http://hl7.org/fhir/tools/StructureDefinition/ig-page-name"><valueUrl value="CodeSystem-KemkesImmunizationProgramEligibilityCS.html"/></extension><nameUrl value="CodeSystem-KemkesImmunizationProgramEligibilityCS.html"/><title value="Terminology Kemkes immunization program eligibility CodeSystem"/><generation value="generated"/></page><page><extension url="http://hl7.org/fhir/tools/StructureDefinition/ig-page-name"><valueUrl value="CodeSystem-KemkesImmunizationReasonCS.html"/></extension><nameUrl value="CodeSystem-KemkesImmunizationReasonCS.html"/><title value="Terminology Kemkes immunization reason CodeSystem"/><generation value="generated"/></page><page><extension url="http://hl7.org/fhir/tools/StructureDefinition/ig-page-name"><valueUrl value="CodeSystem-KemkesImmunizationRoutineTimingCS.html"/></extension><nameUrl value="CodeSystem-KemkesImmunizationRoutineTimingCS.html"/><title value="Terminology Kemkes immunization routine timing CodeSystem"/><generation value="generated"/></page><page><extension url="http://hl7.org/fhir/tools/StructureDefinition/ig-page-name"><valueUrl value="CodeSystem-KemkesImmunizationStatusReasonCS.html"/></extension><nameUrl value="CodeSystem-KemkesImmunizationStatusReasonCS.html"/><title value="Terminology Kemkes immunization statusReason CodeSystem"/><generation value="generated"/></page><page><extension url="http://hl7.org/fhir/tools/StructureDefinition/ig-page-name"><valueUrl value="CodeSystem-KemkesImmunizationFundingSourceCS.html"/></extension><nameUrl value="CodeSystem-KemkesImmunizationFundingSourceCS.html"/><title value="Terminology Kemkes immunization- funding source CodeSystem"/><generation value="generated"/></page><page><extension url="http://hl7.org/fhir/tools/StructureDefinition/ig-page-name"><valueUrl value="CodeSystem-KemkesKPSP.html"/></extension><nameUrl value="CodeSystem-KemkesKPSP.html"/><title value="Terminology Kemkes kpsp CodeSystem"/><generation value="generated"/></page><page><extension url="http://hl7.org/fhir/tools/StructureDefinition/ig-page-name"><valueUrl value="CodeSystem-KemkesLocationUpgradeClass.html"/></extension><nameUrl value="CodeSystem-KemkesLocationUpgradeClass.html"/><title value="Terminology Kemkes location upgrade class CodeSystem"/><generation value="generated"/></page><page><extension url="http://hl7.org/fhir/tools/StructureDefinition/ig-page-name"><valueUrl value="CodeSystem-KemkesLocationType.html"/></extension><nameUrl value="CodeSystem-KemkesLocationType.html"/><title value="Terminology Kemkes location-type CodeSystem"/><generation value="generated"/></page><page><extension url="http://hl7.org/fhir/tools/StructureDefinition/ig-page-name"><valueUrl value="CodeSystem-KemkesMedicationForm.html"/></extension><nameUrl value="CodeSystem-KemkesMedicationForm.html"/><title value="Terminology Kemkes medication form CodeSystem"/><generation value="generated"/></page><page><extension url="http://hl7.org/fhir/tools/StructureDefinition/ig-page-name"><valueUrl value="CodeSystem-KemkesMedicationType.html"/></extension><nameUrl value="CodeSystem-KemkesMedicationType.html"/><title value="Terminology Kemkes medication type CodeSystem"/><generation value="generated"/></page><page><extension url="http://hl7.org/fhir/tools/StructureDefinition/ig-page-name"><valueUrl value="CodeSystem-KemkesObservationInterpretation.html"/></extension><nameUrl value="CodeSystem-KemkesObservationInterpretation.html"/><title value="Terminology Kemkes ObservationInterpretation CodeSystem"/><generation value="generated"/></page><page><extension url="http://hl7.org/fhir/tools/StructureDefinition/ig-page-name"><valueUrl value="CodeSystem-KemkesOrganizationType.html"/></extension><nameUrl value="CodeSystem-KemkesOrganizationType.html"/><title value="Terminology Kemkes organization type CodeSystem"/><generation value="generated"/></page><page><extension url="http://hl7.org/fhir/tools/StructureDefinition/ig-page-name"><valueUrl value="CodeSystem-KemkesPrevTBTreatment.html"/></extension><nameUrl value="CodeSystem-KemkesPrevTBTreatment.html"/><title value="Terminology Kemkes prev-tb-treatment CodeSystem"/><generation value="generated"/></page><page><extension url="http://hl7.org/fhir/tools/StructureDefinition/ig-page-name"><valueUrl value="CodeSystem-KemkesSmallestLogisticUnit.html"/></extension><nameUrl value="CodeSystem-KemkesSmallestLogisticUnit.html"/><title value="Terminology Kemkes smallest logistic unit CodeSystem"/><generation value="generated"/></page><page><extension url="http://hl7.org/fhir/tools/StructureDefinition/ig-page-name"><valueUrl value="Condition-IDCoreCondition.html"/></extension><nameUrl value="Condition-IDCoreCondition.html"/><title value="IDCoreCondition"/><generation value="generated"/></page><page><extension url="http://hl7.org/fhir/tools/StructureDefinition/ig-page-name"><valueUrl value="Encounter-IDCoreEncounter.html"/></extension><nameUrl value="Encounter-IDCoreEncounter.html"/><title value="IDCoreEncounter"/><generation value="generated"/></page><page><extension url="http://hl7.org/fhir/tools/StructureDefinition/ig-page-name"><valueUrl value="Encounter-IDCoreEncounterEMER.html"/></extension><nameUrl value="Encounter-IDCoreEncounterEMER.html"/><title value="IDCoreEncounterEMER"/><generation value="generated"/></page><page><extension url="http://hl7.org/fhir/tools/StructureDefinition/ig-page-name"><valueUrl value="Encounter-IDCoreEncounterIMP.html"/></extension><nameUrl value="Encounter-IDCoreEncounterIMP.html"/><title value="IDCoreEncounterIMP"/><generation value="generated"/></page></page></page><parameter><code value="path-resource"/><value value="input/includes"/></parameter><parameter><code value="path-resource"/><value value="fsh-generated/resources"/></parameter><parameter><code value="path-pages"/><value value="input/pagecontent/valueset"/></parameter><parameter><code value="path-pages"/><value value="input/pagecontent/codesystem"/></parameter><parameter><code value="path-pages"/><value value="fsh-generated/includes"/></parameter><parameter><code value="path-resource"/><value value="input/capabilities"/></parameter><parameter><code value="path-resource"/><value value="input/examples"/></parameter><parameter><code value="path-resource"/><value value="input/extensions"/></parameter><parameter><code value="path-resource"/><value value="input/models"/></parameter><parameter><code value="path-resource"/><value value="input/operations"/></parameter><parameter><code value="path-resource"/><value value="input/profiles"/></parameter><parameter><code value="path-resource"/><value value="input/resources"/></parameter><parameter><code value="path-resource"/><value value="input/vocabulary"/></parameter><parameter><code value="path-resource"/><value value="input/testing"/></parameter><parameter><code value="path-resource"/><value value="input/history"/></parameter><parameter><code value="path-pages"/><value value="template/config"/></parameter><parameter><code value="path-pages"/><value value="input/images"/></parameter><parameter><code value="path-tx-cache"/><value value="input-cache/txcache"/></parameter></definition></ImplementationGuide>