<?xml version="1.0" encoding="UTF-8"?><ValueSet xmlns="http://hl7.org/fhir"><id value="v3-ActClassExtract"/><language value="en"/><text><status value="generated"/><div xml:lang="en" xmlns="http://www.w3.org/1999/xhtml" lang="en"><ul><li>Include codes from <a href="CodeSystem-v3-ActClass.html"><code>http://terminology.hl7.org/CodeSystem/v3-ActClass</code></a> where concept  is-a  <a href="CodeSystem-v3-ActClass.html#v3-ActClass-EXTRACT">EXTRACT</a></li></ul></div></text><url value="http://terminology.hl7.org/ValueSet/v3-ActClassExtract"/><identifier><system value="urn:ietf:rfc:3986"/><value value="urn:oid:2.16.840.1.113883.1.11.19441"/></identifier><version value="0.1.0"/><name value="ActClassExtract"/><title value="ActClassExtract"/><status value="active"/><experimental value="false"/><date value="2014-03-26"/><publisher value="SatuSehat"/><contact><name value="SatuSehat"/><telecom><system value="url"/><value value="https://satusehat.kemkes.go.id/"/></telecom><telecom><system value="email"/><value value="fhir@dto.kemkes.go.id"/></telecom></contact><description value="This context represents the part of a patient record conveyed in a single communication. It is drawn from a providing system for the purposes of communication to a requesting process (which might be another repository, a client application or a middleware service such as an electronic guideline engine), and supporting the faithful inclusion of the communicated data in the receiving system.&#xD;&#xA;&#xD;&#xA;An extract may be the entirety of the patient record as held by the sender or it may be a part of that record (e.g. changes since a specified date).&#xD;&#xA;&#xD;&#xA;An extract contains folders or compositions.&#xD;&#xA;&#xD;&#xA;An extract cannot contain another extract."/><immutable value="true"/><copyright value="This material derives from the HL7 Terminology THO. THO is copyright ©1989+ Health Level Seven International and is made available under the CC0 designation. For more licensing information see: https://terminology.hl7.org/license"/><compose><include><system value="http://terminology.hl7.org/CodeSystem/v3-ActClass"/><filter><property value="concept"/><op value="is-a"/><value value="EXTRACT"/></filter></include></compose></ValueSet>