<?xml version="1.0" encoding="UTF-8"?><ValueSet xmlns="http://hl7.org/fhir"><id value="EncounterHospitalizationreDietVS"/><text><status value="generated"/><div xmlns="http://www.w3.org/1999/xhtml"><ul><li>Include all codes defined in <a href="http://terminology.hl7.org/5.3.0/CodeSystem-diet.html"><code>http://terminology.hl7.org/CodeSystem/diet</code></a></li></ul></div></text><url value="https://fhir.kemkes.go.id/r4/ValueSet/EncounterHospitalizationreDietVS"/><version value="0.1.0"/><name value="EncounterHospitalizationreDietVS"/><title value="Diet"/><status value="active"/><date value="2024-02-04T23:26:43+07:00"/><publisher value="Thomas Chaidir"/><contact><name value="Thomas Chaidir"/><telecom><system value="url"/><value value="https://satusehat.kemkes.go.id/"/></telecom></contact><description value="This value set defines a set of codes that can be used to indicate dietary preferences or restrictions a patient may have."/><compose><include><system value="http://terminology.hl7.org/CodeSystem/diet"/></include></compose></ValueSet>