<?xml version="1.0" encoding="UTF-8"?><ValueSet xmlns="http://hl7.org/fhir"><id value="EncounterClassVS"/><text><status value="generated"/><div xmlns="http://www.w3.org/1999/xhtml"><p>This value set includes codes based on the following rules:</p><ul><li>Include all codes defined in <a href="http://terminology.hl7.org/5.3.0/CodeSystem-v3-ActCode.html"><code>http://terminology.hl7.org/CodeSystem/v3-ActCode</code></a></li><li>Include all codes defined in <a href="CodeSystem-EncounterClassCS.html"><code>http://terminology.kemkes.go.id/CodeSystem/encounter-class</code></a></li></ul></div></text><url value="https://fhir.kemkes.go.id/r4/ValueSet/EncounterClassVS"/><version value="0.1.0"/><name value="EncounterClassVS"/><title value="V3 Value SetActEncounterCode"/><status value="active"/><date value="2024-02-15T12:08:26+07:00"/><publisher value="Thomas Chaidir"/><contact><name value="Thomas Chaidir"/><telecom><system value="url"/><value value="https://satusehat.kemkes.go.id/"/></telecom></contact><description value="Domain provides codes that qualify the ActEncounterClass (ENC)"/><compose><include><system value="http://terminology.hl7.org/CodeSystem/v3-ActCode"/></include><include><system value="http://terminology.kemkes.go.id/CodeSystem/encounter-class"/></include></compose></ValueSet>