<?xml version="1.0" encoding="UTF-8"?><ValueSet xmlns="http://hl7.org/fhir"><id value="v3-SnodentCraniofacialAnomalyInternational"/><language value="en"/><text><status value="extensions"/><div xml:lang="en" xmlns="http://www.w3.org/1999/xhtml" lang="en"><ul><li>Include these codes as defined in <a href="CodeSystem-v3-ada-snodent.html"><code>http://www.ada.org/snodent</code></a><table class="none"><tr><td style="white-space:nowrap"><b>Code</b></td><td><b>Display</b></td><td><b>Definition</b></td></tr><tr><td><a href="CodeSystem-v3-ada-snodent.html#v3-ada-snodent-115902D">115902D</a></td><td style="color: #cccccc">Cleft palate with cleft lip</td><td>Cleft palate with cleft lip</td></tr><tr><td><a href="CodeSystem-v3-ada-snodent.html#v3-ada-snodent-117349D">117349D</a></td><td style="color: #cccccc">Juvenile rheumatoid arthritis</td><td>Juvenile rheumatoid arthritis</td></tr><tr><td><a href="CodeSystem-v3-ada-snodent.html#v3-ada-snodent-122924D">122924D</a></td><td style="color: #cccccc">Hemifacial microsomia</td><td>Hemifacial microsomia</td></tr><tr><td><a href="CodeSystem-v3-ada-snodent.html#v3-ada-snodent-132578D">132578D</a></td><td style="color: #cccccc">Cleft palate</td><td>Cleft palate</td></tr><tr><td><a href="CodeSystem-v3-ada-snodent.html#v3-ada-snodent-133572D">133572D</a></td><td style="color: #cccccc">Cleidocranial dysostosis</td><td>Cleidocranial dysostosis</td></tr><tr><td><a href="CodeSystem-v3-ada-snodent.html#v3-ada-snodent-146718D">146718D</a></td><td style="color: #cccccc">Treacher Collins syndrome</td><td>Treacher Collins syndrome</td></tr><tr><td><a href="CodeSystem-v3-ada-snodent.html#v3-ada-snodent-149694D">149694D</a></td><td style="color: #cccccc">Cleft lip</td><td>Cleft lip</td></tr><tr><td><a href="CodeSystem-v3-ada-snodent.html#v3-ada-snodent-198545D">198545D</a></td><td style="color: #cccccc">Complete trisomy 21 syndrome</td><td>Complete trisomy 21 syndrome</td></tr><tr><td><a href="CodeSystem-v3-ada-snodent.html#v3-ada-snodent-199380D">199380D</a></td><td style="color: #cccccc">Marfan syndrome</td><td>Marfan syndrome</td></tr><tr><td><a href="CodeSystem-v3-ada-snodent.html#v3-ada-snodent-210958D">210958D</a></td><td style="color: #cccccc">Cleft lip &amp; alveolus</td><td>Cleft lip &amp; alveolus</td></tr><tr><td><a href="CodeSystem-v3-ada-snodent.html#v3-ada-snodent-210959D">210959D</a></td><td style="color: #cccccc">Craniosynostosis syndrome</td><td>Craniosynostosis syndrome</td></tr><tr><td><a href="CodeSystem-v3-ada-snodent.html#v3-ada-snodent-210960D">210960D</a></td><td style="color: #cccccc">Arthrogryposis</td><td>Arthrogryposis</td></tr></table></li></ul></div></text><extension url="http://hl7.org/fhir/StructureDefinition/structuredefinition-wg"><valueCode value="att"/></extension><url value="http://terminology.hl7.org/ValueSet/v3-SnodentCraniofacialAnomalyInternational"/><identifier><system value="urn:ietf:rfc:3986"/><value value="urn:oid:2.16.840.1.113883.1.11.20565"/></identifier><version value="0.1.0"/><name value="SnodentCraniofacialAnomalyInternational"/><title value="SnodentCraniofacialAnomalyInternational"/><status value="active"/><experimental value="false"/><date value="2019-03-20"/><publisher value="SatuSehat"/><contact><name value="SatuSehat"/><telecom><system value="url"/><value value="https://satusehat.kemkes.go.id/"/></telecom><telecom><system value="email"/><value value="fhir@dto.kemkes.go.id"/></telecom></contact><description value="The SNODENT identifiers for the most common craniofacial anomalies that may influence the course of orthodontic treatment to be performed.&#xD;&#xA;&#xD;&#xA;This value set contains content from SNODENT® Copyright American Dental Association (ADA). All rights reserved. SNODENT is a registered trademark of the ADA.&#xD;&#xA;&#xD;&#xA;http://www.ada.org/en/member-center/member-benefits/practice-resources/dental-informatics/snodent/licensing-snodent&#xD;&#xA;&#xD;&#xA;*Steward:* Attachments WG"/><copyright value="This material derives from the HL7 Terminology THO. THO is copyright ©1989+ Health Level Seven International and is made available under the CC0 designation. For more licensing information see: https://terminology.hl7.org/license"/><compose><include><system value="http://www.ada.org/snodent"/><concept><code value="115902D"/></concept><concept><code value="117349D"/></concept><concept><code value="122924D"/></concept><concept><code value="132578D"/></concept><concept><code value="133572D"/></concept><concept><code value="146718D"/></concept><concept><code value="149694D"/></concept><concept><code value="198545D"/></concept><concept><code value="199380D"/></concept><concept><code value="210958D"/></concept><concept><code value="210959D"/></concept><concept><code value="210960D"/></concept></include></compose></ValueSet>