<?xml version="1.0" encoding="UTF-8"?><ValueSet xmlns="http://hl7.org/fhir"><id value="ConditionCodeVS"/><text><status value="generated"/><div xmlns="http://www.w3.org/1999/xhtml"><p>This value set includes codes based on the following rules:</p><ul><li>Include all codes defined in <code>http://snomed.info/sct/900000000000207008/version/20221231</code></li><li>Include all codes defined in <a href="http://terminology.hl7.org/5.3.0/CodeSystem-icd10.html"><code>http://hl7.org/fhir/sid/icd-10</code></a></li><li>Include all codes defined in <a href="CodeSystem-KemkesClinicalTermCS.html"><code>http://terminology.kemkes.go.id/CodeSystem/clinical-term</code></a></li><li>Include all codes defined in <a href="CodeSystem-KemkesICDOMorphologyCS.html"><code>http://terminology.kemkes.go.id/CodeSystem/icd-o-morphology</code></a></li><li>Include all codes defined in <a href="CodeSystem-KemkesICDOTopographyCS.html"><code>http://terminology.kemkes.go.id/CodeSystem/icd-o-topography</code></a></li><li>Include all codes defined in <a href="CodeSystem-KemkesCancerTCategoryCS.html"><code>http://terminology.kemkes.go.id/CodeSystem/cancer-t-category</code></a></li><li>Include all codes defined in <a href="CodeSystem-41b4aac4-719f-4f8a-a96b-92e493c99b75.html"><code>http://terminology.kemkes.go.id/CodeSystem/cancer-n-category</code></a></li><li>Include all codes defined in <a href="CodeSystem-KemkesCancerMCategory.html"><code>http://terminology.kemkes.go.id/CodeSystem/cancer-m-category</code></a></li></ul></div></text><url value="https://fhir.kemkes.go.id/r4/ValueSet/ConditionCodeVS"/><version value="0.1.0"/><name value="ConditionCodeVS"/><title value="Condition Code"/><status value="active"/><date value="2024-02-15T12:08:26+07:00"/><publisher value="Thomas Chaidir"/><contact><name value="Thomas Chaidir"/><telecom><system value="url"/><value value="https://satusehat.kemkes.go.id/"/></telecom></contact><description value="This value set defines set of codes for Condition Code."/><compose><include><system value="http://snomed.info/sct/900000000000207008/version/20221231"/></include><include><system value="http://hl7.org/fhir/sid/icd-10"/></include><include><system value="http://terminology.kemkes.go.id/CodeSystem/clinical-term"/></include><include><system value="http://terminology.kemkes.go.id/CodeSystem/icd-o-morphology"/></include><include><system value="http://terminology.kemkes.go.id/CodeSystem/icd-o-topography"/></include><include><system value="http://terminology.kemkes.go.id/CodeSystem/cancer-t-category"/></include><include><system value="http://terminology.kemkes.go.id/CodeSystem/cancer-n-category"/></include><include><system value="http://terminology.kemkes.go.id/CodeSystem/cancer-m-category"/></include></compose></ValueSet>