<?xml version="1.0" encoding="UTF-8"?><ValueSet xmlns="http://hl7.org/fhir"><id value="v3-HL7UpdateMode"/><language value="en"/><text><status value="generated"/><div xml:lang="en" xmlns="http://www.w3.org/1999/xhtml" lang="en"><ul><li>Include all codes defined in <a href="CodeSystem-v3-HL7UpdateMode.html"><code>http://terminology.hl7.org/CodeSystem/v3-HL7UpdateMode</code></a></li></ul></div></text><url value="http://terminology.hl7.org/ValueSet/v3-HL7UpdateMode"/><identifier><system value="urn:ietf:rfc:3986"/><value value="urn:oid:2.16.840.1.113883.1.11.10018"/></identifier><version value="0.1.0"/><name value="HL7UpdateMode"/><title value="HL7UpdateMode"/><status value="active"/><experimental value="false"/><date value="2014-03-26"/><publisher value="SatuSehat"/><contact><name value="SatuSehat"/><telecom><system value="url"/><value value="https://satusehat.kemkes.go.id/"/></telecom><telecom><system value="email"/><value value="fhir@dto.kemkes.go.id"/></telecom></contact><description value="The possible modes of updating that occur when an attribute is received by a system that already contains values for that attribute."/><copyright value="This material derives from the HL7 Terminology THO. THO is copyright ©1989+ Health Level Seven International and is made available under the CC0 designation. For more licensing information see: https://terminology.hl7.org/license"/><compose><include><system value="http://terminology.hl7.org/CodeSystem/v3-HL7UpdateMode"/></include></compose></ValueSet>