<?xml version="1.0" encoding="UTF-8"?><ValueSet xmlns="http://hl7.org/fhir"><id value="v3-PharmacistHIPAA"/><language value="en"/><text><status value="generated"/><div xml:lang="en" xmlns="http://www.w3.org/1999/xhtml" lang="en"><ul><li>Include codes from <code>http://nucc.org/provider-taxonomy</code> where concept  is-a  183500000X (Pharmacist)</li></ul></div></text><url value="http://terminology.hl7.org/ValueSet/v3-PharmacistHIPAA"/><identifier><system value="urn:ietf:rfc:3986"/><value value="urn:oid:2.16.840.1.113883.1.11.13355"/></identifier><version value="0.1.0"/><name value="PharmacistHIPAA"/><title value="PharmacistHIPAA"/><status value="retired"/><experimental value="false"/><date value="2014-03-26"/><publisher value="SatuSehat"/><contact><name value="SatuSehat"/><telecom><system value="url"/><value value="https://satusehat.kemkes.go.id/"/></telecom><telecom><system value="email"/><value value="fhir@dto.kemkes.go.id"/></telecom></contact><description value="An individual who is licensed to prepare and sell or dispense drugs and compounds and to make up prescriptions."/><copyright value="This material derives from the HL7 Terminology THO. THO is copyright ©1989+ Health Level Seven International and is made available under the CC0 designation. For more licensing information see: https://terminology.hl7.org/license"/><compose><include><system value="http://nucc.org/provider-taxonomy"/><filter><property value="concept"/><op value="is-a"/><value value="183500000X"/></filter></include></compose></ValueSet>