<?xml version="1.0" encoding="UTF-8"?><ValueSet xmlns="http://hl7.org/fhir"><id value="EncounterTypeVS"/><text><status value="generated"/><div xmlns="http://www.w3.org/1999/xhtml"><ul><li>Include all codes defined in <a href="http://terminology.hl7.org/5.3.0/CodeSystem-encounter-type.html"><code>http://terminology.hl7.org/CodeSystem/encounter-type</code></a></li></ul></div></text><url value="https://fhir.kemkes.go.id/r4/ValueSet/EncounterTypeVS"/><version value="0.1.0"/><name value="EncounterTypeVS"/><title value="Encounter type"/><status value="active"/><date value="2024-02-15T12:08:26+07:00"/><publisher value="Thomas Chaidir"/><contact><name value="Thomas Chaidir"/><telecom><system value="url"/><value value="https://satusehat.kemkes.go.id/"/></telecom></contact><description value="This example value set defines a set of codes that can be used to indicate the type of encounter: a specific code indicating type of service provided."/><compose><include><system value="http://terminology.hl7.org/CodeSystem/encounter-type"/></include></compose></ValueSet>