<?xml version="1.0" encoding="UTF-8"?><ValueSet xmlns="http://hl7.org/fhir"><id value="ConditionCategoryVS"/><meta><versionId value="1"/><lastUpdated value="2023-11-05T18:37:42.345+07:00"/></meta><language value="English"/><text><status value="generated"/><div xmlns="http://www.w3.org/1999/xhtml" xml:lang="English" lang="English"><ul><li>Include all codes defined in <a href="http://terminology.hl7.org/5.3.0/CodeSystem-condition-category.html"><code>http://terminology.hl7.org/CodeSystem/condition-category</code></a></li></ul></div></text><url value="http://dto.kemkes.go.id//VS/Condition.category"/><version value="0.1.0"/><name value="ConditionCategoryVS"/><title value="Condition Category"/><status value="active"/><experimental value="false"/><date value="2023-11-02T09:00:26.000Z"/><publisher value="Thomas Chaidir"/><contact><name value="Thomas Chaidir"/><telecom><system value="url"/><value value="https://satusehat.kemkes.go.id/"/></telecom></contact><description value="Created by: Fadhil Muhammad"/><compose><include><system value="http://terminology.hl7.org/CodeSystem/condition-category"/></include></compose></ValueSet>