<?xml version="1.0" encoding="UTF-8"?><ValueSet xmlns="http://hl7.org/fhir"><id value="v3-CalendarCycleOneLetter"/><language value="en"/><text><status value="generated"/><div xml:lang="en" xmlns="http://www.w3.org/1999/xhtml" lang="en"><ul><li>Include these codes as defined in <a href="CodeSystem-v3-CalendarCycle.html"><code>http://terminology.hl7.org/CodeSystem/v3-CalendarCycle</code></a><table class="none"><tr><td style="white-space:nowrap"><b>Code</b></td><td><b>Display</b></td></tr><tr><td><a href="CodeSystem-v3-CalendarCycle.html#v3-CalendarCycle-D">D</a></td><td style="color: #cccccc">day of the month</td></tr><tr><td><a href="CodeSystem-v3-CalendarCycle.html#v3-CalendarCycle-H">H</a></td><td style="color: #cccccc">hour of the day</td></tr><tr><td><a href="CodeSystem-v3-CalendarCycle.html#v3-CalendarCycle-J">J</a></td><td style="color: #cccccc">day of the week (begins with Monday)</td></tr><tr><td><a href="CodeSystem-v3-CalendarCycle.html#v3-CalendarCycle-M">M</a></td><td style="color: #cccccc">month of the year</td></tr><tr><td><a href="CodeSystem-v3-CalendarCycle.html#v3-CalendarCycle-N">N</a></td><td style="color: #cccccc">minute of the hour</td></tr><tr><td><a href="CodeSystem-v3-CalendarCycle.html#v3-CalendarCycle-S">S</a></td><td style="color: #cccccc">second of the minute</td></tr><tr><td><a href="CodeSystem-v3-CalendarCycle.html#v3-CalendarCycle-W">W</a></td><td style="color: #cccccc">week (continuous)</td></tr><tr><td><a href="CodeSystem-v3-CalendarCycle.html#v3-CalendarCycle-Y">Y</a></td><td style="color: #cccccc">year</td></tr></table></li></ul></div></text><url value="http://terminology.hl7.org/ValueSet/v3-CalendarCycleOneLetter"/><identifier><system value="urn:ietf:rfc:3986"/><value value="urn:oid:2.16.840.1.113883.1.11.10701"/></identifier><version value="0.1.0"/><name value="CalendarCycleOneLetter"/><title value="CalendarCycleOneLetter"/><status value="active"/><experimental value="false"/><date value="2014-03-26"/><publisher value="SatuSehat"/><contact><name value="SatuSehat"/><telecom><system value="url"/><value value="https://satusehat.kemkes.go.id/"/></telecom><telecom><system value="email"/><value value="fhir@dto.kemkes.go.id"/></telecom></contact><description value="One letter calendar cycle abbreviations (Temporary - remove when RoseTree is fixed)"/><copyright value="This material derives from the HL7 Terminology THO. THO is copyright ©1989+ Health Level Seven International and is made available under the CC0 designation. For more licensing information see: https://terminology.hl7.org/license"/><compose><include><system value="http://terminology.hl7.org/CodeSystem/v3-CalendarCycle"/><concept><code value="D"/></concept><concept><code value="H"/></concept><concept><code value="J"/></concept><concept><code value="M"/></concept><concept><code value="N"/></concept><concept><code value="S"/></concept><concept><code value="W"/></concept><concept><code value="Y"/></concept></include></compose></ValueSet>