<?xml version="1.0" encoding="UTF-8"?><ValueSet xmlns="http://hl7.org/fhir"><id value="v3-RoleLinkRelated"/><language value="en"/><text><status value="generated"/><div xml:lang="en" xmlns="http://www.w3.org/1999/xhtml" lang="en"><ul><li>Include codes from <a href="CodeSystem-v3-RoleLinkType.html"><code>http://terminology.hl7.org/CodeSystem/v3-RoleLinkType</code></a> where concept  is-a  <a href="CodeSystem-v3-RoleLinkType.html#v3-RoleLinkType-REL">REL</a></li></ul></div></text><url value="http://terminology.hl7.org/ValueSet/v3-RoleLinkRelated"/><identifier><system value="urn:ietf:rfc:3986"/><value value="urn:oid:2.16.840.1.113883.1.11.19643"/></identifier><version value="0.1.0"/><name value="RoleLinkRelated"/><title value="RoleLinkRelated"/><status value="active"/><experimental value="false"/><date value="2014-03-26"/><publisher value="SatuSehat"/><contact><name value="SatuSehat"/><telecom><system value="url"/><value value="https://satusehat.kemkes.go.id/"/></telecom><telecom><system value="email"/><value value="fhir@dto.kemkes.go.id"/></telecom></contact><description value="An action taken with respect to a subject Entity by a regulatory or authoritative body with supervisory capacity over that entity. The action is taken in response to behavior by the subject Entity that body finds to be undesirable.&#xD;&#xA;&#xD;&#xA;Suspension, license restrictions, monetary fine, letter of reprimand, mandated training, mandated supervision, etc.*Examples:*"/><immutable value="true"/><copyright value="This material derives from the HL7 Terminology THO. THO is copyright ©1989+ Health Level Seven International and is made available under the CC0 designation. For more licensing information see: https://terminology.hl7.org/license"/><compose><include><system value="http://terminology.hl7.org/CodeSystem/v3-RoleLinkType"/><filter><property value="concept"/><op value="is-a"/><value value="REL"/></filter></include></compose></ValueSet>