<?xml version="1.0" encoding="UTF-8"?><ValueSet xmlns="http://hl7.org/fhir"><id value="v3-StyleType"/><language value="en"/><text><status value="extensions"/><div xml:lang="en" xmlns="http://www.w3.org/1999/xhtml" lang="en"><p>This value set includes codes based on the following rules:</p><ul><li>Import all the codes that are contained in <a href="ValueSet-v3-FontStyle.html">FontStyle</a></li><li>Import all the codes that are contained in <a href="ValueSet-v3-TableRuleStyle.html">TableRuleStyle</a></li><li>Import all the codes that are contained in <a href="ValueSet-v3-ListStyle.html">ListStyle</a></li></ul><p>This value set excludes codes based on the following rules:</p><ul><li>Exclude these codes as defined in <a href="CodeSystem-v3-styleType.html"><code>http://terminology.hl7.org/CodeSystem/v3-styleType</code></a><table class="none"><tr><td style="white-space:nowrap"><b>Code</b></td><td><b>Display</b></td><td><b>Definition</b></td></tr><tr><td><a href="CodeSystem-v3-styleType.html#v3-styleType-_TableRuleStyle">_TableRuleStyle</a></td><td style="color: #cccccc">Table Rule Style</td><td>Defines table cell rendering characteristics</td></tr></table></li><li>Exclude these codes as defined in <a href="CodeSystem-v3-styleType.html"><code>http://terminology.hl7.org/CodeSystem/v3-styleType</code></a><table class="none"><tr><td style="white-space:nowrap"><b>Code</b></td><td><b>Display</b></td><td><b>Definition</b></td></tr><tr><td><a href="CodeSystem-v3-styleType.html#v3-styleType-_ListStyle">_ListStyle</a></td><td style="color: #cccccc">List Style</td><td>Defines list rendering characteristics</td></tr></table></li><li>Exclude these codes as defined in <a href="CodeSystem-v3-styleType.html"><code>http://terminology.hl7.org/CodeSystem/v3-styleType</code></a><table class="none"><tr><td style="white-space:nowrap"><b>Code</b></td><td><b>Display</b></td><td><b>Definition</b></td></tr><tr><td><a href="CodeSystem-v3-styleType.html#v3-styleType-_FontStyle">_FontStyle</a></td><td style="color: #cccccc">Font Style</td><td>Defines font rendering characteristics</td></tr></table></li></ul></div></text><url value="http://terminology.hl7.org/ValueSet/v3-StyleType"/><identifier><system value="urn:ietf:rfc:3986"/><value value="urn:oid:2.16.840.1.113883.1.11.19602"/></identifier><version value="0.1.0"/><name value="StyleType"/><title value="StyleType"/><status value="active"/><experimental value="false"/><date value="2014-03-26"/><publisher value="SatuSehat"/><contact><name value="SatuSehat"/><telecom><system value="url"/><value value="https://satusehat.kemkes.go.id/"/></telecom><telecom><system value="email"/><value value="fhir@dto.kemkes.go.id"/></telecom></contact><description value="(abstract) Used within an instance to give the author some control over various aspects of rendering"/><copyright value="This material derives from the HL7 Terminology THO. THO is copyright ©1989+ Health Level Seven International and is made available under the CC0 designation. For more licensing information see: https://terminology.hl7.org/license"/><compose><include><valueSet value="http://terminology.hl7.org/ValueSet/v3-FontStyle"/></include><include><valueSet value="http://terminology.hl7.org/ValueSet/v3-TableRuleStyle"/></include><include><valueSet value="http://terminology.hl7.org/ValueSet/v3-ListStyle"/></include><exclude><system value="http://terminology.hl7.org/CodeSystem/v3-styleType"/><concept><code value="_TableRuleStyle"/></concept></exclude><exclude><system value="http://terminology.hl7.org/CodeSystem/v3-styleType"/><concept><code value="_ListStyle"/></concept></exclude><exclude><system value="http://terminology.hl7.org/CodeSystem/v3-styleType"/><concept><code value="_FontStyle"/></concept></exclude></compose></ValueSet>