<?xml version="1.0" encoding="UTF-8"?><ValueSet xmlns="http://hl7.org/fhir"><id value="mif-conceptRelationshipTransitivity"/><text><status value="extensions"/><div xmlns="http://www.w3.org/1999/xhtml"><p>This value set includes codes based on the following rules:</p><ul><li>Include codes from <a href="CodeSystem-hl7TermMaintInfra.html"><code>http://terminology.hl7.org/CodeSystem/hl7TermMaintInfra</code></a> where concept  is-a  <a href="CodeSystem-hl7TermMaintInfra.html#hl7TermMaintInfra-MIF-ConceptRelationshipTransitivity">MIF-ConceptRelationshipTransitivity</a></li></ul><p>This value set excludes codes based on the following rules:</p><ul><li>Exclude these codes as defined in <a href="CodeSystem-hl7TermMaintInfra.html"><code>http://terminology.hl7.org/CodeSystem/hl7TermMaintInfra</code></a><table class="none"><tr><td style="white-space:nowrap"><b>Code</b></td><td><b>Display</b></td><td><b>Definition</b></td></tr><tr><td><a href="CodeSystem-hl7TermMaintInfra.html#hl7TermMaintInfra-MIF-ConceptRelationshipTransitivity">MIF-ConceptRelationshipTransitivity</a></td><td/><td>Grouper code for MIF SupportedConceptRelationship.transitivity codes</td></tr></table></li></ul></div></text><url value="http://terminology.hl7.org/ValueSet/mif-conceptRelationshipTransitivity"/><version value="0.1.0"/><name value="MIFConceptRelationshipTransitivity"/><title value="MIF Concept Relationship Transitivity"/><status value="draft"/><experimental value="false"/><date value="2024-03-09T14:36:19-07:00"/><publisher value="SatuSehat"/><contact><name value="SatuSehat"/><telecom><system value="url"/><value value="https://satusehat.kemkes.go.id/"/></telecom><telecom><system value="email"/><value value="fhir@dto.kemkes.go.id"/></telecom></contact><description value="Codes for use in the ext-mif-relationship-transitivity to capture V3 Model Interchange Format (MIF) SupportedConceptRelationship.transitivity values"/><copyright value="This material derives from the HL7 Terminology (THO). THO is copyright ©1989+ Health Level Seven International and is made available under the CC0 designation. For more licensing information see: https://terminology.hl7.org/license"/><compose><include><system value="http://terminology.hl7.org/CodeSystem/hl7TermMaintInfra"/><filter><property value="concept"/><op value="is-a"/><value value="MIF-ConceptRelationshipTransitivity"/></filter></include><exclude><system value="http://terminology.hl7.org/CodeSystem/hl7TermMaintInfra"/><concept><code value="MIF-ConceptRelationshipTransitivity"/></concept></exclude></compose></ValueSet>