<?xml version="1.0" encoding="UTF-8"?><ValueSet xmlns="http://hl7.org/fhir"><id value="v3-EntityCode"/><language value="en"/><text><status value="extensions"/><div xml:lang="en" xmlns="http://www.w3.org/1999/xhtml" lang="en"><p>This value set includes codes based on the following rules:</p><ul><li>Import all the codes that are contained in <a href="ValueSet-v3-MaterialEntityClassType.html">MaterialEntityClassType</a></li><li>Import all the codes that are contained in <a href="ValueSet-v3-PlaceEntityType.html">PlaceEntityType</a></li><li>Import all the codes that are contained in <a href="ValueSet-v3-OrganizationEntityType.html">OrganizationEntityType</a></li><li>Import all the codes that are contained in <a href="ValueSet-v3-ResourceGroupEntityType.html">ResourceGroupEntityType</a></li><li>Import all the codes that are contained in <a href="ValueSet-v3-xAdministeredSubstance.html">x_AdministeredSubstance</a></li></ul><p>This value set excludes codes based on the following rules:</p><ul><li>Exclude these codes as defined in <a href="CodeSystem-v3-EntityCode.html"><code>http://terminology.hl7.org/CodeSystem/v3-EntityCode</code></a><table class="none"><tr><td style="white-space:nowrap"><b>Code</b></td><td><b>Display</b></td><td><b>Definition</b></td></tr><tr><td><a href="CodeSystem-v3-EntityCode.html#v3-EntityCode-_OrganizationEntityType">_OrganizationEntityType</a></td><td style="color: #cccccc">OrganizationEntityType</td><td>Further classifies entities of classCode ORG.</td></tr></table></li></ul></div></text><url value="http://terminology.hl7.org/ValueSet/v3-EntityCode"/><identifier><system value="urn:ietf:rfc:3986"/><value value="urn:oid:2.16.840.1.113883.1.11.16040"/></identifier><version value="0.1.0"/><name value="EntityCode"/><title value="EntityCode"/><status value="active"/><experimental value="false"/><date value="2014-03-26"/><publisher value="SatuSehat"/><contact><name value="SatuSehat"/><telecom><system value="url"/><value value="https://satusehat.kemkes.go.id/"/></telecom><telecom><system value="email"/><value value="fhir@dto.kemkes.go.id"/></telecom></contact><description value="A value representing the specific kind of Entity the instance represents.&#xD;&#xA;&#xD;&#xA;*Examples:* A medical building, a Doberman Pinscher, a blood collection tube, a tissue biopsy.&#xD;&#xA;&#xD;&#xA;*Rationale:* For each Entity, the value for this attribute is drawn from one of several coding systems depending on the Entity classCode, such as living subjects (animal and plant taxonomies), chemical substance (e.g., IUPAC code), organizations, insurance company, government agency, hospital, park, lake, syringe, etc. It is possible that Entity.code may be so fine grained that it represents a single instance. An example is the CDC vaccine manufacturer code, modeled as a concept vocabulary, when in fact each concept refers to a single instance."/><copyright value="This material derives from the HL7 Terminology THO. THO is copyright ©1989+ Health Level Seven International and is made available under the CC0 designation. For more licensing information see: https://terminology.hl7.org/license"/><compose><include><valueSet value="http://terminology.hl7.org/ValueSet/v3-MaterialEntityClassType"/></include><include><valueSet value="http://terminology.hl7.org/ValueSet/v3-PlaceEntityType"/></include><include><valueSet value="http://terminology.hl7.org/ValueSet/v3-OrganizationEntityType"/></include><include><valueSet value="http://terminology.hl7.org/ValueSet/v3-ResourceGroupEntityType"/></include><include><valueSet value="http://terminology.hl7.org/ValueSet/v3-xAdministeredSubstance"/></include><exclude><system value="http://terminology.hl7.org/CodeSystem/v3-EntityCode"/><concept><code value="_OrganizationEntityType"/></concept></exclude></compose></ValueSet>