<?xml version="1.0" encoding="UTF-8"?><ValueSet xmlns="http://hl7.org/fhir"><id value="v3-ActProgramTypeCode"/><language value="en"/><text><status value="generated"/><div xml:lang="en" xmlns="http://www.w3.org/1999/xhtml" lang="en"><ul><li>Include codes from <a href="CodeSystem-v3-ActCode.html"><code>http://terminology.hl7.org/CodeSystem/v3-ActCode</code></a> where concept  is-a  <a href="CodeSystem-v3-ActCode.html#v3-ActCode-_ActProgramTypeCode">_ActProgramTypeCode</a></li></ul></div></text><url value="http://terminology.hl7.org/ValueSet/v3-ActProgramTypeCode"/><identifier><system value="urn:ietf:rfc:3986"/><value value="urn:oid:2.16.840.1.113883.1.11.19858"/></identifier><version value="0.1.0"/><name value="ActProgramTypeCode"/><title value="ActProgramTypeCode"/><status value="active"/><experimental value="false"/><date value="2014-03-26"/><publisher value="SatuSehat"/><contact><name value="SatuSehat"/><telecom><system value="url"/><value value="https://satusehat.kemkes.go.id/"/></telecom><telecom><system value="email"/><value value="fhir@dto.kemkes.go.id"/></telecom></contact><description value="**Definition:** A set of codes used to indicate coverage under a program. A program is an organized structure for administering and funding coverage of a benefit package for covered parties meeting eligibility criteria, typically related to employment, health, financial, and demographic status. Programs are typically established or permitted by legislation with provisions for ongoing government oversight. Regulations may mandate the structure of the program, the manner in which it is funded and administered, covered benefits, provider types, eligibility criteria and financial participation. A government agency may be charged with implementing the program in accordance to the regulation. Risk of loss under a program in most cases would not meet what an underwriter would consider an insurable risk, i.e., the risk is not random in nature, not financially measurable, and likely requires subsidization with government funds.&#xD;&#xA;&#xD;&#xA;*Discussion:* Programs do not have policy holders or subscribers. Program eligibles are enrolled based on health status, statutory eligibility, financial status, or age. Program eligibles who are covered parties under the program may be referred to as members, beneficiaries, eligibles, or recipients. Programs risk are underwritten by not for profit organizations such as governmental entities, and the beneficiaries typically do not pay for any or some portion of the cost of coverage. See CoveredPartyRoleType."/><copyright value="This material derives from the HL7 Terminology THO. THO is copyright ©1989+ Health Level Seven International and is made available under the CC0 designation. For more licensing information see: https://terminology.hl7.org/license"/><compose><include><system value="http://terminology.hl7.org/CodeSystem/v3-ActCode"/><filter><property value="concept"/><op value="is-a"/><value value="_ActProgramTypeCode"/></filter></include></compose></ValueSet>