<?xml version="1.0" encoding="UTF-8"?><ValueSet xmlns="http://hl7.org/fhir"><id value="ActPriorityVS"/><text><status value="generated"/><div xmlns="http://www.w3.org/1999/xhtml"><ul><li>Include all codes defined in <a href="http://terminology.hl7.org/5.3.0/CodeSystem-v3-ActPriority.html"><code>http://terminology.hl7.org/CodeSystem/v3-ActPriority</code></a></li></ul></div></text><url value="https://fhir.kemkes.go.id/r4/ValueSet/ActPriorityVS"/><version value="0.1.0"/><name value="ActPriorityVS"/><title value="v3 Code System ActPriority"/><status value="active"/><date value="2024-02-04T23:26:43+07:00"/><publisher value="Thomas Chaidir"/><contact><name value="Thomas Chaidir"/><telecom><system value="url"/><value value="https://satusehat.kemkes.go.id/"/></telecom></contact><description value="A set of codes (e.g., for routine, emergency), specifying the urgency under which the Act happened, can happen, is happening, is intended to happen, or is requested/demanded to happen."/><compose><include><system value="http://terminology.hl7.org/CodeSystem/v3-ActPriority"/></include></compose></ValueSet>