<?xml version="1.0" encoding="UTF-8"?><ValueSet xmlns="http://hl7.org/fhir"><id value="v3-RoleClassClaimant"/><language value="en"/><text><status value="generated"/><div xml:lang="en" xmlns="http://www.w3.org/1999/xhtml" lang="en"><ul><li>Include codes from <a href="CodeSystem-v3-RoleClass.html"><code>http://terminology.hl7.org/CodeSystem/v3-RoleClass</code></a> where concept  is-a  <a href="CodeSystem-v3-RoleClass.html#v3-RoleClass-CLAIM">CLAIM</a></li></ul></div></text><url value="http://terminology.hl7.org/ValueSet/v3-RoleClassClaimant"/><identifier><system value="urn:ietf:rfc:3986"/><value value="urn:oid:2.16.840.1.113883.1.11.20120"/></identifier><version value="0.1.0"/><name value="RoleClassClaimant"/><title value="RoleClassClaimant"/><status value="active"/><experimental value="false"/><date value="2014-03-26"/><publisher value="SatuSehat"/><contact><name value="SatuSehat"/><telecom><system value="url"/><value value="https://satusehat.kemkes.go.id/"/></telecom><telecom><system value="email"/><value value="fhir@dto.kemkes.go.id"/></telecom></contact><description value="**Description:** A role played by a party making a claim for coverage under a policy or program. A claimant must be either a person or organization, or a group of persons or organizations. A claimant is not a named insured or a program eligible.&#xD;&#xA;&#xD;&#xA;**Discussion:** With respect to liability insurance such as property and casualty insurance, a claimant must file a claim requesting indemnification for a loss that the claimant considers covered under the policy of a named insured. The claims adjuster for the policy underwriter will review the claim to determine whether the loss meets the benefit coverage criteria under a policy, and base any indemnification or coverage payment on that review. If a third party is liable in whole or part for the loss, the underwriter may pursue third party liability recovery. A claimant may be involved in civil or criminal legal proceedings involving claims against a defendant party that is indemnified by an insurance policy or to protest the finding of a claims adjustor. With respect to life insurance, a beneficiary designated by a named insured becomes a claimant of the proceeds of coverage, as in the case of a life insurance policy. However, a claimant for coverage under life insurance is not necessarily a designated beneficiary.&#xD;&#xA;&#xD;&#xA;**Note:** A claimant is not a named insured. However, a named insured may make a claim under a policy, e.g., an insured driver may make a claim for an injury under his or her comprehensive automobile insurance policy. Similarly, a program eligible may make a claim under program, e.g., an unemployed worker may claim benefits under an unemployment insurance program, but parties playing these covered party role classes are not, for purposes of this vocabulary and in an effort to clearly distinguish role classes, considered claimants.&#xD;&#xA;&#xD;&#xA;In the case of a named insured making a claim, a role type code INSCLM (insured claimant) subtypes the class to indicate that either a named insured or an individual insured has filed a claim for a loss. In the case of a program eligible, a role type code INJWKR (injured worker) subtypes the class to indicate that the covered party in a workers compensation program is an injured worker, and as such, has filed a &quot;claim&quot; under the program for benefits. Likewise, a covered role type code UNEMP (unemployed worker) subtypes the program eligible class to indicate that the covered party in an unemployment insurance program has filed a claim for unemployment benefits.&#xD;&#xA;&#xD;&#xA;**Example:** A claimant under automobile policy that is not the named insured."/><immutable value="true"/><copyright value="This material derives from the HL7 Terminology THO. THO is copyright ©1989+ Health Level Seven International and is made available under the CC0 designation. For more licensing information see: https://terminology.hl7.org/license"/><compose><include><system value="http://terminology.hl7.org/CodeSystem/v3-RoleClass"/><filter><property value="concept"/><op value="is-a"/><value value="CLAIM"/></filter></include></compose></ValueSet>