<?xml version="1.0" encoding="UTF-8"?><ValueSet xmlns="http://hl7.org/fhir"><id value="v3-ActClassCareProvision"/><language value="en"/><text><status value="generated"/><div xml:lang="en" xmlns="http://www.w3.org/1999/xhtml" lang="en"><ul><li>Include codes from <a href="CodeSystem-v3-ActClass.html"><code>http://terminology.hl7.org/CodeSystem/v3-ActClass</code></a> where concept  is-a  <a href="CodeSystem-v3-ActClass.html#v3-ActClass-PCPR">PCPR</a></li></ul></div></text><url value="http://terminology.hl7.org/ValueSet/v3-ActClassCareProvision"/><identifier><system value="urn:ietf:rfc:3986"/><value value="urn:oid:2.16.840.1.113883.1.11.20233"/></identifier><version value="0.1.0"/><name value="ActClassCareProvision"/><title value="ActClassCareProvision"/><status value="active"/><experimental value="false"/><date value="2014-03-26"/><publisher value="SatuSehat"/><contact><name value="SatuSehat"/><telecom><system value="url"/><value value="https://satusehat.kemkes.go.id/"/></telecom><telecom><system value="email"/><value value="fhir@dto.kemkes.go.id"/></telecom></contact><description value="An **Act** that of taking on whole or partial responsibility for, or attention to, safety and well-being of a subject of care.&#xD;&#xA;&#xD;&#xA;*Discussion:* A **care provision** event may exist without any other care actions taking place. For example, when a patient is assigned to the care of a particular health professional.&#xD;&#xA;&#xD;&#xA;In **request** (RQO) mood **care provision** communicates a referral, which is a request:&#xD;&#xA;&#xD;&#xA; *  from one party (linked as a **participant** of type **author** (AUT)),&#xD;&#xA; *  to another party (linked as a **participant** of type **performer** (PRF),&#xD;&#xA; *  to take responsibility for a scope specified by the code attribute,&#xD;&#xA; *  for an entity (linked as a **participant** of type **subject** (SBJ)).&#xD;&#xA;&#xD;&#xA;The scope of the care for which responsibility is taken is identified by *code* attribute.&#xD;&#xA;&#xD;&#xA;In **event** (EVN) mood **care provision** indicates the effective time interval of a specified scope of responsibility by a **performer** (PRF) or set of **performers** (PRF) for a **subject** (SBJ).&#xD;&#xA;&#xD;&#xA;*Examples:*&#xD;&#xA;&#xD;&#xA;1.  Referral from GP to a specialist.&#xD;&#xA;2.  Assignment of a patient or group of patients to the case list of a health professional.&#xD;&#xA;3.  Assignment of inpatients to the care of particular nurses for a working shift."/><immutable value="true"/><copyright value="This material derives from the HL7 Terminology THO. THO is copyright ©1989+ Health Level Seven International and is made available under the CC0 designation. For more licensing information see: https://terminology.hl7.org/license"/><compose><include><system value="http://terminology.hl7.org/CodeSystem/v3-ActClass"/><filter><property value="concept"/><op value="is-a"/><value value="PCPR"/></filter></include></compose></ValueSet>