<?xml version="1.0" encoding="UTF-8"?><ValueSet xmlns="http://hl7.org/fhir"><id value="v3-xEncounterParticipant"/><language value="en"/><text><status value="extensions"/><div xml:lang="en" xmlns="http://www.w3.org/1999/xhtml" lang="en"><ul><li>Include these codes as defined in <a href="CodeSystem-v3-ParticipationType.html"><code>http://terminology.hl7.org/CodeSystem/v3-ParticipationType</code></a><table class="none"><tr><td style="white-space:nowrap"><b>Code</b></td><td><b>Display</b></td><td><b>Definition</b></td></tr><tr><td><a href="CodeSystem-v3-ParticipationType.html#v3-ParticipationType-ADM">ADM</a></td><td style="color: #cccccc">admitter</td><td>The practitioner who is responsible for admitting a patient to a patient encounter.</td></tr><tr><td><a href="CodeSystem-v3-ParticipationType.html#v3-ParticipationType-ATND">ATND</a></td><td style="color: #cccccc">attender</td><td>The practitioner that has responsibility for overseeing a patient's care during a patient encounter.</td></tr><tr><td><a href="CodeSystem-v3-ParticipationType.html#v3-ParticipationType-CON">CON</a></td><td style="color: #cccccc">consultant</td><td>An advisor participating in the service by performing evaluations and making recommendations.</td></tr><tr><td><a href="CodeSystem-v3-ParticipationType.html#v3-ParticipationType-DIS">DIS</a></td><td style="color: #cccccc">discharger</td><td>The practitioner who is responsible for the discharge of a patient from a patient encounter.</td></tr><tr><td><a href="CodeSystem-v3-ParticipationType.html#v3-ParticipationType-REF">REF</a></td><td style="color: #cccccc">referrer</td><td>A person having referred the subject of the service to the performer (referring physician). Typically, a referring physician will receive a report.</td></tr></table></li></ul></div></text><extension url="http://terminology.hl7.org/StructureDefinition/ext-mif-assocConceptProp"><extension url="name"><valueString value="Name:Act:participation:Participation"/></extension><extension url="value"><valueString value="encounterParticipant"/></extension></extension><extension url="http://terminology.hl7.org/StructureDefinition/ext-mif-assocConceptProp"><extension url="name"><valueString value="Name:Role:participation:Participation"/></extension><extension url="value"><valueString value="participation"/></extension></extension><extension url="http://terminology.hl7.org/StructureDefinition/ext-mif-assocConceptProp"><extension url="name"><valueString value="Sort:Act:participation:Participation"/></extension><extension url="value"><valueString value="FA_______"/></extension></extension><extension url="http://terminology.hl7.org/StructureDefinition/ext-mif-assocConceptProp"><extension url="name"><valueString value="Sort:Role:participation:Participation"/></extension><extension url="value"><valueString value="FA_______"/></extension></extension><url value="http://terminology.hl7.org/ValueSet/v3-xEncounterParticipant"/><identifier><system value="urn:ietf:rfc:3986"/><value value="urn:oid:2.16.840.1.113883.1.11.19600"/></identifier><version value="0.1.0"/><name value="XEncounterParticipant"/><title value="x_EncounterParticipant"/><status value="active"/><experimental value="false"/><date value="2014-03-26"/><publisher value="SatuSehat"/><contact><name value="SatuSehat"/><telecom><system value="url"/><value value="https://satusehat.kemkes.go.id/"/></telecom><telecom><system value="email"/><value value="fhir@dto.kemkes.go.id"/></telecom></contact><description value="Clones using this x\_domain should have a name &quot;encounterParticipant&quot;."/><copyright value="This material derives from the HL7 Terminology THO. THO is copyright ©1989+ Health Level Seven International and is made available under the CC0 designation. For more licensing information see: https://terminology.hl7.org/license"/><compose><include><system value="http://terminology.hl7.org/CodeSystem/v3-ParticipationType"/><concept><code value="ADM"/></concept><concept><code value="ATND"/></concept><concept><code value="CON"/></concept><concept><code value="DIS"/></concept><concept><code value="REF"/></concept></include></compose></ValueSet>