<?xml version="1.0" encoding="UTF-8"?><ValueSet xmlns="http://hl7.org/fhir"><id value="ConditionEvidenceCodeVS"/><meta><versionId value="2"/><lastUpdated value="2024-02-05T13:20:02.421+07:00"/></meta><language value="English"/><text><status value="generated"/><div xmlns="http://www.w3.org/1999/xhtml" xml:lang="English" lang="English"><p>This value set includes codes based on the following rules:</p><ul><li>Include all codes defined in <a href="http://terminology.hl7.org/5.3.0/CodeSystem-icd10.html"><code>http://hl7.org/fhir/sid/icd-10</code></a></li><li>Include all codes defined in <a href="http://www.snomed.org/"><code>http://snomed.info/sct</code></a></li><li>Include all codes defined in <a href="CodeSystem-KemkesClinicalTermCS.html"><code>http://terminology.kemkes.go.id/CodeSystem/clinical-term</code></a></li></ul></div></text><url value="http://dto.kemkes.go.id//VS/Condition.evidence.code"/><version value="0.1.0"/><name value="ConditionEvidenceCodeVS"/><title value="Condition Evidence Code"/><status value="active"/><experimental value="false"/><date value="2023-11-02T09:00:46.000Z"/><publisher value="Thomas Chaidir"/><contact><name value="Thomas Chaidir"/><telecom><system value="url"/><value value="https://satusehat.kemkes.go.id/"/></telecom></contact><description value="Created by: Fadhil Muhammad"/><compose><include><system value="http://hl7.org/fhir/sid/icd-10"/></include><include><system value="http://snomed.info/sct"/><version value="http://snomed.info/sct/900000000000207008/version/20221231"/></include><include><system value="http://terminology.kemkes.go.id/CodeSystem/clinical-term"/></include></compose></ValueSet>