<?xml version="1.0" encoding="UTF-8"?><ValueSet xmlns="http://hl7.org/fhir"><id value="v3-ParticipationGuarantorParty"/><language value="en"/><text><status value="generated"/><div xml:lang="en" xmlns="http://www.w3.org/1999/xhtml" lang="en"><ul><li>Include codes from <a href="CodeSystem-v3-ParticipationType.html"><code>http://terminology.hl7.org/CodeSystem/v3-ParticipationType</code></a> where concept  is-a  <a href="CodeSystem-v3-ParticipationType.html#v3-ParticipationType-GUAR">GUAR</a></li></ul></div></text><url value="http://terminology.hl7.org/ValueSet/v3-ParticipationGuarantorParty"/><identifier><system value="urn:ietf:rfc:3986"/><value value="urn:oid:2.16.840.1.113883.1.11.20084"/></identifier><version value="0.1.0"/><name value="ParticipationGuarantorParty"/><title value="ParticipationGuarantorParty"/><status value="active"/><experimental value="false"/><date value="2014-03-26"/><publisher value="SatuSehat"/><contact><name value="SatuSehat"/><telecom><system value="url"/><value value="https://satusehat.kemkes.go.id/"/></telecom><telecom><system value="email"/><value value="fhir@dto.kemkes.go.id"/></telecom></contact><description value="The target person or organization contractually recognized by the issuer as a participant who has assumed fiscal responsibility for another personaTMs financial obligations by guaranteeing to pay for amounts owed to a particular account&#xD;&#xA;&#xD;&#xA;*Example:*The subscriber of the patientaTMs health insurance policy signs a contract with the provider to be fiscally responsible for the patient billing account balance amount owed."/><immutable value="true"/><copyright value="This material derives from the HL7 Terminology THO. THO is copyright ©1989+ Health Level Seven International and is made available under the CC0 designation. For more licensing information see: https://terminology.hl7.org/license"/><compose><include><system value="http://terminology.hl7.org/CodeSystem/v3-ParticipationType"/><filter><property value="concept"/><op value="is-a"/><value value="GUAR"/></filter></include></compose></ValueSet>