<?xml version="1.0" encoding="UTF-8"?><ValueSet xmlns="http://hl7.org/fhir"><id value="v3-ActClassCorrelatedObservationSequences"/><language value="en"/><text><status value="generated"/><div xml:lang="en" xmlns="http://www.w3.org/1999/xhtml" lang="en"><ul><li>Include codes from <a href="CodeSystem-v3-ActClass.html"><code>http://terminology.hl7.org/CodeSystem/v3-ActClass</code></a> where concept  is-a  <a href="CodeSystem-v3-ActClass.html#v3-ActClass-OBSCOR">OBSCOR</a></li></ul></div></text><url value="http://terminology.hl7.org/ValueSet/v3-ActClassCorrelatedObservationSequences"/><identifier><system value="urn:ietf:rfc:3986"/><value value="urn:oid:2.16.840.1.113883.1.11.20230"/></identifier><version value="0.1.0"/><name value="ActClassCorrelatedObservationSequences"/><title value="ActClassCorrelatedObservationSequences"/><status value="active"/><experimental value="false"/><date value="2014-03-26"/><publisher value="SatuSehat"/><contact><name value="SatuSehat"/><telecom><system value="url"/><value value="https://satusehat.kemkes.go.id/"/></telecom><telecom><system value="email"/><value value="fhir@dto.kemkes.go.id"/></telecom></contact><description value="Container for Observation Sequences (Observations whose values are contained in LIST&lt;&gt;'s) having values correlated with each other. Each contained Observation Sequence LIST&lt;&gt; must be the same length. Values in the LIST&lt;&gt;'s are correlated based on index. E.g. the values in position 2 in all the LIST&lt;&gt;'s are correlated. This is analogous to a table where each column is an Observation Sequence with a LIST&lt;&gt; of values, and each row in the table is a correlation between the columns. For example, a 12-lead ECG would contain 13 sequences: one sequence for time, and a sequence for each of the 12 leads."/><immutable value="true"/><copyright value="This material derives from the HL7 Terminology THO. THO is copyright ©1989+ Health Level Seven International and is made available under the CC0 designation. For more licensing information see: https://terminology.hl7.org/license"/><compose><include><system value="http://terminology.hl7.org/CodeSystem/v3-ActClass"/><filter><property value="concept"/><op value="is-a"/><value value="OBSCOR"/></filter></include></compose></ValueSet>