<?xml version="1.0" encoding="UTF-8"?><ValueSet xmlns="http://hl7.org/fhir"><id value="v3-xPhoneOrEmailURLScheme"/><language value="en"/><text><status value="extensions"/><div xml:lang="en" xmlns="http://www.w3.org/1999/xhtml" lang="en"><ul><li>Include these codes as defined in <a href="CodeSystem-v3-URLScheme.html"><code>http://terminology.hl7.org/CodeSystem/v3-URLScheme</code></a><table class="none"><tr><td style="white-space:nowrap"><b>Code</b></td><td><b>Display</b></td><td><b>Definition</b></td></tr><tr><td><a href="CodeSystem-v3-URLScheme.html#v3-URLScheme-fax">fax</a></td><td style="color: #cccccc">Fax</td><td>A telephone number served by a fax device \[http://www.ietf.org/rfc/rfc3966.txt and http://www.ietf.org/rfc/rfc2806.txt\].</td></tr><tr><td><a href="CodeSystem-v3-URLScheme.html#v3-URLScheme-mailto">mailto</a></td><td style="color: #cccccc">Mailto</td><td>Electronic mail address \[RFC 2368\]<br/><br/>http://www.ietf.org/rfc/rfc2368.txt</td></tr><tr><td><a href="CodeSystem-v3-URLScheme.html#v3-URLScheme-tel">tel</a></td><td style="color: #cccccc">Telephone</td><td>A voice telephone number \[http://www.ietf.org/rfc/rfc3966.txt and http://www.ietf.org/rfc/rfc2806.txt\].</td></tr></table></li></ul></div></text><url value="http://terminology.hl7.org/ValueSet/v3-xPhoneOrEmailURLScheme"/><identifier><system value="urn:ietf:rfc:3986"/><value value="urn:oid:2.16.840.1.113883.1.11.19741"/></identifier><version value="0.1.0"/><name value="XPhoneOrEmailURLScheme"/><title value="x_PhoneOrEmailURLScheme"/><status value="active"/><experimental value="false"/><date value="2014-03-26"/><publisher value="SatuSehat"/><contact><name value="SatuSehat"/><telecom><system value="url"/><value value="https://satusehat.kemkes.go.id/"/></telecom><telecom><system value="email"/><value value="fhir@dto.kemkes.go.id"/></telecom></contact><description value="Restricts scheme to e-mail or phone numbers at which a human can be reached"/><copyright value="This material derives from the HL7 Terminology THO. THO is copyright ©1989+ Health Level Seven International and is made available under the CC0 designation. For more licensing information see: https://terminology.hl7.org/license"/><compose><include><system value="http://terminology.hl7.org/CodeSystem/v3-URLScheme"/><concept><code value="fax"/></concept><concept><code value="mailto"/></concept><concept><code value="tel"/></concept></include></compose></ValueSet>