<?xml version="1.0" encoding="UTF-8"?><ValueSet xmlns="http://hl7.org/fhir"><id value="measure-aggregate-method"/><text><status value="generated"/><div xmlns="http://www.w3.org/1999/xhtml"><ul><li>Include all codes defined in <a href="CodeSystem-measure-aggregate-method.html"><code>http://terminology.hl7.org/CodeSystem/measure-aggregate-method</code></a></li></ul></div></text><extension url="http://hl7.org/fhir/StructureDefinition/structuredefinition-wg"><valueCode value="cqi"/></extension><url value="http://terminology.hl7.org/ValueSet/measure-aggregate-method"/><version value="0.1.0"/><name value="MeasureAggregateMethod"/><title value="Measure Aggregate Method"/><status value="active"/><experimental value="false"/><date value="2023-02-08T23:21:03-06:00"/><publisher value="SatuSehat"/><contact><name value="SatuSehat"/><telecom><system value="url"/><value value="https://satusehat.kemkes.go.id/"/></telecom><telecom><system value="email"/><value value="fhir@dto.kemkes.go.id"/></telecom></contact><description value="Aggregation method for a measure (e.g. sum, average, median, minimum, maximum,    count)"/><jurisdiction><coding><system value="http://unstats.un.org/unsd/methods/m49/m49.htm"/><code value="001"/><display value="World"/></coding></jurisdiction><copyright value="This material derives from the HL7 Terminology THO. THO is copyright ©1989+ Health Level Seven International and is made available under the CC0 designation. For more licensing information see: https://terminology.hl7.org/license"/><compose><include><system value="http://terminology.hl7.org/CodeSystem/measure-aggregate-method"/></include></compose></ValueSet>