<?xml version="1.0" encoding="UTF-8"?><ValueSet xmlns="http://hl7.org/fhir"><id value="gender-identity"/><meta><profile value="http://hl7.org/fhir/StructureDefinition/shareablevalueset"/></meta><text><status value="extensions"/><div xmlns="http://www.w3.org/1999/xhtml"><p>This value set includes codes based on the following rules:</p><ul><li>Include these codes as defined in <a href="http://www.snomed.org/"><code>http://snomed.info/sct</code></a><table class="none"><tr><td style="white-space:nowrap"><b>Code</b></td><td><b>Display</b></td></tr><tr><td><a href="http://snomed.info/id/446141000124107">446141000124107</a></td><td>Female gender identity</td></tr><tr><td><a href="http://snomed.info/id/446151000124109">446151000124109</a></td><td>Male gender identity</td></tr><tr><td><a href="http://snomed.info/id/33791000087105">33791000087105</a></td><td>Non-binary gender identity</td></tr></table></li><li>Include these codes as defined in <a href="CodeSystem-data-absent-reason.html"><code>http://terminology.hl7.org/CodeSystem/data-absent-reason</code></a><table class="none"><tr><td style="white-space:nowrap"><b>Code</b></td><td><b>Display</b></td><td><b>Definition</b></td></tr><tr><td><a href="CodeSystem-data-absent-reason.html#data-absent-reason-asked-declined">asked-declined</a></td><td>Asked But Declined</td><td>The source was asked but declined to answer.</td></tr></table></li><li>Include these codes as defined in <a href="CodeSystem-v3-NullFlavor.html"><code>http://terminology.hl7.org/CodeSystem/v3-NullFlavor</code></a><table class="none"><tr><td style="white-space:nowrap"><b>Code</b></td><td><b>Display</b></td><td><b>Definition</b></td></tr><tr><td><a href="CodeSystem-v3-NullFlavor.html#v3-NullFlavor-UNK">UNK</a></td><td>Unknown</td><td>**Description:**A proper value is applicable, but not known.<br/><br/>**Usage Notes**: This means the actual value is not known. If the only thing that is unknown is how to properly express the value in the necessary constraints (value set, datatype, etc.), then the OTH or UNC flavor should be used. No properties should be included for a datatype with this property unless:<br/><br/>1.  Those properties themselves directly translate to a semantic of &quot;unknown&quot;. (E.g. a local code sent as a translation that conveys 'unknown')<br/>2.  Those properties further qualify the nature of what is unknown. (E.g. specifying a use code of &quot;H&quot; and a URL prefix of &quot;tel:&quot; to convey that it is the home phone number that is unknown.)</td></tr></table></li></ul></div></text><extension url="http://hl7.org/fhir/StructureDefinition/structuredefinition-wg"><valueCode value="pa"/></extension><extension url="http://hl7.org/fhir/StructureDefinition/structuredefinition-fmm"><valueInteger value="1"/></extension><url value="http://terminology.hl7.org/ValueSet/gender-identity"/><identifier><system value="urn:ietf:rfc:3986"/><value value="urn:oid:2.16.840.1.113883.4.642.3.3291"/></identifier><version value="0.1.0"/><name value="GenderIdentity"/><title value="Gender Identity"/><status value="active"/><experimental value="false"/><date value="2024-03-09T14:36:19-07:00"/><publisher value="SatuSehat"/><contact><name value="SatuSehat"/><telecom><system value="url"/><value value="https://satusehat.kemkes.go.id/"/></telecom><telecom><system value="email"/><value value="fhir@dto.kemkes.go.id"/></telecom></contact><description value="Codes that indicate a individual's gender identity. This value set is a minimum set of commonly used values.  It is expected and encouraged that specific jurisdictions or communities will use additional gender identity concepts that are relevant within their community."/><copyright value="This material derives from the HL7 Terminology THO. THO is copyright ©1989+ Health Level Seven International and is made available under the CC0 designation. For more licensing information see: https://terminology.hl7.org/license"/><compose><include><system value="http://snomed.info/sct"/><concept><code value="446141000124107"/><display value="Female gender identity"/></concept><concept><code value="446151000124109"/><display value="Male gender identity"/></concept><concept><code value="33791000087105"/><display value="Non-binary gender identity"/></concept></include><include><system value="http://terminology.hl7.org/CodeSystem/data-absent-reason"/><concept><code value="asked-declined"/><display value="Asked But Declined"/></concept></include><include><system value="http://terminology.hl7.org/CodeSystem/v3-NullFlavor"/><concept><code value="UNK"/><display value="Unknown"/></concept></include></compose></ValueSet>