<?xml version="1.0" encoding="UTF-8"?><ValueSet xmlns="http://hl7.org/fhir"><id value="v3-MilitaryRoleType"/><language value="en"/><text><status value="generated"/><div xml:lang="en" xmlns="http://www.w3.org/1999/xhtml" lang="en"><ul><li>Include codes from <a href="CodeSystem-v3-RoleCode.html"><code>http://terminology.hl7.org/CodeSystem/v3-RoleCode</code></a> where concept  is-a  <a href="CodeSystem-v3-RoleCode.html#v3-RoleCode-MIL">MIL</a></li></ul></div></text><url value="http://terminology.hl7.org/ValueSet/v3-MilitaryRoleType"/><identifier><system value="urn:ietf:rfc:3986"/><value value="urn:oid:2.16.840.1.113883.1.11.19812"/></identifier><version value="0.1.0"/><name value="MilitaryRoleType"/><title value="MilitaryRoleType"/><status value="active"/><experimental value="false"/><date value="2014-03-26"/><publisher value="SatuSehat"/><contact><name value="SatuSehat"/><telecom><system value="url"/><value value="https://satusehat.kemkes.go.id/"/></telecom><telecom><system value="email"/><value value="fhir@dto.kemkes.go.id"/></telecom></contact><description value="**Definition:** A person playing the role of program eligible under a program based on military status.&#xD;&#xA;&#xD;&#xA;**Discussion:** This CoveredPartyRoleType.code is typically used when the CoveredPartyRole class code is either &quot;program eligible&quot; or &quot;subscriber&quot; and the person's status as a member of the military meets jurisdictional or program criteria"/><copyright value="This material derives from the HL7 Terminology THO. THO is copyright ©1989+ Health Level Seven International and is made available under the CC0 designation. For more licensing information see: https://terminology.hl7.org/license"/><compose><include><system value="http://terminology.hl7.org/CodeSystem/v3-RoleCode"/><filter><property value="concept"/><op value="is-a"/><value value="MIL"/></filter></include></compose></ValueSet>