<?xml version="1.0" encoding="UTF-8"?><ValueSet xmlns="http://hl7.org/fhir"><id value="v3-ActMoodExpectation"/><language value="en"/><text><status value="generated"/><div xml:lang="en" xmlns="http://www.w3.org/1999/xhtml" lang="en"><ul><li>Include codes from <a href="CodeSystem-v3-ActMood.html"><code>http://terminology.hl7.org/CodeSystem/v3-ActMood</code></a> where concept  is-a  <a href="CodeSystem-v3-ActMood.html#v3-ActMood-EXPEC">EXPEC</a></li></ul></div></text><url value="http://terminology.hl7.org/ValueSet/v3-ActMoodExpectation"/><identifier><system value="urn:ietf:rfc:3986"/><value value="urn:oid:2.16.840.1.113883.1.11.20269"/></identifier><version value="0.1.0"/><name value="ActMoodExpectation"/><title value="ActMoodExpectation"/><status value="active"/><experimental value="false"/><date value="2014-03-26"/><publisher value="SatuSehat"/><contact><name value="SatuSehat"/><telecom><system value="url"/><value value="https://satusehat.kemkes.go.id/"/></telecom><telecom><system value="email"/><value value="fhir@dto.kemkes.go.id"/></telecom></contact><description value="**Definition:**An act that is considered likely to occur in the future. The essential feature of an act expressed in expectation mood is that it is likely to occur. An expectation may be desirable, undesirable or neutral in effect.&#xD;&#xA;&#xD;&#xA;**Examples:**Prognosis of a condition, Expected date of discharge from hospital, patient will likely need an emergency decompression of the intracranial pressure by morning.&#xD;&#xA;&#xD;&#xA;**Discussion:**INT (intent) reflects a plan for the future, which is a declaration to do something. This contrasts with expectation, which is a prediction that something will happen in the future. GOL (goal) reflects a hope rather than a prediction. RSK (risk) reflects a potential negative event that may or may not be expected to happen."/><immutable value="true"/><copyright value="This material derives from the HL7 Terminology THO. THO is copyright ©1989+ Health Level Seven International and is made available under the CC0 designation. For more licensing information see: https://terminology.hl7.org/license"/><compose><include><system value="http://terminology.hl7.org/CodeSystem/v3-ActMood"/><filter><property value="concept"/><op value="is-a"/><value value="EXPEC"/></filter></include></compose></ValueSet>