<?xml version="1.0" encoding="UTF-8"?><ValueSet xmlns="http://hl7.org/fhir"><id value="verificationresult-communication-method"/><meta><lastUpdated value="2020-02-24T12:41:39.109+11:00"/><profile value="http://hl7.org/fhir/StructureDefinition/shareablevalueset"/></meta><text><status value="generated"/><div xmlns="http://www.w3.org/1999/xhtml"><ul><li>Include all codes defined in <a href="CodeSystem-verificationresult-communication-method.html"><code>http://terminology.hl7.org/CodeSystem/verificationresult-communication-method</code></a></li></ul></div></text><extension url="http://hl7.org/fhir/StructureDefinition/structuredefinition-wg"><valueCode value="pa"/></extension><extension url="http://hl7.org/fhir/StructureDefinition/structuredefinition-fmm"><valueInteger value="1"/></extension><url value="http://terminology.hl7.org/ValueSet/verificationresult-communication-method"/><identifier><system value="urn:ietf:rfc:3986"/><value value="urn:oid:2.16.840.1.113883.4.642.3.1401"/></identifier><version value="0.1.0"/><name value="VerificationResult_communication_method"/><title value="VerificationResult Communication Method"/><status value="active"/><experimental value="false"/><date value="2018-10-31"/><publisher value="SatuSehat"/><contact><name value="SatuSehat"/><telecom><system value="url"/><value value="https://satusehat.kemkes.go.id/"/></telecom><telecom><system value="email"/><value value="fhir@dto.kemkes.go.id"/></telecom></contact><description value="Attested information may be validated by process that are manual or automated. For automated processes it may accomplished by the system of record reaching out through another system's API or information may be sent to the system of record. This value set defines a set of codes to describing the process, the how, a resource or data element is validated."/><immutable value="true"/><copyright value="This material derives from the HL7 Terminology THO. THO is copyright ©1989+ Health Level Seven International and is made available under the CC0 designation. For more licensing information see: https://terminology.hl7.org/license"/><compose><include><system value="http://terminology.hl7.org/CodeSystem/verificationresult-communication-method"/></include></compose></ValueSet>