<?xml version="1.0" encoding="UTF-8"?><ValueSet xmlns="http://hl7.org/fhir"><id value="ObservationBodySite"/><text><status value="generated"/><div xmlns="http://www.w3.org/1999/xhtml"><ul><li>Include codes from<a href="http://www.snomed.org/"><code>http://snomed.info/sct</code></a> where concept  is-a 442083009 (Anatomical or acquired body structure (body structure))</li></ul></div></text><url value="http://terminology.kemkes.go.id/ValueSet/Observation.bodysite"/><version value="0.1.0"/><name value="ObservationBodySite"/><title value="Value set specific for Observation BodySite"/><status value="active"/><date value="2024-05-30T10:41:30+07:00"/><publisher value="SatuSehat"/><contact><name value="SatuSehat"/><telecom><system value="url"/><value value="https://satusehat.kemkes.go.id/"/></telecom><telecom><system value="email"/><value value="fhir@dto.kemkes.go.id"/></telecom></contact><description value="Value set specific for Observation BodySite"/><compose><include><system value="http://snomed.info/sct"/><filter><property value="concept"/><op value="is-a"/><value value="442083009"/></filter></include></compose></ValueSet>