<?xml version="1.0" encoding="UTF-8"?><ValueSet xmlns="http://hl7.org/fhir"><id value="v3-ConsenterParticipationFunction"/><language value="en"/><text><status value="generated"/><div xml:lang="en" xmlns="http://www.w3.org/1999/xhtml" lang="en"><ul><li>Include codes from <a href="CodeSystem-v3-ParticipationFunction.html"><code>http://terminology.hl7.org/CodeSystem/v3-ParticipationFunction</code></a> where concept  is-a  <a href="CodeSystem-v3-ParticipationFunction.html#v3-ParticipationFunction-_ConsenterParticipationFunction">_ConsenterParticipationFunction</a></li></ul></div></text><url value="http://terminology.hl7.org/ValueSet/v3-ConsenterParticipationFunction"/><identifier><system value="urn:ietf:rfc:3986"/><value value="urn:oid:2.16.840.1.113883.1.11.19930"/></identifier><version value="0.1.0"/><name value="ConsenterParticipationFunction"/><title value="ConsenterParticipationFunction"/><status value="active"/><experimental value="false"/><date value="2014-03-26"/><publisher value="SatuSehat"/><contact><name value="SatuSehat"/><telecom><system value="url"/><value value="https://satusehat.kemkes.go.id/"/></telecom><telecom><system value="email"/><value value="fhir@dto.kemkes.go.id"/></telecom></contact><description value="This code is used to specify the exact function an actor is authorized to have in authoring a consent directive."/><copyright value="This material derives from the HL7 Terminology THO. THO is copyright ©1989+ Health Level Seven International and is made available under the CC0 designation. For more licensing information see: https://terminology.hl7.org/license"/><compose><include><system value="http://terminology.hl7.org/CodeSystem/v3-ParticipationFunction"/><filter><property value="concept"/><op value="is-a"/><value value="_ConsenterParticipationFunction"/></filter></include></compose></ValueSet>