<?xml version="1.0" encoding="UTF-8"?><ValueSet xmlns="http://hl7.org/fhir"><id value="v3-GTSAbbreviationBase"/><language value="en"/><text><status value="extensions"/><div xml:lang="en" xmlns="http://www.w3.org/1999/xhtml" lang="en"><ul><li>Include these codes as defined in <a href="CodeSystem-v3-GTSAbbreviation.html"><code>http://terminology.hl7.org/CodeSystem/v3-GTSAbbreviation</code></a><table class="none"><tr><td style="white-space:nowrap"><b>Code</b></td><td><b>Display</b></td><td><b>Definition</b></td></tr><tr><td><a href="CodeSystem-v3-GTSAbbreviation.html#v3-GTSAbbreviation-AM">AM</a></td><td style="color: #cccccc">AM</td><td>Every morning at institution specified times.</td></tr><tr><td><a href="CodeSystem-v3-GTSAbbreviation.html#v3-GTSAbbreviation-BID">BID</a></td><td style="color: #cccccc">BID</td><td>Two times a day at institution specified time</td></tr><tr><td><a href="CodeSystem-v3-GTSAbbreviation.html#v3-GTSAbbreviation-JB">JB</a></td><td style="color: #cccccc">JB</td><td>Regular business days (Monday to Friday excluding holidays)</td></tr><tr><td><a href="CodeSystem-v3-GTSAbbreviation.html#v3-GTSAbbreviation-JE">JE</a></td><td style="color: #cccccc">JE</td><td>Regular weekends (Saturday and Sunday excluding holidays)</td></tr><tr><td><a href="CodeSystem-v3-GTSAbbreviation.html#v3-GTSAbbreviation-JH">JH</a></td><td style="color: #cccccc">GTSAbbreviationHolidays</td><td>Holidays</td></tr><tr><td><a href="CodeSystem-v3-GTSAbbreviation.html#v3-GTSAbbreviation-PM">PM</a></td><td style="color: #cccccc">PM</td><td>Every afternoon at institution specified times.</td></tr><tr><td><a href="CodeSystem-v3-GTSAbbreviation.html#v3-GTSAbbreviation-QID">QID</a></td><td style="color: #cccccc">QID</td><td>Four times a day at institution specified time</td></tr><tr><td><a href="CodeSystem-v3-GTSAbbreviation.html#v3-GTSAbbreviation-TID">TID</a></td><td style="color: #cccccc">TID</td><td>Three times a day at institution specified time</td></tr></table></li></ul></div></text><url value="http://terminology.hl7.org/ValueSet/v3-GTSAbbreviationBase"/><identifier><system value="urn:ietf:rfc:3986"/><value value="urn:oid:2.16.840.1.113883.1.11.20310"/></identifier><version value="0.1.0"/><name value="GTSAbbreviationBase"/><title value="GTSAbbreviationBase"/><status value="active"/><experimental value="false"/><date value="2014-03-26"/><publisher value="SatuSehat"/><contact><name value="SatuSehat"/><telecom><system value="url"/><value value="https://satusehat.kemkes.go.id/"/></telecom><telecom><system value="email"/><value value="fhir@dto.kemkes.go.id"/></telecom></contact><description value="**Description:**Basic abbreviations defined for the General timing Specification data type."/><copyright value="This material derives from the HL7 Terminology THO. THO is copyright ©1989+ Health Level Seven International and is made available under the CC0 designation. For more licensing information see: https://terminology.hl7.org/license"/><compose><include><system value="http://terminology.hl7.org/CodeSystem/v3-GTSAbbreviation"/><concept><code value="AM"/></concept><concept><code value="BID"/></concept><concept><code value="JB"/></concept><concept><code value="JE"/></concept><concept><code value="JH"/></concept><concept><code value="PM"/></concept><concept><code value="QID"/></concept><concept><code value="TID"/></concept></include></compose></ValueSet>