<?xml version="1.0" encoding="UTF-8"?><ValueSet xmlns="http://hl7.org/fhir"><id value="v3-xInformationRecipient"/><language value="en"/><text><status value="extensions"/><div xml:lang="en" xmlns="http://www.w3.org/1999/xhtml" lang="en"><ul><li>Include these codes as defined in <a href="CodeSystem-v3-ParticipationType.html"><code>http://terminology.hl7.org/CodeSystem/v3-ParticipationType</code></a><table class="none"><tr><td style="white-space:nowrap"><b>Code</b></td><td><b>Display</b></td><td><b>Definition</b></td></tr><tr><td><a href="CodeSystem-v3-ParticipationType.html#v3-ParticipationType-PRCP">PRCP</a></td><td style="color: #cccccc">primary information recipient</td><td>Information recipient to whom an act statement is primarily directed. E.g., a primary care provider receiving a discharge letter from a hospitalist, a health department receiving information on a suspected case of infectious disease. Multiple of these participations may exist on the same act without requiring that recipients be ranked as primary vs. secondary.</td></tr><tr><td><a href="CodeSystem-v3-ParticipationType.html#v3-ParticipationType-TRC">TRC</a></td><td style="color: #cccccc">tracker</td><td>A secondary information recipient, who receives copies (e.g., a primary care provider receiving copies of results as ordered by specialist).</td></tr></table></li></ul></div></text><extension url="http://terminology.hl7.org/StructureDefinition/ext-mif-assocConceptProp"><extension url="name"><valueString value="Name:Act:participation:Participation"/></extension><extension url="value"><valueString value="informationRecipient"/></extension></extension><extension url="http://terminology.hl7.org/StructureDefinition/ext-mif-assocConceptProp"><extension url="name"><valueString value="Name:Role:participation:Participation"/></extension><extension url="value"><valueString value="informationReceived"/></extension></extension><extension url="http://terminology.hl7.org/StructureDefinition/ext-mif-assocConceptProp"><extension url="name"><valueString value="Sort:Act:participation:Participation"/></extension><extension url="value"><valueString value="HA_______"/></extension></extension><extension url="http://terminology.hl7.org/StructureDefinition/ext-mif-assocConceptProp"><extension url="name"><valueString value="Sort:Role:participation:Participation"/></extension><extension url="value"><valueString value="HA_______"/></extension></extension><url value="http://terminology.hl7.org/ValueSet/v3-xInformationRecipient"/><identifier><system value="urn:ietf:rfc:3986"/><value value="urn:oid:2.16.840.1.113883.1.11.19366"/></identifier><version value="0.1.0"/><name value="XInformationRecipient"/><title value="x_InformationRecipient"/><status value="active"/><experimental value="false"/><date value="2014-03-26"/><publisher value="SatuSehat"/><contact><name value="SatuSehat"/><telecom><system value="url"/><value value="https://satusehat.kemkes.go.id/"/></telecom><telecom><system value="email"/><value value="fhir@dto.kemkes.go.id"/></telecom></contact><description value="Used to represent participant(s) who should receive a copy of a document."/><copyright value="This material derives from the HL7 Terminology THO. THO is copyright ©1989+ Health Level Seven International and is made available under the CC0 designation. For more licensing information see: https://terminology.hl7.org/license"/><compose><include><system value="http://terminology.hl7.org/CodeSystem/v3-ParticipationType"/><concept><code value="PRCP"/></concept><concept><code value="TRC"/></concept></include></compose></ValueSet>