<?xml version="1.0" encoding="UTF-8"?><ValueSet xmlns="http://hl7.org/fhir"><id value="v3-ActClassObservationSeries"/><language value="en"/><text><status value="generated"/><div xml:lang="en" xmlns="http://www.w3.org/1999/xhtml" lang="en"><ul><li>Include codes from <a href="CodeSystem-v3-ActClass.html"><code>http://terminology.hl7.org/CodeSystem/v3-ActClass</code></a> where concept  is-a  <a href="CodeSystem-v3-ActClass.html#v3-ActClass-OBSSER">OBSSER</a></li></ul></div></text><url value="http://terminology.hl7.org/ValueSet/v3-ActClassObservationSeries"/><identifier><system value="urn:ietf:rfc:3986"/><value value="urn:oid:2.16.840.1.113883.1.11.18875"/></identifier><version value="0.1.0"/><name value="ActClassObservationSeries"/><title value="ActClassObservationSeries"/><status value="active"/><experimental value="false"/><date value="2014-03-26"/><publisher value="SatuSehat"/><contact><name value="SatuSehat"/><telecom><system value="url"/><value value="https://satusehat.kemkes.go.id/"/></telecom><telecom><system value="email"/><value value="fhir@dto.kemkes.go.id"/></telecom></contact><description value="Container for Correlated Observation Sequences sharing a common frame of reference. All Observations of the same cd must be comparable and relative to the common frame of reference. For example, a 3-channel ECG device records a 12-lead ECG in 4 steps (3 leads at a time). Each of the separate 3-channel recordings would be in their own &quot;OBSCOR&quot;. And, all 4 OBSCOR would be contained in one OBSSER because all the times are relative to the same origin (beginning of the recording) and all the ECG signals were from a fixed set of electrodes."/><immutable value="true"/><copyright value="This material derives from the HL7 Terminology THO. THO is copyright ©1989+ Health Level Seven International and is made available under the CC0 designation. For more licensing information see: https://terminology.hl7.org/license"/><compose><include><system value="http://terminology.hl7.org/CodeSystem/v3-ActClass"/><filter><property value="concept"/><op value="is-a"/><value value="OBSSER"/></filter></include></compose></ValueSet>