<?xml version="1.0" encoding="UTF-8"?><ValueSet xmlns="http://hl7.org/fhir"><id value="v3-ActClassBattery"/><language value="en"/><text><status value="generated"/><div xml:lang="en" xmlns="http://www.w3.org/1999/xhtml" lang="en"><ul><li>Include codes from <a href="CodeSystem-v3-ActClass.html"><code>http://terminology.hl7.org/CodeSystem/v3-ActClass</code></a> where concept  is-a  <a href="CodeSystem-v3-ActClass.html#v3-ActClass-BATTERY">BATTERY</a></li></ul></div></text><url value="http://terminology.hl7.org/ValueSet/v3-ActClassBattery"/><identifier><system value="urn:ietf:rfc:3986"/><value value="urn:oid:2.16.840.1.113883.1.11.20200"/></identifier><version value="0.1.0"/><name value="ActClassBattery"/><title value="ActClassBattery"/><status value="active"/><experimental value="false"/><date value="2014-03-26"/><publisher value="SatuSehat"/><contact><name value="SatuSehat"/><telecom><system value="url"/><value value="https://satusehat.kemkes.go.id/"/></telecom><telecom><system value="email"/><value value="fhir@dto.kemkes.go.id"/></telecom></contact><description value="**Description:**A battery specifies a set of observations. These observations typically have a logical or practical grouping for generally accepted clinical or functional purposes, such as observations that are run together because of automation. A battery can define required and optional components and, in some cases, will define complex rules that determine whether or not a particular observation is made.&#xD;&#xA;&#xD;&#xA;**Examples:** &quot;Blood pressure&quot;, &quot;Full blood count&quot;, &quot;Chemistry panel&quot;."/><immutable value="true"/><copyright value="This material derives from the HL7 Terminology THO. THO is copyright ©1989+ Health Level Seven International and is made available under the CC0 designation. For more licensing information see: https://terminology.hl7.org/license"/><compose><include><system value="http://terminology.hl7.org/CodeSystem/v3-ActClass"/><filter><property value="concept"/><op value="is-a"/><value value="BATTERY"/></filter></include></compose></ValueSet>