<?xml version="1.0" encoding="UTF-8"?><ValueSet xmlns="http://hl7.org/fhir"><id value="v3-ControlActReason"/><language value="en"/><text><status value="extensions"/><div xml:lang="en" xmlns="http://www.w3.org/1999/xhtml" lang="en"><p>This value set includes codes based on the following rules:</p><ul><li>Include codes from <a href="CodeSystem-v3-ActReason.html"><code>http://terminology.hl7.org/CodeSystem/v3-ActReason</code></a> where concept  is-a  <a href="CodeSystem-v3-ActReason.html#v3-ActReason-_ControlActReason">_ControlActReason</a></li><li>Import all the codes that are contained in <a href="ValueSet-v3-GenericUpdateReasonCode.html">GenericUpdateReasonCode</a></li><li>Import all the codes that are contained in <a href="ValueSet-v3-CombinedPharmacyOrderSuspendReasonCode.html">CombinedPharmacyOrderSuspendReasonCode</a></li><li>Import all the codes that are contained in <a href="ValueSet-v3-MedicationOrderAbortReasonCode.html">MedicationOrderAbortReasonCode</a></li><li>Import all the codes that are contained in <a href="ValueSet-v3-MedicationOrderReleaseReasonCode.html">MedicationOrderReleaseReasonCode</a></li><li>Import all the codes that are contained in <a href="ValueSet-v3-PatientProfileQueryReasonCode.html">PatientProfileQueryReasonCode</a></li><li>Import all the codes that are contained in <a href="ValueSet-v3-PharmacySupplyRequestRenewalRefusalReasonCode.html">PharmacySupplyRequestRenewalRefusalReasonCode</a></li><li>Import all the codes that are contained in <a href="ValueSet-v3-SupplyOrderAbortReasonCode.html">SupplyOrderAbortReasonCode</a></li><li>Import all the codes that are contained in <a href="ValueSet-v3-ControlActNullificationReasonCode.html">ControlActNullificationReasonCode</a></li><li>Import all the codes that are contained in <a href="ValueSet-v3-StatusRevisionRefusalReasonCode.html">StatusRevisionRefusalReasonCode</a></li></ul><p>This value set excludes codes based on the following rules:</p><ul><li>Exclude these codes as defined in <a href="CodeSystem-v3-ActReason.html"><code>http://terminology.hl7.org/CodeSystem/v3-ActReason</code></a><table class="none"><tr><td style="white-space:nowrap"><b>Code</b></td><td><b>Display</b></td><td><b>Definition</b></td></tr><tr><td><a href="CodeSystem-v3-ActReason.html#v3-ActReason-_MedicationOrderAbortReasonCode">_MedicationOrderAbortReasonCode</a></td><td style="color: #cccccc">medication order abort reason</td><td>**Description:**Indicates the reason the medication order should be aborted.</td></tr></table></li><li>Exclude these codes as defined in <a href="CodeSystem-v3-ActReason.html"><code>http://terminology.hl7.org/CodeSystem/v3-ActReason</code></a><table class="none"><tr><td style="white-space:nowrap"><b>Code</b></td><td><b>Display</b></td><td><b>Definition</b></td></tr><tr><td><a href="CodeSystem-v3-ActReason.html#v3-ActReason-_MedicationOrderReleaseReasonCode">_MedicationOrderReleaseReasonCode</a></td><td style="color: #cccccc">medication order release reason</td><td>**Definition:**A collection of concepts that indicate why the prescription should be released from suspended state.</td></tr></table></li><li>Exclude these codes as defined in <a href="CodeSystem-v3-ActReason.html"><code>http://terminology.hl7.org/CodeSystem/v3-ActReason</code></a><table class="none"><tr><td style="white-space:nowrap"><b>Code</b></td><td><b>Display</b></td><td><b>Definition</b></td></tr><tr><td><a href="CodeSystem-v3-ActReason.html#v3-ActReason-_PharmacySupplyRequestRenewalRefusalReasonCode">_PharmacySupplyRequestRenewalRefusalReasonCode</a></td><td style="color: #cccccc">pharmacy supply request renewal refusal reason</td><td>**Definition:**A collection of concepts that identifies why a renewal prescription has been refused.</td></tr></table></li><li>Exclude these codes as defined in <a href="CodeSystem-v3-ActReason.html"><code>http://terminology.hl7.org/CodeSystem/v3-ActReason</code></a><table class="none"><tr><td style="white-space:nowrap"><b>Code</b></td><td><b>Display</b></td><td><b>Definition</b></td></tr><tr><td><a href="CodeSystem-v3-ActReason.html#v3-ActReason-_SupplyOrderAbortReasonCode">_SupplyOrderAbortReasonCode</a></td><td style="color: #cccccc">supply order abort reason</td><td>**Definition:**A collection of concepts that indicates why the prescription should no longer be allowed to be dispensed (but can still administer what is already being dispensed).</td></tr></table></li></ul></div></text><url value="http://terminology.hl7.org/ValueSet/v3-ControlActReason"/><identifier><system value="urn:ietf:rfc:3986"/><value value="urn:oid:2.16.840.1.113883.1.11.19692"/></identifier><version value="0.1.0"/><name value="ControlActReason"/><title value="ControlActReason"/><status value="active"/><experimental value="false"/><date value="2014-03-26"/><publisher value="SatuSehat"/><contact><name value="SatuSehat"/><telecom><system value="url"/><value value="https://satusehat.kemkes.go.id/"/></telecom><telecom><system value="email"/><value value="fhir@dto.kemkes.go.id"/></telecom></contact><description value="Identifies why a specific query, request, or other trigger event occurred."/><copyright value="This material derives from the HL7 Terminology THO. THO is copyright ©1989+ Health Level Seven International and is made available under the CC0 designation. For more licensing information see: https://terminology.hl7.org/license"/><compose><include><system value="http://terminology.hl7.org/CodeSystem/v3-ActReason"/><filter><property value="concept"/><op value="is-a"/><value value="_ControlActReason"/></filter></include><include><valueSet value="http://terminology.hl7.org/ValueSet/v3-GenericUpdateReasonCode"/></include><include><valueSet value="http://terminology.hl7.org/ValueSet/v3-CombinedPharmacyOrderSuspendReasonCode"/></include><include><valueSet value="http://terminology.hl7.org/ValueSet/v3-MedicationOrderAbortReasonCode"/></include><include><valueSet value="http://terminology.hl7.org/ValueSet/v3-MedicationOrderReleaseReasonCode"/></include><include><valueSet value="http://terminology.hl7.org/ValueSet/v3-PatientProfileQueryReasonCode"/></include><include><valueSet value="http://terminology.hl7.org/ValueSet/v3-PharmacySupplyRequestRenewalRefusalReasonCode"/></include><include><valueSet value="http://terminology.hl7.org/ValueSet/v3-SupplyOrderAbortReasonCode"/></include><include><valueSet value="http://terminology.hl7.org/ValueSet/v3-ControlActNullificationReasonCode"/></include><include><valueSet value="http://terminology.hl7.org/ValueSet/v3-StatusRevisionRefusalReasonCode"/></include><exclude><system value="http://terminology.hl7.org/CodeSystem/v3-ActReason"/><concept><code value="_MedicationOrderAbortReasonCode"/></concept></exclude><exclude><system value="http://terminology.hl7.org/CodeSystem/v3-ActReason"/><concept><code value="_MedicationOrderReleaseReasonCode"/></concept></exclude><exclude><system value="http://terminology.hl7.org/CodeSystem/v3-ActReason"/><concept><code value="_PharmacySupplyRequestRenewalRefusalReasonCode"/></concept></exclude><exclude><system value="http://terminology.hl7.org/CodeSystem/v3-ActReason"/><concept><code value="_SupplyOrderAbortReasonCode"/></concept></exclude></compose></ValueSet>