<?xml version="1.0" encoding="UTF-8"?><ValueSet xmlns="http://hl7.org/fhir"><id value="v3-xEntityClassPersonOrOrgReceiving"/><language value="en"/><text><status value="extensions"/><div xml:lang="en" xmlns="http://www.w3.org/1999/xhtml" lang="en"><p>This value set includes codes based on the following rules:</p><ul><li>Include these codes as defined in <a href="CodeSystem-v3-EntityClass.html"><code>http://terminology.hl7.org/CodeSystem/v3-EntityClass</code></a><table class="none"><tr><td style="white-space:nowrap"><b>Code</b></td><td><b>Display</b></td><td><b>Definition</b></td></tr><tr><td><a href="CodeSystem-v3-EntityClass.html#v3-EntityClass-PSN">PSN</a></td><td style="color: #cccccc">person</td><td>A living subject of the species homo sapiens.</td></tr></table></li><li>Import all the codes that are contained in <a href="ValueSet-v3-EntityClassOrganization.html">EntityClassOrganization</a></li></ul></div></text><extension url="http://terminology.hl7.org/StructureDefinition/ext-mif-assocConceptProp"><extension url="name"><valueString value="Name:Class"/></extension><extension url="value"><valueString value="Recipient"/></extension></extension><url value="http://terminology.hl7.org/ValueSet/v3-xEntityClassPersonOrOrgReceiving"/><identifier><system value="urn:ietf:rfc:3986"/><value value="urn:oid:2.16.840.1.113883.1.11.19463"/></identifier><version value="0.1.0"/><name value="XEntityClassPersonOrOrgReceiving"/><title value="x_EntityClassPersonOrOrgReceiving"/><status value="active"/><experimental value="false"/><date value="2014-03-26"/><publisher value="SatuSehat"/><contact><name value="SatuSehat"/><telecom><system value="url"/><value value="https://satusehat.kemkes.go.id/"/></telecom><telecom><system value="email"/><value value="fhir@dto.kemkes.go.id"/></telecom></contact><description value="***No description***"/><copyright value="This material derives from the HL7 Terminology THO. THO is copyright ©1989+ Health Level Seven International and is made available under the CC0 designation. For more licensing information see: https://terminology.hl7.org/license"/><compose><include><system value="http://terminology.hl7.org/CodeSystem/v3-EntityClass"/><concept><code value="PSN"/></concept></include><include><valueSet value="http://terminology.hl7.org/ValueSet/v3-EntityClassOrganization"/></include></compose></ValueSet>