<?xml version="1.0" encoding="UTF-8"?><ValueSet xmlns="http://hl7.org/fhir"><id value="v3-ActMood"/><language value="en"/><text><status value="generated"/><div xml:lang="en" xmlns="http://www.w3.org/1999/xhtml" lang="en"><ul><li>Include all codes defined in <a href="CodeSystem-v3-ActMood.html"><code>http://terminology.hl7.org/CodeSystem/v3-ActMood</code></a></li></ul></div></text><url value="http://terminology.hl7.org/ValueSet/v3-ActMood"/><identifier><system value="urn:ietf:rfc:3986"/><value value="urn:oid:2.16.840.1.113883.1.11.10196"/></identifier><version value="0.1.0"/><name value="ActMood"/><title value="ActMood"/><status value="active"/><experimental value="false"/><date value="2014-03-26"/><publisher value="SatuSehat"/><contact><name value="SatuSehat"/><telecom><system value="url"/><value value="https://satusehat.kemkes.go.id/"/></telecom><telecom><system value="email"/><value value="fhir@dto.kemkes.go.id"/></telecom></contact><description value="A code distinguishing whether an Act is conceived of as a factual statement or in some other manner as a command, possibility, goal, etc.&#xD;&#xA;&#xD;&#xA;*Constraints:* An Act-instance must have one and only one moodCode value.&#xD;&#xA;&#xD;&#xA;The moodCode of a single Act-instance never changes. Mood is not state.&#xD;&#xA;&#xD;&#xA;To describe the progression of a business activity from defined to planned to executed, etc. one must instantiate different Act-instances in the different moods and link them using ActRelationship of general type &quot;sequel&quot;. (See ActRelationship.type.)"/><immutable value="true"/><copyright value="This material derives from the HL7 Terminology THO. THO is copyright ©1989+ Health Level Seven International and is made available under the CC0 designation. For more licensing information see: https://terminology.hl7.org/license"/><compose><include><system value="http://terminology.hl7.org/CodeSystem/v3-ActMood"/></include></compose></ValueSet>