<?xml version="1.0" encoding="UTF-8"?><ValueSet xmlns="http://hl7.org/fhir"><id value="v3-xParticipationAuthorPerformer"/><language value="en"/><text><status value="extensions"/><div xml:lang="en" xmlns="http://www.w3.org/1999/xhtml" lang="en"><ul><li>Include these codes as defined in <a href="CodeSystem-v3-ParticipationType.html"><code>http://terminology.hl7.org/CodeSystem/v3-ParticipationType</code></a><table class="none"><tr><td style="white-space:nowrap"><b>Code</b></td><td><b>Display</b></td><td><b>Definition</b></td></tr><tr><td><a href="CodeSystem-v3-ParticipationType.html#v3-ParticipationType-AUT">AUT</a></td><td style="color: #cccccc">author (originator)</td><td>**Definition:** A party that originates the Act and therefore has responsibility for the information given in the Act and ownership of this Act.<br/><br/>**Example:** the report writer, the person writing the act definition, the guideline author, the placer of an order, the EKG cart (device) creating a report etc. Every Act should have an author. Authorship is regardless of mood always actual authorship.<br/><br/>Examples of such policies might include:<br/><br/> *  The author and anyone they explicitly delegate may update the report;<br/> *  All administrators within the same clinic may cancel and reschedule appointments created by other administrators within that clinic;<br/><br/>A party that is neither an author nor a party who is extended authorship maintenance rights by policy, may only amend, reverse, override, replace, or follow up in other ways on this Act, whereby the Act remains intact and is linked to another Act authored by that other party.</td></tr><tr><td><a href="CodeSystem-v3-ParticipationType.html#v3-ParticipationType-PRF">PRF</a></td><td style="color: #cccccc">performer</td><td>**Definition:** A person, non-person living subject, organization or device that who actually and principally carries out the action. Device should only be assigned as a performer in circumstances where the device is performing independent of human intervention. Need not be the principal responsible actor.<br/><br/>**Exampe:** A surgery resident operating under supervision of attending surgeon, a search and rescue dog locating survivors, an electronic laboratory analyzer or the laboratory discipline requested to perform a laboratory test. The performer may also be the patient in self-care, e.g. fingerstick blood sugar. The traditional order filler is a performer. This information should accompany every service event.<br/><br/>**Note:** that existing HL7 designs assign an organization as the playing entity of the Role that is the performer. These designs should be revised in subsequent releases to make this the scooping entity for the role involved.</td></tr></table></li></ul></div></text><extension url="http://terminology.hl7.org/StructureDefinition/ext-mif-assocConceptProp"><extension url="name"><valueString value="Name:Act:participation:Participation"/></extension><extension url="value"><valueString value="authorOrPerformer"/></extension></extension><extension url="http://terminology.hl7.org/StructureDefinition/ext-mif-assocConceptProp"><extension url="name"><valueString value="Name:Role:participation:Participation"/></extension><extension url="value"><valueString value="production"/></extension></extension><extension url="http://terminology.hl7.org/StructureDefinition/ext-mif-assocConceptProp"><extension url="name"><valueString value="Sort:Act:participation:Participation"/></extension><extension url="value"><valueString value="D________"/></extension></extension><extension url="http://terminology.hl7.org/StructureDefinition/ext-mif-assocConceptProp"><extension url="name"><valueString value="Sort:Role:participation:Participation"/></extension><extension url="value"><valueString value="D________"/></extension></extension><url value="http://terminology.hl7.org/ValueSet/v3-xParticipationAuthorPerformer"/><identifier><system value="urn:ietf:rfc:3986"/><value value="urn:oid:2.16.840.1.113883.1.11.19080"/></identifier><version value="0.1.0"/><name value="XParticipationAuthorPerformer"/><title value="x_ParticipationAuthorPerformer"/><status value="active"/><experimental value="false"/><date value="2014-03-26"/><publisher value="SatuSehat"/><contact><name value="SatuSehat"/><telecom><system value="url"/><value value="https://satusehat.kemkes.go.id/"/></telecom><telecom><system value="email"/><value value="fhir@dto.kemkes.go.id"/></telecom></contact><description value="One who initiates the control act event, either as its author or its physical performer."/><immutable value="true"/><copyright value="This material derives from the HL7 Terminology THO. THO is copyright ©1989+ Health Level Seven International and is made available under the CC0 designation. For more licensing information see: https://terminology.hl7.org/license"/><compose><include><system value="http://terminology.hl7.org/CodeSystem/v3-ParticipationType"/><concept><code value="AUT"/></concept><concept><code value="PRF"/></concept></include></compose></ValueSet>