<?xml version="1.0" encoding="UTF-8"?><ValueSet xmlns="http://hl7.org/fhir"><id value="ConditionVerificationStatusVS"/><meta><versionId value="2"/><lastUpdated value="2024-02-05T13:27:56.064+07:00"/></meta><language value="English"/><text><status value="generated"/><div xmlns="http://www.w3.org/1999/xhtml" xml:lang="English" lang="English"><ul><li>Include all codes defined in <a href="http://terminology.hl7.org/5.3.0/CodeSystem-condition-ver-status.html"><code>http://terminology.hl7.org/CodeSystem/condition-ver-status</code></a></li></ul></div></text><url value="http://dto.kemkes.go.id//VS/Condition.verificationStatus"/><version value="0.1.0"/><name value="ConditionVerificationStatusVS"/><title value="Condition Verification Status"/><status value="active"/><experimental value="false"/><date value="2023-11-02T09:00:26.000Z"/><publisher value="Thomas Chaidir"/><contact><name value="Thomas Chaidir"/><telecom><system value="url"/><value value="https://satusehat.kemkes.go.id/"/></telecom></contact><description value="Created by: Fadhil Muhammad"/><compose><include><system value="http://terminology.hl7.org/CodeSystem/condition-ver-status"/></include></compose></ValueSet>