<?xml version="1.0" encoding="UTF-8"?><ValueSet xmlns="http://hl7.org/fhir"><id value="v3-DecisionObservationMethod"/><language value="en"/><text><status value="generated"/><div xml:lang="en" xmlns="http://www.w3.org/1999/xhtml" lang="en"><ul><li>Include codes from <a href="CodeSystem-v3-ObservationMethod.html"><code>http://terminology.hl7.org/CodeSystem/v3-ObservationMethod</code></a> where concept  descends from  <a href="CodeSystem-v3-ObservationMethod.html#v3-ObservationMethod-_DecisionObservationMethod">_DecisionObservationMethod</a></li></ul></div></text><url value="http://terminology.hl7.org/ValueSet/v3-DecisionObservationMethod"/><identifier><system value="urn:ietf:rfc:3986"/><value value="urn:oid:2.16.840.1.113883.1.11.19378"/></identifier><version value="0.1.0"/><name value="DecisionObservationMethod"/><title value="Decision Observation Method"/><status value="active"/><experimental value="false"/><date value="2014-03-26"/><publisher value="SatuSehat"/><contact><name value="SatuSehat"/><telecom><system value="url"/><value value="https://satusehat.kemkes.go.id/"/></telecom><telecom><system value="email"/><value value="fhir@dto.kemkes.go.id"/></telecom></contact><description value="Provides codes for decision methods, initially for assessing the causality of events."/><copyright value="This material derives from the HL7 Terminology THO. THO is copyright ©1989+ Health Level Seven International and is made available under the CC0 designation. For more licensing information see: https://terminology.hl7.org/license"/><compose><include><system value="http://terminology.hl7.org/CodeSystem/v3-ObservationMethod"/><filter><property value="concept"/><op value="descendent-of"/><value value="_DecisionObservationMethod"/></filter></include></compose></ValueSet>