<?xml version="1.0" encoding="UTF-8"?><ValueSet xmlns="http://hl7.org/fhir"><id value="v3-ActClassOrganizationalPolicy"/><language value="en"/><text><status value="generated"/><div xml:lang="en" xmlns="http://www.w3.org/1999/xhtml" lang="en"><ul><li>Include codes from <a href="CodeSystem-v3-ActClass.html"><code>http://terminology.hl7.org/CodeSystem/v3-ActClass</code></a> where concept  is-a  <a href="CodeSystem-v3-ActClass.html#v3-ActClass-ORGPOL">ORGPOL</a></li></ul></div></text><url value="http://terminology.hl7.org/ValueSet/v3-ActClassOrganizationalPolicy"/><identifier><system value="urn:ietf:rfc:3986"/><value value="urn:oid:2.16.840.1.113883.1.11.20231"/></identifier><version value="0.1.0"/><name value="ActClassOrganizationalPolicy"/><title value="ActClassOrganizationalPolicy"/><status value="active"/><experimental value="false"/><date value="2014-03-26"/><publisher value="SatuSehat"/><contact><name value="SatuSehat"/><telecom><system value="url"/><value value="https://satusehat.kemkes.go.id/"/></telecom><telecom><system value="email"/><value value="fhir@dto.kemkes.go.id"/></telecom></contact><description value="**Description:**A mandate, obligation, requirement, rule, or expectation unilaterally imposed by an organization on:&#xD;&#xA;&#xD;&#xA; *  The activity of another party&#xD;&#xA; *  The behavior of another party&#xD;&#xA; *  The manner in which an act is executed&#xD;&#xA;&#xD;&#xA;**Examples:**A clinical or research protocols imposed by a payer, a malpractice insurer, or an institution to which a provider must adhere. A mandate imposed by a denominational institution for a provider to provide or withhold certain information from the patient about treatment options."/><immutable value="true"/><copyright value="This material derives from the HL7 Terminology THO. THO is copyright ©1989+ Health Level Seven International and is made available under the CC0 designation. For more licensing information see: https://terminology.hl7.org/license"/><compose><include><system value="http://terminology.hl7.org/CodeSystem/v3-ActClass"/><filter><property value="concept"/><op value="is-a"/><value value="ORGPOL"/></filter></include></compose></ValueSet>