<?xml version="1.0" encoding="UTF-8"?><ValueSet xmlns="http://hl7.org/fhir"><id value="v3-SoftwareNameExample"/><language value="en"/><text><status value="generated"/><div xml:lang="en" xmlns="http://www.w3.org/1999/xhtml" lang="en"><ul><li>Include all codes defined in <a href="CodeSystem-v3-SoftwareNameExample.html"><code>http://terminology.hl7.org/CodeSystem/v3-SoftwareNameExample</code></a></li></ul></div></text><url value="http://terminology.hl7.org/ValueSet/v3-SoftwareNameExample"/><identifier><system value="urn:ietf:rfc:3986"/><value value="urn:oid:2.16.840.1.113883.11.21015"/></identifier><version value="0.1.0"/><name value="SoftwareNameExample"/><title value="Software Name Example"/><status value="active"/><experimental value="true"/><date value="2022-10-11"/><publisher value="SatuSehat"/><contact><name value="SatuSehat"/><telecom><system value="url"/><value value="https://satusehat.kemkes.go.id/"/></telecom><telecom><system value="email"/><value value="fhir@dto.kemkes.go.id"/></telecom></contact><description value="An example value set representing the SoftwareName concept domain used to convey a coded name for a device.."/><copyright value="This material derives from the HL7 Terminology THO. THO is copyright ©1989+ Health Level Seven International and is made available under the CC0 designation. For more licensing information see: https://terminology.hl7.org/license"/><compose><include><system value="http://terminology.hl7.org/CodeSystem/v3-SoftwareNameExample"/></include></compose></ValueSet>