<?xml version="1.0" encoding="UTF-8"?><ValueSet xmlns="http://hl7.org/fhir"><id value="v3-xPersonNamePartType"/><language value="en"/><text><status value="extensions"/><div xml:lang="en" xmlns="http://www.w3.org/1999/xhtml" lang="en"><ul><li>Include these codes as defined in <a href="CodeSystem-v3-EntityNamePartType.html"><code>http://terminology.hl7.org/CodeSystem/v3-EntityNamePartType</code></a><table class="none"><tr><td style="white-space:nowrap"><b>Code</b></td><td><b>Display</b></td><td><b>Definition</b></td></tr><tr><td><a href="CodeSystem-v3-EntityNamePartType.html#v3-EntityNamePartType-DEL">DEL</a></td><td style="color: #cccccc">delimiter</td><td>A delimiter has no meaning other than being literally printed in this name representation. A delimiter has no implicit leading and trailing white space.</td></tr><tr><td><a href="CodeSystem-v3-EntityNamePartType.html#v3-EntityNamePartType-FAM">FAM</a></td><td style="color: #cccccc">family</td><td>Family name, this is the name that links to the genealogy. In some cultures (e.g. Eritrea) the family name of a son is the first name of his father.</td></tr><tr><td><a href="CodeSystem-v3-EntityNamePartType.html#v3-EntityNamePartType-GIV">GIV</a></td><td style="color: #cccccc">given</td><td>Given name (don't call it &quot;first name&quot; since this given names do not always come first)</td></tr><tr><td><a href="CodeSystem-v3-EntityNamePartType.html#v3-EntityNamePartType-PFX">PFX</a></td><td style="color: #cccccc">prefix</td><td>A prefix has a strong association to the immediately following name part. A prefix has no implicit trailing white space (it has implicit leading white space though). Note that prefixes can be inverted.</td></tr><tr><td><a href="CodeSystem-v3-EntityNamePartType.html#v3-EntityNamePartType-SFX">SFX</a></td><td style="color: #cccccc">suffix</td><td>**Description:**A suffix has a strong association to the immediately preceding name part. A suffix has no implicit leading white space (it has implicit trailing white space though). Suffices cannot be inverted.</td></tr></table></li></ul></div></text><url value="http://terminology.hl7.org/ValueSet/v3-xPersonNamePartType"/><identifier><system value="urn:ietf:rfc:3986"/><value value="urn:oid:2.16.840.1.113883.1.11.10653"/></identifier><version value="0.1.0"/><name value="XPersonNamePartType"/><title value="x_PersonNamePartType"/><status value="active"/><experimental value="false"/><date value="2014-03-26"/><publisher value="SatuSehat"/><contact><name value="SatuSehat"/><telecom><system value="url"/><value value="https://satusehat.kemkes.go.id/"/></telecom><telecom><system value="email"/><value value="fhir@dto.kemkes.go.id"/></telecom></contact><description value="***No description***"/><copyright value="This material derives from the HL7 Terminology THO. THO is copyright ©1989+ Health Level Seven International and is made available under the CC0 designation. For more licensing information see: https://terminology.hl7.org/license"/><compose><include><system value="http://terminology.hl7.org/CodeSystem/v3-EntityNamePartType"/><concept><code value="DEL"/></concept><concept><code value="FAM"/></concept><concept><code value="GIV"/></concept><concept><code value="PFX"/></concept><concept><code value="SFX"/></concept></include></compose></ValueSet>