<?xml version="1.0" encoding="UTF-8"?><ValueSet xmlns="http://hl7.org/fhir"><id value="v3-RoleLinkIsBackupFor"/><language value="en"/><text><status value="generated"/><div xml:lang="en" xmlns="http://www.w3.org/1999/xhtml" lang="en"><ul><li>Include codes from <a href="CodeSystem-v3-RoleLinkType.html"><code>http://terminology.hl7.org/CodeSystem/v3-RoleLinkType</code></a> where concept  is-a  <a href="CodeSystem-v3-RoleLinkType.html#v3-RoleLinkType-BACKUP">BACKUP</a></li></ul></div></text><url value="http://terminology.hl7.org/ValueSet/v3-RoleLinkIsBackupFor"/><identifier><system value="urn:ietf:rfc:3986"/><value value="urn:oid:2.16.840.1.113883.1.11.20181"/></identifier><version value="0.1.0"/><name value="RoleLinkIsBackupFor"/><title value="RoleLinkIsBackupFor"/><status value="active"/><experimental value="false"/><date value="2014-03-26"/><publisher value="SatuSehat"/><contact><name value="SatuSehat"/><telecom><system value="url"/><value value="https://satusehat.kemkes.go.id/"/></telecom><telecom><system value="email"/><value value="fhir@dto.kemkes.go.id"/></telecom></contact><description value="This relationship indicates the source Role is available to the target Role as a backup. An entity in a backup role will be available as a substitute or replacement in the event that the entity assigned the role is unavailable. In medical roles where it is critical that the function be performed and there is a possibility that the individual assigned may be ill or otherwise indisposed, another individual is assigned to cover for the individual originally assigned the role. A backup may be required to be identified, but unless the backup is actually used, he/she would not assume the assigned entity role."/><immutable value="true"/><copyright value="This material derives from the HL7 Terminology THO. THO is copyright ©1989+ Health Level Seven International and is made available under the CC0 designation. For more licensing information see: https://terminology.hl7.org/license"/><compose><include><system value="http://terminology.hl7.org/CodeSystem/v3-RoleLinkType"/><filter><property value="concept"/><op value="is-a"/><value value="BACKUP"/></filter></include></compose></ValueSet>