<?xml version="1.0" encoding="UTF-8"?><ValueSet xmlns="http://hl7.org/fhir"><id value="v3-ActClassAcquisitionExposure"/><language value="en"/><text><status value="generated"/><div xml:lang="en" xmlns="http://www.w3.org/1999/xhtml" lang="en"><ul><li>Include codes from <a href="CodeSystem-v3-ActClass.html"><code>http://terminology.hl7.org/CodeSystem/v3-ActClass</code></a> where concept  is-a  <a href="CodeSystem-v3-ActClass.html#v3-ActClass-AEXPOS">AEXPOS</a></li></ul></div></text><url value="http://terminology.hl7.org/ValueSet/v3-ActClassAcquisitionExposure"/><identifier><system value="urn:ietf:rfc:3986"/><value value="urn:oid:2.16.840.1.113883.1.11.20198"/></identifier><version value="0.1.0"/><name value="ActClassAcquisitionExposure"/><title value="ActClassAcquisitionExposure"/><status value="active"/><experimental value="false"/><date value="2014-03-26"/><publisher value="SatuSehat"/><contact><name value="SatuSehat"/><telecom><system value="url"/><value value="https://satusehat.kemkes.go.id/"/></telecom><telecom><system value="email"/><value value="fhir@dto.kemkes.go.id"/></telecom></contact><description value="**Description:** &#xD;&#xA;&#xD;&#xA;An acquisition exposure act describes the proximity (location and time) through which the participating entity was potentially exposed to a physical (including energy), chemical or biological agent from another entity. The acquisition exposure act is used in conjunction with transmission exposure acts as part of an analysis technique for contact tracing. Although an exposure can be decomposed into transmission and acquisition exposures, there is no requirement that all exposures be treated in this fashion.&#xD;&#xA;&#xD;&#xA;**Constraints:** The Acquisition Exposure inherits the participation constraints that apply to Exposure with the following exception. The EXPSRC (exposure source) participation must never be associated with the Transmission Exposure either directly or via context conduction."/><immutable value="true"/><copyright value="This material derives from the HL7 Terminology THO. THO is copyright ©1989+ Health Level Seven International and is made available under the CC0 designation. For more licensing information see: https://terminology.hl7.org/license"/><compose><include><system value="http://terminology.hl7.org/CodeSystem/v3-ActClass"/><filter><property value="concept"/><op value="is-a"/><value value="AEXPOS"/></filter></include></compose></ValueSet>