<?xml version="1.0" encoding="UTF-8"?><ValueSet xmlns="http://hl7.org/fhir"><id value="v3-xPhysicalVerbalParticipationMode"/><language value="en"/><text><status value="extensions"/><div xml:lang="en" xmlns="http://www.w3.org/1999/xhtml" lang="en"><ul><li>Include these codes as defined in <a href="CodeSystem-v3-ParticipationMode.html"><code>http://terminology.hl7.org/CodeSystem/v3-ParticipationMode</code></a><table class="none"><tr><td style="white-space:nowrap"><b>Code</b></td><td><b>Display</b></td><td><b>Definition</b></td></tr><tr><td><a href="CodeSystem-v3-ParticipationMode.html#v3-ParticipationMode-PHYSICAL">PHYSICAL</a></td><td style="color: #cccccc">physical presence</td><td>Participation by direct action where subject and actor are in the same location. (The participation involves more than communication.)</td></tr><tr><td><a href="CodeSystem-v3-ParticipationMode.html#v3-ParticipationMode-VERBAL">VERBAL</a></td><td style="color: #cccccc">verbal</td><td>Participation by voice communication</td></tr></table></li></ul></div></text><url value="http://terminology.hl7.org/ValueSet/v3-xPhysicalVerbalParticipationMode"/><identifier><system value="urn:ietf:rfc:3986"/><value value="urn:oid:2.16.840.1.113883.1.11.19739"/></identifier><version value="0.1.0"/><name value="XPhysicalVerbalParticipationMode"/><title value="x_PhysicalVerbalParticipationMode"/><status value="active"/><experimental value="false"/><date value="2014-03-26"/><publisher value="SatuSehat"/><contact><name value="SatuSehat"/><telecom><system value="url"/><value value="https://satusehat.kemkes.go.id/"/></telecom><telecom><system value="email"/><value value="fhir@dto.kemkes.go.id"/></telecom></contact><description value="Restricts participation to either physical or verbal"/><immutable value="true"/><copyright value="This material derives from the HL7 Terminology THO. THO is copyright ©1989+ Health Level Seven International and is made available under the CC0 designation. For more licensing information see: https://terminology.hl7.org/license"/><compose><include><system value="http://terminology.hl7.org/CodeSystem/v3-ParticipationMode"/><concept><code value="PHYSICAL"/></concept><concept><code value="VERBAL"/></concept></include></compose></ValueSet>