<?xml version="1.0" encoding="UTF-8"?><ValueSet xmlns="http://hl7.org/fhir"><id value="v3-RoleClassActiveMoiety"/><language value="en"/><text><status value="generated"/><div xml:lang="en" xmlns="http://www.w3.org/1999/xhtml" lang="en"><ul><li>Include codes from <a href="CodeSystem-v3-RoleClass.html"><code>http://terminology.hl7.org/CodeSystem/v3-RoleClass</code></a> where concept  is-a  <a href="CodeSystem-v3-RoleClass.html#v3-RoleClass-ACTM">ACTM</a></li></ul></div></text><url value="http://terminology.hl7.org/ValueSet/v3-RoleClassActiveMoiety"/><identifier><system value="urn:ietf:rfc:3986"/><value value="urn:oid:2.16.840.1.113883.1.11.20109"/></identifier><version value="0.1.0"/><name value="RoleClassActiveMoiety"/><title value="RoleClassActiveMoiety"/><status value="active"/><experimental value="false"/><date value="2014-03-26"/><publisher value="SatuSehat"/><contact><name value="SatuSehat"/><telecom><system value="url"/><value value="https://satusehat.kemkes.go.id/"/></telecom><telecom><system value="email"/><value value="fhir@dto.kemkes.go.id"/></telecom></contact><description value="The molecule or ion that is responsible for the intended pharmacological action of the drug substance, excluding those appended or associated parts of the molecule that make the molecule an ester, salt (including a salt with hydrogen or coordination bonds), or other noncovalent derivative (such as a complex, chelate, or clathrate).&#xD;&#xA;&#xD;&#xA;Examples: heparin-sodium and heparin-potassium have the same active moiety, heparin; the active moiety of morphine-hydrochloride is morphine."/><immutable value="true"/><copyright value="This material derives from the HL7 Terminology THO. THO is copyright ©1989+ Health Level Seven International and is made available under the CC0 designation. For more licensing information see: https://terminology.hl7.org/license"/><compose><include><system value="http://terminology.hl7.org/CodeSystem/v3-RoleClass"/><filter><property value="concept"/><op value="is-a"/><value value="ACTM"/></filter></include></compose></ValueSet>