<?xml version="1.0" encoding="UTF-8"?><ValueSet xmlns="http://hl7.org/fhir"><id value="EncounterDiagnosisUseVS"/><text><status value="generated"/><div xmlns="http://www.w3.org/1999/xhtml"><ul><li>Include all codes defined in <a href="http://terminology.hl7.org/5.3.0/CodeSystem-diagnosis-role.html"><code>http://terminology.hl7.org/CodeSystem/diagnosis-role</code></a></li></ul></div></text><url value="https://fhir.kemkes.go.id/r4/ValueSet/EncounterDiagnosisUseVS"/><version value="0.1.0"/><name value="EncounterDiagnosisUseVS"/><title value="DiagnosisRole"/><status value="active"/><date value="2024-02-04T23:26:43+07:00"/><publisher value="Thomas Chaidir"/><contact><name value="Thomas Chaidir"/><telecom><system value="url"/><value value="https://satusehat.kemkes.go.id/"/></telecom></contact><description value="This value set defines a set of codes that can be used to express the role of a diagnosis on the Encounter or EpisodeOfCare record."/><compose><include><system value="http://terminology.hl7.org/CodeSystem/diagnosis-role"/></include></compose></ValueSet>