<?xml version="1.0" encoding="UTF-8"?><ValueSet xmlns="http://hl7.org/fhir"><id value="v3-ActClassExposure"/><language value="en"/><text><status value="generated"/><div xml:lang="en" xmlns="http://www.w3.org/1999/xhtml" lang="en"><ul><li>Include codes from <a href="CodeSystem-v3-ActClass.html"><code>http://terminology.hl7.org/CodeSystem/v3-ActClass</code></a> where concept  is-a  <a href="CodeSystem-v3-ActClass.html#v3-ActClass-EXPOS">EXPOS</a></li></ul></div></text><url value="http://terminology.hl7.org/ValueSet/v3-ActClassExposure"/><identifier><system value="urn:ietf:rfc:3986"/><value value="urn:oid:2.16.840.1.113883.1.11.19832"/></identifier><version value="0.1.0"/><name value="ActClassExposure"/><title value="ActClassExposure"/><status value="active"/><experimental value="false"/><date value="2014-03-26"/><publisher value="SatuSehat"/><contact><name value="SatuSehat"/><telecom><system value="url"/><value value="https://satusehat.kemkes.go.id/"/></telecom><telecom><system value="email"/><value value="fhir@dto.kemkes.go.id"/></telecom></contact><description value="The action of coming into sufficient physical proximity to allow physical or chemical interaction. Examples include: exposure to radiation, inhalation of peanut aerosol or viral particles. This includes intended exposure (e.g. administering a drug product) as well as accidental or environmental exposure. Actual vs. potential exposure can be differentiated using Act.uncertaintyCode.&#xD;&#xA;&#xD;&#xA;The agent to which the subject was exposed is conveyed as a *Direct* participation or specialization there-of.&#xD;&#xA;&#xD;&#xA;*Constraints:* The following Participations should be used with the following Roles and Entities to distinguish the specific entities:&#xD;&#xA;&#xD;&#xA; *  The ***exposed entity*** is the entity of interest that is the recipient of the exposure and potentially affected. This is conveyed through the subject (SBJ) Participation.&#xD;&#xA; *  An entity that has carried the agent transmitted in the exposure is the &quot;***exposure source***&quot; (EXSRC). For example:&#xD;&#xA;    &#xD;&#xA;     *  a person or animal who carried an infectious disease and interacts (EXSRC) with another person or animal (SBJ) transmitting the disease agent; or&#xD;&#xA;     *  a place or other environment (EXSRC) and a person or animal (SBJ) who is exposed in the presence of this environment.&#xD;&#xA; *  When it is unknown whether a participating entity is the source of the agent (EXSRC) or the target of the transmission (SBJ), also known as &quot;***exposure contact***&quot;, the &quot;participant&quot; (PART) is used.&#xD;&#xA; *  The substance to which the subject is exposed that carries the exposure agent or the chemical substance of interest itself, participates as a &quot;consumable&quot; (CSM). There are at least two configurations: (a) the player of the Role that participates as CSM is the chemical or biological substance mixed or carried by the scoper-entity of the Role (e.g., ingredient role); or (b) the player of the Role that participates as CSM is a mixture known to contain the chemical, radiological or biological substance of interest.&#xD;&#xA; *  The device specifically used to administer the substance is associated using the device (DEV) Participation. This may be a device intentionally used (such as applicator device) or it may be a thing that accidentally carried this substance; for instance, an infected needle or knife. The same entity may be related in the act as both EXSRC and DEV."/><immutable value="true"/><copyright value="This material derives from the HL7 Terminology THO. THO is copyright ©1989+ Health Level Seven International and is made available under the CC0 designation. For more licensing information see: https://terminology.hl7.org/license"/><compose><include><system value="http://terminology.hl7.org/CodeSystem/v3-ActClass"/><filter><property value="concept"/><op value="is-a"/><value value="EXPOS"/></filter></include></compose></ValueSet>