<?xml version="1.0" encoding="UTF-8"?><ValueSet xmlns="http://hl7.org/fhir"><id value="v3-ActInvoiceDetailCode"/><language value="en"/><text><status value="extensions"/><div xml:lang="en" xmlns="http://www.w3.org/1999/xhtml" lang="en"><p>This value set includes codes based on the following rules:</p><ul><li>Include codes from <a href="CodeSystem-v3-ActCode.html"><code>http://terminology.hl7.org/CodeSystem/v3-ActCode</code></a> where concept  is-a  <a href="CodeSystem-v3-ActCode.html#v3-ActCode-_ActInvoiceDetailCode">_ActInvoiceDetailCode</a></li><li>Import all the codes that are contained in <a href="ValueSet-v3-ActInvoiceDetailDrugProductCode.html">ActInvoiceDetailDrugProductCode</a></li><li>Import all the codes that are contained in <a href="ValueSet-v3-ActInvoiceDetailClinicalProductCode.html">ActInvoiceDetailClinicalProductCode</a></li><li>Import all the codes that are contained in <a href="ValueSet-v3-ActInvoiceDetailPreferredAccommodationCode.html">ActInvoiceDetailPreferredAccommodationCode</a></li><li>Import all the codes that are contained in <a href="ValueSet-v3-ActInvoiceDetailGenericCode.html">ActInvoiceDetailGenericCode</a></li><li>Import all the codes that are contained in <a href="ValueSet-v3-xActInvoiceDetailPharmacyCode.html">x_ActInvoiceDetailPharmacyCode</a></li><li>Import all the codes that are contained in <a href="ValueSet-v3-xActInvoiceDetailPreferredAccommodationCode.html">x_ActInvoiceDetailPreferredAccommodationCode</a></li></ul><p>This value set excludes codes based on the following rules:</p><ul><li>Exclude these codes as defined in <a href="CodeSystem-v3-ActCode.html"><code>http://terminology.hl7.org/CodeSystem/v3-ActCode</code></a><table class="none"><tr><td style="white-space:nowrap"><b>Code</b></td><td><b>Display</b></td><td><b>Definition</b></td></tr><tr><td><a href="CodeSystem-v3-ActCode.html#v3-ActCode-_ActInvoiceDetailCode">_ActInvoiceDetailCode</a></td><td style="color: #cccccc">ActInvoiceDetailCode</td><td>Codes representing a service or product that is being invoiced (billed). The code can represent such concepts as &quot;office visit&quot;, &quot;drug X&quot;, &quot;wheelchair&quot; and other billable items such as taxes, service charges and discounts.</td></tr></table></li></ul></div></text><url value="http://terminology.hl7.org/ValueSet/v3-ActInvoiceDetailCode"/><identifier><system value="urn:ietf:rfc:3986"/><value value="urn:oid:2.16.840.1.113883.1.11.19401"/></identifier><version value="0.1.0"/><name value="ActInvoiceDetailCode"/><title value="ActInvoiceDetailCode"/><status value="active"/><experimental value="false"/><date value="2014-03-26"/><publisher value="SatuSehat"/><contact><name value="SatuSehat"/><telecom><system value="url"/><value value="https://satusehat.kemkes.go.id/"/></telecom><telecom><system value="email"/><value value="fhir@dto.kemkes.go.id"/></telecom></contact><description value="Codes representing a service or product that is being invoiced (billed). The code can represent such concepts as &quot;office visit&quot;, &quot;drug X&quot;, &quot;wheelchair&quot; and other billable items such as taxes, service charges and discounts."/><copyright value="This material derives from the HL7 Terminology THO. THO is copyright ©1989+ Health Level Seven International and is made available under the CC0 designation. For more licensing information see: https://terminology.hl7.org/license"/><compose><include><system value="http://terminology.hl7.org/CodeSystem/v3-ActCode"/><filter><property value="concept"/><op value="is-a"/><value value="_ActInvoiceDetailCode"/></filter></include><include><valueSet value="http://terminology.hl7.org/ValueSet/v3-ActInvoiceDetailDrugProductCode"/></include><include><valueSet value="http://terminology.hl7.org/ValueSet/v3-ActInvoiceDetailClinicalProductCode"/></include><include><valueSet value="http://terminology.hl7.org/ValueSet/v3-ActInvoiceDetailPreferredAccommodationCode"/></include><include><valueSet value="http://terminology.hl7.org/ValueSet/v3-ActInvoiceDetailGenericCode"/></include><include><valueSet value="http://terminology.hl7.org/ValueSet/v3-xActInvoiceDetailPharmacyCode"/></include><include><valueSet value="http://terminology.hl7.org/ValueSet/v3-xActInvoiceDetailPreferredAccommodationCode"/></include><exclude><system value="http://terminology.hl7.org/CodeSystem/v3-ActCode"/><concept><code value="_ActInvoiceDetailCode"/></concept></exclude></compose></ValueSet>