<?xml version="1.0" encoding="UTF-8"?><ValueSet xmlns="http://hl7.org/fhir"><id value="v3-CombinedPharmacyOrderSuspendReasonCode"/><language value="en"/><text><status value="extensions"/><div xml:lang="en" xmlns="http://www.w3.org/1999/xhtml" lang="en"><ul><li>Include these codes as defined in <a href="CodeSystem-v3-ActReason.html"><code>http://terminology.hl7.org/CodeSystem/v3-ActReason</code></a><table class="none"><tr><td style="white-space:nowrap"><b>Code</b></td><td><b>Display</b></td><td><b>Definition</b></td></tr><tr><td><a href="CodeSystem-v3-ActReason.html#v3-ActReason-ALTCHOICE">ALTCHOICE</a></td><td style="color: #cccccc">try another treatment first</td><td>**Description:**This therapy has been ordered as a backup to a preferred therapy. This order will be released when and if the preferred therapy is unsuccessful.</td></tr><tr><td><a href="CodeSystem-v3-ActReason.html#v3-ActReason-CLARIF">CLARIF</a></td><td style="color: #cccccc">prescription requires clarification</td><td>**Description:**Clarification is required before the order can be acted upon.</td></tr><tr><td><a href="CodeSystem-v3-ActReason.html#v3-ActReason-DRUGHIGH">DRUGHIGH</a></td><td style="color: #cccccc">drug level too high</td><td>**Description:**The current level of the medication in the patient's system is too high. The medication is suspended to allow the level to subside to a safer level.</td></tr><tr><td><a href="CodeSystem-v3-ActReason.html#v3-ActReason-HOSPADM">HOSPADM</a></td><td style="color: #cccccc">admission to hospital</td><td>**Description:**The patient has been admitted to a care facility and their community medications are suspended until hospital discharge.</td></tr><tr><td><a href="CodeSystem-v3-ActReason.html#v3-ActReason-LABINT">LABINT</a></td><td style="color: #cccccc">lab interference issues</td><td>**Description:**The therapy would interfere with a planned lab test and the therapy is being withdrawn until the test is completed.</td></tr><tr><td><a href="CodeSystem-v3-ActReason.html#v3-ActReason-NON-AVAIL">NON-AVAIL</a></td><td style="color: #cccccc">patient not-available</td><td>**Description:**Patient not available for a period of time due to a scheduled therapy, leave of absence or other reason.</td></tr><tr><td><a href="CodeSystem-v3-ActReason.html#v3-ActReason-PREG">PREG</a></td><td style="color: #cccccc">parent is pregnant/breast feeding</td><td>**Description:**The patient is pregnant or breast feeding. The therapy will be resumed when the pregnancy is complete and the patient is no longer breastfeeding.</td></tr><tr><td><a href="CodeSystem-v3-ActReason.html#v3-ActReason-SALG">SALG</a></td><td style="color: #cccccc">allergy</td><td>**Description:**The patient is believed to be allergic to a substance that is part of the therapy and the therapy is being temporarily withdrawn to confirm.</td></tr><tr><td><a href="CodeSystem-v3-ActReason.html#v3-ActReason-SDDI">SDDI</a></td><td style="color: #cccccc">drug interacts with another drug</td><td>**Description:**The drug interacts with a short-term treatment that is more urgently required. This order will be resumed when the short-term treatment is complete.</td></tr><tr><td><a href="CodeSystem-v3-ActReason.html#v3-ActReason-SDUPTHER">SDUPTHER</a></td><td style="color: #cccccc">duplicate therapy</td><td>**Description:**Another short-term co-occurring therapy fulfills the same purpose as this therapy. This therapy will be resumed when the co-occuring therapy is complete.</td></tr><tr><td><a href="CodeSystem-v3-ActReason.html#v3-ActReason-SINTOL">SINTOL</a></td><td style="color: #cccccc">suspected intolerance</td><td>**Description:**The patient is believed to have an intolerance to a substance that is part of the therapy and the therapy is being temporarily withdrawn to confirm.</td></tr><tr><td><a href="CodeSystem-v3-ActReason.html#v3-ActReason-SURG">SURG</a></td><td style="color: #cccccc">patient scheduled for surgery</td><td>**Description:**The drug is contraindicated for patients receiving surgery and the patient is scheduled to be admitted for surgery in the near future. The drug will be resumed when the patient has sufficiently recovered from the surgery.</td></tr><tr><td><a href="CodeSystem-v3-ActReason.html#v3-ActReason-WASHOUT">WASHOUT</a></td><td style="color: #cccccc">waiting for old drug to wash out</td><td>**Description:**The patient was previously receiving a medication contraindicated with the current medication. The current medication will remain on hold until the prior medication has been cleansed from their system.</td></tr></table></li></ul></div></text><url value="http://terminology.hl7.org/ValueSet/v3-CombinedPharmacyOrderSuspendReasonCode"/><identifier><system value="urn:ietf:rfc:3986"/><value value="urn:oid:2.16.840.1.113883.1.11.19779"/></identifier><version value="0.1.0"/><name value="CombinedPharmacyOrderSuspendReasonCode"/><title value="CombinedPharmacyOrderSuspendReasonCode"/><status value="active"/><experimental value="false"/><date value="2014-03-26"/><publisher value="SatuSehat"/><contact><name value="SatuSehat"/><telecom><system value="url"/><value value="https://satusehat.kemkes.go.id/"/></telecom><telecom><system value="email"/><value value="fhir@dto.kemkes.go.id"/></telecom></contact><description value="**Description:**Indicates why the prescription should be suspended."/><copyright value="This material derives from the HL7 Terminology THO. THO is copyright ©1989+ Health Level Seven International and is made available under the CC0 designation. For more licensing information see: https://terminology.hl7.org/license"/><compose><include><system value="http://terminology.hl7.org/CodeSystem/v3-ActReason"/><concept><code value="ALTCHOICE"/></concept><concept><code value="CLARIF"/></concept><concept><code value="DRUGHIGH"/></concept><concept><code value="HOSPADM"/></concept><concept><code value="LABINT"/></concept><concept><code value="NON-AVAIL"/></concept><concept><code value="PREG"/></concept><concept><code value="SALG"/></concept><concept><code value="SDDI"/></concept><concept><code value="SDUPTHER"/></concept><concept><code value="SINTOL"/></concept><concept><code value="SURG"/></concept><concept><code value="WASHOUT"/></concept></include></compose></ValueSet>