<?xml version="1.0" encoding="UTF-8"?><ValueSet xmlns="http://hl7.org/fhir"><id value="v3-SnodentDentitionStateInternational"/><language value="en"/><text><status value="extensions"/><div xml:lang="en" xmlns="http://www.w3.org/1999/xhtml" lang="en"><ul><li>Include these codes as defined in <a href="CodeSystem-v3-ada-snodent.html"><code>http://www.ada.org/snodent</code></a><table class="none"><tr><td style="white-space:nowrap"><b>Code</b></td><td><b>Display</b></td><td><b>Definition</b></td></tr><tr><td><a href="CodeSystem-v3-ada-snodent.html#v3-ada-snodent-121288D">121288D</a></td><td style="color: #cccccc">Primary Dentition</td><td>Primary Dentition</td></tr><tr><td><a href="CodeSystem-v3-ada-snodent.html#v3-ada-snodent-139017D">139017D</a></td><td style="color: #cccccc">Permanent Dentition</td><td>Permanent Dentition</td></tr><tr><td><a href="CodeSystem-v3-ada-snodent.html#v3-ada-snodent-210962D">210962D</a></td><td style="color: #cccccc">Mixed Dentition</td><td>Mixed Dentition</td></tr></table></li></ul></div></text><extension url="http://hl7.org/fhir/StructureDefinition/structuredefinition-wg"><valueCode value="att"/></extension><url value="http://terminology.hl7.org/ValueSet/v3-SnodentDentitionStateInternational"/><identifier><system value="urn:ietf:rfc:3986"/><value value="urn:oid:2.16.840.1.113883.1.11.20567"/></identifier><version value="0.1.0"/><name value="SnodentDentitionStateInternational"/><title value="SnodentDentitionStateInternational"/><status value="active"/><experimental value="false"/><date value="2019-03-20"/><publisher value="SatuSehat"/><contact><name value="SatuSehat"/><telecom><system value="url"/><value value="https://satusehat.kemkes.go.id/"/></telecom><telecom><system value="email"/><value value="fhir@dto.kemkes.go.id"/></telecom></contact><description value="The SNODENT identifiers for the stages of dentition an individual progresses through during a lifetime.&#xD;&#xA;&#xD;&#xA;This value set contains content from SNODENT® Copyright American Dental Association (ADA). All rights reserved. SNODENT is a registered trademark of the ADA.&#xD;&#xA;&#xD;&#xA;http://www.ada.org/en/member-center/member-benefits/practice-resources/dental-informatics/snodent/licensing-snodent&#xD;&#xA;&#xD;&#xA;*Steward:* Attachments WG"/><copyright value="This material derives from the HL7 Terminology THO. THO is copyright ©1989+ Health Level Seven International and is made available under the CC0 designation. For more licensing information see: https://terminology.hl7.org/license"/><compose><include><system value="http://www.ada.org/snodent"/><concept><code value="121288D"/></concept><concept><code value="139017D"/></concept><concept><code value="210962D"/></concept></include></compose></ValueSet>