<?xml version="1.0" encoding="UTF-8"?><ValueSet xmlns="http://hl7.org/fhir"><id value="EncounterLocationServiceClassExtension"/><text><status value="generated"/><div xmlns="http://www.w3.org/1999/xhtml"><p>This value set includes codes based on the following rules:</p><ul><li>Import all the codes that are contained in <a href="ValueSet-EncounterLocationServiceClassInpatient.html">Encounter Location ServiceClass-Inpatient</a></li><li>Import all the codes that are contained in <a href="ValueSet-EncounterLocationServiceClassOutpatient.html">Encounter Location ServiceClass-Outpatient</a></li></ul></div></text><url value="http://terminology.kemkes.go.id/ValueSet/EncounterLocationServiceClassExtension"/><version value="0.1.0"/><name value="EncounterLocationServiceClassExtension"/><title value="Encounter Location Extension"/><status value="active"/><date value="2024-05-22T17:23:47+07:00"/><publisher value="Thomas Chaidir"/><contact><name value="Thomas Chaidir"/><telecom><system value="url"/><value value="https://satusehat.kemkes.go.id/"/></telecom></contact><description value="A set of codes, specifying location extension valueset."/><compose><include><valueSet value="http://terminology.kemkes.go.id/ValueSet/locationServiceClass-Inpatient"/></include><include><valueSet value="http://terminology.kemkes.go.id/ValueSet/locationServiceClass-Outpatient"/></include></compose></ValueSet>