<?xml version="1.0" encoding="UTF-8"?><ValueSet xmlns="http://hl7.org/fhir"><id value="v3-ActRelationshipProvidesEvidenceFor"/><language value="en"/><text><status value="generated"/><div xml:lang="en" xmlns="http://www.w3.org/1999/xhtml" lang="en"><ul><li>Include codes from <a href="CodeSystem-v3-ActRelationshipType.html"><code>http://terminology.hl7.org/CodeSystem/v3-ActRelationshipType</code></a> where concept  is-a  <a href="CodeSystem-v3-ActRelationshipType.html#v3-ActRelationshipType-EVID">EVID</a></li></ul></div></text><url value="http://terminology.hl7.org/ValueSet/v3-ActRelationshipProvidesEvidenceFor"/><identifier><system value="urn:ietf:rfc:3986"/><value value="urn:oid:2.16.840.1.113883.1.11.19982"/></identifier><version value="0.1.0"/><name value="ActRelationshipProvidesEvidenceFor"/><title value="ActRelationshipProvidesEvidenceFor"/><status value="active"/><experimental value="false"/><date value="2014-03-26"/><publisher value="SatuSehat"/><contact><name value="SatuSehat"/><telecom><system value="url"/><value value="https://satusehat.kemkes.go.id/"/></telecom><telecom><system value="email"/><value value="fhir@dto.kemkes.go.id"/></telecom></contact><description value="Indicates that the target Act provides evidence in support of the action represented by the source Act. The target is not a 'reason' for the source act, but rather gives supporting information on why the source act is an appropriate course of action. Possible targets might be clinical trial results, journal articles, similar successful therapies, etc.&#xD;&#xA;&#xD;&#xA;*Rationale:* Provides a mechanism for conveying clinical justification for non-approved or otherwise non-traditional therapies."/><immutable value="true"/><copyright value="This material derives from the HL7 Terminology THO. THO is copyright ©1989+ Health Level Seven International and is made available under the CC0 designation. For more licensing information see: https://terminology.hl7.org/license"/><compose><include><system value="http://terminology.hl7.org/CodeSystem/v3-ActRelationshipType"/><filter><property value="concept"/><op value="is-a"/><value value="EVID"/></filter></include></compose></ValueSet>