<?xml version="1.0" encoding="UTF-8"?><ValueSet xmlns="http://hl7.org/fhir"><id value="v3-xDocumentSubstanceMood"/><language value="en"/><text><status value="extensions"/><div xml:lang="en" xmlns="http://www.w3.org/1999/xhtml" lang="en"><ul><li>Include these codes as defined in <a href="CodeSystem-v3-ActMood.html"><code>http://terminology.hl7.org/CodeSystem/v3-ActMood</code></a><table class="none"><tr><td style="white-space:nowrap"><b>Code</b></td><td><b>Display</b></td><td><b>Definition</b></td></tr><tr><td><a href="CodeSystem-v3-ActMood.html#v3-ActMood-DEF">DEF</a></td><td style="color: #cccccc">definition</td><td>**Definition:** A definition of a kind of act that can occur .<br/><br/>**OpenIssue:** The semantic constructs embodied in DEF and CRT moods seem indistinguishable, and their uses can readily be determined by the context in which these are used. Therefore, this OpenIssue has been created to declare that it is likely that ActMood.DEF will be &quot;retired&quot; in the future in favor of the more general ActMood.CRT.</td></tr><tr><td><a href="CodeSystem-v3-ActMood.html#v3-ActMood-EVN">EVN</a></td><td style="color: #cccccc">event (occurrence)</td><td>**Definition:** An act that actually happens (may be an ongoing act or a documentation of a past act).</td></tr><tr><td><a href="CodeSystem-v3-ActMood.html#v3-ActMood-INT">INT</a></td><td style="color: #cccccc">intent</td><td>**Definition:** An intention or plan for an act.<br/><br/>**&gt;UsageNotes:** The final outcome of the intent, the act that is intended to occur, is always an event. However the final outcome may be reached indirectly via steps through other intents, such as promise, permission request, or an appointment that may lead to an actual event to occur. Alternatively, the intended act may never occur.</td></tr><tr><td><a href="CodeSystem-v3-ActMood.html#v3-ActMood-PRMS">PRMS</a></td><td style="color: #cccccc">promise</td><td>**Definition:** A commitment to perform an act (may be either solicited or unsolicited). The committer becomes responsible to the other party for executing the act, and, as a consequence, the other party may rely on the first party to perform or cause to perform the act.<br/><br/>**UsageNotes:** Commitments may be retracted or cancelled.</td></tr><tr><td><a href="CodeSystem-v3-ActMood.html#v3-ActMood-PRP">PRP</a></td><td style="color: #cccccc">proposal</td><td>**Definition:** A suggestion that an act might be performed. Not an explicit request, and professional responsibility may or may not be present.</td></tr><tr><td><a href="CodeSystem-v3-ActMood.html#v3-ActMood-RQO">RQO</a></td><td style="color: #cccccc">request</td><td>**Definition:** A request act that is specialized for an event request/fulfillment cycle.<br/><br/>**UsageNotes:** The fulfillment cycle may involve intermediary fulfilling acts in moods such as PRMS, APT, or even another RQO before being fulfilled by the final event.<br/><br/>**UsageNotes:** The concepts of a &quot;request&quot; and an &quot;order&quot; are viewed as different, because there is an implication of a mandate associated with order. In practice, however, this distinction has no general functional value in the inter-operation of health care computing. &quot;Orders&quot; are commonly refused for a variety of clinical and business reasons, and the notion of a &quot;request&quot; obligates the recipient (the fulfiller) to respond to the sender (the author). Indeed, in many regions, including Australia and Europe, the common term used is &quot;request.&quot;<br/><br/>Thus, the concept embodies both notions, as there is no useful distinction to be made. If a mandate is to be associated with a request, this will be embodied in the &quot;local&quot; business rules applied to the transactions. Should HL7 desire to provide a distinction between these in the future, the individual concepts could be added as specializations of this concept.<br/><br/>The critical distinction here, is the difference between this concept and an &quot;intent&quot;, of which it is a specialization. An intent involves decisions by a single party, the author. A request, however, involves decisions by two parties, the author and the fulfiller, with an obligation on the part of the fulfiller to respond to the request indicating that the fulfiller will indeed fulfill the request.</td></tr></table></li></ul></div></text><url value="http://terminology.hl7.org/ValueSet/v3-xDocumentSubstanceMood"/><identifier><system value="urn:ietf:rfc:3986"/><value value="urn:oid:2.16.840.1.113883.1.11.19461"/></identifier><version value="0.1.0"/><name value="XDocumentSubstanceMood"/><title value="x_DocumentSubstanceMood"/><status value="active"/><experimental value="false"/><date value="2014-03-26"/><publisher value="SatuSehat"/><contact><name value="SatuSehat"/><telecom><system value="url"/><value value="https://satusehat.kemkes.go.id/"/></telecom><telecom><system value="email"/><value value="fhir@dto.kemkes.go.id"/></telecom></contact><description value="Used to enumerate the moods that a substance administration can take within the body of a clinical document."/><copyright value="This material derives from the HL7 Terminology THO. THO is copyright ©1989+ Health Level Seven International and is made available under the CC0 designation. For more licensing information see: https://terminology.hl7.org/license"/><compose><include><system value="http://terminology.hl7.org/CodeSystem/v3-ActMood"/><concept><code value="DEF"/></concept><concept><code value="EVN"/></concept><concept><code value="INT"/></concept><concept><code value="PRMS"/></concept><concept><code value="PRP"/></concept><concept><code value="RQO"/></concept></include></compose></ValueSet>