<?xml version="1.0" encoding="UTF-8"?><ValueSet xmlns="http://hl7.org/fhir"><id value="v3-PatientProfileQueryReasonCode"/><language value="en"/><text><status value="extensions"/><div xml:lang="en" xmlns="http://www.w3.org/1999/xhtml" lang="en"><ul><li>Include these codes as defined in <a href="CodeSystem-v3-ActReason.html"><code>http://terminology.hl7.org/CodeSystem/v3-ActReason</code></a><table class="none"><tr><td style="white-space:nowrap"><b>Code</b></td><td><b>Display</b></td><td><b>Definition</b></td></tr><tr><td><a href="CodeSystem-v3-ActReason.html#v3-ActReason-ADMREV">ADMREV</a></td><td style="color: #cccccc">administrative review</td><td>**Definition:** To evaluate for service authorization, payment, reporting, or performance/outcome measures.</td></tr><tr><td><a href="CodeSystem-v3-ActReason.html#v3-ActReason-LEGAL">LEGAL</a></td><td style="color: #cccccc">subpoena</td><td>**Definition:**To provide information as a result of a subpoena.</td></tr><tr><td><a href="CodeSystem-v3-ActReason.html#v3-ActReason-PATCAR">PATCAR</a></td><td style="color: #cccccc">patient care</td><td>**Definition:**To obtain records as part of patient care.</td></tr><tr><td><a href="CodeSystem-v3-ActReason.html#v3-ActReason-PATREQ">PATREQ</a></td><td style="color: #cccccc">patient request query</td><td>**Definition:**Patient requests information from their profile.</td></tr><tr><td><a href="CodeSystem-v3-ActReason.html#v3-ActReason-PRCREV">PRCREV</a></td><td style="color: #cccccc">practice review</td><td>**Definition:**To evaluate the provider's current practice for professional-improvement reasons.</td></tr><tr><td><a href="CodeSystem-v3-ActReason.html#v3-ActReason-REGUL">REGUL</a></td><td style="color: #cccccc">regulatory review</td><td>**Description:**Review for the purpose of regulatory compliance.</td></tr><tr><td><a href="CodeSystem-v3-ActReason.html#v3-ActReason-RSRCH">RSRCH</a></td><td style="color: #cccccc">research</td><td>**Definition:**To provide research data, as authorized by the patient.</td></tr><tr><td><a href="CodeSystem-v3-ActReason.html#v3-ActReason-VALIDATION">VALIDATION</a></td><td style="color: #cccccc">validation review</td><td>**Description:**To validate the patient's record.<br/><br/>**Example:**Merging or unmerging records.</td></tr></table></li></ul></div></text><url value="http://terminology.hl7.org/ValueSet/v3-PatientProfileQueryReasonCode"/><identifier><system value="urn:ietf:rfc:3986"/><value value="urn:oid:2.16.840.1.113883.1.11.19784"/></identifier><version value="0.1.0"/><name value="PatientProfileQueryReasonCode"/><title value="PatientProfileQueryReasonCode"/><status value="active"/><experimental value="false"/><date value="2014-03-26"/><publisher value="SatuSehat"/><contact><name value="SatuSehat"/><telecom><system value="url"/><value value="https://satusehat.kemkes.go.id/"/></telecom><telecom><system value="email"/><value value="fhir@dto.kemkes.go.id"/></telecom></contact><description value="***No description***"/><copyright value="This material derives from the HL7 Terminology THO. THO is copyright ©1989+ Health Level Seven International and is made available under the CC0 designation. For more licensing information see: https://terminology.hl7.org/license"/><compose><include><system value="http://terminology.hl7.org/CodeSystem/v3-ActReason"/><concept><code value="ADMREV"/></concept><concept><code value="LEGAL"/></concept><concept><code value="PATCAR"/></concept><concept><code value="PATREQ"/></concept><concept><code value="PRCREV"/></concept><concept><code value="REGUL"/></concept><concept><code value="RSRCH"/></concept><concept><code value="VALIDATION"/></concept></include></compose></ValueSet>