<?xml version="1.0" encoding="UTF-8"?><ValueSet xmlns="http://hl7.org/fhir"><id value="v3-EmergencyMedicalServiceProviderHIPAA"/><language value="en"/><text><status value="generated"/><div xml:lang="en" xmlns="http://www.w3.org/1999/xhtml" lang="en"><ul><li>Include these codes as defined in <code>http://nucc.org/provider-taxonomy</code><table class="none"><tr><td style="white-space:nowrap"><b>Code</b></td><td><b>Display</b></td></tr><tr><td>146L00000X</td><td style="color: #cccccc">Paramedic</td></tr><tr><td>146M00000X</td><td style="color: #cccccc">Intermediate Emergency Medical Technician</td></tr><tr><td>146N00000X</td><td style="color: #cccccc">Basic Emergency Medical Technician</td></tr></table></li></ul></div></text><url value="http://terminology.hl7.org/ValueSet/v3-EmergencyMedicalServiceProviderHIPAA"/><identifier><system value="urn:ietf:rfc:3986"/><value value="urn:oid:2.16.840.1.113883.1.11.13207"/></identifier><version value="0.1.0"/><name value="EmergencyMedicalServiceProviderHIPAA"/><title value="EmergencyMedicalServiceProviderHIPAA"/><status value="retired"/><experimental value="false"/><date value="2014-03-26"/><publisher value="SatuSehat"/><contact><name value="SatuSehat"/><telecom><system value="url"/><value value="https://satusehat.kemkes.go.id/"/></telecom><telecom><system value="email"/><value value="fhir@dto.kemkes.go.id"/></telecom></contact><description value="Broad category for individuals who complete additional training and education in the area of pre-hospital emergency services and are licensed and/or practice within the scope of that training."/><copyright value="This material derives from the HL7 Terminology THO. THO is copyright ©1989+ Health Level Seven International and is made available under the CC0 designation. For more licensing information see: https://terminology.hl7.org/license"/><compose><include><system value="http://nucc.org/provider-taxonomy"/><concept><code value="146L00000X"/></concept><concept><code value="146M00000X"/></concept><concept><code value="146N00000X"/></concept></include></compose></ValueSet>