<?xml version="1.0" encoding="UTF-8"?><ValueSet xmlns="http://hl7.org/fhir"><id value="referencerange-appliesto"/><text><status value="generated"/><div xmlns="http://www.w3.org/1999/xhtml"><h2>Observation Reference Range Applies To Codes</h2><div><p>This value set defines a set of codes that can be used to indicate the particular target population the reference range applies to.</p>
</div><p><b>Copyright Statement:</b></p><div><p>This resource includes content from SNOMED Clinical Terms® (SNOMED CT®) which is copyright of the International Health Terminology Standards Development Organisation (IHTSDO). Implementers of these specifications must have the appropriate SNOMED CT Affiliate license - for more information contact http://www.snomed.org/snomed-ct/get-snomed-ct or info@snomed.org</p>
</div><p>This value set includes codes from the following code systems:</p><ul><li>Import all the codes that are contained in <a href="v3/Race/vs.html">http://terminology.hl7.org/ValueSet/v3-Race</a></li><li>Include these codes as defined in <a href="http://www.snomed.org/"><code>http://snomed.info/sct</code></a><table class="none"><tr><td style="white-space:nowrap"><b>Code</b></td><td><b>Display</b></td></tr><tr><td><a href="http://browser.ihtsdotools.org/?perspective=full&amp;conceptId1=248153007">248153007</a></td><td>Male</td><td/></tr><tr><td><a href="http://browser.ihtsdotools.org/?perspective=full&amp;conceptId1=248152002">248152002</a></td><td>Female</td><td/></tr><tr><td><a href="http://browser.ihtsdotools.org/?perspective=full&amp;conceptId1=77386006">77386006</a></td><td>Pregnancy not delivered</td><td/></tr></table></li></ul></div></text><extension url="http://hl7.org/fhir/StructureDefinition/structuredefinition-wg"><valueCode value="oo"/></extension><extension url="http://hl7.org/fhir/StructureDefinition/structuredefinition-standards-status"><valueCode value="draft"/></extension><extension url="http://hl7.org/fhir/StructureDefinition/structuredefinition-fmm"><valueInteger value="1"/></extension><url value="http://hl7.org/fhir/ValueSet/referencerange-appliesto"/><identifier><system value="urn:ietf:rfc:3986"/><value value="urn:oid:2.16.840.1.113883.4.642.3.407"/></identifier><version value="0.1.0"/><name value="ObservationReferenceRangeAppliesToCodes"/><title value="Observation Reference Range Applies To Codes"/><status value="draft"/><experimental value="false"/><date value="2019-11-01T09:29:23+11:00"/><publisher value="SatuSehat"/><contact><name value="SatuSehat"/><telecom><system value="url"/><value value="https://satusehat.kemkes.go.id/"/></telecom><telecom><system value="email"/><value value="fhir@dto.kemkes.go.id"/></telecom></contact><description value="This value set defines a set of codes that can be used to indicate the particular target population the reference range applies to."/><copyright value="This resource includes content from SNOMED Clinical Terms® (SNOMED CT®) which is copyright of the International Health Terminology Standards Development Organisation (IHTSDO). Implementers of these specifications must have the appropriate SNOMED CT Affiliate license - for more information contact http://www.snomed.org/snomed-ct/get-snomed-ct or info@snomed.org"/><compose><include><valueSet value="http://terminology.hl7.org/ValueSet/v3-Race"/></include><include><system value="http://snomed.info/sct"/><concept><code value="248153007"/></concept><concept><code value="248152002"/></concept><concept><code value="77386006"/></concept></include></compose></ValueSet>