<?xml version="1.0" encoding="UTF-8"?><ValueSet xmlns="http://hl7.org/fhir"><id value="v3-RoleClass"/><language value="en"/><text><status value="generated"/><div xml:lang="en" xmlns="http://www.w3.org/1999/xhtml" lang="en"><ul><li>Include all codes defined in <a href="CodeSystem-v3-RoleClass.html"><code>http://terminology.hl7.org/CodeSystem/v3-RoleClass</code></a></li></ul></div></text><url value="http://terminology.hl7.org/ValueSet/v3-RoleClass"/><identifier><system value="urn:ietf:rfc:3986"/><value value="urn:oid:2.16.840.1.113883.1.11.11555"/></identifier><version value="0.1.0"/><name value="RoleClass"/><title value="RoleClass"/><status value="active"/><experimental value="false"/><date value="2014-03-26"/><publisher value="SatuSehat"/><contact><name value="SatuSehat"/><telecom><system value="url"/><value value="https://satusehat.kemkes.go.id/"/></telecom><telecom><system value="email"/><value value="fhir@dto.kemkes.go.id"/></telecom></contact><description value="This table includes codes for the Role class hierarchy. The values in this hierarchy, represent a Role which is an association or relationship between two entities - the entity that plays the role and the entity that scopes the role. Roles names are derived from the name of the playing entity in that role.&#xD;&#xA;&#xD;&#xA;The role hierarchy stems from three core concepts, or abstract domains:&#xD;&#xA;&#xD;&#xA; *  **RoleClassOntological** is an abstract domain that collects roles in which the playing entity is defined or specified by the scoping entity.&#xD;&#xA; *  **RoleClassPartitive** collects roles in which the playing entity is in some sense a &quot;part&quot; of the scoping entity.&#xD;&#xA; *  **RoleClassAssociative** collects all of the remaining forms of association between the playing entity and the scoping entity. This set of roles is further partitioned between:&#xD;&#xA;    &#xD;&#xA;     *  **RoleClassPassive** which are roles in which the playing entity is used, known, treated, handled, built, or destroyed, etc. under the auspices of the scoping entity. The playing entity is passive in these roles in that the role exists without an agreement from the playing entity.&#xD;&#xA;     *  **RoleClassMutualRelationship** which are relationships based on mutual behavior of the two entities. The basis of these relationship may be formal agreements or they may be *de facto* behavior. Thus, this sub-domain is further divided into:&#xD;&#xA;        &#xD;&#xA;         *  **RoleClassRelationshipFormal** in which the relationship is formally defined, frequently by a contract or agreement.&#xD;&#xA;         *  **Personal relationship** which inks two people in a personal relationship.&#xD;&#xA;&#xD;&#xA;The hierarchy discussed above is represented In the current vocabulary tables as a set of abstract domains, with the exception of the &quot;Personal relationship&quot; which is a leaf concept."/><immutable value="true"/><copyright value="This material derives from the HL7 Terminology THO. THO is copyright ©1989+ Health Level Seven International and is made available under the CC0 designation. For more licensing information see: https://terminology.hl7.org/license"/><compose><include><system value="http://terminology.hl7.org/CodeSystem/v3-RoleClass"/></include></compose></ValueSet>