<?xml version="1.0" encoding="UTF-8"?><ValueSet xmlns="http://hl7.org/fhir"><id value="v3-PersonalAndLegalRelationshipRoleType"/><language value="en"/><text><status value="generated"/><div xml:lang="en" xmlns="http://www.w3.org/1999/xhtml" lang="en"><p>This value set includes codes based on the following rules:</p><ul><li>Import all the codes that are contained in <a href="ValueSet-v3-PersonalRelationshipRoleType.html">PersonalRelationshipRoleType</a></li><li>Import all the codes that are contained in <a href="ValueSet-v3-ResponsibleParty.html">ResponsibleParty</a></li><li>Include all codes defined in <a href="CodeSystem-v3-RoleCode.html"><code>http://terminology.hl7.org/CodeSystem/v3-RoleCode</code></a></li></ul></div></text><url value="http://terminology.hl7.org/ValueSet/v3-PersonalAndLegalRelationshipRoleType"/><identifier><system value="urn:ietf:rfc:3986"/><value value="urn:oid:2.16.840.1.113883.11.20.12.1"/></identifier><version value="0.1.0"/><name value="PersonalAndLegalRelationshipRoleType"/><title value="PersonalAndLegalRelationshipRoleType"/><status value="active"/><experimental value="false"/><date value="2023-06-02"/><publisher value="SatuSehat"/><contact><name value="SatuSehat"/><telecom><system value="url"/><value value="https://satusehat.kemkes.go.id/"/></telecom><telecom><system value="email"/><value value="fhir@dto.kemkes.go.id"/></telecom></contact><description value="A â€˜personal and legalâ€™ relationship records the role of a person in relation to another person, or a person to himself or herself. This value set is to be used when recording relationships based on personal or family ties or through legal assignment of responsibility."/><copyright value="This material derives from the HL7 Terminology THO. THO is copyright ©1989+ Health Level Seven International and is made available under the CC0 designation. For more licensing information see: https://terminology.hl7.org/license"/><compose><include><valueSet value="http://terminology.hl7.org/ValueSet/v3-PersonalRelationshipRoleType"/></include><include><valueSet value="http://terminology.hl7.org/ValueSet/v3-ResponsibleParty"/></include><include><system value="http://terminology.hl7.org/CodeSystem/v3-RoleCode"/></include></compose></ValueSet>