<?xml version="1.0" encoding="UTF-8"?><ValueSet xmlns="http://hl7.org/fhir"><id value="v3-RoleClassManagedEntity"/><language value="en"/><text><status value="extensions"/><div xml:lang="en" xmlns="http://www.w3.org/1999/xhtml" lang="en"><ul><li>Include these codes as defined in <a href="CodeSystem-v3-RoleClass.html"><code>http://terminology.hl7.org/CodeSystem/v3-RoleClass</code></a><table class="none"><tr><td style="white-space:nowrap"><b>Code</b></td><td><b>Display</b></td><td><b>Definition</b></td></tr><tr><td><a href="CodeSystem-v3-RoleClass.html#v3-RoleClass-ACCESS">ACCESS</a></td><td style="color: #cccccc">access</td><td>A role in which the playing entity (material) provides access to another entity. The principal use case is intravenous (or other bodily) access lines that preexist and need to be referred to for medication routing instructions.</td></tr><tr><td><a href="CodeSystem-v3-RoleClass.html#v3-RoleClass-HLD">HLD</a></td><td style="color: #cccccc">held entity</td><td>Entity that is currently in the possession of a holder (scoper), who holds, or uses it, usually based on some agreement with the owner.</td></tr><tr><td><a href="CodeSystem-v3-RoleClass.html#v3-RoleClass-MNT">MNT</a></td><td style="color: #cccccc">maintained entity</td><td>An entity (player) that is maintained by another entity (scoper). This is typical role held by durable equipment. The scoper assumes responsibility for proper operation, quality, and safety.</td></tr><tr><td><a href="CodeSystem-v3-RoleClass.html#v3-RoleClass-OWN">OWN</a></td><td style="color: #cccccc">owned entity</td><td>An Entity (player) for which someone (scoper) is granted by law the right to call the material (player) his own. This entitles the scoper to make decisions about the disposition of that material.</td></tr></table></li></ul></div></text><url value="http://terminology.hl7.org/ValueSet/v3-RoleClassManagedEntity"/><identifier><system value="urn:ietf:rfc:3986"/><value value="urn:oid:2.16.840.1.113883.1.11.20298"/></identifier><version value="0.1.0"/><name value="RoleClassManagedEntity"/><title value="RoleClassManagedEntity"/><status value="active"/><experimental value="false"/><date value="2014-03-26"/><publisher value="SatuSehat"/><contact><name value="SatuSehat"/><telecom><system value="url"/><value value="https://satusehat.kemkes.go.id/"/></telecom><telecom><system value="email"/><value value="fhir@dto.kemkes.go.id"/></telecom></contact><description value="**Description:**A value set of role classCodes related to entity management."/><copyright value="This material derives from the HL7 Terminology THO. THO is copyright ©1989+ Health Level Seven International and is made available under the CC0 designation. For more licensing information see: https://terminology.hl7.org/license"/><compose><include><system value="http://terminology.hl7.org/CodeSystem/v3-RoleClass"/><concept><code value="ACCESS"/></concept><concept><code value="HLD"/></concept><concept><code value="MNT"/></concept><concept><code value="OWN"/></concept></include></compose></ValueSet>