<?xml version="1.0" encoding="UTF-8"?><ValueSet xmlns="http://hl7.org/fhir"><id value="v3-PayorRoleType"/><language value="en"/><text><status value="generated"/><div xml:lang="en" xmlns="http://www.w3.org/1999/xhtml" lang="en"><ul><li>Include codes from <a href="CodeSystem-v3-RoleCode.html"><code>http://terminology.hl7.org/CodeSystem/v3-RoleCode</code></a> where concept  is-a  <a href="CodeSystem-v3-RoleCode.html#v3-RoleCode-_PayorRoleType">_PayorRoleType</a></li></ul></div></text><url value="http://terminology.hl7.org/ValueSet/v3-PayorRoleType"/><identifier><system value="urn:ietf:rfc:3986"/><value value="urn:oid:2.16.840.1.113883.1.11.19853"/></identifier><version value="0.1.0"/><name value="PayorRoleType"/><title value="PayorRoleType"/><status value="active"/><experimental value="false"/><date value="2014-03-26"/><publisher value="SatuSehat"/><contact><name value="SatuSehat"/><telecom><system value="url"/><value value="https://satusehat.kemkes.go.id/"/></telecom><telecom><system value="email"/><value value="fhir@dto.kemkes.go.id"/></telecom></contact><description value="**Description:**PayorRoleType for a particular type of policy or program benefit package or plan where more detail about the coverage administration role of the Payor is required. The functions performed by a Payor qualified by a PayorRoleType may be specified by the PayorParticpationFunction value set.&#xD;&#xA;&#xD;&#xA;**Examples:**A Payor that is a TPA may administer a managed care plan without underwriting the risk."/><copyright value="This material derives from the HL7 Terminology THO. THO is copyright ©1989+ Health Level Seven International and is made available under the CC0 designation. For more licensing information see: https://terminology.hl7.org/license"/><compose><include><system value="http://terminology.hl7.org/CodeSystem/v3-RoleCode"/><filter><property value="concept"/><op value="is-a"/><value value="_PayorRoleType"/></filter></include></compose></ValueSet>