<?xml version="1.0" encoding="UTF-8"?><ValueSet xmlns="http://hl7.org/fhir"><id value="v3-ServiceDeliveryLocationRoleType"/><language value="en"/><text><status value="generated"/><div xml:lang="en" xmlns="http://www.w3.org/1999/xhtml" lang="en"><ul><li>Include codes from <a href="CodeSystem-v3-RoleCode.html"><code>http://terminology.hl7.org/CodeSystem/v3-RoleCode</code></a> where concept  descends from  <a href="CodeSystem-v3-RoleCode.html#v3-RoleCode-_ServiceDeliveryLocationRoleType">_ServiceDeliveryLocationRoleType</a></li></ul></div></text><url value="http://terminology.hl7.org/ValueSet/v3-ServiceDeliveryLocationRoleType"/><identifier><system value="urn:ietf:rfc:3986"/><value value="urn:oid:2.16.840.1.113883.1.11.17660"/></identifier><version value="0.1.0"/><name value="ServiceDeliveryLocationRoleType"/><title value="ServiceDeliveryLocationRoleType"/><status value="active"/><experimental value="false"/><date value="2014-03-26"/><publisher value="SatuSehat"/><contact><name value="SatuSehat"/><telecom><system value="url"/><value value="https://satusehat.kemkes.go.id/"/></telecom><telecom><system value="email"/><value value="fhir@dto.kemkes.go.id"/></telecom></contact><description value="A role of a place that further classifies the setting (e.g., accident site, road side, work site, community location) in which services are delivered."/><copyright value="This material derives from the HL7 Terminology THO. THO is copyright ©1989+ Health Level Seven International and is made available under the CC0 designation. For more licensing information see: https://terminology.hl7.org/license"/><compose><include><system value="http://terminology.hl7.org/CodeSystem/v3-RoleCode"/><filter><property value="concept"/><op value="descendent-of"/><value value="_ServiceDeliveryLocationRoleType"/></filter></include></compose></ValueSet>