<?xml version="1.0" encoding="UTF-8"?><ValueSet xmlns="http://hl7.org/fhir"><id value="EncounterLocationStatusVS"/><text><status value="generated"/><div xmlns="http://www.w3.org/1999/xhtml"><ul><li>Include all codes defined in <a href="http://hl7.org/fhir/R4/codesystem-encounter-location-status.html"><code>http://hl7.org/fhir/encounter-location-status</code></a></li></ul></div></text><url value="https://fhir.kemkes.go.id/r4/ValueSet/EncounterLocationStatusVS"/><version value="0.1.0"/><name value="EncounterLocationStatusVS"/><title value="Encounter Location Status"/><status value="active"/><date value="2024-02-04T23:26:43+07:00"/><publisher value="Thomas Chaidir"/><contact><name value="Thomas Chaidir"/><telecom><system value="url"/><value value="https://satusehat.kemkes.go.id/"/></telecom></contact><description value="The status of the location."/><compose><include><system value="http://hl7.org/fhir/encounter-location-status"/></include></compose></ValueSet>