<?xml version="1.0" encoding="UTF-8"?>

<CodeSystem xmlns="http://hl7.org/fhir">
  <id value="med-admin-perform-function"/>
  <meta>
    <lastUpdated value="2020-04-09T21:10:28.568+00:00"/>
    <profile value="http://hl7.org/fhir/StructureDefinition/shareablecodesystem"/>
  </meta>
  <text>
    <status value="generated"/><div xmlns="http://www.w3.org/1999/xhtml"><p>This case-sensitive code system <code>http://terminology.hl7.org/CodeSystem/med-admin-perform-function</code> defines the following codes:</p><table class="codes"><tr><td style="white-space:nowrap"><b>Code</b></td><td><b>Display</b></td><td><b>Definition</b></td></tr><tr><td style="white-space:nowrap">performer<a name="med-admin-perform-function-performer"> </a></td><td>Performer</td><td>A person, non-person living subject, organization or device that who actually and principally carries out the action</td></tr><tr><td style="white-space:nowrap">verifier<a name="med-admin-perform-function-verifier"> </a></td><td>Verifier</td><td>A person who verifies the correctness and appropriateness of the service (plan, order, event, etc.) and hence takes on accountability.</td></tr><tr><td style="white-space:nowrap">witness<a name="med-admin-perform-function-witness"> </a></td><td>Witness</td><td>A person witnessing the action happening without doing anything. A witness is not necessarily aware, much less approves of anything stated in the service event. Example for a witness is students watching an operation or an advanced directive witness.</td></tr></table></div>
  </text>
  <extension url="http://hl7.org/fhir/StructureDefinition/structuredefinition-wg">
    <valueCode value="phx"/>
  </extension>
  <extension url="http://hl7.org/fhir/StructureDefinition/structuredefinition-fmm">
    <valueInteger value="1"/>
  </extension>
  <url value="http://terminology.hl7.org/CodeSystem/med-admin-perform-function"/>
  <identifier>
    <system value="urn:ietf:rfc:3986"/>
    <value value="urn:oid:2.16.840.1.113883.4.642.1.1112"/>
  </identifier>
  <version value="0.1.0"/>
  <name value="MedicationAdministrationPerformerFunctionCodes"/>
  <title value="MedicationAdministration Performer Function Codes"/>
  <status value="draft"/>
  <experimental value="false"/>
  <date value="2024-03-09T14:36:19-07:00"/>
  <publisher value="SatuSehat"/>
  <contact>
    <name value="SatuSehat"/>
    <telecom>
      <system value="url"/>
      <value value="https://satusehat.kemkes.go.id/"/>
    </telecom>
    <telecom>
      <system value="email"/>
      <value value="fhir@dto.kemkes.go.id"/>
    </telecom>
  </contact>
  <description value="MedicationAdministration Performer Function Codes"/>
  <copyright value="This material derives from the HL7 Terminology (THO). THO is copyright ©1989+ Health Level Seven International and is made available under the CC0 designation. For more licensing information see: https://terminology.hl7.org/license"/>
  <caseSensitive value="true"/>
  <valueSet value="http://terminology.hl7.org/ValueSet/med-admin-perform-function"/>
  <content value="complete"/>
  <concept>
    <code value="performer"/>
    <display value="Performer"/>
    <definition value="A person, non-person living subject, organization or device that who actually and principally carries out the action"/>
  </concept>
  <concept>
    <code value="verifier"/>
    <display value="Verifier"/>
    <definition value="A person who verifies the correctness and appropriateness of the service (plan, order, event, etc.) and hence takes on accountability."/>
  </concept>
  <concept>
    <code value="witness"/>
    <display value="Witness"/>
    <definition value="A person witnessing the action happening without doing anything. A witness is not necessarily aware, much less approves of anything stated in the service event. Example for a witness is students watching an operation or an advanced directive witness."/>
  </concept>
</CodeSystem>