<?xml version="1.0" encoding="UTF-8"?>

<CodeSystem xmlns="http://hl7.org/fhir">
  <id value="insurance-plan-type"/>
  <meta>
    <lastUpdated value="2020-04-09T21:10:28.568+00:00"/>
    <profile value="http://hl7.org/fhir/StructureDefinition/shareablecodesystem"/>
  </meta>
  <text>
    <status value="generated"/><div xmlns="http://www.w3.org/1999/xhtml"><p>This case-sensitive code system <code>http://terminology.hl7.org/CodeSystem/insurance-plan-type</code> provides <b>a fragment</b> that includes following codes:</p><table class="codes"><tr><td style="white-space:nowrap"><b>Code</b></td><td><b>Display</b></td></tr><tr><td style="white-space:nowrap">medical<a name="insurance-plan-type-medical"> </a></td><td>Medical</td></tr><tr><td style="white-space:nowrap">dental<a name="insurance-plan-type-dental"> </a></td><td>Dental</td></tr><tr><td style="white-space:nowrap">mental<a name="insurance-plan-type-mental"> </a></td><td>Mental Health</td></tr><tr><td style="white-space:nowrap">subst-ab<a name="insurance-plan-type-subst-ab"> </a></td><td>Substance Abuse</td></tr><tr><td style="white-space:nowrap">vision<a name="insurance-plan-type-vision"> </a></td><td>Vision</td></tr><tr><td style="white-space:nowrap">drug<a name="insurance-plan-type-drug"> </a></td><td>Drug</td></tr><tr><td style="white-space:nowrap">short-term<a name="insurance-plan-type-short-term"> </a></td><td>Short Term</td></tr><tr><td style="white-space:nowrap">long-term<a name="insurance-plan-type-long-term"> </a></td><td>Long Term Care</td></tr><tr><td style="white-space:nowrap">hospice<a name="insurance-plan-type-hospice"> </a></td><td>Hospice</td></tr><tr><td style="white-space:nowrap">home<a name="insurance-plan-type-home"> </a></td><td>Home Health</td></tr><tr style="background-color: #ffeeee"><td style="white-space:nowrap">Drug<a name="insurance-plan-type-Drug"> </a></td><td>Drug</td></tr></table></div>
  </text>
  <extension url="http://hl7.org/fhir/StructureDefinition/structuredefinition-wg">
    <valueCode value="pa"/>
  </extension>
  <extension url="http://hl7.org/fhir/StructureDefinition/structuredefinition-fmm">
    <valueInteger value="1"/>
  </extension>
  <url value="http://terminology.hl7.org/CodeSystem/insurance-plan-type"/>
  <identifier>
    <system value="urn:ietf:rfc:3986"/>
    <value value="urn:oid:2.16.840.1.113883.4.642.1.1261"/>
  </identifier>
  <version value="0.1.0"/>
  <name value="InsurancePlanType"/>
  <title value="Insurance plan type"/>
  <status value="draft"/>
  <experimental value="false"/>
  <date value="2024-03-09T14:36:19-07:00"/>
  <publisher value="SatuSehat"/>
  <contact>
    <name value="SatuSehat"/>
    <telecom>
      <system value="url"/>
      <value value="https://satusehat.kemkes.go.id/"/>
    </telecom>
    <telecom>
      <system value="email"/>
      <value value="fhir@dto.kemkes.go.id"/>
    </telecom>
  </contact>
  <description value="This example value set defines a set of codes that can be used to indicate a type of insurance plan."/>
  <copyright value="This material derives from the HL7 Terminology (THO). THO is copyright ©1989+ Health Level Seven International and is made available under the CC0 designation. For more licensing information see: https://terminology.hl7.org/license"/>
  <caseSensitive value="true"/>
  <valueSet value="http://terminology.hl7.org/ValueSet/insuranceplan-type"/>
  <content value="fragment"/>
  <concept>
    <code value="medical"/>
    <display value="Medical"/>
  </concept>
  <concept>
    <code value="dental"/>
    <display value="Dental"/>
  </concept>
  <concept>
    <code value="mental"/>
    <display value="Mental Health"/>
  </concept>
  <concept>
    <code value="subst-ab"/>
    <display value="Substance Abuse"/>
  </concept>
  <concept>
    <code value="vision"/>
    <display value="Vision"/>
  </concept>
  <concept>
    <code value="drug"/>
    <display value="Drug"/>
  </concept>
  <concept>
    <code value="short-term"/>
    <display value="Short Term"/>
  </concept>
  <concept>
    <code value="long-term"/>
    <display value="Long Term Care"/>
  </concept>
  <concept>
    <code value="hospice"/>
    <display value="Hospice"/>
  </concept>
  <concept>
    <code value="home"/>
    <display value="Home Health"/>
  </concept>
  <concept>
    <code value="Drug"/>
    <display value="Drug"/>
    <property>
      <code value="status"/>
      <valueCode value="retired"/>
    </property>
    <property>
      <code value="inactive"/>
      <valueCode value="true"/>
    </property>
  </concept>
</CodeSystem>