<?xml version="1.0" encoding="UTF-8"?>

<CodeSystem xmlns="http://hl7.org/fhir">
  <id value="condition-category"/>
  <meta>
    <lastUpdated value="2020-04-09T21:10:28.568+00:00"/>
    <profile value="http://hl7.org/fhir/StructureDefinition/shareablecodesystem"/>
  </meta>
  <text>
    <status value="generated"/><div xmlns="http://www.w3.org/1999/xhtml"><p>This case-sensitive code system <code>http://terminology.hl7.org/CodeSystem/condition-category</code> defines the following codes:</p><table class="codes"><tr><td style="white-space:nowrap"><b>Code</b></td><td><b>Display</b></td><td><b>Definition</b></td></tr><tr><td style="white-space:nowrap">problem-list-item<a name="condition-category-problem-list-item"> </a></td><td>Problem List Item</td><td>An item on a problem list that can be managed over time and can be expressed by a practitioner (e.g. physician, nurse), patient, or related person.</td></tr><tr><td style="white-space:nowrap">encounter-diagnosis<a name="condition-category-encounter-diagnosis"> </a></td><td>Encounter Diagnosis</td><td>A point in time diagnosis (e.g. from a physician or nurse) in context of an encounter.</td></tr></table></div>
  </text>
  <extension url="http://hl7.org/fhir/StructureDefinition/structuredefinition-wg">
    <valueCode value="pc"/>
  </extension>
  <extension url="http://hl7.org/fhir/StructureDefinition/structuredefinition-fmm">
    <valueInteger value="3"/>
  </extension>
  <url value="http://terminology.hl7.org/CodeSystem/condition-category"/>
  <identifier>
    <system value="urn:ietf:rfc:3986"/>
    <value value="urn:oid:2.16.840.1.113883.4.642.1.1073"/>
  </identifier>
  <version value="0.1.0"/>
  <name value="ConditionCategoryCodes"/>
  <title value="Condition Category Codes"/>
  <status value="draft"/>
  <experimental value="false"/>
  <date value="2024-03-09T14:36:19-07:00"/>
  <publisher value="SatuSehat"/>
  <contact>
    <name value="SatuSehat"/>
    <telecom>
      <system value="url"/>
      <value value="https://satusehat.kemkes.go.id/"/>
    </telecom>
    <telecom>
      <system value="email"/>
      <value value="fhir@dto.kemkes.go.id"/>
    </telecom>
  </contact>
  <description value="Preferred value set for Condition Categories."/>
  <copyright value="This material derives from the HL7 Terminology (THO). THO is copyright ©1989+ Health Level Seven International and is made available under the CC0 designation. For more licensing information see: https://terminology.hl7.org/license"/>
  <caseSensitive value="true"/>
  <valueSet value="http://terminology.hl7.org/ValueSet/condition-category"/>
  <content value="complete"/>
  <concept>
    <code value="problem-list-item"/>
    <display value="Problem List Item"/>
    <definition value="An item on a problem list that can be managed over time and can be expressed by a practitioner (e.g. physician, nurse), patient, or related person."/>
  </concept>
  <concept>
    <code value="encounter-diagnosis"/>
    <display value="Encounter Diagnosis"/>
    <definition value="A point in time diagnosis (e.g. from a physician or nurse) in context of an encounter."/>
  </concept>
</CodeSystem>