<?xml version="1.0" encoding="UTF-8"?>

<CodeSystem xmlns="http://hl7.org/fhir">
  <id value="adverse-event-causality-method"/>
  <meta>
    <lastUpdated value="2020-04-09T21:10:28.568+00:00"/>
  </meta>
  <text>
    <status value="generated"/><div xmlns="http://www.w3.org/1999/xhtml"><p>This case-sensitive code system <code>http://terminology.hl7.org/CodeSystem/adverse-event-causality-method</code> defines the following codes:</p><table class="codes"><tr><td style="white-space:nowrap"><b>Code</b></td><td><b>Display</b></td></tr><tr><td style="white-space:nowrap">probability-scale<a name="adverse-event-causality-method-probability-scale"> </a></td><td>Probability Scale</td></tr><tr><td style="white-space:nowrap">bayesian<a name="adverse-event-causality-method-bayesian"> </a></td><td>Bayesian</td></tr><tr><td style="white-space:nowrap">checklist<a name="adverse-event-causality-method-checklist"> </a></td><td>Checklist</td></tr></table></div>
  </text>
  <extension url="http://hl7.org/fhir/StructureDefinition/structuredefinition-wg">
    <valueCode value="pc"/>
  </extension>
  <extension url="http://hl7.org/fhir/StructureDefinition/structuredefinition-fmm">
    <valueInteger value="1"/>
  </extension>
  <url value="http://terminology.hl7.org/CodeSystem/adverse-event-causality-method"/>
  <identifier>
    <system value="urn:ietf:rfc:3986"/>
    <value value="urn:oid:2.16.840.1.113883.4.642.1.1255"/>
  </identifier>
  <version value="0.1.0"/>
  <name value="AdverseEventCausalityMethod"/>
  <title value="AdverseEventCausalityMethod"/>
  <status value="draft"/>
  <experimental value="false"/>
  <date value="2020-04-09T21:10:28+00:00"/>
  <publisher value="SatuSehat"/>
  <contact>
    <name value="SatuSehat"/>
    <telecom>
      <system value="url"/>
      <value value="https://satusehat.kemkes.go.id/"/>
    </telecom>
    <telecom>
      <system value="email"/>
      <value value="fhir@dto.kemkes.go.id"/>
    </telecom>
  </contact>
  <description value="TODO."/>
  <copyright value="This material derives from the HL7 Terminology (THO). THO is copyright ©1989+ Health Level Seven International and is made available under the CC0 designation. For more licensing information see: https://terminology.hl7.org/license"/>
  <caseSensitive value="true"/>
  <valueSet value="http://terminology.hl7.org/ValueSet/adverse-event-causality-method"/>
  <content value="complete"/>
  <concept>
    <code value="probability-scale"/>
    <display value="Probability Scale"/>
  </concept>
  <concept>
    <code value="bayesian"/>
    <display value="Bayesian"/>
  </concept>
  <concept>
    <code value="checklist"/>
    <display value="Checklist"/>
  </concept>
</CodeSystem>