<?xml version="1.0" encoding="UTF-8"?>

<CodeSystem xmlns="http://hl7.org/fhir">
  <id value="v3-EntityNamePartQualifierR2"/>
  <language value="en"/>
  <text>
    <status value="generated"/><div xml:lang="en" xmlns="http://www.w3.org/1999/xhtml" lang="en"><p><b>Properties</b></p><p><b>This code system  defines the following properties for its concepts</b></p><table class="grid"><tr><td><b>Code</b></td><td><b>URI</b></td><td><b>Type</b></td><td><b>Description</b></td></tr><tr><td>Specializes</td><td/><td>Coding</td><td>The child code is a more narrow version of the concept represented by the parent code.  I.e. Every child concept is also a valid parent concept.  Used to allow determination of subsumption.  Must be transitive, irreflexive, antisymmetric.</td></tr><tr><td>Generalizes</td><td/><td>Coding</td><td>Inverse of Specializes.  Only included as a derived relationship.</td></tr><tr><td>internalId</td><td>http://terminology.hl7.org/CodeSystem/utg-concept-properties#v3-internal-id</td><td>code</td><td>The internal identifier for the concept in the HL7 Access database repository.</td></tr><tr><td>status</td><td>http://hl7.org/fhir/concept-properties#status</td><td>code</td><td>Designation of a concept's state. Normally is not populated unless the state is retired.</td></tr><tr><td>HL7usageNotes</td><td>http://terminology.hl7.org/CodeSystem/utg-concept-properties#HL7usageNotes</td><td>string</td><td>HL7 Concept Usage Notes</td></tr><tr><td>notSelectable</td><td>http://hl7.org/fhir/concept-properties#notSelectable</td><td>boolean</td><td>Indicates that the code is abstract - only intended to be used as a selector for other concepts</td></tr><tr><td>synonymCode</td><td>http://hl7.org/fhir/concept-properties#synonym</td><td>code</td><td>An additional concept code that was also attributed to a concept</td></tr></table><p><b>Concepts</b></p><p>This case-sensitive code system <code>http://terminology.hl7.org/CodeSystem/v3-EntityNamePartQualifierR2</code> defines the following codes in a Is-A heirarchy:</p><table class="codes"><tr><td><b>Lvl</b></td><td style="white-space:nowrap"><b>Code</b></td><td><b>Display</b></td><td><b>Definition</b></td><td><b>internalId</b></td><td><b>status</b></td><td><b>HL7 Concept Usage Notes</b></td><td><b>Not Selectable</b></td><td><b>synonymCode</b></td></tr><tr><td>1</td><td style="white-space:nowrap">AD<a name="v3-EntityNamePartQualifierR2-AD"> </a></td><td>acquired</td><td><div><p>**Description:**A name part a person acquired. The name part may be acquired by adoption, or the person may have chosen to use the name part for some other reason.</p>
<p><strong>Note:</strong> this differs from an Other/Psuedonym/Alias in that an acquired name part is acquired on a formal basis rather than an informal one (e.g. registered as part of the official name).</p>
</div></td><td>22791</td><td>active</td><td/><td/><td/></tr><tr><td>2</td><td style="white-space:nowrap">  SP<a name="v3-EntityNamePartQualifierR2-SP"> </a></td><td>spouse</td><td><div><p>**Description:**The name assumed from the partner in a marital relationship. Usually the spouse's family name. Note that no inference about gender can be made from the existence of spouse names.</p>
</div></td><td>22792</td><td>active</td><td/><td/><td/></tr><tr><td>1</td><td style="white-space:nowrap">BR<a name="v3-EntityNamePartQualifierR2-BR"> </a></td><td>birth</td><td><div><p>**Description:**A name that a person was given at birth or established as a consequence of adoption.</p>
<p><strong>Note:</strong> This is not used for temporary names assigned at birth such as &quot;Baby of Smith&quot; a&quot; which is just a name with a use code of &quot;TEMP&quot;.</p>
</div></td><td>22790</td><td>active</td><td/><td/><td/></tr><tr><td>1</td><td style="white-space:nowrap">CL<a name="v3-EntityNamePartQualifierR2-CL"> </a></td><td>callme</td><td><div><p>**Description:**Used to indicate which of the various name parts is used when interacting with the person.</p>
</div></td><td>22794</td><td>active</td><td/><td/><td/></tr><tr><td>1</td><td style="white-space:nowrap">IN<a name="v3-EntityNamePartQualifierR2-IN"> </a></td><td>initial</td><td><div><p>**Description:**Indicates that a name part is just an initial. Initials do not imply a trailing period since this would not work with non-Latin scripts. In some languages, initials may consist of more than one letter, e.g., &quot;Ph&quot; could stand for &quot;Philippe&quot; or &quot;Th&quot; For &quot;Thomas&quot;.</p>
</div></td><td>22795</td><td>active</td><td/><td/><td/></tr><tr><td>1</td><td style="white-space:nowrap">LS<a name="v3-EntityNamePartQualifierR2-LS"> </a></td><td>legal status</td><td><div><p>**Description:**For organizations a suffix indicating the legal status, e.g., &quot;Inc.&quot;, &quot;Co.&quot;, &quot;AG&quot;, &quot;GmbH&quot;, &quot;B.V.&quot; &quot;S.A.&quot;, &quot;Ltd.&quot; etc.</p>
</div></td><td>22789</td><td>active</td><td/><td/><td/></tr><tr><td>1</td><td style="white-space:nowrap">MID<a name="v3-EntityNamePartQualifierR2-MID"> </a></td><td>middle name</td><td><div><p>**Description:**Indicates that the name part is a middle name.</p>
<p><strong>Usage Notes:</strong> In general, the english &quot;middle name&quot; concept is all of the given names after the first. This qualifier may be used to explicitly indicate which given names are considered to be middle names. The middle name qualifier may also be used with family names. This is a Scandinavian use case, matching the concept of &quot;mellomnavn&quot;,&quot;mellannamn&quot;. Note that there are specific rules that indicate what names may be taken as a mellannamn in different Scandinavian countries.</p>
</div></td><td>22793</td><td>active</td><td>In general, the english &quot;middle name&quot; concept is all of the given names after the first. This qualifier may be used to explicitly indicate which given names are considered to be middle names. The middle name qualifier may also be used with family names. This is a Scandinavian use case, matching the concept of &quot;mellomnavn&quot;,&quot;mellannamn&quot;. Note that there are specific rules that indicate what names may be taken as a mellannamn in different Scandinavian countries.</td><td/><td/></tr><tr><td>1</td><td style="white-space:nowrap">PFX<a name="v3-EntityNamePartQualifierR2-PFX"> </a></td><td>prefix</td><td><div><p>**Description:**A prefix has a strong association to the immediately following name part. A prefix has no implicit trailing white space (it has implicit leading white space though).</p>
</div></td><td>22796</td><td>active</td><td/><td/><td/></tr><tr><td>1</td><td style="white-space:nowrap">PharmaceuticalEntityNamePartQualifiers<a name="v3-EntityNamePartQualifierR2-PharmaceuticalEntityNamePartQualifiers"> </a></td><td>PharmaceuticalEntityNamePartQualifiers</td><td><div><p><strong>Description:</strong> Medication Name Parts are a means of specifying a range of acceptable &quot;official&quot; forms of the name of a product. They are used as patterns against which input name strings may be matched for automatic identification of products from input text reports. While they cover the concepts held under &quot;doseForm&quot; or &quot;route&quot; or &quot;strength&quot; the name parts are not the same and do not fit into a controlled vocabulary in the same way. By specifying up to 8 name parts a much larger range of possible names can be generated.</p>
</div></td><td>22988</td><td>active</td><td/><td>true</td><td/></tr><tr><td>2</td><td style="white-space:nowrap">  CON<a name="v3-EntityNamePartQualifierR2-CON"> </a></td><td>container name</td><td><div><p><strong>Description:</strong> This refers to the container if present in the medicinal product name.</p>
<p>EXAMPLES:</p>
<ul>
<li>For Optaflu suspension for injection in pre-filled syringe Influenza vaccine (surface antigen, inactivated, prepared in cell culture) (2007/2008 season): pre-filled syringe</li>
</ul>
</div></td><td>22994</td><td>active</td><td/><td/><td/></tr><tr><td>2</td><td style="white-space:nowrap">  DEV<a name="v3-EntityNamePartQualifierR2-DEV"> </a></td><td>device name</td><td><div><p><strong>Description:</strong> This refers to the qualifiers in the name for devices and is at the moment mainly applicable to insulins and inhalation products.</p>
<p>EXAMPLES:</p>
<ul>
<li>For the medicinal product Actrapid FlexPen 100 IU/ml Solution for injection Subcutaneous use: FlexPen.</li>
</ul>
</div></td><td>22995</td><td>active</td><td/><td/><td/></tr><tr><td>2</td><td style="white-space:nowrap">  FLAV<a name="v3-EntityNamePartQualifierR2-FLAV"> </a></td><td>FlavorName</td><td><div><p><strong>Description:</strong> This refers to a flavor of the medicinal product if present in the medicinal product name.</p>
<p><strong>Examples:</strong></p>
<ul>
<li>For 'CoughCure Linctus Orange Flavor', the flavor part is &quot;Orange&quot;</li>
<li>For 'Wonderdrug Syrup Cherry Flavor', the flavor part is &quot;Cherry&quot;</li>
</ul>
</div></td><td>23318</td><td>active</td><td/><td/><td/></tr><tr><td>2</td><td style="white-space:nowrap">  FORMUL<a name="v3-EntityNamePartQualifierR2-FORMUL"> </a></td><td>FormulationPartName</td><td><div><p><strong>Description:</strong> This refers to the formulation of the medicinal product if present in the medicinal product name.</p>
<p><strong>Examples:</strong></p>
<ul>
<li>For 'SpecialMed Sugar Free Cough Syrup', the formulation name part is &quot;Sugar Free&quot;</li>
<li>For 'QuickCure Gluten-free Bulk Fibre', the formulation name part is &quot;gluten-free&quot;</li>
</ul>
</div></td><td>23316</td><td>active</td><td/><td/><td/></tr><tr><td>2</td><td style="white-space:nowrap">  FRM<a name="v3-EntityNamePartQualifierR2-FRM"> </a></td><td>form name</td><td><div><p><strong>Description:</strong> This refers to the pharmaceutical form/ if present in the medicinal product name.</p>
<p>EXAMPLES:</p>
<ul>
<li>For Agenerase 50 mg soft capsules: Soft Capsules</li>
<li>For Ludiomil 25mg-Filmtabletten: Filmtabletten</li>
<li>For Optaflu suspension for injection in pre-filled syringe Influenza vaccine (surface antigen, inactivated, prepared in cell culture) (2007/2008 season): suspension for injection</li>
</ul>
</div></td><td>22992</td><td>active</td><td/><td/><td/></tr><tr><td>2</td><td style="white-space:nowrap">  INV<a name="v3-EntityNamePartQualifierR2-INV"> </a></td><td>invented name</td><td><div><p><strong>Description:</strong> This refers to the product name without the trademark or the name of the marketing authorization holder or any other descriptor reflected in the product name and, if appropriate, whether it is intended e.g. for babies, children or adults.</p>
<p>EXAMPLES:</p>
<ul>
<li>Agenerase</li>
<li>Optaflu</li>
<li>Ludiomil</li>
</ul>
</div></td><td>22989</td><td>active</td><td/><td/><td/></tr><tr><td>2</td><td style="white-space:nowrap">  POPUL<a name="v3-EntityNamePartQualifierR2-POPUL"> </a></td><td>TargetPopulationName</td><td><div><p><strong>Description:</strong> This refers to the target population for the medicinal product if present in the medicinal product name</p>
<p><strong>Examples:</strong></p>
<ul>
<li>For 'Broncho-Drug 3.5 mg-capsules for children', the target population part is &quot;children&quot;</li>
<li>For 'Adult Chesty Cough Syrup', the target population part is &quot;adult&quot;</li>
</ul>
</div></td><td>23315</td><td>active</td><td/><td/><td/></tr><tr><td>2</td><td style="white-space:nowrap">  SCI<a name="v3-EntityNamePartQualifierR2-SCI"> </a></td><td>scientific name</td><td><div><p><strong>Description:</strong> This refers to the product common or scientific name without the trademark or the name of the marketing authorization holder or any other descriptor reflected in the product name.</p>
<p>EXAMPLES:</p>
<ul>
<li>For Agenerase: N/A</li>
<li>For Optaflu: Influenza vaccine (surface antigen, inactivated, prepared in cell culture) (2007/2008 season)</li>
<li>For Ludiomil: N/A</li>
</ul>
</div></td><td>22990</td><td>active</td><td/><td/><td/></tr><tr><td>2</td><td style="white-space:nowrap">  STR<a name="v3-EntityNamePartQualifierR2-STR"> </a></td><td>strength name</td><td><div><p><strong>Description:</strong> This refers to the strength if present in the medicinal product name. The use of decimal points should be accommodated if required.</p>
<p>EXAMPLES:</p>
<ul>
<li>For Agenerase 50 mg soft capsules: 50mg</li>
<li>For Ludiomil 25mg-Filmtabletten: 25 mg</li>
<li>For Optaflu suspension for injection in pre-filled syringe Influenza vaccine (surface antigen, inactivated, prepared in cell culture) (2007/2008 season): N/A</li>
</ul>
</div></td><td>22991</td><td>active</td><td/><td/><td/></tr><tr><td>2</td><td style="white-space:nowrap">  TIME<a name="v3-EntityNamePartQualifierR2-TIME"> </a></td><td>TimeOrPeriodName</td><td><div><p><strong>Description:</strong> This refers to a time or time period that may be specified in the text of the medicinal product name</p>
<p><strong>Example:</strong></p>
<ul>
<li>For an influenza vaccine 'Drug-FLU season 2008/2009', the time/period part is &quot;2008/2009 season&quot;</li>
</ul>
</div></td><td>23317</td><td>active</td><td/><td/><td/></tr><tr><td>2</td><td style="white-space:nowrap">  TMK<a name="v3-EntityNamePartQualifierR2-TMK"> </a></td><td>trademark name</td><td><div><p><strong>Description:</strong> This refers to trademark/company element if present in the medicinal product name.</p>
<p>EXAMPLES:</p>
<ul>
<li>for Insulin Human Winthrop Comb 15: Winthrop</li>
</ul>
</div></td><td>22996</td><td>active</td><td/><td/><td/></tr><tr><td>2</td><td style="white-space:nowrap">  USE<a name="v3-EntityNamePartQualifierR2-USE"> </a></td><td>intended use name</td><td><div><p><strong>Description:</strong> This refers to the intended use if present in the medicinal product name without the trademark or the name of the marketing authorization holder or any other descriptor reflected in the product name.</p>
<p><strong>Examples:</strong></p>
<ul>
<li>For 'Drug-BI Caplets - Heartburn Relief', the intended use part is: &quot;Heartburn Relief&quot;</li>
<li>For 'Medicine Honey Syrup for Soothing Coughs' the intended use part is &quot;Soothing Coughs&quot;</li>
</ul>
</div></td><td>22993</td><td>active</td><td/><td/><td/></tr><tr><td>1</td><td style="white-space:nowrap">SFX<a name="v3-EntityNamePartQualifierR2-SFX"> </a></td><td>suffix</td><td><div><p>**Description:**A suffix has a strong association to the immediately preceding name part. A suffix has no implicit leading white space (it has implicit trailing white space though).</p>
</div></td><td>22797</td><td>active</td><td/><td/><td/></tr><tr><td>1</td><td style="white-space:nowrap">TitleStyles<a name="v3-EntityNamePartQualifierR2-TitleStyles"> </a></td><td>TitleStyles</td><td><div><p>**Description:**Extra information about the style of a title</p>
</div></td><td>22798</td><td>active</td><td/><td>true</td><td/></tr><tr><td>2</td><td style="white-space:nowrap">  AC<a name="v3-EntityNamePartQualifierR2-AC"> </a></td><td>academic</td><td><div><p>**Description:**Indicates that a title like &quot;Dr.&quot;, &quot;M.D.&quot; or &quot;Ph.D.&quot; is an academic title.</p>
</div></td><td>22799</td><td>active</td><td/><td/><td/></tr><tr><td>2</td><td style="white-space:nowrap">  HON<a name="v3-EntityNamePartQualifierR2-HON"> </a></td><td>honorific</td><td><div><p>**Description:**A honorific such as &quot;The Right Honourable&quot; or &quot;Weledelgeleerde Heer&quot;.</p>
</div></td><td>22802</td><td>active</td><td/><td/><td>HOM</td></tr><tr style="background-color: #ffeeee"><td>2</td><td style="white-space:nowrap">  HOM<a name="v3-EntityNamePartQualifierR2-HOM"> </a></td><td>honorific</td><td><div><p>**Description:**A honorific such as &quot;The Right Honourable&quot; or &quot;Weledelgeleerde Heer&quot;.</p>
</div></td><td>22802</td><td>retired</td><td/><td/><td>HON</td></tr><tr><td>2</td><td style="white-space:nowrap">  NB<a name="v3-EntityNamePartQualifierR2-NB"> </a></td><td>nobility</td><td><div><p>**Description:**A nobility title such as Sir, Count, Grafin.</p>
</div></td><td>22801</td><td>active</td><td/><td/><td/></tr><tr><td>2</td><td style="white-space:nowrap">  PR<a name="v3-EntityNamePartQualifierR2-PR"> </a></td><td>professional</td><td><div><p>**Description:**Primarily in the British Imperial culture people tend to have an abbreviation of their professional organization as part of their credential titles.</p>
</div></td><td>22800</td><td>active</td><td/><td/><td/></tr></table></div>
  </text>
  <url value="http://terminology.hl7.org/CodeSystem/v3-EntityNamePartQualifierR2"/>
  <identifier>
    <system value="urn:ietf:rfc:3986"/>
    <value value="urn:oid:2.16.840.1.113883.5.1122"/>
  </identifier>
  <version value="0.1.0"/>
  <name value="EntityNamePartQualifierR2"/>
  <title value="EntityNamePartQualifierR2"/>
  <status value="active"/>
  <experimental value="false"/>
  <date value="2019-03-20"/>
  <publisher value="SatuSehat"/>
  <contact>
    <name value="SatuSehat"/>
    <telecom>
      <system value="url"/>
      <value value="https://satusehat.kemkes.go.id/"/>
    </telecom>
    <telecom>
      <system value="email"/>
      <value value="fhir@dto.kemkes.go.id"/>
    </telecom>
  </contact>
  <description value="**Description:**The qualifier is a set of codes each of which specifies a certain subcategory of the name part in addition to the main name part type. For example, a given name may be flagged as a nickname, a family name may be a pseudonym or a name of public records."/>
  <copyright value="This material derives from the HL7 Terminology THO. THO is copyright ©1989+ Health Level Seven International and is made available under the CC0 designation. For more licensing information see: https://terminology.hl7.org/license"/>
  <caseSensitive value="true"/>
  <hierarchyMeaning value="is-a"/>
  <content value="complete"/>
  <property>
    <extension url="http://terminology.hl7.org/StructureDefinition/ext-mif-relationship-symmetry">
      <valueCode value="antisymmetric"/>
    </extension>
    <extension url="http://terminology.hl7.org/StructureDefinition/ext-mif-relationship-transitivity">
      <valueCode value="transitive"/>
    </extension>
    <extension url="http://terminology.hl7.org/StructureDefinition/ext-mif-relationship-reflexivity">
      <valueCode value="irreflexive"/>
    </extension>
    <extension url="http://terminology.hl7.org/StructureDefinition/ext-mif-relationship-isNavigable">
      <valueBoolean value="true"/>
    </extension>
    <extension url="http://terminology.hl7.org/StructureDefinition/ext-mif-relationship-relationshipKind">
      <valueCode value="Specializes"/>
    </extension>
    <extension url="http://terminology.hl7.org/StructureDefinition/ext-mif-relationship-inverseName">
      <valueString value="Generalizes"/>
    </extension>
    <code value="Specializes"/>
    <description value="The child code is a more narrow version of the concept represented by the parent code.  I.e. Every child concept is also a valid parent concept.  Used to allow determination of subsumption.  Must be transitive, irreflexive, antisymmetric."/>
    <type value="Coding"/>
  </property>
  <property>
    <extension url="http://terminology.hl7.org/StructureDefinition/ext-mif-relationship-symmetry">
      <valueCode value="antisymmetric"/>
    </extension>
    <extension url="http://terminology.hl7.org/StructureDefinition/ext-mif-relationship-transitivity">
      <valueCode value="transitive"/>
    </extension>
    <extension url="http://terminology.hl7.org/StructureDefinition/ext-mif-relationship-reflexivity">
      <valueCode value="irreflexive"/>
    </extension>
    <extension url="http://terminology.hl7.org/StructureDefinition/ext-mif-relationship-isNavigable">
      <valueBoolean value="true"/>
    </extension>
    <extension url="http://terminology.hl7.org/StructureDefinition/ext-mif-relationship-relationshipKind">
      <valueCode value="Generalizes"/>
    </extension>
    <extension url="http://terminology.hl7.org/StructureDefinition/ext-mif-relationship-inverseName">
      <valueString value="Specializes"/>
    </extension>
    <code value="Generalizes"/>
    <description value="Inverse of Specializes.  Only included as a derived relationship."/>
    <type value="Coding"/>
  </property>
  <property>
    <code value="internalId"/>
    <uri value="http://terminology.hl7.org/CodeSystem/utg-concept-properties#v3-internal-id"/>
    <description value="The internal identifier for the concept in the HL7 Access database repository."/>
    <type value="code"/>
  </property>
  <property>
    <code value="status"/>
    <uri value="http://hl7.org/fhir/concept-properties#status"/>
    <description value="Designation of a concept's state. Normally is not populated unless the state is retired."/>
    <type value="code"/>
  </property>
  <property>
    <code value="HL7usageNotes"/>
    <uri value="http://terminology.hl7.org/CodeSystem/utg-concept-properties#HL7usageNotes"/>
    <description value="HL7 Concept Usage Notes"/>
    <type value="string"/>
  </property>
  <property>
    <code value="notSelectable"/>
    <uri value="http://hl7.org/fhir/concept-properties#notSelectable"/>
    <description value="Indicates that the code is abstract - only intended to be used as a selector for other concepts"/>
    <type value="boolean"/>
  </property>
  <property>
    <code value="synonymCode"/>
    <uri value="http://hl7.org/fhir/concept-properties#synonym"/>
    <description value="An additional concept code that was also attributed to a concept"/>
    <type value="code"/>
  </property>
  <concept>
    <code value="AD"/>
    <display value="acquired"/>
    <definition value="**Description:**A name part a person acquired. The name part may be acquired by adoption, or the person may have chosen to use the name part for some other reason.&#xD;&#xA;&#xD;&#xA;**Note:** this differs from an Other/Psuedonym/Alias in that an acquired name part is acquired on a formal basis rather than an informal one (e.g. registered as part of the official name)."/>
    <property>
      <code value="status"/>
      <valueCode value="active"/>
    </property>
    <property>
      <code value="internalId"/>
      <valueCode value="22791"/>
    </property>
    <concept>
      <code value="SP"/>
      <display value="spouse"/>
      <definition value="**Description:**The name assumed from the partner in a marital relationship. Usually the spouse's family name. Note that no inference about gender can be made from the existence of spouse names."/>
      <property>
        <code value="status"/>
        <valueCode value="active"/>
      </property>
      <property>
        <code value="internalId"/>
        <valueCode value="22792"/>
      </property>
    </concept>
  </concept>
  <concept>
    <code value="BR"/>
    <display value="birth"/>
    <definition value="**Description:**A name that a person was given at birth or established as a consequence of adoption.&#xD;&#xA;&#xD;&#xA;**Note:** This is not used for temporary names assigned at birth such as &quot;Baby of Smith&quot; a&quot; which is just a name with a use code of &quot;TEMP&quot;."/>
    <property>
      <code value="status"/>
      <valueCode value="active"/>
    </property>
    <property>
      <code value="internalId"/>
      <valueCode value="22790"/>
    </property>
  </concept>
  <concept>
    <code value="CL"/>
    <display value="callme"/>
    <definition value="**Description:**Used to indicate which of the various name parts is used when interacting with the person."/>
    <property>
      <code value="status"/>
      <valueCode value="active"/>
    </property>
    <property>
      <code value="internalId"/>
      <valueCode value="22794"/>
    </property>
  </concept>
  <concept>
    <code value="IN"/>
    <display value="initial"/>
    <definition value="**Description:**Indicates that a name part is just an initial. Initials do not imply a trailing period since this would not work with non-Latin scripts. In some languages, initials may consist of more than one letter, e.g., &quot;Ph&quot; could stand for &quot;Philippe&quot; or &quot;Th&quot; For &quot;Thomas&quot;."/>
    <property>
      <code value="status"/>
      <valueCode value="active"/>
    </property>
    <property>
      <code value="internalId"/>
      <valueCode value="22795"/>
    </property>
  </concept>
  <concept>
    <code value="LS"/>
    <display value="legal status"/>
    <definition value="**Description:**For organizations a suffix indicating the legal status, e.g., &quot;Inc.&quot;, &quot;Co.&quot;, &quot;AG&quot;, &quot;GmbH&quot;, &quot;B.V.&quot; &quot;S.A.&quot;, &quot;Ltd.&quot; etc."/>
    <property>
      <code value="status"/>
      <valueCode value="active"/>
    </property>
    <property>
      <code value="internalId"/>
      <valueCode value="22789"/>
    </property>
  </concept>
  <concept>
    <code value="MID"/>
    <display value="middle name"/>
    <definition value="**Description:**Indicates that the name part is a middle name.&#xD;&#xA;&#xD;&#xA;**Usage Notes:** In general, the english &quot;middle name&quot; concept is all of the given names after the first. This qualifier may be used to explicitly indicate which given names are considered to be middle names. The middle name qualifier may also be used with family names. This is a Scandinavian use case, matching the concept of &quot;mellomnavn&quot;,&quot;mellannamn&quot;. Note that there are specific rules that indicate what names may be taken as a mellannamn in different Scandinavian countries."/>
    <property>
      <code value="status"/>
      <valueCode value="active"/>
    </property>
    <property>
      <code value="HL7usageNotes"/>
      <valueString value="In general, the english &quot;middle name&quot; concept is all of the given names after the first. This qualifier may be used to explicitly indicate which given names are considered to be middle names. The middle name qualifier may also be used with family names. This is a Scandinavian use case, matching the concept of &quot;mellomnavn&quot;,&quot;mellannamn&quot;. Note that there are specific rules that indicate what names may be taken as a mellannamn in different Scandinavian countries."/>
    </property>
    <property>
      <code value="internalId"/>
      <valueCode value="22793"/>
    </property>
  </concept>
  <concept>
    <code value="PFX"/>
    <display value="prefix"/>
    <definition value="**Description:**A prefix has a strong association to the immediately following name part. A prefix has no implicit trailing white space (it has implicit leading white space though)."/>
    <property>
      <code value="status"/>
      <valueCode value="active"/>
    </property>
    <property>
      <code value="internalId"/>
      <valueCode value="22796"/>
    </property>
  </concept>
  <concept>
    <code value="PharmaceuticalEntityNamePartQualifiers"/>
    <display value="PharmaceuticalEntityNamePartQualifiers"/>
    <definition value="**Description:** Medication Name Parts are a means of specifying a range of acceptable &quot;official&quot; forms of the name of a product. They are used as patterns against which input name strings may be matched for automatic identification of products from input text reports. While they cover the concepts held under &quot;doseForm&quot; or &quot;route&quot; or &quot;strength&quot; the name parts are not the same and do not fit into a controlled vocabulary in the same way. By specifying up to 8 name parts a much larger range of possible names can be generated."/>
    <property>
      <code value="notSelectable"/>
      <valueBoolean value="true"/>
    </property>
    <property>
      <code value="status"/>
      <valueCode value="active"/>
    </property>
    <property>
      <code value="internalId"/>
      <valueCode value="22988"/>
    </property>
    <concept>
      <code value="CON"/>
      <display value="container name"/>
      <definition value="**Description:** This refers to the container if present in the medicinal product name.&#xD;&#xA;&#xD;&#xA;EXAMPLES:&#xD;&#xA;&#xD;&#xA; *  For Optaflu suspension for injection in pre-filled syringe Influenza vaccine (surface antigen, inactivated, prepared in cell culture) (2007/2008 season): pre-filled syringe"/>
      <property>
        <code value="status"/>
        <valueCode value="active"/>
      </property>
      <property>
        <code value="internalId"/>
        <valueCode value="22994"/>
      </property>
    </concept>
    <concept>
      <code value="DEV"/>
      <display value="device name"/>
      <definition value="**Description:** This refers to the qualifiers in the name for devices and is at the moment mainly applicable to insulins and inhalation products.&#xD;&#xA;&#xD;&#xA;EXAMPLES:&#xD;&#xA;&#xD;&#xA; *  For the medicinal product Actrapid FlexPen 100 IU/ml Solution for injection Subcutaneous use: FlexPen."/>
      <property>
        <code value="status"/>
        <valueCode value="active"/>
      </property>
      <property>
        <code value="internalId"/>
        <valueCode value="22995"/>
      </property>
    </concept>
    <concept>
      <code value="FLAV"/>
      <display value="FlavorName"/>
      <definition value="**Description:** This refers to a flavor of the medicinal product if present in the medicinal product name.&#xD;&#xA;&#xD;&#xA;**Examples:**&#xD;&#xA;&#xD;&#xA; *  For 'CoughCure Linctus Orange Flavor', the flavor part is &quot;Orange&quot;&#xD;&#xA; *  For 'Wonderdrug Syrup Cherry Flavor', the flavor part is &quot;Cherry&quot;"/>
      <property>
        <code value="status"/>
        <valueCode value="active"/>
      </property>
      <property>
        <code value="internalId"/>
        <valueCode value="23318"/>
      </property>
    </concept>
    <concept>
      <code value="FORMUL"/>
      <display value="FormulationPartName"/>
      <definition value="**Description:** This refers to the formulation of the medicinal product if present in the medicinal product name.&#xD;&#xA;&#xD;&#xA;**Examples:**&#xD;&#xA;&#xD;&#xA; *  For 'SpecialMed Sugar Free Cough Syrup', the formulation name part is &quot;Sugar Free&quot;&#xD;&#xA; *  For 'QuickCure Gluten-free Bulk Fibre', the formulation name part is &quot;gluten-free&quot;"/>
      <property>
        <code value="status"/>
        <valueCode value="active"/>
      </property>
      <property>
        <code value="internalId"/>
        <valueCode value="23316"/>
      </property>
    </concept>
    <concept>
      <code value="FRM"/>
      <display value="form name"/>
      <definition value="**Description:** This refers to the pharmaceutical form/ if present in the medicinal product name.&#xD;&#xA;&#xD;&#xA;EXAMPLES:&#xD;&#xA;&#xD;&#xA; *  For Agenerase 50 mg soft capsules: Soft Capsules&#xD;&#xA; *  For Ludiomil 25mg-Filmtabletten: Filmtabletten&#xD;&#xA; *  For Optaflu suspension for injection in pre-filled syringe Influenza vaccine (surface antigen, inactivated, prepared in cell culture) (2007/2008 season): suspension for injection"/>
      <property>
        <code value="status"/>
        <valueCode value="active"/>
      </property>
      <property>
        <code value="internalId"/>
        <valueCode value="22992"/>
      </property>
    </concept>
    <concept>
      <code value="INV"/>
      <display value="invented name"/>
      <definition value="**Description:** This refers to the product name without the trademark or the name of the marketing authorization holder or any other descriptor reflected in the product name and, if appropriate, whether it is intended e.g. for babies, children or adults.&#xD;&#xA;&#xD;&#xA;EXAMPLES:&#xD;&#xA;&#xD;&#xA; *  Agenerase&#xD;&#xA; *  Optaflu&#xD;&#xA; *  Ludiomil"/>
      <property>
        <code value="status"/>
        <valueCode value="active"/>
      </property>
      <property>
        <code value="internalId"/>
        <valueCode value="22989"/>
      </property>
    </concept>
    <concept>
      <code value="POPUL"/>
      <display value="TargetPopulationName"/>
      <definition value="**Description:** This refers to the target population for the medicinal product if present in the medicinal product name&#xD;&#xA;&#xD;&#xA;**Examples:**&#xD;&#xA;&#xD;&#xA; *  For 'Broncho-Drug 3.5 mg-capsules for children', the target population part is &quot;children&quot;&#xD;&#xA; *  For 'Adult Chesty Cough Syrup', the target population part is &quot;adult&quot;"/>
      <property>
        <code value="status"/>
        <valueCode value="active"/>
      </property>
      <property>
        <code value="internalId"/>
        <valueCode value="23315"/>
      </property>
    </concept>
    <concept>
      <code value="SCI"/>
      <display value="scientific name"/>
      <definition value="**Description:** This refers to the product common or scientific name without the trademark or the name of the marketing authorization holder or any other descriptor reflected in the product name.&#xD;&#xA;&#xD;&#xA;EXAMPLES:&#xD;&#xA;&#xD;&#xA; *  For Agenerase: N/A&#xD;&#xA; *  For Optaflu: Influenza vaccine (surface antigen, inactivated, prepared in cell culture) (2007/2008 season)&#xD;&#xA; *  For Ludiomil: N/A"/>
      <property>
        <code value="status"/>
        <valueCode value="active"/>
      </property>
      <property>
        <code value="internalId"/>
        <valueCode value="22990"/>
      </property>
    </concept>
    <concept>
      <code value="STR"/>
      <display value="strength name"/>
      <definition value="**Description:** This refers to the strength if present in the medicinal product name. The use of decimal points should be accommodated if required.&#xD;&#xA;&#xD;&#xA;EXAMPLES:&#xD;&#xA;&#xD;&#xA; *  For Agenerase 50 mg soft capsules: 50mg&#xD;&#xA; *  For Ludiomil 25mg-Filmtabletten: 25 mg&#xD;&#xA; *  For Optaflu suspension for injection in pre-filled syringe Influenza vaccine (surface antigen, inactivated, prepared in cell culture) (2007/2008 season): N/A"/>
      <property>
        <code value="status"/>
        <valueCode value="active"/>
      </property>
      <property>
        <code value="internalId"/>
        <valueCode value="22991"/>
      </property>
    </concept>
    <concept>
      <code value="TIME"/>
      <display value="TimeOrPeriodName"/>
      <definition value="**Description:** This refers to a time or time period that may be specified in the text of the medicinal product name&#xD;&#xA;&#xD;&#xA;**Example:**&#xD;&#xA;&#xD;&#xA; *  For an influenza vaccine 'Drug-FLU season 2008/2009', the time/period part is &quot;2008/2009 season&quot;"/>
      <property>
        <code value="status"/>
        <valueCode value="active"/>
      </property>
      <property>
        <code value="internalId"/>
        <valueCode value="23317"/>
      </property>
    </concept>
    <concept>
      <code value="TMK"/>
      <display value="trademark name"/>
      <definition value="**Description:** This refers to trademark/company element if present in the medicinal product name.&#xD;&#xA;&#xD;&#xA;EXAMPLES:&#xD;&#xA;&#xD;&#xA; *  for Insulin Human Winthrop Comb 15: Winthrop"/>
      <property>
        <code value="status"/>
        <valueCode value="active"/>
      </property>
      <property>
        <code value="internalId"/>
        <valueCode value="22996"/>
      </property>
    </concept>
    <concept>
      <code value="USE"/>
      <display value="intended use name"/>
      <definition value="**Description:** This refers to the intended use if present in the medicinal product name without the trademark or the name of the marketing authorization holder or any other descriptor reflected in the product name.&#xD;&#xA;&#xD;&#xA;**Examples:**&#xD;&#xA;&#xD;&#xA; *  For 'Drug-BI Caplets - Heartburn Relief', the intended use part is: &quot;Heartburn Relief&quot;&#xD;&#xA; *  For 'Medicine Honey Syrup for Soothing Coughs' the intended use part is &quot;Soothing Coughs&quot;"/>
      <property>
        <code value="status"/>
        <valueCode value="active"/>
      </property>
      <property>
        <code value="internalId"/>
        <valueCode value="22993"/>
      </property>
    </concept>
  </concept>
  <concept>
    <code value="SFX"/>
    <display value="suffix"/>
    <definition value="**Description:**A suffix has a strong association to the immediately preceding name part. A suffix has no implicit leading white space (it has implicit trailing white space though)."/>
    <property>
      <code value="status"/>
      <valueCode value="active"/>
    </property>
    <property>
      <code value="internalId"/>
      <valueCode value="22797"/>
    </property>
  </concept>
  <concept>
    <code value="TitleStyles"/>
    <display value="TitleStyles"/>
    <definition value="**Description:**Extra information about the style of a title"/>
    <property>
      <code value="notSelectable"/>
      <valueBoolean value="true"/>
    </property>
    <property>
      <code value="status"/>
      <valueCode value="active"/>
    </property>
    <property>
      <code value="internalId"/>
      <valueCode value="22798"/>
    </property>
    <concept>
      <code value="AC"/>
      <display value="academic"/>
      <definition value="**Description:**Indicates that a title like &quot;Dr.&quot;, &quot;M.D.&quot; or &quot;Ph.D.&quot; is an academic title."/>
      <property>
        <code value="status"/>
        <valueCode value="active"/>
      </property>
      <property>
        <code value="internalId"/>
        <valueCode value="22799"/>
      </property>
    </concept>
    <concept>
      <code value="HON"/>
      <display value="honorific"/>
      <definition value="**Description:**A honorific such as &quot;The Right Honourable&quot; or &quot;Weledelgeleerde Heer&quot;."/>
      <property>
        <code value="status"/>
        <valueCode value="active"/>
      </property>
      <property>
        <code value="synonymCode"/>
        <valueCode value="HOM"/>
      </property>
      <property>
        <code value="internalId"/>
        <valueCode value="22802"/>
      </property>
    </concept>
    <concept>
      <code value="HOM"/>
      <display value="honorific"/>
      <definition value="**Description:**A honorific such as &quot;The Right Honourable&quot; or &quot;Weledelgeleerde Heer&quot;."/>
      <property>
        <code value="status"/>
        <valueCode value="retired"/>
      </property>
      <property>
        <code value="synonymCode"/>
        <valueCode value="HON"/>
      </property>
      <property>
        <code value="internalId"/>
        <valueCode value="22802"/>
      </property>
    </concept>
    <concept>
      <code value="NB"/>
      <display value="nobility"/>
      <definition value="**Description:**A nobility title such as Sir, Count, Grafin."/>
      <property>
        <code value="status"/>
        <valueCode value="active"/>
      </property>
      <property>
        <code value="internalId"/>
        <valueCode value="22801"/>
      </property>
    </concept>
    <concept>
      <code value="PR"/>
      <display value="professional"/>
      <definition value="**Description:**Primarily in the British Imperial culture people tend to have an abbreviation of their professional organization as part of their credential titles."/>
      <property>
        <code value="status"/>
        <valueCode value="active"/>
      </property>
      <property>
        <code value="internalId"/>
        <valueCode value="22800"/>
      </property>
    </concept>
  </concept>
</CodeSystem>