<?xml version="1.0" encoding="UTF-8"?>

<CodeSystem xmlns="http://hl7.org/fhir">
  <id value="v3-nciThesaurus"/>
  <text>
    <status value="generated"/><div xmlns="http://www.w3.org/1999/xhtml"><p>This case-sensitive code system <code>http://ncicb.nci.nih.gov/xml/owl/EVS/Thesaurus.owl</code> defines codes, but no codes are represented here</p></div>
  </text>
  <url value="http://ncicb.nci.nih.gov/xml/owl/EVS/Thesaurus.owl"/>
  <identifier>
    <system value="urn:ietf:rfc:3986"/>
    <value value="urn:oid:2.16.840.1.113883.3.26.1.1"/>
  </identifier>
  <version value="0.1.0"/>
  <name value="NciThesaurus"/>
  <title value="NCI Thesaurus"/>
  <status value="active"/>
  <experimental value="false"/>
  <date value="2022-10-13T00:00:00-04:00"/>
  <publisher value="SatuSehat"/>
  <contact>
    <name value="SatuSehat"/>
    <telecom>
      <system value="url"/>
      <value value="https://satusehat.kemkes.go.id/"/>
    </telecom>
    <telecom>
      <system value="email"/>
      <value value="fhir@dto.kemkes.go.id"/>
    </telecom>
  </contact>
  <description value="NCI Thesaurus NCI Thesaurus is a biomedical thesaurus created specifically to meet the needs of the cancer research community, especially those engaged in translational research NCI Thesaurus is produced by the NCI Enterprise Vocabulary Services project. The NCI Thesaurus is provided under an open content license."/>
  <caseSensitive value="true"/>
  <content value="not-present"/>
</CodeSystem>