<?xml version="1.0" encoding="UTF-8"?>

<CodeSystem xmlns="http://hl7.org/fhir">
  <id value="ICD11MMS"/>
  <text>
    <status value="generated"/><div xmlns="http://www.w3.org/1999/xhtml"><p>This case-sensitive code system <code>http://id.who.int/icd/release/11/mms</code> defines codes, but no codes are represented here</p></div>
  </text>
  <url value="http://id.who.int/icd/release/11/mms"/>
  <version value="0.1.0"/>
  <name value="ICD11MMS"/>
  <title value="International Classification of Diseases, 11th Revision Mortality and Morbidity Statistics (MMS)"/>
  <status value="active"/>
  <experimental value="false"/>
  <date value="2022-11-15T00:00:00-00:00"/>
  <publisher value="SatuSehat"/>
  <contact>
    <name value="SatuSehat"/>
    <telecom>
      <system value="url"/>
      <value value="https://satusehat.kemkes.go.id/"/>
    </telecom>
    <telecom>
      <system value="email"/>
      <value value="fhir@dto.kemkes.go.id"/>
    </telecom>
  </contact>
  <description value="The International Classification of Diseases, 11th Revision Mortality and Morbidity Statistics (MMS) is one of the ICD11 linearizations. Information about the ICD Foundation Component and the ICD11 Linearizations can be found in the complete reference guide here: [https://icd.who.int/icd11refguide/en/index.html](https://icd.who.int/icd11refguide/en/index.html)&#xD;&#xA;&#xD;&#xA;&quot;**The ICD11 Linearizations (Tabular lists)**&#xD;&#xA;&#xD;&#xA;A linearization is a subset of the foundation component, that is:&#xD;&#xA;&#xD;&#xA;1. fit for a particular purpose: reporting mortality, morbidity, primary care or other uses;&#xD;&#xA;&#xD;&#xA; 2. composed of entities that are Mutually Exclusive of each other; &#xD;&#xA;&#xD;&#xA;3. each entity is given a single parent.&#xD;&#xA;&#xD;&#xA;Linearization is similar to the classical print versions of ICD Tabular List (e.g. volume I of ICD-10 or other previous editions). The main linearization of ICD-11 is Mortality and Morbidity Statistics (MMS). Various linearizations could be built at different granularity, use case or other purposes such as for Primary Care, Clinical Care or Research. The linkage from the foundation component to a particular linearization will ensure consistent use of the ICD.&quot;&#xD;&#xA;&#xD;&#xA;ICD-11 for Mortality and Morbidity (ICD-11 MMS) can be downloaded in either print or electronic (spreadsheet) format from the  browser in the Info tab located [here](https://icd.who.int/browse11/l-m/en)"/>
  <copyright value="The WHO grants a license for &quot;commercial and non-commercial use&quot; of ICD-11&#xD;&#xA;&#xD;&#xA;CC BY-ND 3.0 IGO&#xD;&#xA;&#xD;&#xA;Detailed information can be found here: [https://icd.who.int/en/docs/icd11-license.pdf](https://icd.who.int/en/docs/icd11-license.pdf)&#xD;&#xA;&#xD;&#xA;Contact licensing@who.int to obtain further information."/>
  <caseSensitive value="true"/>
  <content value="not-present"/>
</CodeSystem>