<?xml version="1.0" encoding="UTF-8"?>

<CodeSystem xmlns="http://hl7.org/fhir">
  <id value="KemkesCompositionSectionCS"/>
  <language value="Indonesia"/>
  <text>
    <status value="generated"/><div xmlns="http://www.w3.org/1999/xhtml" xml:lang="Indonesia" lang="Indonesia"><p>This case-sensitive code system <code>http://terminology.kemkes.go.id/CodeSystem/composition-section</code> defines the following codes in a Is-A heirarchy:</p><table class="codes"><tr><td style="white-space:nowrap"><b>Code</b></td><td><b>Display</b></td></tr><tr><td style="white-space:nowrap">COS000001<a name="KemkesCompositionSectionCS-COS000001"> </a></td><td>Keadaan Saat Masuk </td></tr><tr><td style="white-space:nowrap">COS000002<a name="KemkesCompositionSectionCS-COS000002"> </a></td><td>Kondisi Medis/Faktor Risiko</td></tr><tr><td style="white-space:nowrap">COS000003<a name="KemkesCompositionSectionCS-COS000003"> </a></td><td>Pengambilan Spesimen</td></tr><tr><td style="white-space:nowrap">COS000004<a name="KemkesCompositionSectionCS-COS000004"> </a></td><td>Hasil Pemeriksaan Laboratorium</td></tr><tr><td style="white-space:nowrap">COS000005<a name="KemkesCompositionSectionCS-COS000005"> </a></td><td>Form Keluar</td></tr><tr><td style="white-space:nowrap">COS000006<a name="KemkesCompositionSectionCS-COS000006"> </a></td><td>Deteksi Dini Hipertensi</td></tr><tr><td style="white-space:nowrap">COS000007<a name="KemkesCompositionSectionCS-COS000007"> </a></td><td>Deteksi Dini Obesitas</td></tr><tr><td style="white-space:nowrap">COS000008<a name="KemkesCompositionSectionCS-COS000008"> </a></td><td>Deteksi Dini Penyakit Jantung</td></tr><tr><td style="white-space:nowrap">COS000009<a name="KemkesCompositionSectionCS-COS000009"> </a></td><td>Deteksi Dini Diabetes Melitus</td></tr><tr><td style="white-space:nowrap">COS000010<a name="KemkesCompositionSectionCS-COS000010"> </a></td><td>Deteksi Dini Stroke</td></tr><tr><td style="white-space:nowrap">COS000011<a name="KemkesCompositionSectionCS-COS000011"> </a></td><td>Deteksi Dini Asam Urat</td></tr><tr><td style="white-space:nowrap">COS000012<a name="KemkesCompositionSectionCS-COS000012"> </a></td><td>Deteksi Dini Kanker</td></tr><tr><td style="white-space:nowrap">COS000013<a name="KemkesCompositionSectionCS-COS000013"> </a></td><td>Deteksi Dini Thalassemia</td></tr><tr><td style="white-space:nowrap">COS000014<a name="KemkesCompositionSectionCS-COS000014"> </a></td><td>Deteksi dini PPOK</td></tr><tr><td style="white-space:nowrap">COS000015<a name="KemkesCompositionSectionCS-COS000015"> </a></td><td>Deteksi Dini Gangguan Penglihatan</td></tr><tr><td style="white-space:nowrap">COS000016<a name="KemkesCompositionSectionCS-COS000016"> </a></td><td>Deteksi Dini Gangguan Pendengaran</td></tr></table></div>
  </text>
  <url value="http://terminology.kemkes.go.id/CodeSystem/composition-section"/>
  <version value="0.1.0"/>
  <name value="KemkesCompositionSectionCS"/>
  <title value="Terminology Kemkes composition section CodeSystem"/>
  <status value="active"/>
  <experimental value="false"/>
  <date value="2024-02-05T00:00:00.000Z"/>
  <publisher value="Thomas Chaidir"/>
  <contact>
    <name value="Thomas Chaidir"/>
    <telecom>
      <system value="url"/>
      <value value="https://satusehat.kemkes.go.id/"/>
    </telecom>
  </contact>
  <description value="Terminology Kemkes composition section CodeSystem"/>
  <caseSensitive value="true"/>
  <valueSet value="http://terminology.kemkes.go.id/ValueSet/composition-section"/>
  <hierarchyMeaning value="is-a"/>
  <compositional value="false"/>
  <versionNeeded value="true"/>
  <content value="complete"/>
  <count value="16"/>
  <concept>
    <code value="COS000001"/>
    <display value="Keadaan Saat Masuk "/>
  </concept>
  <concept>
    <code value="COS000002"/>
    <display value="Kondisi Medis/Faktor Risiko"/>
  </concept>
  <concept>
    <code value="COS000003"/>
    <display value="Pengambilan Spesimen"/>
  </concept>
  <concept>
    <code value="COS000004"/>
    <display value="Hasil Pemeriksaan Laboratorium"/>
  </concept>
  <concept>
    <code value="COS000005"/>
    <display value="Form Keluar"/>
  </concept>
  <concept>
    <code value="COS000006"/>
    <display value="Deteksi Dini Hipertensi"/>
  </concept>
  <concept>
    <code value="COS000007"/>
    <display value="Deteksi Dini Obesitas"/>
  </concept>
  <concept>
    <code value="COS000008"/>
    <display value="Deteksi Dini Penyakit Jantung"/>
  </concept>
  <concept>
    <code value="COS000009"/>
    <display value="Deteksi Dini Diabetes Melitus"/>
  </concept>
  <concept>
    <code value="COS000010"/>
    <display value="Deteksi Dini Stroke"/>
  </concept>
  <concept>
    <code value="COS000011"/>
    <display value="Deteksi Dini Asam Urat"/>
  </concept>
  <concept>
    <code value="COS000012"/>
    <display value="Deteksi Dini Kanker"/>
  </concept>
  <concept>
    <code value="COS000013"/>
    <display value="Deteksi Dini Thalassemia"/>
  </concept>
  <concept>
    <code value="COS000014"/>
    <display value="Deteksi dini PPOK"/>
  </concept>
  <concept>
    <code value="COS000015"/>
    <display value="Deteksi Dini Gangguan Penglihatan"/>
  </concept>
  <concept>
    <code value="COS000016"/>
    <display value="Deteksi Dini Gangguan Pendengaran"/>
  </concept>
</CodeSystem>