<?xml version="1.0" encoding="UTF-8"?>

<CodeSystem xmlns="http://hl7.org/fhir">
  <id value="v3-EntityNamePartQualifier"/>
  <language value="en"/>
  <text>
    <status value="generated"/><div xml:lang="en" xmlns="http://www.w3.org/1999/xhtml" lang="en"><p><b>Properties</b></p><p><b>This code system  defines the following properties for its concepts</b></p><table class="grid"><tr><td><b>Code</b></td><td><b>URI</b></td><td><b>Type</b></td><td><b>Description</b></td></tr><tr><td>Specializes</td><td/><td>Coding</td><td>The child code is a more narrow version of the concept represented by the parent code.  I.e. Every child concept is also a valid parent concept.  Used to allow determination of subsumption.  Must be transitive, irreflexive, antisymmetric.</td></tr><tr><td>Generalizes</td><td/><td>Coding</td><td>Inverse of Specializes.  Only included as a derived relationship.</td></tr><tr><td>internalId</td><td>http://terminology.hl7.org/CodeSystem/utg-concept-properties#v3-internal-id</td><td>code</td><td>The internal identifier for the concept in the HL7 Access database repository.</td></tr><tr><td>status</td><td>http://hl7.org/fhir/concept-properties#status</td><td>code</td><td>Designation of a concept's state.  Normally is not populated unless the state is retired..</td></tr><tr><td>notSelectable</td><td>http://hl7.org/fhir/concept-properties#notSelectable</td><td>boolean</td><td>Indicates that the code is abstract - only intended to be used as a selector for other concepts</td></tr><tr><td>subsumedBy</td><td>http://hl7.org/fhir/concept-properties#parent</td><td>code</td><td>The concept code of a parent concept</td></tr></table><p><b>Concepts</b></p><p>This case-sensitive code system <code>http://terminology.hl7.org/CodeSystem/v3-EntityNamePartQualifier</code> defines the following codes in a Is-A heirarchy:</p><table class="codes"><tr><td><b>Lvl</b></td><td style="white-space:nowrap"><b>Code</b></td><td><b>Display</b></td><td><b>Definition</b></td><td><b>internalId</b></td><td><b>status</b></td><td><b>Not Selectable</b></td><td><b>Parent</b></td></tr><tr><td>1</td><td style="white-space:nowrap">_OrganizationNamePartQualifier<a name="v3-EntityNamePartQualifier-_OrganizationNamePartQualifier"> </a></td><td>OrganizationNamePartQualifier</td><td/><td>21072</td><td>active</td><td>true</td><td/></tr><tr><td>2</td><td style="white-space:nowrap">  AC<a name="v3-EntityNamePartQualifier-AC"> </a></td><td>academic</td><td><div><p>Indicates that a prefix like &quot;Dr.&quot; or a suffix like &quot;M.D.&quot; or &quot;Ph.D.&quot; is an academic title.</p>
</div></td><td>10668</td><td>active</td><td/><td>_OrganizationNamePartQualifier, _PersonNamePartAffixTypes</td></tr><tr><td>2</td><td style="white-space:nowrap">  AD<a name="v3-EntityNamePartQualifier-AD"> </a></td><td>adopted</td><td><div><p>The name the person was given at the time of adoption.</p>
</div></td><td>21320</td><td>active</td><td/><td>_OrganizationNamePartQualifier, _PersonNamePartChangeQualifier</td></tr><tr><td>2</td><td style="white-space:nowrap">  BR<a name="v3-EntityNamePartQualifier-BR"> </a></td><td>birth</td><td><div><p>A name that a person had shortly after being born. Usually for family names but may be used to mark given names at birth that may have changed later.</p>
</div></td><td>10661</td><td>active</td><td/><td>_OrganizationNamePartQualifier, _PersonNamePartChangeQualifier</td></tr><tr><td>2</td><td style="white-space:nowrap">  CL<a name="v3-EntityNamePartQualifier-CL"> </a></td><td>callme</td><td><div><p>A callme name is (usually a given name) that is preferred when a person is directly addressed.</p>
</div></td><td>10673</td><td>active</td><td/><td>_OrganizationNamePartQualifier, _PersonNamePartMiscQualifier</td></tr><tr><td>2</td><td style="white-space:nowrap">  IN<a name="v3-EntityNamePartQualifier-IN"> </a></td><td>initial</td><td><div><p>Indicates that a name part is just an initial. Initials do not imply a trailing period since this would not work with non-Latin scripts. Initials may consist of more than one letter, e.g., &quot;Ph.&quot; could stand for &quot;Philippe&quot; or &quot;Th.&quot; for &quot;Thomas&quot;.</p>
</div></td><td>17938</td><td>active</td><td/><td>_OrganizationNamePartQualifier, _PersonNamePartQualifier</td></tr><tr><td>2</td><td style="white-space:nowrap">  LS<a name="v3-EntityNamePartQualifier-LS"> </a></td><td>Legal status</td><td><div><p>For organizations a suffix indicating the legal status, e.g., &quot;Inc.&quot;, &quot;Co.&quot;, &quot;AG&quot;, &quot;GmbH&quot;, &quot;B.V.&quot; &quot;S.A.&quot;, &quot;Ltd.&quot; etc.</p>
</div></td><td>15890</td><td>active</td><td/><td>_OrganizationNamePartQualifier</td></tr><tr><td>2</td><td style="white-space:nowrap">  NB<a name="v3-EntityNamePartQualifier-NB"> </a></td><td>nobility</td><td><div><p>In Europe and Asia, there are still people with nobility titles (aristocrats). German &quot;von&quot; is generally a nobility title, not a mere voorvoegsel. Others are &quot;Earl of&quot; or &quot;His Majesty King of...&quot; etc. Rarely used nowadays, but some systems do keep track of this.</p>
</div></td><td>10670</td><td>active</td><td/><td>_OrganizationNamePartQualifier, _PersonNamePartAffixTypes</td></tr><tr><td>2</td><td style="white-space:nowrap">  PR<a name="v3-EntityNamePartQualifier-PR"> </a></td><td>professional</td><td><div><p>Primarily in the British Imperial culture people tend to have an abbreviation of their professional organization as part of their credential suffices.</p>
</div></td><td>10669</td><td>active</td><td/><td>_OrganizationNamePartQualifier, _PersonNamePartAffixTypes</td></tr><tr><td>2</td><td style="white-space:nowrap">  SP<a name="v3-EntityNamePartQualifier-SP"> </a></td><td>spouse</td><td><div><p>The name assumed from the partner in a marital relationship (hence the &quot;SP&quot;). Usually the spouse's family name. Note that no inference about gender can be made from the existence of spouse names.</p>
</div></td><td>10665</td><td>active</td><td/><td>_OrganizationNamePartQualifier, _PersonNamePartChangeQualifier</td></tr><tr><td>2</td><td style="white-space:nowrap">  TITLE<a name="v3-EntityNamePartQualifier-TITLE"> </a></td><td>title</td><td><div><p>Indicates that a prefix or a suffix is a title that applies to the whole name, not just the adjacent name part.</p>
</div></td><td>21462</td><td>active</td><td/><td>_OrganizationNamePartQualifier, _PersonNamePartQualifier</td></tr><tr><td>2</td><td style="white-space:nowrap">  VV<a name="v3-EntityNamePartQualifier-VV"> </a></td><td>voorvoegsel</td><td><div><p>A Dutch &quot;voorvoegsel&quot; is something like &quot;van&quot; or &quot;de&quot; that might have indicated nobility in the past but no longer so. Similar prefixes exist in other languages such as Spanish, French or Portugese.</p>
</div></td><td>10667</td><td>active</td><td/><td>_OrganizationNamePartQualifier, _PersonNamePartAffixTypes</td></tr><tr><td>1</td><td style="white-space:nowrap">PharmaceuticalEntityNamePartQualifiers<a name="v3-EntityNamePartQualifier-PharmaceuticalEntityNamePartQualifiers"> </a></td><td>PharmaceuticalEntityNamePartQualifiers</td><td><div><p><strong>Description:</strong> Medication Name Parts are a means of specifying a range of acceptable &quot;official&quot; forms of the name of a product. They are used as patterns against which input name strings may be matched for automatic identification of products from input text reports. While they cover the concepts held under &quot;doseForm&quot; or &quot;route&quot; or &quot;strength&quot; the name parts are not the same and do not fit into a controlled vocabulary in the same way. By specifying up to 8 name parts a much larger range of possible names can be generated.</p>
</div></td><td>22979</td><td>active</td><td>true</td><td/></tr><tr><td>2</td><td style="white-space:nowrap">  CON<a name="v3-EntityNamePartQualifier-CON"> </a></td><td>container name</td><td><div><p><strong>Description:</strong> This refers to the container if present in the medicinal product name.</p>
<p>EXAMPLES:</p>
<ul>
<li>For Optaflu suspension for injection in pre-filled syringe Influenza vaccine (surface antigen, inactivated, prepared in cell culture) (2007/2008 season): pre-filled syringe</li>
</ul>
</div></td><td>22985</td><td>active</td><td/><td>PharmaceuticalEntityNamePartQualifiers</td></tr><tr><td>2</td><td style="white-space:nowrap">  DEV<a name="v3-EntityNamePartQualifier-DEV"> </a></td><td>device name</td><td><div><p><strong>Description:</strong> This refers to the qualifiers in the name for devices and is at the moment mainly applicable to insulins and inhalation products.</p>
<p>EXAMPLES:</p>
<ul>
<li>For the medicinal product Actrapid FlexPen 100 IU/ml Solution for injection Subcutaneous use: FlexPen.</li>
</ul>
</div></td><td>22986</td><td>active</td><td/><td>PharmaceuticalEntityNamePartQualifiers</td></tr><tr><td>2</td><td style="white-space:nowrap">  FLAV<a name="v3-EntityNamePartQualifier-FLAV"> </a></td><td>FlavorName</td><td><div><p><strong>Description:</strong> This refers to a flavor of the medicinal product if present in the medicinal product name.</p>
<p><strong>Examples:</strong></p>
<ul>
<li>For 'CoughCure Linctus Orange Flavor', the flavor part is &quot;Orange&quot;</li>
<li>For 'Wonderdrug Syrup Cherry Flavor', the flavor part is &quot;Cherry&quot;</li>
</ul>
</div></td><td>23314</td><td>active</td><td/><td>PharmaceuticalEntityNamePartQualifiers</td></tr><tr><td>2</td><td style="white-space:nowrap">  FORMUL<a name="v3-EntityNamePartQualifier-FORMUL"> </a></td><td>FormulationPartName</td><td><div><p><strong>Description:</strong> This refers to the formulation of the medicinal product if present in the medicinal product name.</p>
<p><strong>Examples:</strong></p>
<ul>
<li>For 'SpecialMed Sugar Free Cough Syrup', the formulation name part is &quot;Sugar Free&quot;</li>
<li>For 'QuickCure Gluten-free Bulk Fibre', the formulation name part is &quot;gluten-free&quot;</li>
</ul>
</div></td><td>23312</td><td>active</td><td/><td>PharmaceuticalEntityNamePartQualifiers</td></tr><tr><td>2</td><td style="white-space:nowrap">  FRM<a name="v3-EntityNamePartQualifier-FRM"> </a></td><td>form name</td><td><div><p><strong>Description:</strong> This refers to the pharmaceutical form/ if present in the medicinal product name.</p>
<p>EXAMPLES:</p>
<ul>
<li>For Agenerase 50 mg soft capsules: Soft Capsules</li>
<li>For Ludiomil 25mg-Filmtabletten: Filmtabletten</li>
<li>For Optaflu suspension for injection in pre-filled syringe Influenza vaccine (surface antigen, inactivated, prepared in cell culture) (2007/2008 season): suspension for injection</li>
</ul>
</div></td><td>22983</td><td>active</td><td/><td>PharmaceuticalEntityNamePartQualifiers</td></tr><tr><td>2</td><td style="white-space:nowrap">  INV<a name="v3-EntityNamePartQualifier-INV"> </a></td><td>invented name</td><td><div><p><strong>Description:</strong> This refers to the product name without the trademark or the name of the marketing authorization holder or any other descriptor reflected in the product name and, if appropriate, whether it is intended e.g. for babies, children or adults.</p>
<p>EXAMPLES:</p>
<ul>
<li>Agenerase</li>
<li>Optaflu</li>
<li>Ludiomil</li>
</ul>
</div></td><td>22980</td><td>active</td><td/><td>PharmaceuticalEntityNamePartQualifiers</td></tr><tr><td>2</td><td style="white-space:nowrap">  POPUL<a name="v3-EntityNamePartQualifier-POPUL"> </a></td><td>TargetPopulationName</td><td><div><p><strong>Description:</strong> This refers to the target population for the medicinal product if present in the medicinal product name</p>
<p><strong>Examples:</strong></p>
<ul>
<li>For 'Broncho-Drug 3.5 mg-capsules for children', the target population part is &quot;children&quot;</li>
<li>For 'Adult Chesty Cough Syrup', the target population part is &quot;adult&quot;</li>
</ul>
</div></td><td>23311</td><td>active</td><td/><td>PharmaceuticalEntityNamePartQualifiers</td></tr><tr><td>2</td><td style="white-space:nowrap">  SCI<a name="v3-EntityNamePartQualifier-SCI"> </a></td><td>scientific name</td><td><div><p><strong>Description:</strong> This refers to the product common or scientific name without the trademark or the name of the marketing authorization holder or any other descriptor reflected in the product name.</p>
<p>EXAMPLES:</p>
<ul>
<li>For Agenerase: N/A</li>
<li>For Optaflu: Influenza vaccine (surface antigen, inactivated, prepared in cell culture) (2007/2008 season)</li>
<li>For Ludiomil: N/A</li>
</ul>
</div></td><td>22981</td><td>active</td><td/><td>PharmaceuticalEntityNamePartQualifiers</td></tr><tr><td>2</td><td style="white-space:nowrap">  STR<a name="v3-EntityNamePartQualifier-STR"> </a></td><td>strength name</td><td><div><p><strong>Description:</strong> This refers to the strength if present in the medicinal product name. The use of decimal points should be accommodated if required.</p>
<p>EXAMPLES:</p>
<ul>
<li>For Agenerase 50 mg soft capsules: 50mg</li>
<li>For Ludiomil 25mg-Filmtabletten: 25 mg</li>
<li>For Optaflu suspension for injection in pre-filled syringe Influenza vaccine (surface antigen, inactivated, prepared in cell culture) (2007/2008 season): N/A</li>
</ul>
</div></td><td>22982</td><td>active</td><td/><td>PharmaceuticalEntityNamePartQualifiers</td></tr><tr><td>2</td><td style="white-space:nowrap">  TIME<a name="v3-EntityNamePartQualifier-TIME"> </a></td><td>TimeOrPeriodName</td><td><div><p><strong>Description:</strong> This refers to a time or time period that may be specified in the text of the medicinal product name</p>
<p><strong>Example:</strong></p>
<ul>
<li>For an influenza vaccine 'Drug-FLU season 2008/2009', the time/period part is &quot;2008/2009 season&quot;</li>
</ul>
</div></td><td>23313</td><td>active</td><td/><td>PharmaceuticalEntityNamePartQualifiers</td></tr><tr><td>2</td><td style="white-space:nowrap">  TMK<a name="v3-EntityNamePartQualifier-TMK"> </a></td><td>trademark name</td><td><div><p><strong>Description:</strong> This refers to trademark/company element if present in the medicinal product name.</p>
<p>EXAMPLES:</p>
<ul>
<li>for Insulin Human Winthrop Comb 15: Winthrop</li>
</ul>
</div></td><td>22987</td><td>active</td><td/><td>PharmaceuticalEntityNamePartQualifiers</td></tr><tr><td>2</td><td style="white-space:nowrap">  USE<a name="v3-EntityNamePartQualifier-USE"> </a></td><td>intended use name</td><td><div><p><strong>Description:</strong> This refers to the intended use if present in the medicinal product name without the trademark or the name of the marketing authorization holder or any other descriptor reflected in the product name.</p>
<p><strong>Examples:</strong></p>
<ul>
<li>For 'Drug-BI Caplets - Heartburn Relief', the intended use part is: &quot;Heartburn Relief&quot;</li>
<li>For 'Medicine Honey Syrup for Soothing Coughs' the intended use part is &quot;Soothing Coughs&quot;</li>
</ul>
</div></td><td>22984</td><td>active</td><td/><td>PharmaceuticalEntityNamePartQualifiers</td></tr><tr style="background-color: #ffeeee"><td>1</td><td style="white-space:nowrap">_PersonNamePartQualifier<a name="v3-EntityNamePartQualifier-_PersonNamePartQualifier"> </a></td><td>PersonNamePartQualifier</td><td/><td>21076</td><td>retired</td><td>true</td><td/></tr><tr style="background-color: #ffeeee"><td>2</td><td style="white-space:nowrap">  _PersonNamePartAffixTypes<a name="v3-EntityNamePartQualifier-_PersonNamePartAffixTypes"> </a></td><td>PersonNamePartAffixTypes</td><td/><td>21073</td><td>retired</td><td>true</td><td>_PersonNamePartQualifier</td></tr><tr><td>3</td><td style="white-space:nowrap">    <a href="#v3-EntityNamePartQualifier-AC">AC</a></td><td>academic</td><td colspan="5"/></tr><tr><td>3</td><td style="white-space:nowrap">    <a href="#v3-EntityNamePartQualifier-NB">NB</a></td><td>nobility</td><td colspan="5"/></tr><tr><td>3</td><td style="white-space:nowrap">    <a href="#v3-EntityNamePartQualifier-PR">PR</a></td><td>professional</td><td colspan="5"/></tr><tr><td>3</td><td style="white-space:nowrap">    <a href="#v3-EntityNamePartQualifier-VV">VV</a></td><td>voorvoegsel</td><td colspan="5"/></tr><tr style="background-color: #ffeeee"><td>2</td><td style="white-space:nowrap">  _PersonNamePartChangeQualifier<a name="v3-EntityNamePartQualifier-_PersonNamePartChangeQualifier"> </a></td><td>PersonNamePartChangeQualifier</td><td/><td>21074</td><td>retired</td><td>true</td><td>_PersonNamePartQualifier</td></tr><tr><td>3</td><td style="white-space:nowrap">    <a href="#v3-EntityNamePartQualifier-AD">AD</a></td><td>adopted</td><td colspan="5"/></tr><tr><td>3</td><td style="white-space:nowrap">    <a href="#v3-EntityNamePartQualifier-BR">BR</a></td><td>birth</td><td colspan="5"/></tr><tr><td>3</td><td style="white-space:nowrap">    <a href="#v3-EntityNamePartQualifier-SP">SP</a></td><td>spouse</td><td colspan="5"/></tr><tr style="background-color: #ffeeee"><td>2</td><td style="white-space:nowrap">  _PersonNamePartMiscQualifier<a name="v3-EntityNamePartQualifier-_PersonNamePartMiscQualifier"> </a></td><td>PersonNamePartMiscQualifier</td><td/><td>21075</td><td>retired</td><td>true</td><td>_PersonNamePartQualifier</td></tr><tr><td>3</td><td style="white-space:nowrap">    <a href="#v3-EntityNamePartQualifier-CL">CL</a></td><td>callme</td><td colspan="5"/></tr><tr><td>2</td><td style="white-space:nowrap">  <a href="#v3-EntityNamePartQualifier-IN">IN</a></td><td>initial</td><td colspan="5"/></tr><tr><td>2</td><td style="white-space:nowrap">  <a href="#v3-EntityNamePartQualifier-TITLE">TITLE</a></td><td>title</td><td colspan="5"/></tr></table></div>
  </text>
  <url value="http://terminology.hl7.org/CodeSystem/v3-EntityNamePartQualifier"/>
  <identifier>
    <system value="urn:ietf:rfc:3986"/>
    <value value="urn:oid:2.16.840.1.113883.5.43"/>
  </identifier>
  <version value="0.1.0"/>
  <name value="EntityNamePartQualifier"/>
  <title value="EntityNamePartQualifier"/>
  <status value="active"/>
  <experimental value="false"/>
  <date value="2019-03-20"/>
  <publisher value="SatuSehat"/>
  <contact>
    <name value="SatuSehat"/>
    <telecom>
      <system value="url"/>
      <value value="https://satusehat.kemkes.go.id/"/>
    </telecom>
    <telecom>
      <system value="email"/>
      <value value="fhir@dto.kemkes.go.id"/>
    </telecom>
  </contact>
  <description value="*OpenIssue:* Needs description"/>
  <copyright value="This material derives from the HL7 Terminology THO. THO is copyright ©1989+ Health Level Seven International and is made available under the CC0 designation. For more licensing information see: https://terminology.hl7.org/license"/>
  <caseSensitive value="true"/>
  <hierarchyMeaning value="is-a"/>
  <content value="complete"/>
  <property>
    <extension url="http://terminology.hl7.org/StructureDefinition/ext-mif-relationship-symmetry">
      <valueCode value="antisymmetric"/>
    </extension>
    <extension url="http://terminology.hl7.org/StructureDefinition/ext-mif-relationship-transitivity">
      <valueCode value="transitive"/>
    </extension>
    <extension url="http://terminology.hl7.org/StructureDefinition/ext-mif-relationship-reflexivity">
      <valueCode value="irreflexive"/>
    </extension>
    <extension url="http://terminology.hl7.org/StructureDefinition/ext-mif-relationship-isNavigable">
      <valueBoolean value="true"/>
    </extension>
    <extension url="http://terminology.hl7.org/StructureDefinition/ext-mif-relationship-relationshipKind">
      <valueCode value="Specializes"/>
    </extension>
    <extension url="http://terminology.hl7.org/StructureDefinition/ext-mif-relationship-inverseName">
      <valueString value="Generalizes"/>
    </extension>
    <code value="Specializes"/>
    <description value="The child code is a more narrow version of the concept represented by the parent code.  I.e. Every child concept is also a valid parent concept.  Used to allow determination of subsumption.  Must be transitive, irreflexive, antisymmetric."/>
    <type value="Coding"/>
  </property>
  <property>
    <extension url="http://terminology.hl7.org/StructureDefinition/ext-mif-relationship-symmetry">
      <valueCode value="antisymmetric"/>
    </extension>
    <extension url="http://terminology.hl7.org/StructureDefinition/ext-mif-relationship-transitivity">
      <valueCode value="transitive"/>
    </extension>
    <extension url="http://terminology.hl7.org/StructureDefinition/ext-mif-relationship-reflexivity">
      <valueCode value="irreflexive"/>
    </extension>
    <extension url="http://terminology.hl7.org/StructureDefinition/ext-mif-relationship-isNavigable">
      <valueBoolean value="true"/>
    </extension>
    <extension url="http://terminology.hl7.org/StructureDefinition/ext-mif-relationship-relationshipKind">
      <valueCode value="Generalizes"/>
    </extension>
    <extension url="http://terminology.hl7.org/StructureDefinition/ext-mif-relationship-inverseName">
      <valueString value="Specializes"/>
    </extension>
    <code value="Generalizes"/>
    <description value="Inverse of Specializes.  Only included as a derived relationship."/>
    <type value="Coding"/>
  </property>
  <property>
    <code value="internalId"/>
    <uri value="http://terminology.hl7.org/CodeSystem/utg-concept-properties#v3-internal-id"/>
    <description value="The internal identifier for the concept in the HL7 Access database repository."/>
    <type value="code"/>
  </property>
  <property>
    <code value="status"/>
    <uri value="http://hl7.org/fhir/concept-properties#status"/>
    <description value="Designation of a concept's state.  Normally is not populated unless the state is retired.."/>
    <type value="code"/>
  </property>
  <property>
    <code value="notSelectable"/>
    <uri value="http://hl7.org/fhir/concept-properties#notSelectable"/>
    <description value="Indicates that the code is abstract - only intended to be used as a selector for other concepts"/>
    <type value="boolean"/>
  </property>
  <property>
    <code value="subsumedBy"/>
    <uri value="http://hl7.org/fhir/concept-properties#parent"/>
    <description value="The concept code of a parent concept"/>
    <type value="code"/>
  </property>
  <concept>
    <code value="_OrganizationNamePartQualifier"/>
    <display value="OrganizationNamePartQualifier"/>
    <property>
      <code value="notSelectable"/>
      <valueBoolean value="true"/>
    </property>
    <property>
      <code value="status"/>
      <valueCode value="active"/>
    </property>
    <property>
      <code value="internalId"/>
      <valueCode value="21072"/>
    </property>
  </concept>
  <concept>
    <code value="PharmaceuticalEntityNamePartQualifiers"/>
    <display value="PharmaceuticalEntityNamePartQualifiers"/>
    <definition value="**Description:** Medication Name Parts are a means of specifying a range of acceptable &quot;official&quot; forms of the name of a product. They are used as patterns against which input name strings may be matched for automatic identification of products from input text reports. While they cover the concepts held under &quot;doseForm&quot; or &quot;route&quot; or &quot;strength&quot; the name parts are not the same and do not fit into a controlled vocabulary in the same way. By specifying up to 8 name parts a much larger range of possible names can be generated."/>
    <property>
      <code value="notSelectable"/>
      <valueBoolean value="true"/>
    </property>
    <property>
      <code value="status"/>
      <valueCode value="active"/>
    </property>
    <property>
      <code value="internalId"/>
      <valueCode value="22979"/>
    </property>
  </concept>
  <concept>
    <code value="_PersonNamePartQualifier"/>
    <display value="PersonNamePartQualifier"/>
    <property>
      <code value="notSelectable"/>
      <valueBoolean value="true"/>
    </property>
    <property>
      <code value="status"/>
      <valueCode value="retired"/>
    </property>
    <property>
      <code value="internalId"/>
      <valueCode value="21076"/>
    </property>
  </concept>
  <concept>
    <code value="AC"/>
    <display value="academic"/>
    <definition value="Indicates that a prefix like &quot;Dr.&quot; or a suffix like &quot;M.D.&quot; or &quot;Ph.D.&quot; is an academic title."/>
    <property>
      <code value="status"/>
      <valueCode value="active"/>
    </property>
    <property>
      <code value="internalId"/>
      <valueCode value="10668"/>
    </property>
    <property>
      <code value="subsumedBy"/>
      <valueCode value="_OrganizationNamePartQualifier"/>
    </property>
    <property>
      <code value="subsumedBy"/>
      <valueCode value="_PersonNamePartAffixTypes"/>
    </property>
  </concept>
  <concept>
    <code value="AD"/>
    <display value="adopted"/>
    <definition value="The name the person was given at the time of adoption."/>
    <property>
      <code value="status"/>
      <valueCode value="active"/>
    </property>
    <property>
      <code value="internalId"/>
      <valueCode value="21320"/>
    </property>
    <property>
      <code value="subsumedBy"/>
      <valueCode value="_OrganizationNamePartQualifier"/>
    </property>
    <property>
      <code value="subsumedBy"/>
      <valueCode value="_PersonNamePartChangeQualifier"/>
    </property>
  </concept>
  <concept>
    <code value="BR"/>
    <display value="birth"/>
    <definition value="A name that a person had shortly after being born. Usually for family names but may be used to mark given names at birth that may have changed later."/>
    <property>
      <code value="status"/>
      <valueCode value="active"/>
    </property>
    <property>
      <code value="internalId"/>
      <valueCode value="10661"/>
    </property>
    <property>
      <code value="subsumedBy"/>
      <valueCode value="_OrganizationNamePartQualifier"/>
    </property>
    <property>
      <code value="subsumedBy"/>
      <valueCode value="_PersonNamePartChangeQualifier"/>
    </property>
  </concept>
  <concept>
    <code value="CL"/>
    <display value="callme"/>
    <definition value="A callme name is (usually a given name) that is preferred when a person is directly addressed."/>
    <property>
      <code value="status"/>
      <valueCode value="active"/>
    </property>
    <property>
      <code value="internalId"/>
      <valueCode value="10673"/>
    </property>
    <property>
      <code value="subsumedBy"/>
      <valueCode value="_OrganizationNamePartQualifier"/>
    </property>
    <property>
      <code value="subsumedBy"/>
      <valueCode value="_PersonNamePartMiscQualifier"/>
    </property>
  </concept>
  <concept>
    <code value="IN"/>
    <display value="initial"/>
    <definition value="Indicates that a name part is just an initial. Initials do not imply a trailing period since this would not work with non-Latin scripts. Initials may consist of more than one letter, e.g., &quot;Ph.&quot; could stand for &quot;Philippe&quot; or &quot;Th.&quot; for &quot;Thomas&quot;."/>
    <property>
      <code value="status"/>
      <valueCode value="active"/>
    </property>
    <property>
      <code value="internalId"/>
      <valueCode value="17938"/>
    </property>
    <property>
      <code value="subsumedBy"/>
      <valueCode value="_OrganizationNamePartQualifier"/>
    </property>
    <property>
      <code value="subsumedBy"/>
      <valueCode value="_PersonNamePartQualifier"/>
    </property>
  </concept>
  <concept>
    <code value="LS"/>
    <display value="Legal status"/>
    <definition value="For organizations a suffix indicating the legal status, e.g., &quot;Inc.&quot;, &quot;Co.&quot;, &quot;AG&quot;, &quot;GmbH&quot;, &quot;B.V.&quot; &quot;S.A.&quot;, &quot;Ltd.&quot; etc."/>
    <property>
      <code value="status"/>
      <valueCode value="active"/>
    </property>
    <property>
      <code value="internalId"/>
      <valueCode value="15890"/>
    </property>
    <property>
      <code value="subsumedBy"/>
      <valueCode value="_OrganizationNamePartQualifier"/>
    </property>
  </concept>
  <concept>
    <code value="NB"/>
    <display value="nobility"/>
    <definition value="In Europe and Asia, there are still people with nobility titles (aristocrats). German &quot;von&quot; is generally a nobility title, not a mere voorvoegsel. Others are &quot;Earl of&quot; or &quot;His Majesty King of...&quot; etc. Rarely used nowadays, but some systems do keep track of this."/>
    <property>
      <code value="status"/>
      <valueCode value="active"/>
    </property>
    <property>
      <code value="internalId"/>
      <valueCode value="10670"/>
    </property>
    <property>
      <code value="subsumedBy"/>
      <valueCode value="_OrganizationNamePartQualifier"/>
    </property>
    <property>
      <code value="subsumedBy"/>
      <valueCode value="_PersonNamePartAffixTypes"/>
    </property>
  </concept>
  <concept>
    <code value="PR"/>
    <display value="professional"/>
    <definition value="Primarily in the British Imperial culture people tend to have an abbreviation of their professional organization as part of their credential suffices."/>
    <property>
      <code value="status"/>
      <valueCode value="active"/>
    </property>
    <property>
      <code value="internalId"/>
      <valueCode value="10669"/>
    </property>
    <property>
      <code value="subsumedBy"/>
      <valueCode value="_OrganizationNamePartQualifier"/>
    </property>
    <property>
      <code value="subsumedBy"/>
      <valueCode value="_PersonNamePartAffixTypes"/>
    </property>
  </concept>
  <concept>
    <code value="SP"/>
    <display value="spouse"/>
    <definition value="The name assumed from the partner in a marital relationship (hence the &quot;SP&quot;). Usually the spouse's family name. Note that no inference about gender can be made from the existence of spouse names."/>
    <property>
      <code value="status"/>
      <valueCode value="active"/>
    </property>
    <property>
      <code value="internalId"/>
      <valueCode value="10665"/>
    </property>
    <property>
      <code value="subsumedBy"/>
      <valueCode value="_OrganizationNamePartQualifier"/>
    </property>
    <property>
      <code value="subsumedBy"/>
      <valueCode value="_PersonNamePartChangeQualifier"/>
    </property>
  </concept>
  <concept>
    <code value="TITLE"/>
    <display value="title"/>
    <definition value="Indicates that a prefix or a suffix is a title that applies to the whole name, not just the adjacent name part."/>
    <property>
      <code value="status"/>
      <valueCode value="active"/>
    </property>
    <property>
      <code value="internalId"/>
      <valueCode value="21462"/>
    </property>
    <property>
      <code value="subsumedBy"/>
      <valueCode value="_OrganizationNamePartQualifier"/>
    </property>
    <property>
      <code value="subsumedBy"/>
      <valueCode value="_PersonNamePartQualifier"/>
    </property>
  </concept>
  <concept>
    <code value="VV"/>
    <display value="voorvoegsel"/>
    <definition value="A Dutch &quot;voorvoegsel&quot; is something like &quot;van&quot; or &quot;de&quot; that might have indicated nobility in the past but no longer so. Similar prefixes exist in other languages such as Spanish, French or Portugese."/>
    <property>
      <code value="status"/>
      <valueCode value="active"/>
    </property>
    <property>
      <code value="internalId"/>
      <valueCode value="10667"/>
    </property>
    <property>
      <code value="subsumedBy"/>
      <valueCode value="_OrganizationNamePartQualifier"/>
    </property>
    <property>
      <code value="subsumedBy"/>
      <valueCode value="_PersonNamePartAffixTypes"/>
    </property>
  </concept>
  <concept>
    <code value="_PersonNamePartAffixTypes"/>
    <display value="PersonNamePartAffixTypes"/>
    <property>
      <code value="notSelectable"/>
      <valueBoolean value="true"/>
    </property>
    <property>
      <code value="status"/>
      <valueCode value="retired"/>
    </property>
    <property>
      <code value="internalId"/>
      <valueCode value="21073"/>
    </property>
    <property>
      <code value="subsumedBy"/>
      <valueCode value="_PersonNamePartQualifier"/>
    </property>
  </concept>
  <concept>
    <code value="_PersonNamePartChangeQualifier"/>
    <display value="PersonNamePartChangeQualifier"/>
    <property>
      <code value="notSelectable"/>
      <valueBoolean value="true"/>
    </property>
    <property>
      <code value="status"/>
      <valueCode value="retired"/>
    </property>
    <property>
      <code value="internalId"/>
      <valueCode value="21074"/>
    </property>
    <property>
      <code value="subsumedBy"/>
      <valueCode value="_PersonNamePartQualifier"/>
    </property>
  </concept>
  <concept>
    <code value="_PersonNamePartMiscQualifier"/>
    <display value="PersonNamePartMiscQualifier"/>
    <property>
      <code value="notSelectable"/>
      <valueBoolean value="true"/>
    </property>
    <property>
      <code value="status"/>
      <valueCode value="retired"/>
    </property>
    <property>
      <code value="internalId"/>
      <valueCode value="21075"/>
    </property>
    <property>
      <code value="subsumedBy"/>
      <valueCode value="_PersonNamePartQualifier"/>
    </property>
  </concept>
  <concept>
    <code value="CON"/>
    <display value="container name"/>
    <definition value="**Description:** This refers to the container if present in the medicinal product name.&#xD;&#xA;&#xD;&#xA;EXAMPLES:&#xD;&#xA;&#xD;&#xA; *  For Optaflu suspension for injection in pre-filled syringe Influenza vaccine (surface antigen, inactivated, prepared in cell culture) (2007/2008 season): pre-filled syringe"/>
    <property>
      <code value="status"/>
      <valueCode value="active"/>
    </property>
    <property>
      <code value="internalId"/>
      <valueCode value="22985"/>
    </property>
    <property>
      <code value="subsumedBy"/>
      <valueCode value="PharmaceuticalEntityNamePartQualifiers"/>
    </property>
  </concept>
  <concept>
    <code value="DEV"/>
    <display value="device name"/>
    <definition value="**Description:** This refers to the qualifiers in the name for devices and is at the moment mainly applicable to insulins and inhalation products.&#xD;&#xA;&#xD;&#xA;EXAMPLES:&#xD;&#xA;&#xD;&#xA; *  For the medicinal product Actrapid FlexPen 100 IU/ml Solution for injection Subcutaneous use: FlexPen."/>
    <property>
      <code value="status"/>
      <valueCode value="active"/>
    </property>
    <property>
      <code value="internalId"/>
      <valueCode value="22986"/>
    </property>
    <property>
      <code value="subsumedBy"/>
      <valueCode value="PharmaceuticalEntityNamePartQualifiers"/>
    </property>
  </concept>
  <concept>
    <code value="FLAV"/>
    <display value="FlavorName"/>
    <definition value="**Description:** This refers to a flavor of the medicinal product if present in the medicinal product name.&#xD;&#xA;&#xD;&#xA;**Examples:**&#xD;&#xA;&#xD;&#xA; *  For 'CoughCure Linctus Orange Flavor', the flavor part is &quot;Orange&quot;&#xD;&#xA; *  For 'Wonderdrug Syrup Cherry Flavor', the flavor part is &quot;Cherry&quot;"/>
    <property>
      <code value="status"/>
      <valueCode value="active"/>
    </property>
    <property>
      <code value="internalId"/>
      <valueCode value="23314"/>
    </property>
    <property>
      <code value="subsumedBy"/>
      <valueCode value="PharmaceuticalEntityNamePartQualifiers"/>
    </property>
  </concept>
  <concept>
    <code value="FORMUL"/>
    <display value="FormulationPartName"/>
    <definition value="**Description:** This refers to the formulation of the medicinal product if present in the medicinal product name.&#xD;&#xA;&#xD;&#xA;**Examples:**&#xD;&#xA;&#xD;&#xA; *  For 'SpecialMed Sugar Free Cough Syrup', the formulation name part is &quot;Sugar Free&quot;&#xD;&#xA; *  For 'QuickCure Gluten-free Bulk Fibre', the formulation name part is &quot;gluten-free&quot;"/>
    <property>
      <code value="status"/>
      <valueCode value="active"/>
    </property>
    <property>
      <code value="internalId"/>
      <valueCode value="23312"/>
    </property>
    <property>
      <code value="subsumedBy"/>
      <valueCode value="PharmaceuticalEntityNamePartQualifiers"/>
    </property>
  </concept>
  <concept>
    <code value="FRM"/>
    <display value="form name"/>
    <definition value="**Description:** This refers to the pharmaceutical form/ if present in the medicinal product name.&#xD;&#xA;&#xD;&#xA;EXAMPLES:&#xD;&#xA;&#xD;&#xA; *  For Agenerase 50 mg soft capsules: Soft Capsules&#xD;&#xA; *  For Ludiomil 25mg-Filmtabletten: Filmtabletten&#xD;&#xA; *  For Optaflu suspension for injection in pre-filled syringe Influenza vaccine (surface antigen, inactivated, prepared in cell culture) (2007/2008 season): suspension for injection"/>
    <property>
      <code value="status"/>
      <valueCode value="active"/>
    </property>
    <property>
      <code value="internalId"/>
      <valueCode value="22983"/>
    </property>
    <property>
      <code value="subsumedBy"/>
      <valueCode value="PharmaceuticalEntityNamePartQualifiers"/>
    </property>
  </concept>
  <concept>
    <code value="INV"/>
    <display value="invented name"/>
    <definition value="**Description:** This refers to the product name without the trademark or the name of the marketing authorization holder or any other descriptor reflected in the product name and, if appropriate, whether it is intended e.g. for babies, children or adults.&#xD;&#xA;&#xD;&#xA;EXAMPLES:&#xD;&#xA;&#xD;&#xA; *  Agenerase&#xD;&#xA; *  Optaflu&#xD;&#xA; *  Ludiomil"/>
    <property>
      <code value="status"/>
      <valueCode value="active"/>
    </property>
    <property>
      <code value="internalId"/>
      <valueCode value="22980"/>
    </property>
    <property>
      <code value="subsumedBy"/>
      <valueCode value="PharmaceuticalEntityNamePartQualifiers"/>
    </property>
  </concept>
  <concept>
    <code value="POPUL"/>
    <display value="TargetPopulationName"/>
    <definition value="**Description:** This refers to the target population for the medicinal product if present in the medicinal product name&#xD;&#xA;&#xD;&#xA;**Examples:**&#xD;&#xA;&#xD;&#xA; *  For 'Broncho-Drug 3.5 mg-capsules for children', the target population part is &quot;children&quot;&#xD;&#xA; *  For 'Adult Chesty Cough Syrup', the target population part is &quot;adult&quot;"/>
    <property>
      <code value="status"/>
      <valueCode value="active"/>
    </property>
    <property>
      <code value="internalId"/>
      <valueCode value="23311"/>
    </property>
    <property>
      <code value="subsumedBy"/>
      <valueCode value="PharmaceuticalEntityNamePartQualifiers"/>
    </property>
  </concept>
  <concept>
    <code value="SCI"/>
    <display value="scientific name"/>
    <definition value="**Description:** This refers to the product common or scientific name without the trademark or the name of the marketing authorization holder or any other descriptor reflected in the product name.&#xD;&#xA;&#xD;&#xA;EXAMPLES:&#xD;&#xA;&#xD;&#xA; *  For Agenerase: N/A&#xD;&#xA; *  For Optaflu: Influenza vaccine (surface antigen, inactivated, prepared in cell culture) (2007/2008 season)&#xD;&#xA; *  For Ludiomil: N/A"/>
    <property>
      <code value="status"/>
      <valueCode value="active"/>
    </property>
    <property>
      <code value="internalId"/>
      <valueCode value="22981"/>
    </property>
    <property>
      <code value="subsumedBy"/>
      <valueCode value="PharmaceuticalEntityNamePartQualifiers"/>
    </property>
  </concept>
  <concept>
    <code value="STR"/>
    <display value="strength name"/>
    <definition value="**Description:** This refers to the strength if present in the medicinal product name. The use of decimal points should be accommodated if required.&#xD;&#xA;&#xD;&#xA;EXAMPLES:&#xD;&#xA;&#xD;&#xA; *  For Agenerase 50 mg soft capsules: 50mg&#xD;&#xA; *  For Ludiomil 25mg-Filmtabletten: 25 mg&#xD;&#xA; *  For Optaflu suspension for injection in pre-filled syringe Influenza vaccine (surface antigen, inactivated, prepared in cell culture) (2007/2008 season): N/A"/>
    <property>
      <code value="status"/>
      <valueCode value="active"/>
    </property>
    <property>
      <code value="internalId"/>
      <valueCode value="22982"/>
    </property>
    <property>
      <code value="subsumedBy"/>
      <valueCode value="PharmaceuticalEntityNamePartQualifiers"/>
    </property>
  </concept>
  <concept>
    <code value="TIME"/>
    <display value="TimeOrPeriodName"/>
    <definition value="**Description:** This refers to a time or time period that may be specified in the text of the medicinal product name&#xD;&#xA;&#xD;&#xA;**Example:**&#xD;&#xA;&#xD;&#xA; *  For an influenza vaccine 'Drug-FLU season 2008/2009', the time/period part is &quot;2008/2009 season&quot;"/>
    <property>
      <code value="status"/>
      <valueCode value="active"/>
    </property>
    <property>
      <code value="internalId"/>
      <valueCode value="23313"/>
    </property>
    <property>
      <code value="subsumedBy"/>
      <valueCode value="PharmaceuticalEntityNamePartQualifiers"/>
    </property>
  </concept>
  <concept>
    <code value="TMK"/>
    <display value="trademark name"/>
    <definition value="**Description:** This refers to trademark/company element if present in the medicinal product name.&#xD;&#xA;&#xD;&#xA;EXAMPLES:&#xD;&#xA;&#xD;&#xA; *  for Insulin Human Winthrop Comb 15: Winthrop"/>
    <property>
      <code value="status"/>
      <valueCode value="active"/>
    </property>
    <property>
      <code value="internalId"/>
      <valueCode value="22987"/>
    </property>
    <property>
      <code value="subsumedBy"/>
      <valueCode value="PharmaceuticalEntityNamePartQualifiers"/>
    </property>
  </concept>
  <concept>
    <code value="USE"/>
    <display value="intended use name"/>
    <definition value="**Description:** This refers to the intended use if present in the medicinal product name without the trademark or the name of the marketing authorization holder or any other descriptor reflected in the product name.&#xD;&#xA;&#xD;&#xA;**Examples:**&#xD;&#xA;&#xD;&#xA; *  For 'Drug-BI Caplets - Heartburn Relief', the intended use part is: &quot;Heartburn Relief&quot;&#xD;&#xA; *  For 'Medicine Honey Syrup for Soothing Coughs' the intended use part is &quot;Soothing Coughs&quot;"/>
    <property>
      <code value="status"/>
      <valueCode value="active"/>
    </property>
    <property>
      <code value="internalId"/>
      <valueCode value="22984"/>
    </property>
    <property>
      <code value="subsumedBy"/>
      <valueCode value="PharmaceuticalEntityNamePartQualifiers"/>
    </property>
  </concept>
</CodeSystem>