<?xml version="1.0" encoding="UTF-8"?>

<CodeSystem xmlns="http://hl7.org/fhir">
  <id value="GCRT"/>
  <text>
    <status value="generated"/><div xmlns="http://www.w3.org/1999/xhtml"><p>This case-sensitive code system <code>http://terminology.hl7.org/CodeSystem/GCRT</code> defines codes, but no codes are represented here</p></div>
  </text>
  <url value="http://terminology.hl7.org/CodeSystem/GCRT"/>
  <identifier>
    <system value="urn:ietf:rfc:3986"/>
    <value value="urn:oid:2.16.840.1.113883.4.80"/>
  </identifier>
  <version value="0.1.0"/>
  <name value="GCRT"/>
  <title value="GCRT"/>
  <status value="retired"/>
  <experimental value="false"/>
  <date value="2021-11-09T10:00:00+10:00"/>
  <publisher value="SatuSehat"/>
  <contact>
    <name value="SatuSehat"/>
    <telecom>
      <system value="url"/>
      <value value="https://satusehat.kemkes.go.id/"/>
    </telecom>
    <telecom>
      <system value="email"/>
      <value value="fhir@dto.kemkes.go.id"/>
    </telecom>
  </contact>
  <description value="GCRT&#xD;&#xA;&#xD;&#xA;Route of Administration Code (1-character)&#xD;&#xA;&#xD;&#xA;a one-character alphanumeric column that provides the normal site or method by which a drug is administered, such as oral, injection, or topical. A GCRT is associated to each GCN\_SEQNO to identify that component of the generic drug formulation."/>
  <caseSensitive value="true"/>
  <content value="not-present"/>
</CodeSystem>