<?xml version="1.0" encoding="UTF-8"?>

<CodeSystem xmlns="http://hl7.org/fhir">
  <id value="abcCodes"/>
  <text>
    <status value="generated"/><div xmlns="http://www.w3.org/1999/xhtml"><p>This case-sensitive code system <code>http://terminology.hl7.org/CodeSystem/abcCodes</code> defines codes, but no codes are represented here</p></div>
  </text>
  <url value="http://terminology.hl7.org/CodeSystem/abcCodes"/>
  <identifier>
    <system value="urn:ietf:rfc:3986"/>
    <value value="urn:oid:2.16.840.1.113883.6.25"/>
  </identifier>
  <version value="0.1.0"/>
  <name value="AbcCodes"/>
  <title value="ABCcodes"/>
  <status value="retired"/>
  <experimental value="false"/>
  <date value="2021-11-09T10:00:00+10:00"/>
  <publisher value="SatuSehat"/>
  <contact>
    <name value="SatuSehat"/>
    <telecom>
      <system value="url"/>
      <value value="https://satusehat.kemkes.go.id/"/>
    </telecom>
    <telecom>
      <system value="email"/>
      <value value="fhir@dto.kemkes.go.id"/>
    </telecom>
  </contact>
  <description value="Five character alphabetic codes fit into current claims processing software or onto standard paper claim forms. ABC Codes give business parity to licensed CAM and nurse providers who file claims to insurance companies. ."/>
  <caseSensitive value="true"/>
  <content value="not-present"/>
</CodeSystem>