<?xml version="1.0" encoding="UTF-8"?>

<CodeSystem xmlns="http://hl7.org/fhir">
  <id value="nmmds"/>
  <text>
    <status value="generated"/><div xmlns="http://www.w3.org/1999/xhtml"><p>This case-sensitive code system <code>http://terminology.hl7.org/CodeSystem/nmmds</code> defines codes, but no codes are represented here</p></div>
  </text>
  <url value="http://terminology.hl7.org/CodeSystem/nmmds"/>
  <identifier>
    <system value="urn:ietf:rfc:3986"/>
    <value value="urn:oid:2.16.840.1.113883.6.23"/>
  </identifier>
  <version value="0.1.0"/>
  <name value="Nmmds"/>
  <title value="Nursing Management Minimum Data Set"/>
  <status value="retired"/>
  <experimental value="false"/>
  <date value="2021-11-09T10:00:00+10:00"/>
  <publisher value="SatuSehat"/>
  <contact>
    <name value="SatuSehat"/>
    <telecom>
      <system value="url"/>
      <value value="https://satusehat.kemkes.go.id/"/>
    </telecom>
    <telecom>
      <system value="email"/>
      <value value="fhir@dto.kemkes.go.id"/>
    </telecom>
  </contact>
  <description value="The NMMDS is the minimum set of items of information with uniform definitions and categories concerning the specific dimension of the context of patient care delivery. It represents the minimum data used to support the management and administration of patient/nursing care delivery across all types of settings. The NMMDS is composed of seventeen (17) data elements organized into three categories: environment, nurse resources, and financial resources. See Tables 1-3 for the elements and related definitions organized by each categories. The NMMDS most appropriately focuses at the first level of accountability for patient/client/family/community nursing care: this may be the delivery unit, service, or center of excellence level. The NMMDS supports numerous constructed variables as well as aggregation of data at the unit, institution, network, and system, etc levels. This minimum data set provides the structure for the collection of uniform information that influences quality of patient care, directly and indirectly."/>
  <caseSensitive value="true"/>
  <content value="not-present"/>
</CodeSystem>