<?xml version="1.0" encoding="UTF-8"?>

<CodeSystem xmlns="http://hl7.org/fhir">
  <id value="v3-ObservationCategory"/>
  <language value="en"/>
  <text>
    <status value="generated"/><div xml:lang="en" xmlns="http://www.w3.org/1999/xhtml" lang="en"><p><b>Properties</b></p><p><b>This code system  defines the following properties for its concepts</b></p><table class="grid"><tr><td><b>Code</b></td><td><b>URI</b></td><td><b>Type</b></td><td><b>Description</b></td></tr><tr><td>Specializes</td><td/><td>Coding</td><td>The child code is a more narrow version of the concept represented by the parent code.  I.e. Every child concept is also a valid parent concept.  Used to allow determination of subsumption.  Must be transitive, irreflexive, antisymmetric.</td></tr><tr><td>Generalizes</td><td/><td>Coding</td><td>Inverse of Specializes.  Only included as a derived relationship.</td></tr><tr><td>internalId</td><td>http://terminology.hl7.org/CodeSystem/utg-concept-properties#v3-internal-id</td><td>code</td><td>The internal identifier for the concept in the HL7 Access database repository.</td></tr><tr><td>status</td><td>http://hl7.org/fhir/concept-properties#status</td><td>code</td><td>Designation of a concept's state. Normally is not populated unless the state is retired.</td></tr></table><p><b>Concepts</b></p><p>This case-sensitive code system <code>http://terminology.hl7.org/CodeSystem/v3-ObservationCategory</code> defines the following codes in a Is-A heirarchy:</p><table class="codes"><tr><td style="white-space:nowrap"><b>Code</b></td><td><b>Display</b></td><td><b>Definition</b></td><td><b>internalId</b></td><td><b>status</b></td></tr><tr><td style="white-space:nowrap">exam<a name="v3-ObservationCategory-exam"> </a></td><td>Exam</td><td>Observations generated by physical exam findings including direct observations made by a clinician and use of simple instruments and the result of simple maneuvers performed directly on the patient's body.</td><td>23740</td><td>active</td></tr><tr><td style="white-space:nowrap">imaging<a name="v3-ObservationCategory-imaging"> </a></td><td>Imaging</td><td>Observations generated by imaging. The scope includes observations, plain x-ray, ultrasound, CT, MRI, angiography, echocardiography, nuclear medicine.</td><td>23736</td><td>active</td></tr><tr><td style="white-space:nowrap">laboratory<a name="v3-ObservationCategory-laboratory"> </a></td><td>Laboratory</td><td>The results of observations generated by laboratories. Laboratory results are typically generated by laboratories providing analytic services in areas such as chemistry, hematology, serology, histology, cytology, anatomic pathology, microbiology, and/or virology. These observations are based on analysis of specimens obtained from the patient and submitted to the laboratory.</td><td>23737</td><td>active</td></tr><tr><td style="white-space:nowrap">procedure<a name="v3-ObservationCategory-procedure"> </a></td><td>Procedure</td><td>Observations generated by other procedures. This category includes observations resulting from interventional and non-interventional procedures excluding lab and imaging (e.g. cardiology catheterization, endoscopy, electrodiagnostics, etc.). Procedure results are typically generated by a clinician to provide more granular information about component observations made during a procedure, such as where a gastroenterologist reports the size of a polyp observed during a colonoscopy.</td><td>23738</td><td>active</td></tr><tr><td style="white-space:nowrap">social-history<a name="v3-ObservationCategory-social-history"> </a></td><td>Social History</td><td>The Social History Observations define the patient's occupational, personal (e.g. lifestyle), social, and environmental history and health risk factors, as well as administrative data such as marital status, race, ethnicity and religious affiliation.</td><td>23734</td><td>active</td></tr><tr><td style="white-space:nowrap">survey<a name="v3-ObservationCategory-survey"> </a></td><td>Survey</td><td>Assessment tool/survey instrument observations (e.g. Apgar Scores, Montreal Cognitive Assessment (MoCA))</td><td>23739</td><td>active</td></tr><tr><td style="white-space:nowrap">therapy<a name="v3-ObservationCategory-therapy"> </a></td><td>Therapy</td><td>Observations generated by non-interventional treatment protocols (e.g. occupational, physical, radiation, nutritional and medication therapy)</td><td>23741</td><td>active</td></tr><tr><td style="white-space:nowrap">vital-signs<a name="v3-ObservationCategory-vital-signs"> </a></td><td>Vital Signs</td><td>Clinical observations measure the body's basic functions such as such as blood pressure, heart rate, respiratory rate, height, weight, body mass index, head circumference, pulse oximetry, temperature, and body surface area.</td><td>23735</td><td>active</td></tr></table></div>
  </text>
  <url value="http://terminology.hl7.org/CodeSystem/v3-ObservationCategory"/>
  <identifier>
    <system value="urn:ietf:rfc:3986"/>
    <value value="urn:oid:2.16.840.1.113883.4.642.1.222"/>
  </identifier>
  <version value="0.1.0"/>
  <name value="ObservationCategory"/>
  <title value="ObservationCategory"/>
  <status value="active"/>
  <experimental value="false"/>
  <date value="2019-03-20"/>
  <publisher value="SatuSehat"/>
  <contact>
    <name value="SatuSehat"/>
    <telecom>
      <system value="url"/>
      <value value="https://satusehat.kemkes.go.id/"/>
    </telecom>
    <telecom>
      <system value="email"/>
      <value value="fhir@dto.kemkes.go.id"/>
    </telecom>
  </contact>
  <description value="High level observation categories for the general type of observation being made.&#xD;&#xA;&#xD;&#xA;URL: http://hl7-fhir.github.io/valueset-observation-category.html&#xD;&#xA;&#xD;&#xA;This is an inline code system http://hl7.org/fhir/observation-category."/>
  <copyright value="This material derives from the HL7 Terminology THO. THO is copyright ©1989+ Health Level Seven International and is made available under the CC0 designation. For more licensing information see: https://terminology.hl7.org/license"/>
  <caseSensitive value="true"/>
  <hierarchyMeaning value="is-a"/>
  <content value="complete"/>
  <property>
    <extension url="http://terminology.hl7.org/StructureDefinition/ext-mif-relationship-symmetry">
      <valueCode value="antisymmetric"/>
    </extension>
    <extension url="http://terminology.hl7.org/StructureDefinition/ext-mif-relationship-transitivity">
      <valueCode value="transitive"/>
    </extension>
    <extension url="http://terminology.hl7.org/StructureDefinition/ext-mif-relationship-reflexivity">
      <valueCode value="irreflexive"/>
    </extension>
    <extension url="http://terminology.hl7.org/StructureDefinition/ext-mif-relationship-isNavigable">
      <valueBoolean value="true"/>
    </extension>
    <extension url="http://terminology.hl7.org/StructureDefinition/ext-mif-relationship-relationshipKind">
      <valueCode value="Specializes"/>
    </extension>
    <extension url="http://terminology.hl7.org/StructureDefinition/ext-mif-relationship-inverseName">
      <valueString value="Generalizes"/>
    </extension>
    <code value="Specializes"/>
    <description value="The child code is a more narrow version of the concept represented by the parent code.  I.e. Every child concept is also a valid parent concept.  Used to allow determination of subsumption.  Must be transitive, irreflexive, antisymmetric."/>
    <type value="Coding"/>
  </property>
  <property>
    <extension url="http://terminology.hl7.org/StructureDefinition/ext-mif-relationship-symmetry">
      <valueCode value="antisymmetric"/>
    </extension>
    <extension url="http://terminology.hl7.org/StructureDefinition/ext-mif-relationship-transitivity">
      <valueCode value="transitive"/>
    </extension>
    <extension url="http://terminology.hl7.org/StructureDefinition/ext-mif-relationship-reflexivity">
      <valueCode value="irreflexive"/>
    </extension>
    <extension url="http://terminology.hl7.org/StructureDefinition/ext-mif-relationship-isNavigable">
      <valueBoolean value="true"/>
    </extension>
    <extension url="http://terminology.hl7.org/StructureDefinition/ext-mif-relationship-relationshipKind">
      <valueCode value="Generalizes"/>
    </extension>
    <extension url="http://terminology.hl7.org/StructureDefinition/ext-mif-relationship-inverseName">
      <valueString value="Specializes"/>
    </extension>
    <code value="Generalizes"/>
    <description value="Inverse of Specializes.  Only included as a derived relationship."/>
    <type value="Coding"/>
  </property>
  <property>
    <code value="internalId"/>
    <uri value="http://terminology.hl7.org/CodeSystem/utg-concept-properties#v3-internal-id"/>
    <description value="The internal identifier for the concept in the HL7 Access database repository."/>
    <type value="code"/>
  </property>
  <property>
    <code value="status"/>
    <uri value="http://hl7.org/fhir/concept-properties#status"/>
    <description value="Designation of a concept's state. Normally is not populated unless the state is retired."/>
    <type value="code"/>
  </property>
  <concept>
    <code value="exam"/>
    <display value="Exam"/>
    <definition value="Observations generated by physical exam findings including direct observations made by a clinician and use of simple instruments and the result of simple maneuvers performed directly on the patient's body."/>
    <property>
      <code value="status"/>
      <valueCode value="active"/>
    </property>
    <property>
      <code value="internalId"/>
      <valueCode value="23740"/>
    </property>
  </concept>
  <concept>
    <code value="imaging"/>
    <display value="Imaging"/>
    <definition value="Observations generated by imaging. The scope includes observations, plain x-ray, ultrasound, CT, MRI, angiography, echocardiography, nuclear medicine."/>
    <property>
      <code value="status"/>
      <valueCode value="active"/>
    </property>
    <property>
      <code value="internalId"/>
      <valueCode value="23736"/>
    </property>
  </concept>
  <concept>
    <code value="laboratory"/>
    <display value="Laboratory"/>
    <definition value="The results of observations generated by laboratories. Laboratory results are typically generated by laboratories providing analytic services in areas such as chemistry, hematology, serology, histology, cytology, anatomic pathology, microbiology, and/or virology. These observations are based on analysis of specimens obtained from the patient and submitted to the laboratory."/>
    <property>
      <code value="status"/>
      <valueCode value="active"/>
    </property>
    <property>
      <code value="internalId"/>
      <valueCode value="23737"/>
    </property>
  </concept>
  <concept>
    <code value="procedure"/>
    <display value="Procedure"/>
    <definition value="Observations generated by other procedures. This category includes observations resulting from interventional and non-interventional procedures excluding lab and imaging (e.g. cardiology catheterization, endoscopy, electrodiagnostics, etc.). Procedure results are typically generated by a clinician to provide more granular information about component observations made during a procedure, such as where a gastroenterologist reports the size of a polyp observed during a colonoscopy."/>
    <property>
      <code value="status"/>
      <valueCode value="active"/>
    </property>
    <property>
      <code value="internalId"/>
      <valueCode value="23738"/>
    </property>
  </concept>
  <concept>
    <code value="social-history"/>
    <display value="Social History"/>
    <definition value="The Social History Observations define the patient's occupational, personal (e.g. lifestyle), social, and environmental history and health risk factors, as well as administrative data such as marital status, race, ethnicity and religious affiliation."/>
    <property>
      <code value="status"/>
      <valueCode value="active"/>
    </property>
    <property>
      <code value="internalId"/>
      <valueCode value="23734"/>
    </property>
  </concept>
  <concept>
    <code value="survey"/>
    <display value="Survey"/>
    <definition value="Assessment tool/survey instrument observations (e.g. Apgar Scores, Montreal Cognitive Assessment (MoCA))"/>
    <property>
      <code value="status"/>
      <valueCode value="active"/>
    </property>
    <property>
      <code value="internalId"/>
      <valueCode value="23739"/>
    </property>
  </concept>
  <concept>
    <code value="therapy"/>
    <display value="Therapy"/>
    <definition value="Observations generated by non-interventional treatment protocols (e.g. occupational, physical, radiation, nutritional and medication therapy)"/>
    <property>
      <code value="status"/>
      <valueCode value="active"/>
    </property>
    <property>
      <code value="internalId"/>
      <valueCode value="23741"/>
    </property>
  </concept>
  <concept>
    <code value="vital-signs"/>
    <display value="Vital Signs"/>
    <definition value="Clinical observations measure the body's basic functions such as such as blood pressure, heart rate, respiratory rate, height, weight, body mass index, head circumference, pulse oximetry, temperature, and body surface area."/>
    <property>
      <code value="status"/>
      <valueCode value="active"/>
    </property>
    <property>
      <code value="internalId"/>
      <valueCode value="23735"/>
    </property>
  </concept>
</CodeSystem>