<?xml version="1.0" encoding="UTF-8"?>

<CodeSystem xmlns="http://hl7.org/fhir">
  <id value="question-max-occurs"/>
  <meta>
    <lastUpdated value="2020-04-09T21:10:28.568+00:00"/>
  </meta>
  <text>
    <status value="generated"/><div xmlns="http://www.w3.org/1999/xhtml"><p>This case-sensitive code system <code>http://terminology.hl7.org/CodeSystem/question-max-occurs</code> defines the following code:</p><table class="codes"><tr><td style="white-space:nowrap"><b>Code</b></td><td><b>Display</b></td><td><b>Definition</b></td></tr><tr><td style="white-space:nowrap">*<a name="question-max-occurs-.42"> </a></td><td>Repeating</td><td>Element can repeat an unlimited number of times.</td></tr></table></div>
  </text>
  <url value="http://terminology.hl7.org/CodeSystem/question-max-occurs"/>
  <identifier>
    <system value="urn:ietf:rfc:3986"/>
    <value value="urn:oid:2.16.840.1.113883.4.642.1.1272"/>
  </identifier>
  <version value="0.1.0"/>
  <name value="MaxOccurs"/>
  <title value="MaxOccurs"/>
  <status value="draft"/>
  <experimental value="false"/>
  <date value="2020-04-09T21:10:28+00:00"/>
  <publisher value="SatuSehat"/>
  <contact>
    <name value="SatuSehat"/>
    <telecom>
      <system value="url"/>
      <value value="https://satusehat.kemkes.go.id/"/>
    </telecom>
    <telecom>
      <system value="email"/>
      <value value="fhir@dto.kemkes.go.id"/>
    </telecom>
  </contact>
  <description value="Flags an element as having unlimited repetitions."/>
  <copyright value="This material derives from the HL7 Terminology (THO). THO is copyright ©1989+ Health Level Seven International and is made available under the CC0 designation. For more licensing information see: https://terminology.hl7.org/license"/>
  <caseSensitive value="true"/>
  <valueSet value="http://terminology.hl7.org/ValueSet/question-max-occurs"/>
  <content value="complete"/>
  <concept>
    <code value="*"/>
    <display value="Repeating"/>
    <definition value="Element can repeat an unlimited number of times."/>
  </concept>
</CodeSystem>