<?xml version="1.0" encoding="UTF-8"?>

<CodeSystem xmlns="http://hl7.org/fhir">
  <id value="OpenEligibilityTaxonomy"/>
  <text>
    <status value="generated"/><div xmlns="http://www.w3.org/1999/xhtml"><p>This case-sensitive code system <code>http://terminology.hl7.org/CodeSystem/OpenEligibilityTaxonomy</code> defines codes, but no codes are represented here</p></div>
  </text>
  <url value="http://terminology.hl7.org/CodeSystem/OpenEligibilityTaxonomy"/>
  <version value="0.1.0"/>
  <name value="OpenEligibilityTaxonomy"/>
  <title value="Open Eligibility Taxonomy"/>
  <status value="active"/>
  <experimental value="false"/>
  <date value="2023-04-21T00:00:00-00:00"/>
  <publisher value="SatuSehat"/>
  <contact>
    <name value="SatuSehat"/>
    <telecom>
      <system value="url"/>
      <value value="https://satusehat.kemkes.go.id/"/>
    </telecom>
    <telecom>
      <system value="email"/>
      <value value="fhir@dto.kemkes.go.id"/>
    </telecom>
  </contact>
  <description value="&quot;The Open Eligibility Project is a collaborative for a series of standards for the human services sector. The Open Eligibility taxonomy is a simple way to categorize human services and human situations. With these common categories, we, as service providers, navigators, and people in need, can find human services quickly and easily.&quot;&#xD;&#xA;&#xD;&#xA;&quot;The Open Eligibility taxonomy consists of two important concepts: Human Services and Human Situations.&#xD;&#xA;&#xD;&#xA;Human Services are services offered by government or charitable organizations, and include things such as housing, food pantries or counseling services.&#xD;&#xA;&#xD;&#xA;Human Situations are ways of describing attributes of a person that could help them find programs they are looking for, including examples like: veterans, physical disability or seniors.&quot;&#xD;&#xA;&#xD;&#xA;For more information, see [https://support.findhelp.com/hc/en-us/articles/4404055283227-The-Open-Eligibility-Project](https://support.findhelp.com/hc/en-us/articles/4404055283227-The-Open-Eligibility-Project)"/>
  <copyright value="&quot;The Open Eligibility Human Services Taxonomy by Aunt Bertha, Inc. is licensed under a Creative Commons Attribution-ShareAlike 3.0 Unported License.&quot;"/>
  <caseSensitive value="true"/>
  <content value="not-present"/>
</CodeSystem>