<?xml version="1.0" encoding="UTF-8"?>

<CodeSystem xmlns="http://hl7.org/fhir">
  <id value="EncounterClassCS"/>
  <text>
    <status value="generated"/><div xmlns="http://www.w3.org/1999/xhtml"><p>This  code system <code>http://terminology.kemkes.go.id/CodeSystem/encounter-class</code> defines the following code:</p><table class="codes"><tr><td style="white-space:nowrap"><b>Code</b></td><td><b>Display</b></td></tr><tr><td style="white-space:nowrap">referred-procedure<a name="EncounterClassCS-referred-procedure"> </a></td><td>Prosedur yang Dirujuk</td></tr></table></div>
  </text>
  <url value="http://terminology.kemkes.go.id/CodeSystem/encounter-class"/>
  <version value="0.1.0"/>
  <name value="EncounterClassCS"/>
  <title value="Encounter Class"/>
  <status value="active"/>
  <date value="2024-02-04T23:26:43+07:00"/>
  <publisher value="Thomas Chaidir"/>
  <contact>
    <name value="Thomas Chaidir"/>
    <telecom>
      <system value="url"/>
      <value value="https://satusehat.kemkes.go.id/"/>
    </telecom>
  </contact>
  <description value="Local ID encounter Class"/>
  <content value="complete"/>
  <count value="1"/>
  <concept>
    <code value="referred-procedure"/>
    <display value="Prosedur yang Dirujuk"/>
  </concept>
</CodeSystem>