<?xml version="1.0" encoding="UTF-8"?>

<CodeSystem xmlns="http://hl7.org/fhir">
  <id value="triggerEventID"/>
  <language value="en"/>
  <text>
    <status value="generated"/><div xml:lang="en" xmlns="http://www.w3.org/1999/xhtml" lang="en"><p><b>Properties</b></p><p><b>This code system  defines the following properties for its concepts</b></p><table class="grid"><tr><td><b>Code</b></td><td><b>URI</b></td><td><b>Type</b></td><td><b>Description</b></td></tr><tr><td>Specializes</td><td/><td>Coding</td><td>The child code is a more narrow version of the concept represented by the parent code.  I.e. Every child concept is also a valid parent concept.  Used to allow determination of subsumption.  Must be transitive, irreflexive, antisymmetric.</td></tr><tr><td>Generalizes</td><td/><td>Coding</td><td>Inverse of Specializes.  Only included as a derived relationship.</td></tr><tr><td>internalId</td><td>http://terminology.hl7.org/CodeSystem/utg-concept-properties#v3-internal-id</td><td>code</td><td>The internal identifier for the concept in the HL7 Access database repository.</td></tr><tr><td>status</td><td>http://hl7.org/fhir/concept-properties#status</td><td>code</td><td>Designation of a concept's state. Normally is not populated unless the state is retired.</td></tr></table><p><b>Concepts</b></p><p>This case-sensitive code system <code>http://terminology.hl7.org/CodeSystem/triggerEventID</code> provides <b>a fragment</b> that includes following codes in a Is-A heirarchy:</p><table class="codes"><tr><td style="white-space:nowrap"><b>Code</b></td><td><b>Display</b></td><td><b>Definition</b></td><td><b>internalId</b></td><td><b>status</b></td></tr><tr><td style="white-space:nowrap">POLB_TE004000UV<a name="triggerEventID-POLB_TE004000UV"> </a></td><td>Result Status</td><td>**Description:**</td><td>22674</td><td>active</td></tr><tr><td style="white-space:nowrap">POLB_TE004001UV<a name="triggerEventID-POLB_TE004001UV"> </a></td><td>Result Confirm</td><td>**Description:**</td><td>22668</td><td>active</td></tr><tr><td style="white-space:nowrap">POLB_TE004002UV<a name="triggerEventID-POLB_TE004002UV"> </a></td><td>Result Reject</td><td>**Description:**</td><td>22672</td><td>active</td></tr><tr><td style="white-space:nowrap">POLB_TE004007UV<a name="triggerEventID-POLB_TE004007UV"> </a></td><td>Result Tracking</td><td>**Description:**</td><td>22673</td><td>active</td></tr><tr><td style="white-space:nowrap">POLB_TE004100UV<a name="triggerEventID-POLB_TE004100UV"> </a></td><td>Result in Progress</td><td>**Description:**</td><td>22670</td><td>active</td></tr><tr><td style="white-space:nowrap">POLB_TE004102UV<a name="triggerEventID-POLB_TE004102UV"> </a></td><td>Result Activate</td><td>**Description:**</td><td>22665</td><td>active</td></tr><tr><td style="white-space:nowrap">POLB_TE004200UV<a name="triggerEventID-POLB_TE004200UV"> </a></td><td>Result Complete with Fulfillment</td><td>**Description:**</td><td>22667</td><td>active</td></tr><tr><td style="white-space:nowrap">POLB_TE004201UV<a name="triggerEventID-POLB_TE004201UV"> </a></td><td>Result Corrected</td><td>**Description:**</td><td>22669</td><td>active</td></tr><tr><td style="white-space:nowrap">POLB_TE004202UV<a name="triggerEventID-POLB_TE004202UV"> </a></td><td>Result Complete</td><td>**Description:**</td><td>22666</td><td>active</td></tr><tr><td style="white-space:nowrap">POLB_TE004301UV<a name="triggerEventID-POLB_TE004301UV"> </a></td><td>Result Abort</td><td>**Description:**</td><td>22664</td><td>active</td></tr><tr><td style="white-space:nowrap">POLB_TE004500UV<a name="triggerEventID-POLB_TE004500UV"> </a></td><td>Result Nullify</td><td>**Description:**</td><td>22671</td><td>active</td></tr></table></div>
  </text>
  <url value="http://terminology.hl7.org/CodeSystem/triggerEventID"/>
  <identifier>
    <system value="urn:ietf:rfc:3986"/>
    <value value="urn:oid:2.16.840.1.113883.1.18"/>
  </identifier>
  <version value="0.1.0"/>
  <name value="TriggerEventID"/>
  <title value="Trigger Event ID"/>
  <status value="active"/>
  <experimental value="false"/>
  <date value="2019-03-20"/>
  <publisher value="SatuSehat"/>
  <contact>
    <name value="SatuSehat"/>
    <telecom>
      <system value="url"/>
      <value value="https://satusehat.kemkes.go.id/"/>
    </telecom>
    <telecom>
      <system value="email"/>
      <value value="fhir@dto.kemkes.go.id"/>
    </telecom>
  </contact>
  <description value="**Description:** This code system contains all HL7 artifacts of type TE (Trigger Event) that are created by HL7 or its affiliates or their designates using the realm namespacing rules approved by HL7. Local implementations who create trigger events outside of these namespacing rules, (e.g. using the ZZ realm code) must register their own code system. The specific list of legal codes can be found by consulting the HL7 publications (editions, ballots, implementation guides, etc.) published by HL7 Inc. and by the various HL7 affiliates and their designates. Codes shall be expressed in upper case, with separator as shown in HL7 publications with no version id. E.g. PORX\_TE123456UV."/>
  <copyright value="This material derives from the HL7 Terminology THO. THO is copyright ©1989+ Health Level Seven International and is made available under the CC0 designation. For more licensing information see: https://terminology.hl7.org/license"/>
  <caseSensitive value="true"/>
  <hierarchyMeaning value="is-a"/>
  <content value="fragment"/>
  <property>
    <extension url="http://terminology.hl7.org/StructureDefinition/ext-mif-relationship-symmetry">
      <valueCode value="antisymmetric"/>
    </extension>
    <extension url="http://terminology.hl7.org/StructureDefinition/ext-mif-relationship-transitivity">
      <valueCode value="transitive"/>
    </extension>
    <extension url="http://terminology.hl7.org/StructureDefinition/ext-mif-relationship-reflexivity">
      <valueCode value="irreflexive"/>
    </extension>
    <extension url="http://terminology.hl7.org/StructureDefinition/ext-mif-relationship-isNavigable">
      <valueBoolean value="true"/>
    </extension>
    <extension url="http://terminology.hl7.org/StructureDefinition/ext-mif-relationship-relationshipKind">
      <valueCode value="Specializes"/>
    </extension>
    <extension url="http://terminology.hl7.org/StructureDefinition/ext-mif-relationship-inverseName">
      <valueString value="Generalizes"/>
    </extension>
    <code value="Specializes"/>
    <description value="The child code is a more narrow version of the concept represented by the parent code.  I.e. Every child concept is also a valid parent concept.  Used to allow determination of subsumption.  Must be transitive, irreflexive, antisymmetric."/>
    <type value="Coding"/>
  </property>
  <property>
    <extension url="http://terminology.hl7.org/StructureDefinition/ext-mif-relationship-symmetry">
      <valueCode value="antisymmetric"/>
    </extension>
    <extension url="http://terminology.hl7.org/StructureDefinition/ext-mif-relationship-transitivity">
      <valueCode value="transitive"/>
    </extension>
    <extension url="http://terminology.hl7.org/StructureDefinition/ext-mif-relationship-reflexivity">
      <valueCode value="irreflexive"/>
    </extension>
    <extension url="http://terminology.hl7.org/StructureDefinition/ext-mif-relationship-isNavigable">
      <valueBoolean value="true"/>
    </extension>
    <extension url="http://terminology.hl7.org/StructureDefinition/ext-mif-relationship-relationshipKind">
      <valueCode value="Generalizes"/>
    </extension>
    <extension url="http://terminology.hl7.org/StructureDefinition/ext-mif-relationship-inverseName">
      <valueString value="Specializes"/>
    </extension>
    <code value="Generalizes"/>
    <description value="Inverse of Specializes.  Only included as a derived relationship."/>
    <type value="Coding"/>
  </property>
  <property>
    <code value="internalId"/>
    <uri value="http://terminology.hl7.org/CodeSystem/utg-concept-properties#v3-internal-id"/>
    <description value="The internal identifier for the concept in the HL7 Access database repository."/>
    <type value="code"/>
  </property>
  <property>
    <code value="status"/>
    <uri value="http://hl7.org/fhir/concept-properties#status"/>
    <description value="Designation of a concept's state. Normally is not populated unless the state is retired."/>
    <type value="code"/>
  </property>
  <concept>
    <code value="POLB_TE004000UV"/>
    <display value="Result Status"/>
    <definition value="**Description:**"/>
    <property>
      <code value="status"/>
      <valueCode value="active"/>
    </property>
    <property>
      <code value="internalId"/>
      <valueCode value="22674"/>
    </property>
  </concept>
  <concept>
    <code value="POLB_TE004001UV"/>
    <display value="Result Confirm"/>
    <definition value="**Description:**"/>
    <property>
      <code value="status"/>
      <valueCode value="active"/>
    </property>
    <property>
      <code value="internalId"/>
      <valueCode value="22668"/>
    </property>
  </concept>
  <concept>
    <code value="POLB_TE004002UV"/>
    <display value="Result Reject"/>
    <definition value="**Description:**"/>
    <property>
      <code value="status"/>
      <valueCode value="active"/>
    </property>
    <property>
      <code value="internalId"/>
      <valueCode value="22672"/>
    </property>
  </concept>
  <concept>
    <code value="POLB_TE004007UV"/>
    <display value="Result Tracking"/>
    <definition value="**Description:**"/>
    <property>
      <code value="status"/>
      <valueCode value="active"/>
    </property>
    <property>
      <code value="internalId"/>
      <valueCode value="22673"/>
    </property>
  </concept>
  <concept>
    <code value="POLB_TE004100UV"/>
    <display value="Result in Progress"/>
    <definition value="**Description:**"/>
    <property>
      <code value="status"/>
      <valueCode value="active"/>
    </property>
    <property>
      <code value="internalId"/>
      <valueCode value="22670"/>
    </property>
  </concept>
  <concept>
    <code value="POLB_TE004102UV"/>
    <display value="Result Activate"/>
    <definition value="**Description:**"/>
    <property>
      <code value="status"/>
      <valueCode value="active"/>
    </property>
    <property>
      <code value="internalId"/>
      <valueCode value="22665"/>
    </property>
  </concept>
  <concept>
    <code value="POLB_TE004200UV"/>
    <display value="Result Complete with Fulfillment"/>
    <definition value="**Description:**"/>
    <property>
      <code value="status"/>
      <valueCode value="active"/>
    </property>
    <property>
      <code value="internalId"/>
      <valueCode value="22667"/>
    </property>
  </concept>
  <concept>
    <code value="POLB_TE004201UV"/>
    <display value="Result Corrected"/>
    <definition value="**Description:**"/>
    <property>
      <code value="status"/>
      <valueCode value="active"/>
    </property>
    <property>
      <code value="internalId"/>
      <valueCode value="22669"/>
    </property>
  </concept>
  <concept>
    <code value="POLB_TE004202UV"/>
    <display value="Result Complete"/>
    <definition value="**Description:**"/>
    <property>
      <code value="status"/>
      <valueCode value="active"/>
    </property>
    <property>
      <code value="internalId"/>
      <valueCode value="22666"/>
    </property>
  </concept>
  <concept>
    <code value="POLB_TE004301UV"/>
    <display value="Result Abort"/>
    <definition value="**Description:**"/>
    <property>
      <code value="status"/>
      <valueCode value="active"/>
    </property>
    <property>
      <code value="internalId"/>
      <valueCode value="22664"/>
    </property>
  </concept>
  <concept>
    <code value="POLB_TE004500UV"/>
    <display value="Result Nullify"/>
    <definition value="**Description:**"/>
    <property>
      <code value="status"/>
      <valueCode value="active"/>
    </property>
    <property>
      <code value="internalId"/>
      <valueCode value="22671"/>
    </property>
  </concept>
</CodeSystem>