<?xml version="1.0" encoding="UTF-8"?>

<CodeSystem xmlns="http://hl7.org/fhir">
  <id value="immunization-program-eligibility"/>
  <meta>
    <lastUpdated value="2020-04-09T21:10:28.568+00:00"/>
    <profile value="http://hl7.org/fhir/StructureDefinition/shareablecodesystem"/>
  </meta>
  <text>
    <status value="generated"/><div xmlns="http://www.w3.org/1999/xhtml"><p>This case-sensitive code system <code>http://terminology.hl7.org/CodeSystem/immunization-program-eligibility</code> defines the following codes:</p><table class="codes"><tr><td style="white-space:nowrap"><b>Code</b></td><td><b>Display</b></td><td><b>Definition</b></td></tr><tr><td style="white-space:nowrap">ineligible<a name="immunization-program-eligibility-ineligible"> </a></td><td>Not Eligible</td><td>The patient is not eligible for the funding program.</td></tr><tr><td style="white-space:nowrap">uninsured<a name="immunization-program-eligibility-uninsured"> </a></td><td>Uninsured</td><td>The patient is eligible for the funding program because they are uninsured.</td></tr></table></div>
  </text>
  <extension url="http://hl7.org/fhir/StructureDefinition/structuredefinition-wg">
    <valueCode value="pher"/>
  </extension>
  <extension url="http://hl7.org/fhir/StructureDefinition/structuredefinition-fmm">
    <valueInteger value="1"/>
  </extension>
  <url value="http://terminology.hl7.org/CodeSystem/immunization-program-eligibility"/>
  <identifier>
    <system value="urn:ietf:rfc:3986"/>
    <value value="urn:oid:2.16.840.1.113883.4.642.1.1099"/>
  </identifier>
  <version value="0.1.0"/>
  <name value="ImmunizationProgramEligibility"/>
  <title value="Immunization Program Eligibility"/>
  <status value="draft"/>
  <experimental value="false"/>
  <date value="2024-03-09T14:36:19-07:00"/>
  <publisher value="SatuSehat"/>
  <contact>
    <name value="SatuSehat"/>
    <telecom>
      <system value="url"/>
      <value value="https://satusehat.kemkes.go.id/"/>
    </telecom>
    <telecom>
      <system value="email"/>
      <value value="fhir@dto.kemkes.go.id"/>
    </telecom>
  </contact>
  <description value="The value set to instantiate this attribute should be drawn from a terminologically robust code system that consists of or contains concepts to support describing the patient's eligibility for a vaccination program. This value set is provided as a suggestive example."/>
  <copyright value="This material derives from the HL7 Terminology (THO). THO is copyright ©1989+ Health Level Seven International and is made available under the CC0 designation. For more licensing information see: https://terminology.hl7.org/license"/>
  <caseSensitive value="true"/>
  <valueSet value="http://terminology.hl7.org/ValueSet/immunization-program-eligibility"/>
  <content value="complete"/>
  <concept>
    <code value="ineligible"/>
    <display value="Not Eligible"/>
    <definition value="The patient is not eligible for the funding program."/>
  </concept>
  <concept>
    <code value="uninsured"/>
    <display value="Uninsured"/>
    <definition value="The patient is eligible for the funding program because they are uninsured."/>
  </concept>
</CodeSystem>