<?xml version="1.0" encoding="UTF-8"?>

<CodeSystem xmlns="http://hl7.org/fhir">
  <id value="v3-DataType"/>
  <language value="en"/>
  <text>
    <status value="generated"/><div xml:lang="en" xmlns="http://www.w3.org/1999/xhtml" lang="en"><p><b>Properties</b></p><p><b>This code system  defines the following properties for its concepts</b></p><table class="grid"><tr><td><b>Code</b></td><td><b>URI</b></td><td><b>Type</b></td><td><b>Description</b></td></tr><tr><td>Specializes</td><td/><td>Coding</td><td>The child code is a more narrow version of the concept represented by the parent code.  I.e. Every child concept is also a valid parent concept.  Used to allow determination of subsumption.  Must be transitive, irreflexive, antisymmetric.</td></tr><tr><td>Generalizes</td><td/><td>Coding</td><td>Inverse of Specializes.  Only included as a derived relationship.</td></tr><tr><td>internalId</td><td>http://terminology.hl7.org/CodeSystem/utg-concept-properties#v3-internal-id</td><td>code</td><td>The internal identifier for the concept in the HL7 Access database repository.</td></tr><tr><td>status</td><td>http://hl7.org/fhir/concept-properties#status</td><td>code</td><td>Designation of a concept's state. Normally is not populated unless the state is retired.</td></tr><tr><td>subsumedBy</td><td>http://hl7.org/fhir/concept-properties#parent</td><td>code</td><td>The concept code of a parent concept</td></tr></table><p><b>Concepts</b></p><p>This case-sensitive code system <code>http://terminology.hl7.org/CodeSystem/v3-DataType</code> defines the following codes in a Is-A heirarchy:</p><table class="codes"><tr><td><b>Lvl</b></td><td style="white-space:nowrap"><b>Code</b></td><td><b>Display</b></td><td><b>internalId</b></td><td><b>status</b></td><td><b>Parent</b></td></tr><tr><td>1</td><td style="white-space:nowrap">ANY<a name="v3-DataType-ANY"> </a></td><td>ANY</td><td>20839</td><td>active</td><td/></tr><tr><td>2</td><td style="white-space:nowrap">  ANT&lt;ANY&gt;<a name="v3-DataType-ANT.60ANY.62"> </a></td><td>Annotated</td><td>10845</td><td>active</td><td>ANY</td></tr><tr><td>3</td><td style="white-space:nowrap">    ANT&lt;CD&gt;<a name="v3-DataType-ANT.60CD.62"> </a></td><td>Annotated Concept Descriptor</td><td>10846</td><td>active</td><td>ANT&lt;ANY&gt;</td></tr><tr><td>3</td><td style="white-space:nowrap">    ANT&lt;PQ&gt;<a name="v3-DataType-ANT.60PQ.62"> </a></td><td>Annotated Physical Quantity</td><td>10848</td><td>active</td><td>ANT&lt;ANY&gt;</td></tr><tr><td>2</td><td style="white-space:nowrap">  BAG&lt;ANY&gt;<a name="v3-DataType-BAG.60ANY.62"> </a></td><td>Bag</td><td>10831</td><td>active</td><td>ANY</td></tr><tr><td>3</td><td style="white-space:nowrap">    BAG&lt;CD&gt;<a name="v3-DataType-BAG.60CD.62"> </a></td><td>Bag Of Concept Descriptors</td><td>10832</td><td>active</td><td>BAG&lt;ANY&gt;</td></tr><tr><td>3</td><td style="white-space:nowrap">    BAG&lt;PQ&gt;<a name="v3-DataType-BAG.60PQ.62"> </a></td><td>Bag Of Physical Quantities</td><td>10833</td><td>active</td><td>BAG&lt;ANY&gt;</td></tr><tr><td>2</td><td style="white-space:nowrap">  BL<a name="v3-DataType-BL"> </a></td><td>Boolean</td><td>10776</td><td>active</td><td>ANY</td></tr><tr><td>2</td><td style="white-space:nowrap">  CD<a name="v3-DataType-CD"> </a></td><td>Concept Descriptor</td><td>10780</td><td>active</td><td>ANY</td></tr><tr><td>3</td><td style="white-space:nowrap">    CE<a name="v3-DataType-CE"> </a></td><td>Coded With Equivalents</td><td>10784</td><td>active</td><td>CD</td></tr><tr><td>3</td><td style="white-space:nowrap">    CS<a name="v3-DataType-CS"> </a></td><td>Coded Simple Value</td><td>10782</td><td>active</td><td>CD</td></tr><tr><td>3</td><td style="white-space:nowrap">    CV<a name="v3-DataType-CV"> </a></td><td>Coded Value</td><td>10783</td><td>active</td><td>CD</td></tr><tr><td>2</td><td style="white-space:nowrap">  CR<a name="v3-DataType-CR"> </a></td><td>Concept Role</td><td>10781</td><td>active</td><td>ANY</td></tr><tr><td>2</td><td style="white-space:nowrap">  HXIT&lt;ANY&gt;<a name="v3-DataType-HXIT.60ANY.62"> </a></td><td>Historical</td><td>10850</td><td>active</td><td>ANY</td></tr><tr><td>3</td><td style="white-space:nowrap">    HXIT&lt;AD&gt;<a name="v3-DataType-HXIT.60AD.62"> </a></td><td>Historical Address</td><td>10851</td><td>active</td><td>HXIT&lt;ANY&gt;</td></tr><tr><td>2</td><td style="white-space:nowrap">  II<a name="v3-DataType-II"> </a></td><td>Instance Identifier</td><td>10785</td><td>active</td><td>ANY</td></tr><tr><td>2</td><td style="white-space:nowrap">  IVL&lt;QTY&gt;<a name="v3-DataType-IVL.60QTY.62"> </a></td><td>Interval</td><td>10834</td><td>active</td><td>ANY</td></tr><tr><td>3</td><td style="white-space:nowrap">    IVL&lt;INT&gt;<a name="v3-DataType-IVL.60INT.62"> </a></td><td>Interval Of Integer Numbers</td><td>10835</td><td>active</td><td>IVL&lt;QTY&gt;, SET&lt;INT&gt;</td></tr><tr><td>3</td><td style="white-space:nowrap">    IVL&lt;PQ&gt;<a name="v3-DataType-IVL.60PQ.62"> </a></td><td>Interval Of Physical Quantities</td><td>10839</td><td>active</td><td>IVL&lt;QTY&gt;</td></tr><tr><td>4</td><td style="white-space:nowrap">      UVP&lt;IVL&lt;PQ&gt;&gt;<a name="v3-DataType-UVP.60IVL.60PQ.62.62"> </a></td><td>Uncertain Probabilistic Interval Of Physical Quant</td><td>10859</td><td>active</td><td>IVL&lt;PQ&gt;, UVP&lt;ANY&gt;</td></tr><tr><td>3</td><td style="white-space:nowrap">    IVL&lt;REAL&gt;<a name="v3-DataType-IVL.60REAL.62"> </a></td><td>Interval Of Real Numbers</td><td>10837</td><td>active</td><td>IVL&lt;QTY&gt;, SET&lt;REAL&gt;</td></tr><tr><td>3</td><td style="white-space:nowrap">    IVL&lt;TS&gt;<a name="v3-DataType-IVL.60TS.62"> </a></td><td>Interval Of Points In Time</td><td>10841</td><td>active</td><td>IVL&lt;QTY&gt;</td></tr><tr><td>4</td><td style="white-space:nowrap">      SET&lt;TS&gt;<a name="v3-DataType-SET.60TS.62"> </a></td><td>Set Of Points In Time</td><td>10807</td><td>active</td><td>IVL&lt;TS&gt;</td></tr><tr><td>5</td><td style="white-space:nowrap">        EIVL&lt;TS&gt;<a name="v3-DataType-EIVL.60TS.62"> </a></td><td>Event Related Interval</td><td>10844</td><td>active</td><td>SET&lt;TS&gt;</td></tr><tr><td>5</td><td style="white-space:nowrap">        GTS<a name="v3-DataType-GTS"> </a></td><td>General Timing Specification</td><td>10808</td><td>active</td><td>SET&lt;TS&gt;</td></tr><tr><td>5</td><td style="white-space:nowrap">        PIVL&lt;TS&gt;<a name="v3-DataType-PIVL.60TS.62"> </a></td><td>Periodic Interval Of Time</td><td>10843</td><td>active</td><td>SET&lt;TS&gt;</td></tr><tr><td>2</td><td style="white-space:nowrap">  LIST&lt;ANY&gt;<a name="v3-DataType-LIST.60ANY.62"> </a></td><td>Sequence</td><td>10821</td><td>active</td><td>ANY</td></tr><tr><td>3</td><td style="white-space:nowrap">    LIST&lt;BL&gt;<a name="v3-DataType-LIST.60BL.62"> </a></td><td>Sequence Of Booleans</td><td>10822</td><td>active</td><td>LIST&lt;ANY&gt;</td></tr><tr><td>4</td><td style="white-space:nowrap">      BIN<a name="v3-DataType-BIN"> </a></td><td>Binary Data</td><td>10777</td><td>active</td><td>LIST&lt;BL&gt;</td></tr><tr><td>5</td><td style="white-space:nowrap">        ED<a name="v3-DataType-ED"> </a></td><td>Encoded Data</td><td>10778</td><td>active</td><td>BIN</td></tr><tr><td>6</td><td style="white-space:nowrap">          ST<a name="v3-DataType-ST"> </a></td><td>Character String</td><td>10779</td><td>active</td><td>ED</td></tr><tr><td>7</td><td style="white-space:nowrap">            ADXP<a name="v3-DataType-ADXP"> </a></td><td>Address Part</td><td>10792</td><td>active</td><td>ST</td></tr><tr><td>7</td><td style="white-space:nowrap">            ON<a name="v3-DataType-ON"> </a></td><td>Organization Name</td><td>10793</td><td>active</td><td>ST</td></tr><tr><td>7</td><td style="white-space:nowrap">            PNXP<a name="v3-DataType-PNXP"> </a></td><td>Person Name Part</td><td>10790</td><td>active</td><td>ST</td></tr><tr><td>3</td><td style="white-space:nowrap">    LIST&lt;LIST&lt;ANY&gt;&gt;<a name="v3-DataType-LIST.60LIST.60ANY.62.62"> </a></td><td>Sequence Of Sequences Of Data Values</td><td>10823</td><td>active</td><td>LIST&lt;ANY&gt;</td></tr><tr><td>4</td><td style="white-space:nowrap">      LIST&lt;LIST&lt;BL&gt;&gt;<a name="v3-DataType-LIST.60LIST.60BL.62.62"> </a></td><td>Sequence Of Sequence Of Booleans</td><td>10824</td><td>active</td><td>LIST&lt;LIST&lt;ANY&gt;&gt;</td></tr><tr><td>5</td><td style="white-space:nowrap">        LIST&lt;BIN&gt;<a name="v3-DataType-LIST.60BIN.62"> </a></td><td>Sequence Of Binary Data</td><td>10825</td><td>active</td><td>LIST&lt;LIST&lt;BL&gt;&gt;</td></tr><tr><td>6</td><td style="white-space:nowrap">          LIST&lt;ED&gt;<a name="v3-DataType-LIST.60ED.62"> </a></td><td>Sequence Of Encoded Data</td><td>10826</td><td>active</td><td>LIST&lt;BIN&gt;</td></tr><tr><td>7</td><td style="white-space:nowrap">            LIST&lt;ST&gt;<a name="v3-DataType-LIST.60ST.62"> </a></td><td>Sequence Of Character Strings</td><td>10827</td><td>active</td><td>LIST&lt;ED&gt;</td></tr><tr><td>8</td><td style="white-space:nowrap">              LIST&lt;ADXP&gt;<a name="v3-DataType-LIST.60ADXP.62"> </a></td><td>Sequence Of Postal Address Parts</td><td>10829</td><td>active</td><td>LIST&lt;ST&gt;</td></tr><tr><td>9</td><td style="white-space:nowrap">                AD<a name="v3-DataType-AD"> </a></td><td>Postal And Residential Address</td><td>10791</td><td>active</td><td>LIST&lt;ADXP&gt;</td></tr><tr><td>8</td><td style="white-space:nowrap">              LIST&lt;PNXP&gt;<a name="v3-DataType-LIST.60PNXP.62"> </a></td><td>Sequence Of Person Name Parts</td><td>10828</td><td>active</td><td>LIST&lt;ST&gt;</td></tr><tr><td>9</td><td style="white-space:nowrap">                PN<a name="v3-DataType-PN"> </a></td><td>Person Name Type</td><td>10789</td><td>active</td><td>LIST&lt;PNXP&gt;</td></tr><tr><td>2</td><td style="white-space:nowrap">  OID<a name="v3-DataType-OID"> </a></td><td>Object Identifier</td><td>10786</td><td>active</td><td>ANY</td></tr><tr><td>2</td><td style="white-space:nowrap">  QTY<a name="v3-DataType-QTY"> </a></td><td>Quantity</td><td>20840</td><td>active</td><td>ANY</td></tr><tr><td>3</td><td style="white-space:nowrap">    INT<a name="v3-DataType-INT"> </a></td><td>Integer Number</td><td>10795</td><td>active</td><td>QTY</td></tr><tr><td>3</td><td style="white-space:nowrap">    MO<a name="v3-DataType-MO"> </a></td><td>Monetary Amount</td><td>10798</td><td>active</td><td>QTY</td></tr><tr><td>3</td><td style="white-space:nowrap">    PPD&lt;QTY&gt;<a name="v3-DataType-PPD.60QTY.62"> </a></td><td>Parametric Probability Distribution</td><td>10864</td><td>active</td><td>QTY</td></tr><tr><td>3</td><td style="white-space:nowrap">    PQ<a name="v3-DataType-PQ"> </a></td><td>Physical Quantity</td><td>10797</td><td>active</td><td>QTY</td></tr><tr><td>4</td><td style="white-space:nowrap">      PPD&lt;PQ&gt;<a name="v3-DataType-PPD.60PQ.62"> </a></td><td>Parametric Probability Distribution Of Physical Quantity</td><td>10866</td><td>active</td><td>PQ</td></tr><tr><td>3</td><td style="white-space:nowrap">    REAL<a name="v3-DataType-REAL"> </a></td><td>Real Number</td><td>10796</td><td>active</td><td>QTY</td></tr><tr><td>4</td><td style="white-space:nowrap">      PPD&lt;REAL&gt;<a name="v3-DataType-PPD.60REAL.62"> </a></td><td>Parametric Probability Distribution Of Real Number</td><td>10865</td><td>active</td><td>REAL</td></tr><tr><td>3</td><td style="white-space:nowrap">    RTO<a name="v3-DataType-RTO"> </a></td><td>Ratio</td><td>10800</td><td>active</td><td>QTY</td></tr><tr><td>3</td><td style="white-space:nowrap">    TS<a name="v3-DataType-TS"> </a></td><td>Point In Time</td><td>10799</td><td>active</td><td>QTY</td></tr><tr><td>2</td><td style="white-space:nowrap">  SET&lt;ANY&gt;<a name="v3-DataType-SET.60ANY.62"> </a></td><td>Set</td><td>10801</td><td>active</td><td>ANY</td></tr><tr><td>3</td><td style="white-space:nowrap">    SET&lt;CD&gt;<a name="v3-DataType-SET.60CD.62"> </a></td><td>Set Of Concept Descriptors</td><td>10802</td><td>active</td><td>SET&lt;ANY&gt;</td></tr><tr><td>4</td><td style="white-space:nowrap">      SET&lt;CE&gt;<a name="v3-DataType-SET.60CE.62"> </a></td><td>Set Of Coded With Equivalents</td><td>10805</td><td>active</td><td>SET&lt;CD&gt;</td></tr><tr><td>4</td><td style="white-space:nowrap">      SET&lt;CS&gt;<a name="v3-DataType-SET.60CS.62"> </a></td><td>Set Of Coded Simple Value</td><td>10803</td><td>active</td><td>SET&lt;CD&gt;</td></tr><tr><td>4</td><td style="white-space:nowrap">      SET&lt;CV&gt;<a name="v3-DataType-SET.60CV.62"> </a></td><td>Set Of Coded Value</td><td>10804</td><td>active</td><td>SET&lt;CD&gt;</td></tr><tr><td>4</td><td style="white-space:nowrap">      <a href="#v3-DataType-SET.60UVP.60CD.62.62">SET&lt;UVP&lt;CD&gt;&gt;</a></td><td>Set Of Uncertain Probabilistic Concept Descriptor</td><td colspan="4"/></tr><tr><td>3</td><td style="white-space:nowrap">    SET&lt;IVL&lt;PQ&gt;&gt;<a name="v3-DataType-SET.60IVL.60PQ.62.62"> </a></td><td>Set Of Intervals Of Physical Quantity</td><td>10869</td><td>active</td><td>SET&lt;ANY&gt;</td></tr><tr><td>4</td><td style="white-space:nowrap">      <a href="#v3-DataType-SET.60UVP.60IVL.60PQ.62.62.62">SET&lt;UVP&lt;IVL&lt;PQ&gt;&gt;&gt;</a></td><td>Set Of Uncertain Probabilistic Interval Of Physical Quantities</td><td colspan="4"/></tr><tr><td>3</td><td style="white-space:nowrap">    SET&lt;LIST&lt;ST&gt;&gt;<a name="v3-DataType-SET.60LIST.60ST.62.62"> </a></td><td>Set Of Sequences Of Character Strings</td><td>10810</td><td>active</td><td>SET&lt;ANY&gt;</td></tr><tr><td>4</td><td style="white-space:nowrap">      SET&lt;AD&gt;<a name="v3-DataType-SET.60AD.62"> </a></td><td>Set Of Addresses</td><td>10811</td><td>active</td><td>SET&lt;LIST&lt;ST&gt;&gt;</td></tr><tr><td>5</td><td style="white-space:nowrap">        SET&lt;HXIT&lt;AD&gt;&gt;<a name="v3-DataType-SET.60HXIT.60AD.62.62"> </a></td><td>Set Of Historical Addresses</td><td>10812</td><td>active</td><td>SET&lt;AD&gt;</td></tr><tr><td>6</td><td style="white-space:nowrap">          HIST&lt;AD&gt;<a name="v3-DataType-HIST.60AD.62"> </a></td><td>History Of Address</td><td>10813</td><td>active</td><td>SET&lt;HXIT&lt;AD&gt;&gt;</td></tr><tr><td>3</td><td style="white-space:nowrap">    SET&lt;PQ&gt;<a name="v3-DataType-SET.60PQ.62"> </a></td><td>Set Of Physical Quantities</td><td>10818</td><td>active</td><td>SET&lt;ANY&gt;</td></tr><tr><td>3</td><td style="white-space:nowrap">    SET&lt;ST&gt;<a name="v3-DataType-SET.60ST.62"> </a></td><td>Set Of Character Strings</td><td>10809</td><td>active</td><td>SET&lt;ANY&gt;</td></tr><tr><td>3</td><td style="white-space:nowrap">    SET&lt;UVP&lt;ANY&gt;&gt;<a name="v3-DataType-SET.60UVP.60ANY.62.62"> </a></td><td>Set Of Uncertain Value Probabilistic</td><td>10814</td><td>active</td><td>SET&lt;ANY&gt;</td></tr><tr><td>4</td><td style="white-space:nowrap">      NPPD&lt;ANY&gt;<a name="v3-DataType-NPPD.60ANY.62"> </a></td><td>Non Parametric Probability Distribution</td><td>10815</td><td>active</td><td>SET&lt;UVP&lt;ANY&gt;&gt;</td></tr><tr><td>3</td><td style="white-space:nowrap">    SET&lt;UVP&lt;CD&gt;&gt;<a name="v3-DataType-SET.60UVP.60CD.62.62"> </a></td><td>Set Of Uncertain Probabilistic Concept Descriptor</td><td>10816</td><td>active</td><td>SET&lt;ANY&gt;, SET&lt;CD&gt;</td></tr><tr><td>4</td><td style="white-space:nowrap">      NPPD&lt;CD&gt;<a name="v3-DataType-NPPD.60CD.62"> </a></td><td>Non Parametric Probability Distribution Of Concept Descriptors</td><td>10862</td><td>active</td><td>SET&lt;UVP&lt;CD&gt;&gt;</td></tr><tr><td>3</td><td style="white-space:nowrap">    SET&lt;UVP&lt;IVL&lt;PQ&gt;&gt;&gt;<a name="v3-DataType-SET.60UVP.60IVL.60PQ.62.62.62"> </a></td><td>Set Of Uncertain Probabilistic Interval Of Physical Quantities</td><td>10819</td><td>active</td><td>SET&lt;ANY&gt;, SET&lt;IVL&lt;PQ&gt;&gt;</td></tr><tr><td>4</td><td style="white-space:nowrap">      NPPD&lt;IVL&lt;PQ&gt;&gt;<a name="v3-DataType-NPPD.60IVL.60PQ.62.62"> </a></td><td>Non Parametric Probability Distribution Of Intervals of Physical Quantities</td><td>10863</td><td>active</td><td>SET&lt;UVP&lt;IVL&lt;PQ&gt;&gt;&gt;</td></tr><tr><td>2</td><td style="white-space:nowrap">  URL<a name="v3-DataType-URL"> </a></td><td>Universal Resource Locator</td><td>10788</td><td>active</td><td>ANY</td></tr><tr><td>3</td><td style="white-space:nowrap">    TEL<a name="v3-DataType-TEL"> </a></td><td>Telecommunication Address</td><td>10787</td><td>active</td><td>URL</td></tr><tr><td>2</td><td style="white-space:nowrap">  UVN&lt;ANY&gt;<a name="v3-DataType-UVN.60ANY.62"> </a></td><td>Uncertain Value Narrative</td><td>10853</td><td>active</td><td>ANY</td></tr><tr><td>3</td><td style="white-space:nowrap">    UVN&lt;CD&gt;<a name="v3-DataType-UVN.60CD.62"> </a></td><td>Uncertain Narrative Concept Descriptor</td><td>10854</td><td>active</td><td>UVN&lt;ANY&gt;</td></tr><tr><td>2</td><td style="white-space:nowrap">  UVP&lt;ANY&gt;<a name="v3-DataType-UVP.60ANY.62"> </a></td><td>Uncertain Value Probabilistic</td><td>10856</td><td>active</td><td>ANY</td></tr><tr><td>3</td><td style="white-space:nowrap">    UVP&lt;CD&gt;<a name="v3-DataType-UVP.60CD.62"> </a></td><td>Uncertain Probabilistic Concept Descriptor</td><td>10857</td><td>active</td><td>UVP&lt;ANY&gt;</td></tr><tr><td>3</td><td style="white-space:nowrap">    <a href="#v3-DataType-UVP.60IVL.60PQ.62.62">UVP&lt;IVL&lt;PQ&gt;&gt;</a></td><td>Uncertain Probabilistic Interval Of Physical Quant</td><td colspan="4"/></tr><tr><td>1</td><td style="white-space:nowrap">SET&lt;INT&gt;<a name="v3-DataType-SET.60INT.62"> </a></td><td>Set Of Integer Numbers</td><td>10867</td><td>active</td><td/></tr><tr><td>2</td><td style="white-space:nowrap">  <a href="#v3-DataType-IVL.60INT.62">IVL&lt;INT&gt;</a></td><td>Interval Of Integer Numbers</td><td colspan="4"/></tr><tr><td>1</td><td style="white-space:nowrap">SET&lt;REAL&gt;<a name="v3-DataType-SET.60REAL.62"> </a></td><td>Set Of Real Numbers</td><td>10868</td><td>active</td><td/></tr><tr><td>2</td><td style="white-space:nowrap">  <a href="#v3-DataType-IVL.60REAL.62">IVL&lt;REAL&gt;</a></td><td>Interval Of Real Numbers</td><td colspan="4"/></tr></table></div>
  </text>
  <url value="http://terminology.hl7.org/CodeSystem/v3-DataType"/>
  <identifier>
    <system value="urn:ietf:rfc:3986"/>
    <value value="urn:oid:2.16.840.1.113883.5.1007"/>
  </identifier>
  <version value="0.1.0"/>
  <name value="DataType"/>
  <title value="DataType"/>
  <status value="retired"/>
  <experimental value="false"/>
  <date value="2019-03-20"/>
  <publisher value="SatuSehat"/>
  <contact>
    <name value="SatuSehat"/>
    <telecom>
      <system value="url"/>
      <value value="https://satusehat.kemkes.go.id/"/>
    </telecom>
    <telecom>
      <system value="email"/>
      <value value="fhir@dto.kemkes.go.id"/>
    </telecom>
  </contact>
  <description value="Code system retired."/>
  <caseSensitive value="true"/>
  <hierarchyMeaning value="is-a"/>
  <content value="complete"/>
  <property>
    <extension url="http://terminology.hl7.org/StructureDefinition/ext-mif-relationship-symmetry">
      <valueCode value="antisymmetric"/>
    </extension>
    <extension url="http://terminology.hl7.org/StructureDefinition/ext-mif-relationship-transitivity">
      <valueCode value="transitive"/>
    </extension>
    <extension url="http://terminology.hl7.org/StructureDefinition/ext-mif-relationship-reflexivity">
      <valueCode value="irreflexive"/>
    </extension>
    <extension url="http://terminology.hl7.org/StructureDefinition/ext-mif-relationship-isNavigable">
      <valueBoolean value="true"/>
    </extension>
    <extension url="http://terminology.hl7.org/StructureDefinition/ext-mif-relationship-relationshipKind">
      <valueCode value="Specializes"/>
    </extension>
    <extension url="http://terminology.hl7.org/StructureDefinition/ext-mif-relationship-inverseName">
      <valueString value="Generalizes"/>
    </extension>
    <code value="Specializes"/>
    <description value="The child code is a more narrow version of the concept represented by the parent code.  I.e. Every child concept is also a valid parent concept.  Used to allow determination of subsumption.  Must be transitive, irreflexive, antisymmetric."/>
    <type value="Coding"/>
  </property>
  <property>
    <extension url="http://terminology.hl7.org/StructureDefinition/ext-mif-relationship-symmetry">
      <valueCode value="antisymmetric"/>
    </extension>
    <extension url="http://terminology.hl7.org/StructureDefinition/ext-mif-relationship-transitivity">
      <valueCode value="transitive"/>
    </extension>
    <extension url="http://terminology.hl7.org/StructureDefinition/ext-mif-relationship-reflexivity">
      <valueCode value="irreflexive"/>
    </extension>
    <extension url="http://terminology.hl7.org/StructureDefinition/ext-mif-relationship-isNavigable">
      <valueBoolean value="true"/>
    </extension>
    <extension url="http://terminology.hl7.org/StructureDefinition/ext-mif-relationship-relationshipKind">
      <valueCode value="Generalizes"/>
    </extension>
    <extension url="http://terminology.hl7.org/StructureDefinition/ext-mif-relationship-inverseName">
      <valueString value="Specializes"/>
    </extension>
    <code value="Generalizes"/>
    <description value="Inverse of Specializes.  Only included as a derived relationship."/>
    <type value="Coding"/>
  </property>
  <property>
    <code value="internalId"/>
    <uri value="http://terminology.hl7.org/CodeSystem/utg-concept-properties#v3-internal-id"/>
    <description value="The internal identifier for the concept in the HL7 Access database repository."/>
    <type value="code"/>
  </property>
  <property>
    <code value="status"/>
    <uri value="http://hl7.org/fhir/concept-properties#status"/>
    <description value="Designation of a concept's state. Normally is not populated unless the state is retired."/>
    <type value="code"/>
  </property>
  <property>
    <code value="subsumedBy"/>
    <uri value="http://hl7.org/fhir/concept-properties#parent"/>
    <description value="The concept code of a parent concept"/>
    <type value="code"/>
  </property>
  <concept>
    <code value="ANY"/>
    <display value="ANY"/>
    <property>
      <code value="status"/>
      <valueCode value="active"/>
    </property>
    <property>
      <code value="internalId"/>
      <valueCode value="20839"/>
    </property>
  </concept>
  <concept>
    <code value="SET&lt;INT&gt;"/>
    <display value="Set Of Integer Numbers"/>
    <designation>
      <language value="en"/>
      <use>
        <system value="http://snomed.info/sct"/>
        <code value="900000000000013009"/>
      </use>
      <value value="DataTypeSetOfIntegerNumbers"/>
    </designation>
    <property>
      <code value="status"/>
      <valueCode value="active"/>
    </property>
    <property>
      <code value="internalId"/>
      <valueCode value="10867"/>
    </property>
  </concept>
  <concept>
    <code value="SET&lt;REAL&gt;"/>
    <display value="Set Of Real Numbers"/>
    <designation>
      <language value="en"/>
      <use>
        <system value="http://snomed.info/sct"/>
        <code value="900000000000013009"/>
      </use>
      <value value="DataTypeSetOfRealNumbers"/>
    </designation>
    <property>
      <code value="status"/>
      <valueCode value="active"/>
    </property>
    <property>
      <code value="internalId"/>
      <valueCode value="10868"/>
    </property>
  </concept>
  <concept>
    <code value="ANT&lt;CD&gt;"/>
    <display value="Annotated Concept Descriptor"/>
    <property>
      <code value="status"/>
      <valueCode value="active"/>
    </property>
    <property>
      <code value="internalId"/>
      <valueCode value="10846"/>
    </property>
    <property>
      <code value="subsumedBy"/>
      <valueCode value="ANT&lt;ANY&gt;"/>
    </property>
  </concept>
  <concept>
    <code value="ANT&lt;PQ&gt;"/>
    <display value="Annotated Physical Quantity"/>
    <property>
      <code value="status"/>
      <valueCode value="active"/>
    </property>
    <property>
      <code value="internalId"/>
      <valueCode value="10848"/>
    </property>
    <property>
      <code value="subsumedBy"/>
      <valueCode value="ANT&lt;ANY&gt;"/>
    </property>
  </concept>
  <concept>
    <code value="ANT&lt;ANY&gt;"/>
    <display value="Annotated"/>
    <property>
      <code value="status"/>
      <valueCode value="active"/>
    </property>
    <property>
      <code value="internalId"/>
      <valueCode value="10845"/>
    </property>
    <property>
      <code value="subsumedBy"/>
      <valueCode value="ANY"/>
    </property>
  </concept>
  <concept>
    <code value="BAG&lt;ANY&gt;"/>
    <display value="Bag"/>
    <property>
      <code value="status"/>
      <valueCode value="active"/>
    </property>
    <property>
      <code value="internalId"/>
      <valueCode value="10831"/>
    </property>
    <property>
      <code value="subsumedBy"/>
      <valueCode value="ANY"/>
    </property>
  </concept>
  <concept>
    <code value="BL"/>
    <display value="Boolean"/>
    <property>
      <code value="status"/>
      <valueCode value="active"/>
    </property>
    <property>
      <code value="internalId"/>
      <valueCode value="10776"/>
    </property>
    <property>
      <code value="subsumedBy"/>
      <valueCode value="ANY"/>
    </property>
  </concept>
  <concept>
    <code value="CD"/>
    <display value="Concept Descriptor"/>
    <property>
      <code value="status"/>
      <valueCode value="active"/>
    </property>
    <property>
      <code value="internalId"/>
      <valueCode value="10780"/>
    </property>
    <property>
      <code value="subsumedBy"/>
      <valueCode value="ANY"/>
    </property>
  </concept>
  <concept>
    <code value="CR"/>
    <display value="Concept Role"/>
    <property>
      <code value="status"/>
      <valueCode value="active"/>
    </property>
    <property>
      <code value="internalId"/>
      <valueCode value="10781"/>
    </property>
    <property>
      <code value="subsumedBy"/>
      <valueCode value="ANY"/>
    </property>
  </concept>
  <concept>
    <code value="HXIT&lt;ANY&gt;"/>
    <display value="Historical"/>
    <property>
      <code value="status"/>
      <valueCode value="active"/>
    </property>
    <property>
      <code value="internalId"/>
      <valueCode value="10850"/>
    </property>
    <property>
      <code value="subsumedBy"/>
      <valueCode value="ANY"/>
    </property>
  </concept>
  <concept>
    <code value="II"/>
    <display value="Instance Identifier"/>
    <property>
      <code value="status"/>
      <valueCode value="active"/>
    </property>
    <property>
      <code value="internalId"/>
      <valueCode value="10785"/>
    </property>
    <property>
      <code value="subsumedBy"/>
      <valueCode value="ANY"/>
    </property>
  </concept>
  <concept>
    <code value="IVL&lt;QTY&gt;"/>
    <display value="Interval"/>
    <designation>
      <language value="en"/>
      <use>
        <system value="http://snomed.info/sct"/>
        <code value="900000000000013009"/>
      </use>
      <value value="DataTypeInterval"/>
    </designation>
    <property>
      <code value="status"/>
      <valueCode value="active"/>
    </property>
    <property>
      <code value="internalId"/>
      <valueCode value="10834"/>
    </property>
    <property>
      <code value="subsumedBy"/>
      <valueCode value="ANY"/>
    </property>
  </concept>
  <concept>
    <code value="LIST&lt;ANY&gt;"/>
    <display value="Sequence"/>
    <property>
      <code value="status"/>
      <valueCode value="active"/>
    </property>
    <property>
      <code value="internalId"/>
      <valueCode value="10821"/>
    </property>
    <property>
      <code value="subsumedBy"/>
      <valueCode value="ANY"/>
    </property>
  </concept>
  <concept>
    <code value="OID"/>
    <display value="Object Identifier"/>
    <property>
      <code value="status"/>
      <valueCode value="active"/>
    </property>
    <property>
      <code value="internalId"/>
      <valueCode value="10786"/>
    </property>
    <property>
      <code value="subsumedBy"/>
      <valueCode value="ANY"/>
    </property>
  </concept>
  <concept>
    <code value="QTY"/>
    <display value="Quantity"/>
    <property>
      <code value="status"/>
      <valueCode value="active"/>
    </property>
    <property>
      <code value="internalId"/>
      <valueCode value="20840"/>
    </property>
    <property>
      <code value="subsumedBy"/>
      <valueCode value="ANY"/>
    </property>
  </concept>
  <concept>
    <code value="SET&lt;ANY&gt;"/>
    <display value="Set"/>
    <property>
      <code value="status"/>
      <valueCode value="active"/>
    </property>
    <property>
      <code value="internalId"/>
      <valueCode value="10801"/>
    </property>
    <property>
      <code value="subsumedBy"/>
      <valueCode value="ANY"/>
    </property>
  </concept>
  <concept>
    <code value="URL"/>
    <display value="Universal Resource Locator"/>
    <property>
      <code value="status"/>
      <valueCode value="active"/>
    </property>
    <property>
      <code value="internalId"/>
      <valueCode value="10788"/>
    </property>
    <property>
      <code value="subsumedBy"/>
      <valueCode value="ANY"/>
    </property>
  </concept>
  <concept>
    <code value="UVN&lt;ANY&gt;"/>
    <display value="Uncertain Value Narrative"/>
    <property>
      <code value="status"/>
      <valueCode value="active"/>
    </property>
    <property>
      <code value="internalId"/>
      <valueCode value="10853"/>
    </property>
    <property>
      <code value="subsumedBy"/>
      <valueCode value="ANY"/>
    </property>
  </concept>
  <concept>
    <code value="UVP&lt;ANY&gt;"/>
    <display value="Uncertain Value Probabilistic"/>
    <property>
      <code value="status"/>
      <valueCode value="active"/>
    </property>
    <property>
      <code value="internalId"/>
      <valueCode value="10856"/>
    </property>
    <property>
      <code value="subsumedBy"/>
      <valueCode value="ANY"/>
    </property>
  </concept>
  <concept>
    <code value="BAG&lt;CD&gt;"/>
    <display value="Bag Of Concept Descriptors"/>
    <property>
      <code value="status"/>
      <valueCode value="active"/>
    </property>
    <property>
      <code value="internalId"/>
      <valueCode value="10832"/>
    </property>
    <property>
      <code value="subsumedBy"/>
      <valueCode value="BAG&lt;ANY&gt;"/>
    </property>
  </concept>
  <concept>
    <code value="BAG&lt;PQ&gt;"/>
    <display value="Bag Of Physical Quantities"/>
    <property>
      <code value="status"/>
      <valueCode value="active"/>
    </property>
    <property>
      <code value="internalId"/>
      <valueCode value="10833"/>
    </property>
    <property>
      <code value="subsumedBy"/>
      <valueCode value="BAG&lt;ANY&gt;"/>
    </property>
  </concept>
  <concept>
    <code value="ED"/>
    <display value="Encoded Data"/>
    <property>
      <code value="status"/>
      <valueCode value="active"/>
    </property>
    <property>
      <code value="internalId"/>
      <valueCode value="10778"/>
    </property>
    <property>
      <code value="subsumedBy"/>
      <valueCode value="BIN"/>
    </property>
  </concept>
  <concept>
    <code value="CE"/>
    <display value="Coded With Equivalents"/>
    <property>
      <code value="status"/>
      <valueCode value="active"/>
    </property>
    <property>
      <code value="internalId"/>
      <valueCode value="10784"/>
    </property>
    <property>
      <code value="subsumedBy"/>
      <valueCode value="CD"/>
    </property>
  </concept>
  <concept>
    <code value="CS"/>
    <display value="Coded Simple Value"/>
    <property>
      <code value="status"/>
      <valueCode value="active"/>
    </property>
    <property>
      <code value="internalId"/>
      <valueCode value="10782"/>
    </property>
    <property>
      <code value="subsumedBy"/>
      <valueCode value="CD"/>
    </property>
  </concept>
  <concept>
    <code value="CV"/>
    <display value="Coded Value"/>
    <property>
      <code value="status"/>
      <valueCode value="active"/>
    </property>
    <property>
      <code value="internalId"/>
      <valueCode value="10783"/>
    </property>
    <property>
      <code value="subsumedBy"/>
      <valueCode value="CD"/>
    </property>
  </concept>
  <concept>
    <code value="ST"/>
    <display value="Character String"/>
    <property>
      <code value="status"/>
      <valueCode value="active"/>
    </property>
    <property>
      <code value="internalId"/>
      <valueCode value="10779"/>
    </property>
    <property>
      <code value="subsumedBy"/>
      <valueCode value="ED"/>
    </property>
  </concept>
  <concept>
    <code value="HXIT&lt;AD&gt;"/>
    <display value="Historical Address"/>
    <property>
      <code value="status"/>
      <valueCode value="active"/>
    </property>
    <property>
      <code value="internalId"/>
      <valueCode value="10851"/>
    </property>
    <property>
      <code value="subsumedBy"/>
      <valueCode value="HXIT&lt;ANY&gt;"/>
    </property>
  </concept>
  <concept>
    <code value="UVP&lt;IVL&lt;PQ&gt;&gt;"/>
    <display value="Uncertain Probabilistic Interval Of Physical Quant"/>
    <property>
      <code value="status"/>
      <valueCode value="active"/>
    </property>
    <property>
      <code value="internalId"/>
      <valueCode value="10859"/>
    </property>
    <property>
      <code value="subsumedBy"/>
      <valueCode value="IVL&lt;PQ&gt;"/>
    </property>
    <property>
      <code value="subsumedBy"/>
      <valueCode value="UVP&lt;ANY&gt;"/>
    </property>
  </concept>
  <concept>
    <code value="IVL&lt;INT&gt;"/>
    <display value="Interval Of Integer Numbers"/>
    <property>
      <code value="status"/>
      <valueCode value="active"/>
    </property>
    <property>
      <code value="internalId"/>
      <valueCode value="10835"/>
    </property>
    <property>
      <code value="subsumedBy"/>
      <valueCode value="IVL&lt;QTY&gt;"/>
    </property>
    <property>
      <code value="subsumedBy"/>
      <valueCode value="SET&lt;INT&gt;"/>
    </property>
  </concept>
  <concept>
    <code value="IVL&lt;PQ&gt;"/>
    <display value="Interval Of Physical Quantities"/>
    <property>
      <code value="status"/>
      <valueCode value="active"/>
    </property>
    <property>
      <code value="internalId"/>
      <valueCode value="10839"/>
    </property>
    <property>
      <code value="subsumedBy"/>
      <valueCode value="IVL&lt;QTY&gt;"/>
    </property>
  </concept>
  <concept>
    <code value="IVL&lt;REAL&gt;"/>
    <display value="Interval Of Real Numbers"/>
    <property>
      <code value="status"/>
      <valueCode value="active"/>
    </property>
    <property>
      <code value="internalId"/>
      <valueCode value="10837"/>
    </property>
    <property>
      <code value="subsumedBy"/>
      <valueCode value="IVL&lt;QTY&gt;"/>
    </property>
    <property>
      <code value="subsumedBy"/>
      <valueCode value="SET&lt;REAL&gt;"/>
    </property>
  </concept>
  <concept>
    <code value="IVL&lt;TS&gt;"/>
    <display value="Interval Of Points In Time"/>
    <property>
      <code value="status"/>
      <valueCode value="active"/>
    </property>
    <property>
      <code value="internalId"/>
      <valueCode value="10841"/>
    </property>
    <property>
      <code value="subsumedBy"/>
      <valueCode value="IVL&lt;QTY&gt;"/>
    </property>
  </concept>
  <concept>
    <code value="SET&lt;TS&gt;"/>
    <display value="Set Of Points In Time"/>
    <designation>
      <language value="en"/>
      <use>
        <system value="http://snomed.info/sct"/>
        <code value="900000000000013009"/>
      </use>
      <value value="DataTypeSetOfPointsInTime"/>
    </designation>
    <property>
      <code value="status"/>
      <valueCode value="active"/>
    </property>
    <property>
      <code value="internalId"/>
      <valueCode value="10807"/>
    </property>
    <property>
      <code value="subsumedBy"/>
      <valueCode value="IVL&lt;TS&gt;"/>
    </property>
  </concept>
  <concept>
    <code value="AD"/>
    <display value="Postal And Residential Address"/>
    <property>
      <code value="status"/>
      <valueCode value="active"/>
    </property>
    <property>
      <code value="internalId"/>
      <valueCode value="10791"/>
    </property>
    <property>
      <code value="subsumedBy"/>
      <valueCode value="LIST&lt;ADXP&gt;"/>
    </property>
  </concept>
  <concept>
    <code value="LIST&lt;BL&gt;"/>
    <display value="Sequence Of Booleans"/>
    <property>
      <code value="status"/>
      <valueCode value="active"/>
    </property>
    <property>
      <code value="internalId"/>
      <valueCode value="10822"/>
    </property>
    <property>
      <code value="subsumedBy"/>
      <valueCode value="LIST&lt;ANY&gt;"/>
    </property>
  </concept>
  <concept>
    <code value="LIST&lt;LIST&lt;ANY&gt;&gt;"/>
    <display value="Sequence Of Sequences Of Data Values"/>
    <property>
      <code value="status"/>
      <valueCode value="active"/>
    </property>
    <property>
      <code value="internalId"/>
      <valueCode value="10823"/>
    </property>
    <property>
      <code value="subsumedBy"/>
      <valueCode value="LIST&lt;ANY&gt;"/>
    </property>
  </concept>
  <concept>
    <code value="LIST&lt;ED&gt;"/>
    <display value="Sequence Of Encoded Data"/>
    <property>
      <code value="status"/>
      <valueCode value="active"/>
    </property>
    <property>
      <code value="internalId"/>
      <valueCode value="10826"/>
    </property>
    <property>
      <code value="subsumedBy"/>
      <valueCode value="LIST&lt;BIN&gt;"/>
    </property>
  </concept>
  <concept>
    <code value="BIN"/>
    <display value="Binary Data"/>
    <property>
      <code value="status"/>
      <valueCode value="active"/>
    </property>
    <property>
      <code value="internalId"/>
      <valueCode value="10777"/>
    </property>
    <property>
      <code value="subsumedBy"/>
      <valueCode value="LIST&lt;BL&gt;"/>
    </property>
  </concept>
  <concept>
    <code value="LIST&lt;ST&gt;"/>
    <display value="Sequence Of Character Strings"/>
    <property>
      <code value="status"/>
      <valueCode value="active"/>
    </property>
    <property>
      <code value="internalId"/>
      <valueCode value="10827"/>
    </property>
    <property>
      <code value="subsumedBy"/>
      <valueCode value="LIST&lt;ED&gt;"/>
    </property>
  </concept>
  <concept>
    <code value="LIST&lt;LIST&lt;BL&gt;&gt;"/>
    <display value="Sequence Of Sequence Of Booleans"/>
    <property>
      <code value="status"/>
      <valueCode value="active"/>
    </property>
    <property>
      <code value="internalId"/>
      <valueCode value="10824"/>
    </property>
    <property>
      <code value="subsumedBy"/>
      <valueCode value="LIST&lt;LIST&lt;ANY&gt;&gt;"/>
    </property>
  </concept>
  <concept>
    <code value="LIST&lt;BIN&gt;"/>
    <display value="Sequence Of Binary Data"/>
    <property>
      <code value="status"/>
      <valueCode value="active"/>
    </property>
    <property>
      <code value="internalId"/>
      <valueCode value="10825"/>
    </property>
    <property>
      <code value="subsumedBy"/>
      <valueCode value="LIST&lt;LIST&lt;BL&gt;&gt;"/>
    </property>
  </concept>
  <concept>
    <code value="PN"/>
    <display value="Person Name Type"/>
    <property>
      <code value="status"/>
      <valueCode value="active"/>
    </property>
    <property>
      <code value="internalId"/>
      <valueCode value="10789"/>
    </property>
    <property>
      <code value="subsumedBy"/>
      <valueCode value="LIST&lt;PNXP&gt;"/>
    </property>
  </concept>
  <concept>
    <code value="LIST&lt;ADXP&gt;"/>
    <display value="Sequence Of Postal Address Parts"/>
    <property>
      <code value="status"/>
      <valueCode value="active"/>
    </property>
    <property>
      <code value="internalId"/>
      <valueCode value="10829"/>
    </property>
    <property>
      <code value="subsumedBy"/>
      <valueCode value="LIST&lt;ST&gt;"/>
    </property>
  </concept>
  <concept>
    <code value="LIST&lt;PNXP&gt;"/>
    <display value="Sequence Of Person Name Parts"/>
    <property>
      <code value="status"/>
      <valueCode value="active"/>
    </property>
    <property>
      <code value="internalId"/>
      <valueCode value="10828"/>
    </property>
    <property>
      <code value="subsumedBy"/>
      <valueCode value="LIST&lt;ST&gt;"/>
    </property>
  </concept>
  <concept>
    <code value="PPD&lt;PQ&gt;"/>
    <display value="Parametric Probability Distribution Of Physical Quantity"/>
    <property>
      <code value="status"/>
      <valueCode value="active"/>
    </property>
    <property>
      <code value="internalId"/>
      <valueCode value="10866"/>
    </property>
    <property>
      <code value="subsumedBy"/>
      <valueCode value="PQ"/>
    </property>
  </concept>
  <concept>
    <code value="INT"/>
    <display value="Integer Number"/>
    <property>
      <code value="status"/>
      <valueCode value="active"/>
    </property>
    <property>
      <code value="internalId"/>
      <valueCode value="10795"/>
    </property>
    <property>
      <code value="subsumedBy"/>
      <valueCode value="QTY"/>
    </property>
  </concept>
  <concept>
    <code value="MO"/>
    <display value="Monetary Amount"/>
    <property>
      <code value="status"/>
      <valueCode value="active"/>
    </property>
    <property>
      <code value="internalId"/>
      <valueCode value="10798"/>
    </property>
    <property>
      <code value="subsumedBy"/>
      <valueCode value="QTY"/>
    </property>
  </concept>
  <concept>
    <code value="PPD&lt;QTY&gt;"/>
    <display value="Parametric Probability Distribution"/>
    <property>
      <code value="status"/>
      <valueCode value="active"/>
    </property>
    <property>
      <code value="internalId"/>
      <valueCode value="10864"/>
    </property>
    <property>
      <code value="subsumedBy"/>
      <valueCode value="QTY"/>
    </property>
  </concept>
  <concept>
    <code value="PQ"/>
    <display value="Physical Quantity"/>
    <property>
      <code value="status"/>
      <valueCode value="active"/>
    </property>
    <property>
      <code value="internalId"/>
      <valueCode value="10797"/>
    </property>
    <property>
      <code value="subsumedBy"/>
      <valueCode value="QTY"/>
    </property>
  </concept>
  <concept>
    <code value="REAL"/>
    <display value="Real Number"/>
    <property>
      <code value="status"/>
      <valueCode value="active"/>
    </property>
    <property>
      <code value="internalId"/>
      <valueCode value="10796"/>
    </property>
    <property>
      <code value="subsumedBy"/>
      <valueCode value="QTY"/>
    </property>
  </concept>
  <concept>
    <code value="RTO"/>
    <display value="Ratio"/>
    <property>
      <code value="status"/>
      <valueCode value="active"/>
    </property>
    <property>
      <code value="internalId"/>
      <valueCode value="10800"/>
    </property>
    <property>
      <code value="subsumedBy"/>
      <valueCode value="QTY"/>
    </property>
  </concept>
  <concept>
    <code value="TS"/>
    <display value="Point In Time"/>
    <property>
      <code value="status"/>
      <valueCode value="active"/>
    </property>
    <property>
      <code value="internalId"/>
      <valueCode value="10799"/>
    </property>
    <property>
      <code value="subsumedBy"/>
      <valueCode value="QTY"/>
    </property>
  </concept>
  <concept>
    <code value="PPD&lt;REAL&gt;"/>
    <display value="Parametric Probability Distribution Of Real Number"/>
    <property>
      <code value="status"/>
      <valueCode value="active"/>
    </property>
    <property>
      <code value="internalId"/>
      <valueCode value="10865"/>
    </property>
    <property>
      <code value="subsumedBy"/>
      <valueCode value="REAL"/>
    </property>
  </concept>
  <concept>
    <code value="SET&lt;HXIT&lt;AD&gt;&gt;"/>
    <display value="Set Of Historical Addresses"/>
    <property>
      <code value="status"/>
      <valueCode value="active"/>
    </property>
    <property>
      <code value="internalId"/>
      <valueCode value="10812"/>
    </property>
    <property>
      <code value="subsumedBy"/>
      <valueCode value="SET&lt;AD&gt;"/>
    </property>
  </concept>
  <concept>
    <code value="SET&lt;CD&gt;"/>
    <display value="Set Of Concept Descriptors"/>
    <property>
      <code value="status"/>
      <valueCode value="active"/>
    </property>
    <property>
      <code value="internalId"/>
      <valueCode value="10802"/>
    </property>
    <property>
      <code value="subsumedBy"/>
      <valueCode value="SET&lt;ANY&gt;"/>
    </property>
  </concept>
  <concept>
    <code value="SET&lt;IVL&lt;PQ&gt;&gt;"/>
    <display value="Set Of Intervals Of Physical Quantity"/>
    <property>
      <code value="status"/>
      <valueCode value="active"/>
    </property>
    <property>
      <code value="internalId"/>
      <valueCode value="10869"/>
    </property>
    <property>
      <code value="subsumedBy"/>
      <valueCode value="SET&lt;ANY&gt;"/>
    </property>
  </concept>
  <concept>
    <code value="SET&lt;LIST&lt;ST&gt;&gt;"/>
    <display value="Set Of Sequences Of Character Strings"/>
    <property>
      <code value="status"/>
      <valueCode value="active"/>
    </property>
    <property>
      <code value="internalId"/>
      <valueCode value="10810"/>
    </property>
    <property>
      <code value="subsumedBy"/>
      <valueCode value="SET&lt;ANY&gt;"/>
    </property>
  </concept>
  <concept>
    <code value="SET&lt;PQ&gt;"/>
    <display value="Set Of Physical Quantities"/>
    <property>
      <code value="status"/>
      <valueCode value="active"/>
    </property>
    <property>
      <code value="internalId"/>
      <valueCode value="10818"/>
    </property>
    <property>
      <code value="subsumedBy"/>
      <valueCode value="SET&lt;ANY&gt;"/>
    </property>
  </concept>
  <concept>
    <code value="SET&lt;ST&gt;"/>
    <display value="Set Of Character Strings"/>
    <property>
      <code value="status"/>
      <valueCode value="active"/>
    </property>
    <property>
      <code value="internalId"/>
      <valueCode value="10809"/>
    </property>
    <property>
      <code value="subsumedBy"/>
      <valueCode value="SET&lt;ANY&gt;"/>
    </property>
  </concept>
  <concept>
    <code value="SET&lt;UVP&lt;ANY&gt;&gt;"/>
    <display value="Set Of Uncertain Value Probabilistic"/>
    <property>
      <code value="status"/>
      <valueCode value="active"/>
    </property>
    <property>
      <code value="internalId"/>
      <valueCode value="10814"/>
    </property>
    <property>
      <code value="subsumedBy"/>
      <valueCode value="SET&lt;ANY&gt;"/>
    </property>
  </concept>
  <concept>
    <code value="SET&lt;UVP&lt;CD&gt;&gt;"/>
    <display value="Set Of Uncertain Probabilistic Concept Descriptor"/>
    <property>
      <code value="status"/>
      <valueCode value="active"/>
    </property>
    <property>
      <code value="internalId"/>
      <valueCode value="10816"/>
    </property>
    <property>
      <code value="subsumedBy"/>
      <valueCode value="SET&lt;ANY&gt;"/>
    </property>
    <property>
      <code value="subsumedBy"/>
      <valueCode value="SET&lt;CD&gt;"/>
    </property>
  </concept>
  <concept>
    <code value="SET&lt;UVP&lt;IVL&lt;PQ&gt;&gt;&gt;"/>
    <display value="Set Of Uncertain Probabilistic Interval Of Physical Quantities"/>
    <property>
      <code value="status"/>
      <valueCode value="active"/>
    </property>
    <property>
      <code value="internalId"/>
      <valueCode value="10819"/>
    </property>
    <property>
      <code value="subsumedBy"/>
      <valueCode value="SET&lt;ANY&gt;"/>
    </property>
    <property>
      <code value="subsumedBy"/>
      <valueCode value="SET&lt;IVL&lt;PQ&gt;&gt;"/>
    </property>
  </concept>
  <concept>
    <code value="SET&lt;CE&gt;"/>
    <display value="Set Of Coded With Equivalents"/>
    <property>
      <code value="status"/>
      <valueCode value="active"/>
    </property>
    <property>
      <code value="internalId"/>
      <valueCode value="10805"/>
    </property>
    <property>
      <code value="subsumedBy"/>
      <valueCode value="SET&lt;CD&gt;"/>
    </property>
  </concept>
  <concept>
    <code value="SET&lt;CS&gt;"/>
    <display value="Set Of Coded Simple Value"/>
    <property>
      <code value="status"/>
      <valueCode value="active"/>
    </property>
    <property>
      <code value="internalId"/>
      <valueCode value="10803"/>
    </property>
    <property>
      <code value="subsumedBy"/>
      <valueCode value="SET&lt;CD&gt;"/>
    </property>
  </concept>
  <concept>
    <code value="SET&lt;CV&gt;"/>
    <display value="Set Of Coded Value"/>
    <property>
      <code value="status"/>
      <valueCode value="active"/>
    </property>
    <property>
      <code value="internalId"/>
      <valueCode value="10804"/>
    </property>
    <property>
      <code value="subsumedBy"/>
      <valueCode value="SET&lt;CD&gt;"/>
    </property>
  </concept>
  <concept>
    <code value="HIST&lt;AD&gt;"/>
    <display value="History Of Address"/>
    <property>
      <code value="status"/>
      <valueCode value="active"/>
    </property>
    <property>
      <code value="internalId"/>
      <valueCode value="10813"/>
    </property>
    <property>
      <code value="subsumedBy"/>
      <valueCode value="SET&lt;HXIT&lt;AD&gt;&gt;"/>
    </property>
  </concept>
  <concept>
    <code value="SET&lt;AD&gt;"/>
    <display value="Set Of Addresses"/>
    <property>
      <code value="status"/>
      <valueCode value="active"/>
    </property>
    <property>
      <code value="internalId"/>
      <valueCode value="10811"/>
    </property>
    <property>
      <code value="subsumedBy"/>
      <valueCode value="SET&lt;LIST&lt;ST&gt;&gt;"/>
    </property>
  </concept>
  <concept>
    <code value="EIVL&lt;TS&gt;"/>
    <display value="Event Related Interval"/>
    <property>
      <code value="status"/>
      <valueCode value="active"/>
    </property>
    <property>
      <code value="internalId"/>
      <valueCode value="10844"/>
    </property>
    <property>
      <code value="subsumedBy"/>
      <valueCode value="SET&lt;TS&gt;"/>
    </property>
  </concept>
  <concept>
    <code value="GTS"/>
    <display value="General Timing Specification"/>
    <property>
      <code value="status"/>
      <valueCode value="active"/>
    </property>
    <property>
      <code value="internalId"/>
      <valueCode value="10808"/>
    </property>
    <property>
      <code value="subsumedBy"/>
      <valueCode value="SET&lt;TS&gt;"/>
    </property>
  </concept>
  <concept>
    <code value="PIVL&lt;TS&gt;"/>
    <display value="Periodic Interval Of Time"/>
    <property>
      <code value="status"/>
      <valueCode value="active"/>
    </property>
    <property>
      <code value="internalId"/>
      <valueCode value="10843"/>
    </property>
    <property>
      <code value="subsumedBy"/>
      <valueCode value="SET&lt;TS&gt;"/>
    </property>
  </concept>
  <concept>
    <code value="NPPD&lt;ANY&gt;"/>
    <display value="Non Parametric Probability Distribution"/>
    <property>
      <code value="status"/>
      <valueCode value="active"/>
    </property>
    <property>
      <code value="internalId"/>
      <valueCode value="10815"/>
    </property>
    <property>
      <code value="subsumedBy"/>
      <valueCode value="SET&lt;UVP&lt;ANY&gt;&gt;"/>
    </property>
  </concept>
  <concept>
    <code value="NPPD&lt;CD&gt;"/>
    <display value="Non Parametric Probability Distribution Of Concept Descriptors"/>
    <property>
      <code value="status"/>
      <valueCode value="active"/>
    </property>
    <property>
      <code value="internalId"/>
      <valueCode value="10862"/>
    </property>
    <property>
      <code value="subsumedBy"/>
      <valueCode value="SET&lt;UVP&lt;CD&gt;&gt;"/>
    </property>
  </concept>
  <concept>
    <code value="NPPD&lt;IVL&lt;PQ&gt;&gt;"/>
    <display value="Non Parametric Probability Distribution Of Intervals of Physical Quantities"/>
    <property>
      <code value="status"/>
      <valueCode value="active"/>
    </property>
    <property>
      <code value="internalId"/>
      <valueCode value="10863"/>
    </property>
    <property>
      <code value="subsumedBy"/>
      <valueCode value="SET&lt;UVP&lt;IVL&lt;PQ&gt;&gt;&gt;"/>
    </property>
  </concept>
  <concept>
    <code value="ADXP"/>
    <display value="Address Part"/>
    <property>
      <code value="status"/>
      <valueCode value="active"/>
    </property>
    <property>
      <code value="internalId"/>
      <valueCode value="10792"/>
    </property>
    <property>
      <code value="subsumedBy"/>
      <valueCode value="ST"/>
    </property>
  </concept>
  <concept>
    <code value="ON"/>
    <display value="Organization Name"/>
    <property>
      <code value="status"/>
      <valueCode value="active"/>
    </property>
    <property>
      <code value="internalId"/>
      <valueCode value="10793"/>
    </property>
    <property>
      <code value="subsumedBy"/>
      <valueCode value="ST"/>
    </property>
  </concept>
  <concept>
    <code value="PNXP"/>
    <display value="Person Name Part"/>
    <property>
      <code value="status"/>
      <valueCode value="active"/>
    </property>
    <property>
      <code value="internalId"/>
      <valueCode value="10790"/>
    </property>
    <property>
      <code value="subsumedBy"/>
      <valueCode value="ST"/>
    </property>
  </concept>
  <concept>
    <code value="TEL"/>
    <display value="Telecommunication Address"/>
    <property>
      <code value="status"/>
      <valueCode value="active"/>
    </property>
    <property>
      <code value="internalId"/>
      <valueCode value="10787"/>
    </property>
    <property>
      <code value="subsumedBy"/>
      <valueCode value="URL"/>
    </property>
  </concept>
  <concept>
    <code value="UVN&lt;CD&gt;"/>
    <display value="Uncertain Narrative Concept Descriptor"/>
    <property>
      <code value="status"/>
      <valueCode value="active"/>
    </property>
    <property>
      <code value="internalId"/>
      <valueCode value="10854"/>
    </property>
    <property>
      <code value="subsumedBy"/>
      <valueCode value="UVN&lt;ANY&gt;"/>
    </property>
  </concept>
  <concept>
    <code value="UVP&lt;CD&gt;"/>
    <display value="Uncertain Probabilistic Concept Descriptor"/>
    <property>
      <code value="status"/>
      <valueCode value="active"/>
    </property>
    <property>
      <code value="internalId"/>
      <valueCode value="10857"/>
    </property>
    <property>
      <code value="subsumedBy"/>
      <valueCode value="UVP&lt;ANY&gt;"/>
    </property>
  </concept>
</CodeSystem>