<?xml version="1.0" encoding="UTF-8"?>

<CodeSystem xmlns="http://hl7.org/fhir">
  <id value="audit-event-type"/>
  <meta>
    <lastUpdated value="2020-04-09T21:10:28.568+00:00"/>
    <profile value="http://hl7.org/fhir/StructureDefinition/shareablecodesystem"/>
  </meta>
  <text>
    <status value="generated"/><div xmlns="http://www.w3.org/1999/xhtml"><p>This case-sensitive code system <code>http://terminology.hl7.org/CodeSystem/audit-event-type</code> defines the following codes:</p><table class="codes"><tr><td style="white-space:nowrap"><b>Code</b></td><td><b>Display</b></td><td><b>Definition</b></td></tr><tr><td style="white-space:nowrap">rest<a name="audit-event-type-rest"> </a></td><td>RESTful Operation</td><td>Audit Event: Execution of a RESTful operation as defined by FHIR.</td></tr><tr><td style="white-space:nowrap">hl7-v2<a name="audit-event-type-hl7-v2"> </a></td><td>HL7 v2 Operation</td><td>Audit Event: Execution of an HL7 v2 operation.</td></tr><tr><td style="white-space:nowrap">hl7-v3<a name="audit-event-type-hl7-v3"> </a></td><td>HL7 v3 Operation</td><td>Audit Event: Execution of an HL7 v3 operation as defined by FHIR.</td></tr><tr><td style="white-space:nowrap">document<a name="audit-event-type-document"> </a></td><td>A Document Operation</td><td>Audit Event: Execution of an operation on a Document (e.g. XDS, CDA, etc).</td></tr><tr><td style="white-space:nowrap">object<a name="audit-event-type-object"> </a></td><td>An Operation on other Objects</td><td>Audit Event: Execution of an operation on an Object. For use when a more specific event type is not available.</td></tr></table></div>
  </text>
  <extension url="http://hl7.org/fhir/StructureDefinition/structuredefinition-wg">
    <valueCode value="sec"/>
  </extension>
  <extension url="http://hl7.org/fhir/StructureDefinition/structuredefinition-fmm">
    <valueInteger value="3"/>
  </extension>
  <url value="http://terminology.hl7.org/CodeSystem/audit-event-type"/>
  <identifier>
    <system value="urn:ietf:rfc:3986"/>
    <value value="urn:oid:2.16.840.1.113883.4.642.1.1136"/>
  </identifier>
  <version value="0.1.0"/>
  <name value="AuditEventID"/>
  <title value="Audit Event ID"/>
  <status value="active"/>
  <experimental value="false"/>
  <date value="2015-03-26T11:00:00+11:00"/>
  <publisher value="SatuSehat"/>
  <contact>
    <name value="SatuSehat"/>
    <telecom>
      <system value="url"/>
      <value value="https://satusehat.kemkes.go.id/"/>
    </telecom>
    <telecom>
      <system value="email"/>
      <value value="fhir@dto.kemkes.go.id"/>
    </telecom>
  </contact>
  <description value="Event Types for Audit Events - defined by DICOM with some FHIR specific additions."/>
  <copyright value="These codes are excerpted from Digital Imaging and Communications in Medicine (DICOM) Standard, Part 16: Content Mapping Resource, Copyright © 2011 by the National Electrical Manufacturers Association."/>
  <caseSensitive value="true"/>
  <content value="complete"/>
  <concept>
    <code value="rest"/>
    <display value="RESTful Operation"/>
    <definition value="Audit Event: Execution of a RESTful operation as defined by FHIR."/>
  </concept>
  <concept>
    <code value="hl7-v2"/>
    <display value="HL7 v2 Operation"/>
    <definition value="Audit Event: Execution of an HL7 v2 operation."/>
  </concept>
  <concept>
    <code value="hl7-v3"/>
    <display value="HL7 v3 Operation"/>
    <definition value="Audit Event: Execution of an HL7 v3 operation as defined by FHIR."/>
  </concept>
  <concept>
    <code value="document"/>
    <display value="A Document Operation"/>
    <definition value="Audit Event: Execution of an operation on a Document (e.g. XDS, CDA, etc)."/>
  </concept>
  <concept>
    <code value="object"/>
    <display value="An Operation on other Objects"/>
    <definition value="Audit Event: Execution of an operation on an Object. For use when a more specific event type is not available."/>
  </concept>
</CodeSystem>