<?xml version="1.0" encoding="UTF-8"?>

<CodeSystem xmlns="http://hl7.org/fhir">
  <id value="icpc2-icd10-THSRS"/>
  <text>
    <status value="generated"/><div xmlns="http://www.w3.org/1999/xhtml"><p>This case-sensitive code system <code>http://terminology.hl7.org/CodeSystem/icpc2-icd10-THSRS</code> defines codes, but no codes are represented here</p></div>
  </text>
  <url value="http://terminology.hl7.org/CodeSystem/icpc2-icd10-THSRS"/>
  <identifier>
    <system value="urn:ietf:rfc:3986"/>
    <value value="urn:oid:2.16.840.1.113883.6.142"/>
  </identifier>
  <version value="0.1.0"/>
  <name value="Icpc2Icd10THSRS"/>
  <title value="ICPC2-ICD10 Thesaurus"/>
  <status value="retired"/>
  <experimental value="false"/>
  <date value="2021-11-09T10:00:00+10:00"/>
  <publisher value="SatuSehat"/>
  <contact>
    <name value="SatuSehat"/>
    <telecom>
      <system value="url"/>
      <value value="https://satusehat.kemkes.go.id/"/>
    </telecom>
    <telecom>
      <system value="email"/>
      <value value="fhir@dto.kemkes.go.id"/>
    </telecom>
  </contact>
  <description value="A diagnostic Terminology for semi-automatic Double Coding in Electronic Patient Records&#xD;&#xA;&#xD;&#xA;The thesaurus is a part of the CD Rom: &quot;ICPC in the Amsterdam Transition Project. Extended Version. IM Okkes, SK Oskam, H. Lamberts. Amsterdam: Academic Medical Center/University of Amsterdam. Department of Family Medicine&quot;, see also the web site http://www.transitieproject.nl for this application of the thesaurus.&#xD;&#xA;&#xD;&#xA;This bilingual (English/Dutch) ICPC2-ICD10 thesaurus is derived from an extended version of the CD-Rom ICPC in the Amsterdam Transition Project, that was published as a companion to ICPC-2-R by Oxford University Press (2005). As was the case with the former thesaurus (published in Dutch in 2003), the content of this new thesaurus may be copied for academic purposes, and be used for teaching and research under the usual referencing conditions. Any other and/or commercial use requires prior permission from the authors, represented by Dr. Inge Okkes (see below).&#xD;&#xA;&#xD;&#xA;It is strongly recommended that you first go through the ICPC Tutorial, the Manual and the Glossary, and consider printing them.&#xD;&#xA;&#xD;&#xA;Becker, H.W., C. van Boven, S.K. Oskam, I.M. Okkes, W. Hirs, H. Lamberts. ICPC2 - ICD10 Thesaurus, Version March, 2004. Amsterdam: Project &quot;Adaptation ICPC, integration and implementation of ICPC2 and ICD10(-CM).&quot; Department of General Practice, Academic"/>
  <caseSensitive value="true"/>
  <content value="not-present"/>
</CodeSystem>