<?xml version="1.0" encoding="UTF-8"?>

<CodeSystem xmlns="http://hl7.org/fhir">
  <id value="KemkesOrganizationType"/>
  <language value="Indonesia"/>
  <text>
    <status value="generated"/><div xmlns="http://www.w3.org/1999/xhtml" xml:lang="Indonesia" lang="Indonesia"><p>This case-sensitive code system <code>http://terminology.kemkes.go.id/CodeSystem/organization-type</code> defines the following codes in a Is-A heirarchy:</p><table class="codes"><tr><td style="white-space:nowrap"><b>Code</b></td><td><b>Display</b></td></tr><tr><td style="white-space:nowrap">EHA000004<a name="KemkesOrganizationType-EHA000004"> </a></td><td>Skrining TBC DM</td></tr><tr><td style="white-space:nowrap">OT000001<a name="KemkesOrganizationType-OT000001"> </a></td><td>Polindes</td></tr><tr><td style="white-space:nowrap">OT000002<a name="KemkesOrganizationType-OT000002"> </a></td><td>Pustu</td></tr><tr><td style="white-space:nowrap">OT000003<a name="KemkesOrganizationType-OT000003"> </a></td><td>RS ODHA</td></tr><tr><td style="white-space:nowrap">OT000004<a name="KemkesOrganizationType-OT000004"> </a></td><td>Bidan Praktek Mandiri</td></tr><tr><td style="white-space:nowrap">OT000005<a name="KemkesOrganizationType-OT000005"> </a></td><td>Rumah Dukun</td></tr><tr><td style="white-space:nowrap">OT000006<a name="KemkesOrganizationType-OT000006"> </a></td><td>Rumah Sakit Pemerintah</td></tr><tr><td style="white-space:nowrap">OT000007<a name="KemkesOrganizationType-OT000007"> </a></td><td>Rumah Sakit Swasta</td></tr><tr><td style="white-space:nowrap">OT000008<a name="KemkesOrganizationType-OT000008"> </a></td><td>Rumah Bersalin</td></tr><tr><td style="white-space:nowrap">OT000009<a name="KemkesOrganizationType-OT000009"> </a></td><td>Balai Kesehatan Paru Masyarakat</td></tr><tr><td style="white-space:nowrap">OT000010<a name="KemkesOrganizationType-OT000010"> </a></td><td>Klinik Medis Utama</td></tr><tr><td style="white-space:nowrap">OT000011<a name="KemkesOrganizationType-OT000011"> </a></td><td>Klinik Medis Pratama</td></tr><tr><td style="white-space:nowrap">OT000012<a name="KemkesOrganizationType-OT000012"> </a></td><td>Dokter Praktik Mandiri</td></tr><tr><td style="white-space:nowrap">OT000013<a name="KemkesOrganizationType-OT000013"> </a></td><td>Bidan Praktik Mandiri</td></tr><tr><td style="white-space:nowrap">101<a name="KemkesOrganizationType-101"> </a></td><td>Tempat Praktik Mandiri Tenaga Kesehatan</td></tr><tr><td style="white-space:nowrap">102<a name="KemkesOrganizationType-102"> </a></td><td>Pusat Kesehatan Masyarakat</td></tr><tr><td style="white-space:nowrap">103<a name="KemkesOrganizationType-103"> </a></td><td>Klinik</td></tr><tr><td style="white-space:nowrap">104<a name="KemkesOrganizationType-104"> </a></td><td>Rumah Sakit</td></tr><tr><td style="white-space:nowrap">105<a name="KemkesOrganizationType-105"> </a></td><td>Apotek</td></tr><tr><td style="white-space:nowrap">106<a name="KemkesOrganizationType-106"> </a></td><td>Unit Transfusi Darah</td></tr><tr><td style="white-space:nowrap">107<a name="KemkesOrganizationType-107"> </a></td><td>Laboratorium Kesehatan</td></tr><tr><td style="white-space:nowrap">108<a name="KemkesOrganizationType-108"> </a></td><td>Optikal</td></tr><tr><td style="white-space:nowrap">109<a name="KemkesOrganizationType-109"> </a></td><td>Fasilitas Pelayanan Kedokteran untuk Kepentingan Hukum</td></tr><tr><td style="white-space:nowrap">110<a name="KemkesOrganizationType-110"> </a></td><td>Fasilitas Pelayanan Kesehatan Tradisional</td></tr><tr><td style="white-space:nowrap">111<a name="KemkesOrganizationType-111"> </a></td><td>Balai Kesehatan</td></tr><tr><td style="white-space:nowrap">112<a name="KemkesOrganizationType-112"> </a></td><td>Fasilitas Pelayanan Kesehatan Lainnya</td></tr><tr><td style="white-space:nowrap">113<a name="KemkesOrganizationType-113"> </a></td><td>Industri Farmasi</td></tr><tr><td style="white-space:nowrap">114<a name="KemkesOrganizationType-114"> </a></td><td>Industri Alkes</td></tr><tr><td style="white-space:nowrap">115<a name="KemkesOrganizationType-115"> </a></td><td>Industri PKRT</td></tr><tr><td style="white-space:nowrap">116<a name="KemkesOrganizationType-116"> </a></td><td>Industri Kosmetika</td></tr><tr><td style="white-space:nowrap">117<a name="KemkesOrganizationType-117"> </a></td><td>Industri Obat Tradisional</td></tr><tr><td style="white-space:nowrap">118<a name="KemkesOrganizationType-118"> </a></td><td>Usaha Kecil &amp; Mikro Obat Tradisional</td></tr><tr><td style="white-space:nowrap">119<a name="KemkesOrganizationType-119"> </a></td><td>Industri Rumah Tangga Pangan</td></tr><tr><td style="white-space:nowrap">120<a name="KemkesOrganizationType-120"> </a></td><td>Industri Rumah Tangga Alkes PKRT</td></tr><tr><td style="white-space:nowrap">121<a name="KemkesOrganizationType-121"> </a></td><td>Pedagang Besar Farmasi</td></tr><tr><td style="white-space:nowrap">122<a name="KemkesOrganizationType-122"> </a></td><td>Penyalur Alkes PKRT</td></tr><tr><td style="white-space:nowrap">123<a name="KemkesOrganizationType-123"> </a></td><td>Toko Obat</td></tr><tr><td style="white-space:nowrap">124<a name="KemkesOrganizationType-124"> </a></td><td>Toko Alkes PKRT</td></tr><tr><td style="white-space:nowrap">125<a name="KemkesOrganizationType-125"> </a></td><td>Rumah Duka</td></tr><tr><td style="white-space:nowrap">126<a name="KemkesOrganizationType-126"> </a></td><td>Institusi Pendidikan Tenaga Kesehatan</td></tr><tr><td style="white-space:nowrap">127<a name="KemkesOrganizationType-127"> </a></td><td>Institusi Diklat dan Pengembangan SDMK</td></tr><tr><td style="white-space:nowrap">128<a name="KemkesOrganizationType-128"> </a></td><td>Institusi Pendidikan Lainnya</td></tr><tr><td style="white-space:nowrap">129<a name="KemkesOrganizationType-129"> </a></td><td>Dinas Kesehatan</td></tr><tr><td style="white-space:nowrap">130<a name="KemkesOrganizationType-130"> </a></td><td>Posyandu Prima</td></tr><tr><td style="white-space:nowrap">131<a name="KemkesOrganizationType-131"> </a></td><td>Posyandu</td></tr><tr><td style="white-space:nowrap">132<a name="KemkesOrganizationType-132"> </a></td><td>Sentra Vaksinasi / Pos Imunisasi Lainnya</td></tr><tr><td style="white-space:nowrap">133<a name="KemkesOrganizationType-133"> </a></td><td>Sekolah</td></tr><tr><td style="white-space:nowrap">134<a name="KemkesOrganizationType-134"> </a></td><td>Kantor Kesehatan Pelabuhan</td></tr><tr><td style="white-space:nowrap">135<a name="KemkesOrganizationType-135"> </a></td><td>Instalasi Farmasi</td></tr><tr><td style="white-space:nowrap">136<a name="KemkesOrganizationType-136"> </a></td><td>Sarana Pembuangan Limbah Medis</td></tr><tr><td style="white-space:nowrap">137<a name="KemkesOrganizationType-137"> </a></td><td>Asuransi / Unit Pembiayaan</td></tr></table></div>
  </text>
  <url value="http://terminology.kemkes.go.id/CodeSystem/organization-type"/>
  <version value="0.1.0"/>
  <name value="KemkesOrganizationType"/>
  <title value="Terminology Kemkes organization type CodeSystem"/>
  <status value="active"/>
  <experimental value="false"/>
  <date value="2024-02-05T00:00:00.000Z"/>
  <publisher value="Thomas Chaidir"/>
  <contact>
    <name value="Thomas Chaidir"/>
    <telecom>
      <system value="url"/>
      <value value="https://satusehat.kemkes.go.id/"/>
    </telecom>
  </contact>
  <description value="Terminology Kemkes organization type CodeSystem"/>
  <caseSensitive value="true"/>
  <valueSet value="http://terminology.kemkes.go.id/ValueSet/organization-type"/>
  <hierarchyMeaning value="is-a"/>
  <compositional value="false"/>
  <versionNeeded value="true"/>
  <content value="complete"/>
  <count value="51"/>
  <concept>
    <code value="EHA000004"/>
    <display value="Skrining TBC DM"/>
  </concept>
  <concept>
    <code value="OT000001"/>
    <display value="Polindes"/>
  </concept>
  <concept>
    <code value="OT000002"/>
    <display value="Pustu"/>
  </concept>
  <concept>
    <code value="OT000003"/>
    <display value="RS ODHA"/>
  </concept>
  <concept>
    <code value="OT000004"/>
    <display value="Bidan Praktek Mandiri"/>
  </concept>
  <concept>
    <code value="OT000005"/>
    <display value="Rumah Dukun"/>
  </concept>
  <concept>
    <code value="OT000006"/>
    <display value="Rumah Sakit Pemerintah"/>
  </concept>
  <concept>
    <code value="OT000007"/>
    <display value="Rumah Sakit Swasta"/>
  </concept>
  <concept>
    <code value="OT000008"/>
    <display value="Rumah Bersalin"/>
  </concept>
  <concept>
    <code value="OT000009"/>
    <display value="Balai Kesehatan Paru Masyarakat"/>
  </concept>
  <concept>
    <code value="OT000010"/>
    <display value="Klinik Medis Utama"/>
  </concept>
  <concept>
    <code value="OT000011"/>
    <display value="Klinik Medis Pratama"/>
  </concept>
  <concept>
    <code value="OT000012"/>
    <display value="Dokter Praktik Mandiri"/>
  </concept>
  <concept>
    <code value="OT000013"/>
    <display value="Bidan Praktik Mandiri"/>
  </concept>
  <concept>
    <code value="101"/>
    <display value="Tempat Praktik Mandiri Tenaga Kesehatan"/>
  </concept>
  <concept>
    <code value="102"/>
    <display value="Pusat Kesehatan Masyarakat"/>
  </concept>
  <concept>
    <code value="103"/>
    <display value="Klinik"/>
  </concept>
  <concept>
    <code value="104"/>
    <display value="Rumah Sakit"/>
  </concept>
  <concept>
    <code value="105"/>
    <display value="Apotek"/>
  </concept>
  <concept>
    <code value="106"/>
    <display value="Unit Transfusi Darah"/>
  </concept>
  <concept>
    <code value="107"/>
    <display value="Laboratorium Kesehatan"/>
  </concept>
  <concept>
    <code value="108"/>
    <display value="Optikal"/>
  </concept>
  <concept>
    <code value="109"/>
    <display value="Fasilitas Pelayanan Kedokteran untuk Kepentingan Hukum"/>
  </concept>
  <concept>
    <code value="110"/>
    <display value="Fasilitas Pelayanan Kesehatan Tradisional"/>
  </concept>
  <concept>
    <code value="111"/>
    <display value="Balai Kesehatan"/>
  </concept>
  <concept>
    <code value="112"/>
    <display value="Fasilitas Pelayanan Kesehatan Lainnya"/>
  </concept>
  <concept>
    <code value="113"/>
    <display value="Industri Farmasi"/>
  </concept>
  <concept>
    <code value="114"/>
    <display value="Industri Alkes"/>
  </concept>
  <concept>
    <code value="115"/>
    <display value="Industri PKRT"/>
  </concept>
  <concept>
    <code value="116"/>
    <display value="Industri Kosmetika"/>
  </concept>
  <concept>
    <code value="117"/>
    <display value="Industri Obat Tradisional"/>
  </concept>
  <concept>
    <code value="118"/>
    <display value="Usaha Kecil &amp; Mikro Obat Tradisional"/>
  </concept>
  <concept>
    <code value="119"/>
    <display value="Industri Rumah Tangga Pangan"/>
  </concept>
  <concept>
    <code value="120"/>
    <display value="Industri Rumah Tangga Alkes PKRT"/>
  </concept>
  <concept>
    <code value="121"/>
    <display value="Pedagang Besar Farmasi"/>
  </concept>
  <concept>
    <code value="122"/>
    <display value="Penyalur Alkes PKRT"/>
  </concept>
  <concept>
    <code value="123"/>
    <display value="Toko Obat"/>
  </concept>
  <concept>
    <code value="124"/>
    <display value="Toko Alkes PKRT"/>
  </concept>
  <concept>
    <code value="125"/>
    <display value="Rumah Duka"/>
  </concept>
  <concept>
    <code value="126"/>
    <display value="Institusi Pendidikan Tenaga Kesehatan"/>
  </concept>
  <concept>
    <code value="127"/>
    <display value="Institusi Diklat dan Pengembangan SDMK"/>
  </concept>
  <concept>
    <code value="128"/>
    <display value="Institusi Pendidikan Lainnya"/>
  </concept>
  <concept>
    <code value="129"/>
    <display value="Dinas Kesehatan"/>
  </concept>
  <concept>
    <code value="130"/>
    <display value="Posyandu Prima"/>
  </concept>
  <concept>
    <code value="131"/>
    <display value="Posyandu"/>
  </concept>
  <concept>
    <code value="132"/>
    <display value="Sentra Vaksinasi / Pos Imunisasi Lainnya"/>
  </concept>
  <concept>
    <code value="133"/>
    <display value="Sekolah"/>
  </concept>
  <concept>
    <code value="134"/>
    <display value="Kantor Kesehatan Pelabuhan"/>
  </concept>
  <concept>
    <code value="135"/>
    <display value="Instalasi Farmasi"/>
  </concept>
  <concept>
    <code value="136"/>
    <display value="Sarana Pembuangan Limbah Medis"/>
  </concept>
  <concept>
    <code value="137"/>
    <display value="Asuransi / Unit Pembiayaan"/>
  </concept>
</CodeSystem>