<?xml version="1.0" encoding="UTF-8"?>

<CodeSystem xmlns="http://hl7.org/fhir">
  <id value="CDCREC"/>
  <text>
    <status value="generated"/><div xmlns="http://www.w3.org/1999/xhtml"><p>This case-sensitive code system <code>urn:oid:2.16.840.1.113883.6.238</code> defines codes, but no codes are represented here</p></div>
  </text>
  <url value="urn:oid:2.16.840.1.113883.6.238"/>
  <identifier>
    <system value="urn:ietf:rfc:3986"/>
    <value value="urn:oid:2.16.840.1.113883.6.238"/>
  </identifier>
  <version value="0.1.0"/>
  <name value="CDCREC"/>
  <title value="CDC Race and Ethnicity"/>
  <status value="active"/>
  <experimental value="false"/>
  <date value="2021-09-01T00:00:00-04:00"/>
  <publisher value="SatuSehat"/>
  <contact>
    <name value="SatuSehat"/>
    <telecom>
      <system value="url"/>
      <value value="https://satusehat.kemkes.go.id/"/>
    </telecom>
    <telecom>
      <system value="email"/>
      <value value="fhir@dto.kemkes.go.id"/>
    </telecom>
  </contact>
  <description value="The U.S. Centers for Disease Control and Prevention (CDC) has prepared a code set for use in coding race and ethnicity data. This code set is based on current federal standards for classifying data on race and ethnicity, specifically the minimum race and ethnicity categories defined by the U.S. Office of Management and Budget (OMB) and a more detailed set of race and ethnicity categories maintained by the U.S. Bureau of the Census (BC). The main purpose of the code set is to facilitate use of federal standards for classifying data on race and ethnicity when these data are exchanged, stored, retrieved, or analyzed in electronic form. At the same time, the code set can be applied to paper-based record systems to the extent that these systems are used to collect, maintain, and report data on race and ethnicity in accordance with current federal standards.&#xD;&#xA;&#xD;&#xA;The content is available at https://phinvads.cdc.gov/vads/ViewCodeSystem.action?id=2.16.840.1.113883.6.238#."/>
  <copyright value="Most of the information on the CDC and ATSDR websites is not subject to copyright, is in the public domain, and may be freely used or reproduced without obtaining copyright permission.&#xD;&#xA;&#xD;&#xA;For information and exceptions regarding use of CDC material please see https://www.cdc.gov/other/agencymaterials.html."/>
  <caseSensitive value="true"/>
  <content value="not-present"/>
</CodeSystem>