<?xml version="1.0" encoding="UTF-8"?>

<CodeSystem xmlns="http://hl7.org/fhir">
  <id value="v3-GTSAbbreviation"/>
  <language value="en"/>
  <text>
    <status value="generated"/><div xml:lang="en" xmlns="http://www.w3.org/1999/xhtml" lang="en"><p><b>Properties</b></p><p><b>This code system  defines the following properties for its concepts</b></p><table class="grid"><tr><td><b>Code</b></td><td><b>URI</b></td><td><b>Type</b></td><td><b>Description</b></td></tr><tr><td>Specializes</td><td/><td>Coding</td><td>The child code is a more narrow version of the concept represented by the parent code.  I.e. Every child concept is also a valid parent concept.  Used to allow determination of subsumption.  Must be transitive, irreflexive, antisymmetric.</td></tr><tr><td>Generalizes</td><td/><td>Coding</td><td>Inverse of Specializes.  Only included as a derived relationship.</td></tr><tr><td>internalId</td><td>http://terminology.hl7.org/CodeSystem/utg-concept-properties#v3-internal-id</td><td>code</td><td>The internal identifier for the concept in the HL7 Access database repository.</td></tr><tr><td>appliesTo</td><td>http://terminology.hl7.org/CodeSystem/utg-concept-properties#v3-applies-to</td><td>string</td><td>Haven't a clue!</td></tr><tr><td>status</td><td>http://hl7.org/fhir/concept-properties#status</td><td>code</td><td>Designation of a concept's state. Normally is not populated unless the state is retired.</td></tr><tr><td>notSelectable</td><td>http://hl7.org/fhir/concept-properties#notSelectable</td><td>boolean</td><td>Indicates that the code is abstract - only intended to be used as a selector for other concepts</td></tr></table><p><b>Concepts</b></p><p>This case-sensitive code system <code>http://terminology.hl7.org/CodeSystem/v3-GTSAbbreviation</code> defines the following codes in a Is-A heirarchy:</p><table class="codes"><tr><td><b>Lvl</b></td><td style="white-space:nowrap"><b>Code</b></td><td><b>Display</b></td><td><b>Definition</b></td><td><b>internalId</b></td><td><b>appliesTo</b></td><td><b>status</b></td><td><b>Not Selectable</b></td></tr><tr><td>1</td><td style="white-space:nowrap">AM<a name="v3-GTSAbbreviation-AM"> </a></td><td>AM</td><td>Every morning at institution specified times.</td><td>10721</td><td>H0600-1200 IST</td><td>active</td><td/></tr><tr><td>1</td><td style="white-space:nowrap">BED<a name="v3-GTSAbbreviation-BED"> </a></td><td>at bedtime</td><td>At bedtime (institution specified time).</td><td>23940</td><td/><td>active</td><td/></tr><tr><td>1</td><td style="white-space:nowrap">BID<a name="v3-GTSAbbreviation-BID"> </a></td><td>BID</td><td>Two times a day at institution specified time</td><td>10703</td><td>/(12 h) IST</td><td>active</td><td/></tr><tr><td>1</td><td style="white-space:nowrap">JB<a name="v3-GTSAbbreviation-JB"> </a></td><td>JB</td><td>Regular business days (Monday to Friday excluding holidays)</td><td>10723</td><td>J1-5 \JH</td><td>active</td><td/></tr><tr><td>1</td><td style="white-space:nowrap">JE<a name="v3-GTSAbbreviation-JE"> </a></td><td>JE</td><td>Regular weekends (Saturday and Sunday excluding holidays)</td><td>10724</td><td>J6-7 \JH</td><td>active</td><td/></tr><tr><td>1</td><td style="white-space:nowrap">JH<a name="v3-GTSAbbreviation-JH"> </a></td><td>GTSAbbreviationHolidays</td><td>Holidays</td><td>10725</td><td/><td>active</td><td/></tr><tr><td>2</td><td style="white-space:nowrap">  _GTSAbbreviationHolidaysChristianRoman<a name="v3-GTSAbbreviation-_GTSAbbreviationHolidaysChristianRoman"> </a></td><td>GTSAbbreviationHolidaysChristianRoman</td><td>Christian Holidays (Roman/Gregorian \[Western\] Tradition.)</td><td>21080</td><td/><td>active</td><td>true</td></tr><tr><td>3</td><td style="white-space:nowrap">    JHCHREAS<a name="v3-GTSAbbreviation-JHCHREAS"> </a></td><td>JHCHREAS</td><td>Easter Sunday. The Easter date is a rather complex calculation based on Astronomical tables describing full moon dates. Details can be found at \[http://www.assa.org.au/edm.html, and http://aa.usno.navy.mil/AA/faq/docs/easter.html\]. Note that the Christian Orthodox Holidays are based on the Julian calendar.</td><td>10730</td><td/><td>active</td><td/></tr><tr><td>3</td><td style="white-space:nowrap">    JHCHRGFR<a name="v3-GTSAbbreviation-JHCHRGFR"> </a></td><td>JHCHRGFR</td><td>Good Friday, is the Friday right before Easter Sunday.</td><td>10731</td><td/><td>active</td><td/></tr><tr><td>3</td><td style="white-space:nowrap">    JHCHRNEW<a name="v3-GTSAbbreviation-JHCHRNEW"> </a></td><td>JHCHRNEW</td><td>New Year's Day (January 1)</td><td>10729</td><td>M0101</td><td>active</td><td/></tr><tr><td>3</td><td style="white-space:nowrap">    JHCHRPEN<a name="v3-GTSAbbreviation-JHCHRPEN"> </a></td><td>JHCHRPEN</td><td>Pentecost Sunday, is seven weeks after Easter (the 50th day of Easter).</td><td>10732</td><td/><td>active</td><td/></tr><tr><td>3</td><td style="white-space:nowrap">    JHCHRXME<a name="v3-GTSAbbreviation-JHCHRXME"> </a></td><td>JHCHRXME</td><td>Christmas Eve (December 24)</td><td>10727</td><td>M1224</td><td>active</td><td/></tr><tr><td>3</td><td style="white-space:nowrap">    JHCHRXMS<a name="v3-GTSAbbreviation-JHCHRXMS"> </a></td><td>JHCHRXMS</td><td>Christmas Day (December 25)</td><td>10728</td><td>M1225</td><td>active</td><td/></tr><tr><td>2</td><td style="white-space:nowrap">  JHNNL<a name="v3-GTSAbbreviation-JHNNL"> </a></td><td>The Netherlands National Holidays</td><td>**Description:**The Netherlands National Holidays.</td><td>22658</td><td/><td>active</td><td/></tr><tr><td>3</td><td style="white-space:nowrap">    JHNNLLD<a name="v3-GTSAbbreviation-JHNNLLD"> </a></td><td>Liberation day (May 5 every five years)</td><td>**Description:**Liberation day (May 5 every five years)</td><td>22660</td><td/><td>active</td><td/></tr><tr><td>3</td><td style="white-space:nowrap">    JHNNLQD<a name="v3-GTSAbbreviation-JHNNLQD"> </a></td><td>Queen's day (April 30)</td><td>**Description:**Queen's day (April 30)</td><td>22659</td><td/><td>active</td><td/></tr><tr><td>3</td><td style="white-space:nowrap">    JHNNLSK<a name="v3-GTSAbbreviation-JHNNLSK"> </a></td><td>Sinterklaas (December 5)</td><td>**Description:**Sinterklaas (December 5)</td><td>22661</td><td/><td>active</td><td/></tr><tr><td>2</td><td style="white-space:nowrap">  JHNUS<a name="v3-GTSAbbreviation-JHNUS"> </a></td><td>GTSAbbreviationHolidaysUSNational</td><td>United States National Holidays (public holidays for federal employees established by U.S. Federal law 5 U.S.C. 6103).</td><td>10733</td><td/><td>active</td><td/></tr><tr><td>3</td><td style="white-space:nowrap">    JHNUSCLM<a name="v3-GTSAbbreviation-JHNUSCLM"> </a></td><td>JHNUSCLM</td><td>Columbus Day, the second Monday in October.</td><td>10743</td><td>M1008-14 J1</td><td>active</td><td/></tr><tr><td>3</td><td style="white-space:nowrap">    JHNUSIND<a name="v3-GTSAbbreviation-JHNUSIND"> </a></td><td>JHNUSIND</td><td>Independence Day (4th of July)</td><td>10739</td><td>M0704</td><td>active</td><td/></tr><tr><td>3</td><td style="white-space:nowrap">    JHNUSIND1<a name="v3-GTSAbbreviation-JHNUSIND1"> </a></td><td>JHNUSIND1</td><td>Alternative Monday after 4th of July Weekend \[5 U.S.C. 6103(b)\].</td><td>10741</td><td>M0705 J1</td><td>active</td><td/></tr><tr><td>3</td><td style="white-space:nowrap">    JHNUSIND5<a name="v3-GTSAbbreviation-JHNUSIND5"> </a></td><td>JHNUSIND5</td><td>Alternative Friday before 4th of July Weekend \[5 U.S.C. 6103(b)\].</td><td>10740</td><td>M0703 J5</td><td>active</td><td/></tr><tr><td>3</td><td style="white-space:nowrap">    JHNUSLBR<a name="v3-GTSAbbreviation-JHNUSLBR"> </a></td><td>JHNUSLBR</td><td>Labor Day, the first Monday in September.</td><td>10742</td><td>M0901-07 J1</td><td>active</td><td/></tr><tr><td>3</td><td style="white-space:nowrap">    JHNUSMEM<a name="v3-GTSAbbreviation-JHNUSMEM"> </a></td><td>JHNUSMEM</td><td>Memorial Day, the last Monday in May.</td><td>10736</td><td>M0525-31 J1</td><td>active</td><td/></tr><tr><td>3</td><td style="white-space:nowrap">    JHNUSMEM5<a name="v3-GTSAbbreviation-JHNUSMEM5"> </a></td><td>JHNUSMEM5</td><td>Friday before Memorial Day Weekend</td><td>10737</td><td>M0522-28 J5</td><td>active</td><td/></tr><tr><td>3</td><td style="white-space:nowrap">    JHNUSMEM6<a name="v3-GTSAbbreviation-JHNUSMEM6"> </a></td><td>JHNUSMEM6</td><td>Saturday of Memorial Day Weekend</td><td>10738</td><td>M0523-29 J6</td><td>active</td><td/></tr><tr><td>3</td><td style="white-space:nowrap">    JHNUSMLK<a name="v3-GTSAbbreviation-JHNUSMLK"> </a></td><td>JHNUSMLK</td><td>Dr. Martin Luther King, Jr. Day, the third Monday in January.</td><td>10734</td><td>M0115-21 J1</td><td>active</td><td/></tr><tr><td>3</td><td style="white-space:nowrap">    JHNUSPRE<a name="v3-GTSAbbreviation-JHNUSPRE"> </a></td><td>JHNUSPRE</td><td>Washington's Birthday (Presidential Day) the third Monday in February.</td><td>10735</td><td>M0215-21 J1</td><td>active</td><td/></tr><tr><td>3</td><td style="white-space:nowrap">    JHNUSTKS<a name="v3-GTSAbbreviation-JHNUSTKS"> </a></td><td>JHNUSTKS</td><td>Thanksgiving Day, the fourth Thursday in November.</td><td>10745</td><td>M1122-28 J4</td><td>active</td><td/></tr><tr><td>3</td><td style="white-space:nowrap">    JHNUSTKS5<a name="v3-GTSAbbreviation-JHNUSTKS5"> </a></td><td>JHNUSTKS5</td><td>Friday after Thanksgiving.</td><td>10746</td><td>M1123-29 J5</td><td>active</td><td/></tr><tr><td>3</td><td style="white-space:nowrap">    JHNUSVET<a name="v3-GTSAbbreviation-JHNUSVET"> </a></td><td>JHNUSVET</td><td>Veteran's Day, November 11.</td><td>10744</td><td>M1111</td><td>active</td><td/></tr><tr><td>1</td><td style="white-space:nowrap">MO<a name="v3-GTSAbbreviation-MO"> </a></td><td>monthly</td><td>Monthly at institution specified time.</td><td>23942</td><td/><td>active</td><td/></tr><tr><td>1</td><td style="white-space:nowrap">PM<a name="v3-GTSAbbreviation-PM"> </a></td><td>PM</td><td>Every afternoon at institution specified times.</td><td>10722</td><td>H1200-1800 IST</td><td>active</td><td/></tr><tr><td>1</td><td style="white-space:nowrap">Q1H<a name="v3-GTSAbbreviation-Q1H"> </a></td><td>every hour</td><td>Every hour at institution specified times.</td><td>23936</td><td/><td>active</td><td/></tr><tr><td>1</td><td style="white-space:nowrap">Q2H<a name="v3-GTSAbbreviation-Q2H"> </a></td><td>every 2 hours</td><td>Every 2 hours at institution specified times.</td><td>23937</td><td/><td>active</td><td/></tr><tr><td>1</td><td style="white-space:nowrap">Q3H<a name="v3-GTSAbbreviation-Q3H"> </a></td><td>every 3 hours</td><td>Every 3 hours at institution specified times.</td><td>23938</td><td/><td>active</td><td/></tr><tr><td>1</td><td style="white-space:nowrap">Q4H<a name="v3-GTSAbbreviation-Q4H"> </a></td><td>Q4H</td><td>Every 4 hours at institution specified time</td><td>23746</td><td>4 h IST</td><td>active</td><td/></tr><tr><td>1</td><td style="white-space:nowrap">Q6H<a name="v3-GTSAbbreviation-Q6H"> </a></td><td>Q6H</td><td>Every 6 hours at institution specified time</td><td>23747</td><td>6 h IST</td><td>active</td><td/></tr><tr><td>1</td><td style="white-space:nowrap">Q8H<a name="v3-GTSAbbreviation-Q8H"> </a></td><td>every 8 hours</td><td>Every 8 hours at institution specified times.</td><td>23939</td><td/><td>active</td><td/></tr><tr><td>1</td><td style="white-space:nowrap">QD<a name="v3-GTSAbbreviation-QD"> </a></td><td>QD</td><td>Every day at institution specified times.</td><td>23744</td><td>1 d IST</td><td>active</td><td/></tr><tr><td>1</td><td style="white-space:nowrap">QID<a name="v3-GTSAbbreviation-QID"> </a></td><td>QID</td><td>Four times a day at institution specified time</td><td>10705</td><td>/(6 h) IST</td><td>active</td><td/></tr><tr><td>1</td><td style="white-space:nowrap">QOD<a name="v3-GTSAbbreviation-QOD"> </a></td><td>QOD</td><td>Every other day at institution specified times.</td><td>23745</td><td>2 d IST</td><td>active</td><td/></tr><tr><td>1</td><td style="white-space:nowrap">TID<a name="v3-GTSAbbreviation-TID"> </a></td><td>TID</td><td>Three times a day at institution specified time</td><td>10704</td><td>/(8 h) IST</td><td>active</td><td/></tr><tr><td>1</td><td style="white-space:nowrap">WK<a name="v3-GTSAbbreviation-WK"> </a></td><td>weekly</td><td>Weekly at institution specified time.</td><td>23941</td><td/><td>active</td><td/></tr></table></div>
  </text>
  <url value="http://terminology.hl7.org/CodeSystem/v3-GTSAbbreviation"/>
  <identifier>
    <system value="urn:ietf:rfc:3986"/>
    <value value="urn:oid:2.16.840.1.113883.5.1022"/>
  </identifier>
  <version value="0.1.0"/>
  <name value="GTSAbbreviation"/>
  <title value="GTSAbbreviation"/>
  <status value="active"/>
  <experimental value="false"/>
  <date value="2019-03-20"/>
  <publisher value="SatuSehat"/>
  <contact>
    <name value="SatuSehat"/>
    <telecom>
      <system value="url"/>
      <value value="https://satusehat.kemkes.go.id/"/>
    </telecom>
    <telecom>
      <system value="email"/>
      <value value="fhir@dto.kemkes.go.id"/>
    </telecom>
  </contact>
  <description value="*Open Issue:* It appears that the printnames are suboptimal and should be improved for many of the existing codes."/>
  <copyright value="This material derives from the HL7 Terminology THO. THO is copyright ©1989+ Health Level Seven International and is made available under the CC0 designation. For more licensing information see: https://terminology.hl7.org/license"/>
  <caseSensitive value="true"/>
  <hierarchyMeaning value="is-a"/>
  <content value="complete"/>
  <property>
    <extension url="http://terminology.hl7.org/StructureDefinition/ext-mif-relationship-symmetry">
      <valueCode value="antisymmetric"/>
    </extension>
    <extension url="http://terminology.hl7.org/StructureDefinition/ext-mif-relationship-transitivity">
      <valueCode value="transitive"/>
    </extension>
    <extension url="http://terminology.hl7.org/StructureDefinition/ext-mif-relationship-reflexivity">
      <valueCode value="irreflexive"/>
    </extension>
    <extension url="http://terminology.hl7.org/StructureDefinition/ext-mif-relationship-isNavigable">
      <valueBoolean value="true"/>
    </extension>
    <extension url="http://terminology.hl7.org/StructureDefinition/ext-mif-relationship-relationshipKind">
      <valueCode value="Specializes"/>
    </extension>
    <extension url="http://terminology.hl7.org/StructureDefinition/ext-mif-relationship-inverseName">
      <valueString value="Generalizes"/>
    </extension>
    <code value="Specializes"/>
    <description value="The child code is a more narrow version of the concept represented by the parent code.  I.e. Every child concept is also a valid parent concept.  Used to allow determination of subsumption.  Must be transitive, irreflexive, antisymmetric."/>
    <type value="Coding"/>
  </property>
  <property>
    <extension url="http://terminology.hl7.org/StructureDefinition/ext-mif-relationship-symmetry">
      <valueCode value="antisymmetric"/>
    </extension>
    <extension url="http://terminology.hl7.org/StructureDefinition/ext-mif-relationship-transitivity">
      <valueCode value="transitive"/>
    </extension>
    <extension url="http://terminology.hl7.org/StructureDefinition/ext-mif-relationship-reflexivity">
      <valueCode value="irreflexive"/>
    </extension>
    <extension url="http://terminology.hl7.org/StructureDefinition/ext-mif-relationship-isNavigable">
      <valueBoolean value="true"/>
    </extension>
    <extension url="http://terminology.hl7.org/StructureDefinition/ext-mif-relationship-relationshipKind">
      <valueCode value="Generalizes"/>
    </extension>
    <extension url="http://terminology.hl7.org/StructureDefinition/ext-mif-relationship-inverseName">
      <valueString value="Specializes"/>
    </extension>
    <code value="Generalizes"/>
    <description value="Inverse of Specializes.  Only included as a derived relationship."/>
    <type value="Coding"/>
  </property>
  <property>
    <code value="internalId"/>
    <uri value="http://terminology.hl7.org/CodeSystem/utg-concept-properties#v3-internal-id"/>
    <description value="The internal identifier for the concept in the HL7 Access database repository."/>
    <type value="code"/>
  </property>
  <property>
    <code value="appliesTo"/>
    <uri value="http://terminology.hl7.org/CodeSystem/utg-concept-properties#v3-applies-to"/>
    <description value="Haven't a clue!"/>
    <type value="string"/>
  </property>
  <property>
    <code value="status"/>
    <uri value="http://hl7.org/fhir/concept-properties#status"/>
    <description value="Designation of a concept's state. Normally is not populated unless the state is retired."/>
    <type value="code"/>
  </property>
  <property>
    <code value="notSelectable"/>
    <uri value="http://hl7.org/fhir/concept-properties#notSelectable"/>
    <description value="Indicates that the code is abstract - only intended to be used as a selector for other concepts"/>
    <type value="boolean"/>
  </property>
  <concept>
    <code value="AM"/>
    <display value="AM"/>
    <definition value="Every morning at institution specified times."/>
    <property>
      <code value="status"/>
      <valueCode value="active"/>
    </property>
    <property>
      <code value="internalId"/>
      <valueCode value="10721"/>
    </property>
    <property>
      <code value="appliesTo"/>
      <valueString value="H0600-1200 IST"/>
    </property>
  </concept>
  <concept>
    <code value="BED"/>
    <display value="at bedtime"/>
    <definition value="At bedtime (institution specified time)."/>
    <property>
      <code value="status"/>
      <valueCode value="active"/>
    </property>
    <property>
      <code value="internalId"/>
      <valueCode value="23940"/>
    </property>
  </concept>
  <concept>
    <code value="BID"/>
    <display value="BID"/>
    <definition value="Two times a day at institution specified time"/>
    <property>
      <code value="status"/>
      <valueCode value="active"/>
    </property>
    <property>
      <code value="internalId"/>
      <valueCode value="10703"/>
    </property>
    <property>
      <code value="appliesTo"/>
      <valueString value="/(12 h) IST"/>
    </property>
  </concept>
  <concept>
    <code value="JB"/>
    <display value="JB"/>
    <definition value="Regular business days (Monday to Friday excluding holidays)"/>
    <property>
      <code value="status"/>
      <valueCode value="active"/>
    </property>
    <property>
      <code value="internalId"/>
      <valueCode value="10723"/>
    </property>
    <property>
      <code value="appliesTo"/>
      <valueString value="J1-5 \JH"/>
    </property>
  </concept>
  <concept>
    <code value="JE"/>
    <display value="JE"/>
    <definition value="Regular weekends (Saturday and Sunday excluding holidays)"/>
    <property>
      <code value="status"/>
      <valueCode value="active"/>
    </property>
    <property>
      <code value="internalId"/>
      <valueCode value="10724"/>
    </property>
    <property>
      <code value="appliesTo"/>
      <valueString value="J6-7 \JH"/>
    </property>
  </concept>
  <concept>
    <code value="JH"/>
    <display value="GTSAbbreviationHolidays"/>
    <definition value="Holidays"/>
    <property>
      <code value="status"/>
      <valueCode value="active"/>
    </property>
    <property>
      <code value="internalId"/>
      <valueCode value="10725"/>
    </property>
    <concept>
      <code value="_GTSAbbreviationHolidaysChristianRoman"/>
      <display value="GTSAbbreviationHolidaysChristianRoman"/>
      <definition value="Christian Holidays (Roman/Gregorian \[Western\] Tradition.)"/>
      <property>
        <code value="notSelectable"/>
        <valueBoolean value="true"/>
      </property>
      <property>
        <code value="status"/>
        <valueCode value="active"/>
      </property>
      <property>
        <code value="internalId"/>
        <valueCode value="21080"/>
      </property>
      <concept>
        <code value="JHCHREAS"/>
        <display value="JHCHREAS"/>
        <definition value="Easter Sunday. The Easter date is a rather complex calculation based on Astronomical tables describing full moon dates. Details can be found at \[http://www.assa.org.au/edm.html, and http://aa.usno.navy.mil/AA/faq/docs/easter.html\]. Note that the Christian Orthodox Holidays are based on the Julian calendar."/>
        <property>
          <code value="status"/>
          <valueCode value="active"/>
        </property>
        <property>
          <code value="internalId"/>
          <valueCode value="10730"/>
        </property>
      </concept>
      <concept>
        <code value="JHCHRGFR"/>
        <display value="JHCHRGFR"/>
        <definition value="Good Friday, is the Friday right before Easter Sunday."/>
        <property>
          <code value="status"/>
          <valueCode value="active"/>
        </property>
        <property>
          <code value="internalId"/>
          <valueCode value="10731"/>
        </property>
      </concept>
      <concept>
        <code value="JHCHRNEW"/>
        <display value="JHCHRNEW"/>
        <definition value="New Year's Day (January 1)"/>
        <property>
          <code value="status"/>
          <valueCode value="active"/>
        </property>
        <property>
          <code value="internalId"/>
          <valueCode value="10729"/>
        </property>
        <property>
          <code value="appliesTo"/>
          <valueString value="M0101"/>
        </property>
      </concept>
      <concept>
        <code value="JHCHRPEN"/>
        <display value="JHCHRPEN"/>
        <definition value="Pentecost Sunday, is seven weeks after Easter (the 50th day of Easter)."/>
        <property>
          <code value="status"/>
          <valueCode value="active"/>
        </property>
        <property>
          <code value="internalId"/>
          <valueCode value="10732"/>
        </property>
      </concept>
      <concept>
        <code value="JHCHRXME"/>
        <display value="JHCHRXME"/>
        <definition value="Christmas Eve (December 24)"/>
        <property>
          <code value="status"/>
          <valueCode value="active"/>
        </property>
        <property>
          <code value="internalId"/>
          <valueCode value="10727"/>
        </property>
        <property>
          <code value="appliesTo"/>
          <valueString value="M1224"/>
        </property>
      </concept>
      <concept>
        <code value="JHCHRXMS"/>
        <display value="JHCHRXMS"/>
        <definition value="Christmas Day (December 25)"/>
        <property>
          <code value="status"/>
          <valueCode value="active"/>
        </property>
        <property>
          <code value="internalId"/>
          <valueCode value="10728"/>
        </property>
        <property>
          <code value="appliesTo"/>
          <valueString value="M1225"/>
        </property>
      </concept>
    </concept>
    <concept>
      <code value="JHNNL"/>
      <display value="The Netherlands National Holidays"/>
      <definition value="**Description:**The Netherlands National Holidays."/>
      <property>
        <code value="status"/>
        <valueCode value="active"/>
      </property>
      <property>
        <code value="internalId"/>
        <valueCode value="22658"/>
      </property>
      <concept>
        <code value="JHNNLLD"/>
        <display value="Liberation day (May 5 every five years)"/>
        <definition value="**Description:**Liberation day (May 5 every five years)"/>
        <property>
          <code value="status"/>
          <valueCode value="active"/>
        </property>
        <property>
          <code value="internalId"/>
          <valueCode value="22660"/>
        </property>
      </concept>
      <concept>
        <code value="JHNNLQD"/>
        <display value="Queen's day (April 30)"/>
        <definition value="**Description:**Queen's day (April 30)"/>
        <property>
          <code value="status"/>
          <valueCode value="active"/>
        </property>
        <property>
          <code value="internalId"/>
          <valueCode value="22659"/>
        </property>
      </concept>
      <concept>
        <code value="JHNNLSK"/>
        <display value="Sinterklaas (December 5)"/>
        <definition value="**Description:**Sinterklaas (December 5)"/>
        <property>
          <code value="status"/>
          <valueCode value="active"/>
        </property>
        <property>
          <code value="internalId"/>
          <valueCode value="22661"/>
        </property>
      </concept>
    </concept>
    <concept>
      <code value="JHNUS"/>
      <display value="GTSAbbreviationHolidaysUSNational"/>
      <definition value="United States National Holidays (public holidays for federal employees established by U.S. Federal law 5 U.S.C. 6103)."/>
      <property>
        <code value="status"/>
        <valueCode value="active"/>
      </property>
      <property>
        <code value="internalId"/>
        <valueCode value="10733"/>
      </property>
      <concept>
        <code value="JHNUSCLM"/>
        <display value="JHNUSCLM"/>
        <definition value="Columbus Day, the second Monday in October."/>
        <property>
          <code value="status"/>
          <valueCode value="active"/>
        </property>
        <property>
          <code value="internalId"/>
          <valueCode value="10743"/>
        </property>
        <property>
          <code value="appliesTo"/>
          <valueString value="M1008-14 J1"/>
        </property>
      </concept>
      <concept>
        <code value="JHNUSIND"/>
        <display value="JHNUSIND"/>
        <definition value="Independence Day (4th of July)"/>
        <property>
          <code value="status"/>
          <valueCode value="active"/>
        </property>
        <property>
          <code value="internalId"/>
          <valueCode value="10739"/>
        </property>
        <property>
          <code value="appliesTo"/>
          <valueString value="M0704"/>
        </property>
      </concept>
      <concept>
        <code value="JHNUSIND1"/>
        <display value="JHNUSIND1"/>
        <definition value="Alternative Monday after 4th of July Weekend \[5 U.S.C. 6103(b)\]."/>
        <property>
          <code value="status"/>
          <valueCode value="active"/>
        </property>
        <property>
          <code value="internalId"/>
          <valueCode value="10741"/>
        </property>
        <property>
          <code value="appliesTo"/>
          <valueString value="M0705 J1"/>
        </property>
      </concept>
      <concept>
        <code value="JHNUSIND5"/>
        <display value="JHNUSIND5"/>
        <definition value="Alternative Friday before 4th of July Weekend \[5 U.S.C. 6103(b)\]."/>
        <property>
          <code value="status"/>
          <valueCode value="active"/>
        </property>
        <property>
          <code value="internalId"/>
          <valueCode value="10740"/>
        </property>
        <property>
          <code value="appliesTo"/>
          <valueString value="M0703 J5"/>
        </property>
      </concept>
      <concept>
        <code value="JHNUSLBR"/>
        <display value="JHNUSLBR"/>
        <definition value="Labor Day, the first Monday in September."/>
        <property>
          <code value="status"/>
          <valueCode value="active"/>
        </property>
        <property>
          <code value="internalId"/>
          <valueCode value="10742"/>
        </property>
        <property>
          <code value="appliesTo"/>
          <valueString value="M0901-07 J1"/>
        </property>
      </concept>
      <concept>
        <code value="JHNUSMEM"/>
        <display value="JHNUSMEM"/>
        <definition value="Memorial Day, the last Monday in May."/>
        <property>
          <code value="status"/>
          <valueCode value="active"/>
        </property>
        <property>
          <code value="internalId"/>
          <valueCode value="10736"/>
        </property>
        <property>
          <code value="appliesTo"/>
          <valueString value="M0525-31 J1"/>
        </property>
      </concept>
      <concept>
        <code value="JHNUSMEM5"/>
        <display value="JHNUSMEM5"/>
        <definition value="Friday before Memorial Day Weekend"/>
        <property>
          <code value="status"/>
          <valueCode value="active"/>
        </property>
        <property>
          <code value="internalId"/>
          <valueCode value="10737"/>
        </property>
        <property>
          <code value="appliesTo"/>
          <valueString value="M0522-28 J5"/>
        </property>
      </concept>
      <concept>
        <code value="JHNUSMEM6"/>
        <display value="JHNUSMEM6"/>
        <definition value="Saturday of Memorial Day Weekend"/>
        <property>
          <code value="status"/>
          <valueCode value="active"/>
        </property>
        <property>
          <code value="internalId"/>
          <valueCode value="10738"/>
        </property>
        <property>
          <code value="appliesTo"/>
          <valueString value="M0523-29 J6"/>
        </property>
      </concept>
      <concept>
        <code value="JHNUSMLK"/>
        <display value="JHNUSMLK"/>
        <definition value="Dr. Martin Luther King, Jr. Day, the third Monday in January."/>
        <property>
          <code value="status"/>
          <valueCode value="active"/>
        </property>
        <property>
          <code value="internalId"/>
          <valueCode value="10734"/>
        </property>
        <property>
          <code value="appliesTo"/>
          <valueString value="M0115-21 J1"/>
        </property>
      </concept>
      <concept>
        <code value="JHNUSPRE"/>
        <display value="JHNUSPRE"/>
        <definition value="Washington's Birthday (Presidential Day) the third Monday in February."/>
        <property>
          <code value="status"/>
          <valueCode value="active"/>
        </property>
        <property>
          <code value="internalId"/>
          <valueCode value="10735"/>
        </property>
        <property>
          <code value="appliesTo"/>
          <valueString value="M0215-21 J1"/>
        </property>
      </concept>
      <concept>
        <code value="JHNUSTKS"/>
        <display value="JHNUSTKS"/>
        <definition value="Thanksgiving Day, the fourth Thursday in November."/>
        <property>
          <code value="status"/>
          <valueCode value="active"/>
        </property>
        <property>
          <code value="internalId"/>
          <valueCode value="10745"/>
        </property>
        <property>
          <code value="appliesTo"/>
          <valueString value="M1122-28 J4"/>
        </property>
      </concept>
      <concept>
        <code value="JHNUSTKS5"/>
        <display value="JHNUSTKS5"/>
        <definition value="Friday after Thanksgiving."/>
        <property>
          <code value="status"/>
          <valueCode value="active"/>
        </property>
        <property>
          <code value="internalId"/>
          <valueCode value="10746"/>
        </property>
        <property>
          <code value="appliesTo"/>
          <valueString value="M1123-29 J5"/>
        </property>
      </concept>
      <concept>
        <code value="JHNUSVET"/>
        <display value="JHNUSVET"/>
        <definition value="Veteran's Day, November 11."/>
        <property>
          <code value="status"/>
          <valueCode value="active"/>
        </property>
        <property>
          <code value="internalId"/>
          <valueCode value="10744"/>
        </property>
        <property>
          <code value="appliesTo"/>
          <valueString value="M1111"/>
        </property>
      </concept>
    </concept>
  </concept>
  <concept>
    <code value="MO"/>
    <display value="monthly"/>
    <definition value="Monthly at institution specified time."/>
    <property>
      <code value="status"/>
      <valueCode value="active"/>
    </property>
    <property>
      <code value="internalId"/>
      <valueCode value="23942"/>
    </property>
  </concept>
  <concept>
    <code value="PM"/>
    <display value="PM"/>
    <definition value="Every afternoon at institution specified times."/>
    <property>
      <code value="status"/>
      <valueCode value="active"/>
    </property>
    <property>
      <code value="internalId"/>
      <valueCode value="10722"/>
    </property>
    <property>
      <code value="appliesTo"/>
      <valueString value="H1200-1800 IST"/>
    </property>
  </concept>
  <concept>
    <code value="Q1H"/>
    <display value="every hour"/>
    <definition value="Every hour at institution specified times."/>
    <property>
      <code value="status"/>
      <valueCode value="active"/>
    </property>
    <property>
      <code value="internalId"/>
      <valueCode value="23936"/>
    </property>
  </concept>
  <concept>
    <code value="Q2H"/>
    <display value="every 2 hours"/>
    <definition value="Every 2 hours at institution specified times."/>
    <property>
      <code value="status"/>
      <valueCode value="active"/>
    </property>
    <property>
      <code value="internalId"/>
      <valueCode value="23937"/>
    </property>
  </concept>
  <concept>
    <code value="Q3H"/>
    <display value="every 3 hours"/>
    <definition value="Every 3 hours at institution specified times."/>
    <property>
      <code value="status"/>
      <valueCode value="active"/>
    </property>
    <property>
      <code value="internalId"/>
      <valueCode value="23938"/>
    </property>
  </concept>
  <concept>
    <code value="Q4H"/>
    <display value="Q4H"/>
    <definition value="Every 4 hours at institution specified time"/>
    <property>
      <code value="status"/>
      <valueCode value="active"/>
    </property>
    <property>
      <code value="internalId"/>
      <valueCode value="23746"/>
    </property>
    <property>
      <code value="appliesTo"/>
      <valueString value="4 h IST"/>
    </property>
  </concept>
  <concept>
    <code value="Q6H"/>
    <display value="Q6H"/>
    <definition value="Every 6 hours at institution specified time"/>
    <property>
      <code value="status"/>
      <valueCode value="active"/>
    </property>
    <property>
      <code value="internalId"/>
      <valueCode value="23747"/>
    </property>
    <property>
      <code value="appliesTo"/>
      <valueString value="6 h IST"/>
    </property>
  </concept>
  <concept>
    <code value="Q8H"/>
    <display value="every 8 hours"/>
    <definition value="Every 8 hours at institution specified times."/>
    <property>
      <code value="status"/>
      <valueCode value="active"/>
    </property>
    <property>
      <code value="internalId"/>
      <valueCode value="23939"/>
    </property>
  </concept>
  <concept>
    <code value="QD"/>
    <display value="QD"/>
    <definition value="Every day at institution specified times."/>
    <property>
      <code value="status"/>
      <valueCode value="active"/>
    </property>
    <property>
      <code value="internalId"/>
      <valueCode value="23744"/>
    </property>
    <property>
      <code value="appliesTo"/>
      <valueString value="1 d IST"/>
    </property>
  </concept>
  <concept>
    <code value="QID"/>
    <display value="QID"/>
    <definition value="Four times a day at institution specified time"/>
    <property>
      <code value="status"/>
      <valueCode value="active"/>
    </property>
    <property>
      <code value="internalId"/>
      <valueCode value="10705"/>
    </property>
    <property>
      <code value="appliesTo"/>
      <valueString value="/(6 h) IST"/>
    </property>
  </concept>
  <concept>
    <code value="QOD"/>
    <display value="QOD"/>
    <definition value="Every other day at institution specified times."/>
    <property>
      <code value="status"/>
      <valueCode value="active"/>
    </property>
    <property>
      <code value="internalId"/>
      <valueCode value="23745"/>
    </property>
    <property>
      <code value="appliesTo"/>
      <valueString value="2 d IST"/>
    </property>
  </concept>
  <concept>
    <code value="TID"/>
    <display value="TID"/>
    <definition value="Three times a day at institution specified time"/>
    <property>
      <code value="status"/>
      <valueCode value="active"/>
    </property>
    <property>
      <code value="internalId"/>
      <valueCode value="10704"/>
    </property>
    <property>
      <code value="appliesTo"/>
      <valueString value="/(8 h) IST"/>
    </property>
  </concept>
  <concept>
    <code value="WK"/>
    <display value="weekly"/>
    <definition value="Weekly at institution specified time."/>
    <property>
      <code value="status"/>
      <valueCode value="active"/>
    </property>
    <property>
      <code value="internalId"/>
      <valueCode value="23941"/>
    </property>
  </concept>
</CodeSystem>