<?xml version="1.0" encoding="UTF-8"?>

<CodeSystem xmlns="http://hl7.org/fhir">
  <id value="v3-hl7Realm"/>
  <language value="en"/>
  <text>
    <status value="generated"/><div xml:lang="en" xmlns="http://www.w3.org/1999/xhtml" lang="en"><p><b>Properties</b></p><p><b>This code system  defines the following properties for its concepts</b></p><table class="grid"><tr><td><b>Code</b></td><td><b>URI</b></td><td><b>Type</b></td><td><b>Description</b></td></tr><tr><td>Specializes</td><td/><td>Coding</td><td>The child code is a more narrow version of the concept represented by the parent code.  I.e. Every child concept is also a valid parent concept.  Used to allow determination of subsumption.  Must be transitive, irreflexive, antisymmetric.</td></tr><tr><td>Generalizes</td><td/><td>Coding</td><td>Inverse of Specializes.  Only included as a derived relationship.</td></tr><tr><td>OwningAffiliate</td><td>http://terminology.hl7.org/CodeSystem/utg-concept-properties#OwningAffiliate</td><td>Coding</td><td>Identifies the affiliate responsible for a binding realm or namespace realm code.  Must be specified for all codes that are not specializations of AffiliateRealms. ConceptRelationshipProperties: [relationshipKind: other; isNavigable: false; functionalism: functional; reflexivity: irreflexive; symmetry: antisymetric; connected: false; transitivity: antitransitive; allowedForTargets: all codes from the hl7PublishingSection code system; requiredForSources: all codes which are not equal to ZZ and are not specializations of the abstract code AffiliateRealms; allowedForTargets: all codes which are specializations of the abstract code AffiliateRealms;]</td></tr><tr><td>internalId</td><td>http://terminology.hl7.org/CodeSystem/utg-concept-properties#v3-internal-id</td><td>code</td><td>The internal identifier for the concept in the HL7 Access database repository.</td></tr><tr><td>status</td><td>http://hl7.org/fhir/concept-properties#status</td><td>code</td><td>Designation of a concept's state.  Normally is not populated unless the state is retired..</td></tr><tr><td>notSelectable</td><td>http://hl7.org/fhir/concept-properties#notSelectable</td><td>boolean</td><td>Indicates that the code is abstract - only intended to be used as a selector for other concepts</td></tr><tr><td>subsumedBy</td><td>http://hl7.org/fhir/concept-properties#parent</td><td>code</td><td>The concept code of a parent concept</td></tr></table><p><b>Concepts</b></p><p>This case-sensitive code system <code>http://terminology.hl7.org/CodeSystem/v3-hl7Realm</code> defines the following codes in a Is-A heirarchy:</p><table class="codes"><tr><td><b>Lvl</b></td><td style="white-space:nowrap"><b>Code</b></td><td><b>Display</b></td><td><b>Definition</b></td><td><b>HL7 Affiliate Owner</b></td><td><b>internalId</b></td><td><b>status</b></td><td><b>Not Selectable</b></td><td><b>Parent</b></td></tr><tr><td>1</td><td style="white-space:nowrap">BindingRealms<a name="v3-hl7Realm-BindingRealms"> </a></td><td>binding realms</td><td>**Description:** Concepts that can be used as Binding Realms when creating Binding Statements. These codes are permitted to appear in the InfrastructureRoot.realmCode attribute.</td><td/><td>23214</td><td>active</td><td>true</td><td/></tr><tr><td>2</td><td style="white-space:nowrap">  AffiliateRealms<a name="v3-hl7Realm-AffiliateRealms"> </a></td><td>Affiliate Realms</td><td>**Description:** Realm codes for official HL7 organizational bodies. This includes both the HL7 International organization as well as all recognized international affiliates (past and present). These groups have the ability to bind vocabulary and develop artifacts. As well, they have the ability to have &quot;ownership&quot; over other binding realms and namespace realms via the owningAffiliate property of those other realm codes.</td><td/><td>22941</td><td>active</td><td>true</td><td>BindingRealms, NamespaceRealms</td></tr><tr><td>3</td><td style="white-space:nowrap">    AR<a name="v3-hl7Realm-AR"> </a></td><td>Argentina</td><td>**Description:** Realm code for use of Argentina</td><td/><td>22942</td><td>active</td><td/><td>AffiliateRealms</td></tr><tr><td>3</td><td style="white-space:nowrap">    AT<a name="v3-hl7Realm-AT"> </a></td><td>Austria</td><td>**Description:** Realm code for use of Austria</td><td/><td>22943</td><td>active</td><td/><td>AffiliateRealms</td></tr><tr><td>3</td><td style="white-space:nowrap">    AU<a name="v3-hl7Realm-AU"> </a></td><td>Australia</td><td>**Description:** Realm code for use of Australia</td><td/><td>22944</td><td>active</td><td/><td>AffiliateRealms</td></tr><tr><td>3</td><td style="white-space:nowrap">    BR<a name="v3-hl7Realm-BR"> </a></td><td>Brazil</td><td>**Description:** Realm code for use of Brazil</td><td/><td>22945</td><td>active</td><td/><td>AffiliateRealms</td></tr><tr><td>3</td><td style="white-space:nowrap">    CA<a name="v3-hl7Realm-CA"> </a></td><td>Canada</td><td>**Description:** Realm code for use of Canada</td><td/><td>22946</td><td>active</td><td/><td>AffiliateRealms</td></tr><tr><td>3</td><td style="white-space:nowrap">    CH<a name="v3-hl7Realm-CH"> </a></td><td>Switzerland</td><td>**Description:** Realm code for use of Switzerland</td><td/><td>22947</td><td>active</td><td/><td>AffiliateRealms</td></tr><tr><td>3</td><td style="white-space:nowrap">    CL<a name="v3-hl7Realm-CL"> </a></td><td>Chile</td><td>**Description:** Realm code for use of Chile</td><td/><td>22948</td><td>active</td><td/><td>AffiliateRealms</td></tr><tr><td>3</td><td style="white-space:nowrap">    CN<a name="v3-hl7Realm-CN"> </a></td><td>China</td><td>**Description:** Realm code for use of China</td><td/><td>22949</td><td>active</td><td/><td>AffiliateRealms</td></tr><tr><td>3</td><td style="white-space:nowrap">    CO<a name="v3-hl7Realm-CO"> </a></td><td>Columbia</td><td>**Description:** Realm code for use of Localized Version</td><td/><td>22977</td><td>active</td><td/><td>AffiliateRealms</td></tr><tr><td>3</td><td style="white-space:nowrap">    CZ<a name="v3-hl7Realm-CZ"> </a></td><td>Czech Republic</td><td>**Description:** Realm code for use of Czech Republic</td><td/><td>22950</td><td>active</td><td/><td>AffiliateRealms</td></tr><tr><td>3</td><td style="white-space:nowrap">    DE<a name="v3-hl7Realm-DE"> </a></td><td>Germany</td><td>**Description:** Realm code for use of Germany</td><td/><td>22951</td><td>active</td><td/><td>AffiliateRealms</td></tr><tr><td>3</td><td style="white-space:nowrap">    DK<a name="v3-hl7Realm-DK"> </a></td><td>Denmark</td><td>**Description:** Realm code for use of Denmark</td><td/><td>22952</td><td>active</td><td/><td>AffiliateRealms</td></tr><tr><td>3</td><td style="white-space:nowrap">    ES<a name="v3-hl7Realm-ES"> </a></td><td>Spain</td><td>**Description:** Realm code for use of Spain</td><td/><td>22953</td><td>active</td><td/><td>AffiliateRealms</td></tr><tr><td>3</td><td style="white-space:nowrap">    FI<a name="v3-hl7Realm-FI"> </a></td><td>Finland</td><td>**Description:** Realm code for use of Finland</td><td/><td>22954</td><td>active</td><td/><td>AffiliateRealms</td></tr><tr><td>3</td><td style="white-space:nowrap">    FR<a name="v3-hl7Realm-FR"> </a></td><td>France</td><td>**Description:** Realm code for use of France</td><td/><td>22955</td><td>active</td><td/><td>AffiliateRealms</td></tr><tr><td>3</td><td style="white-space:nowrap">    GR<a name="v3-hl7Realm-GR"> </a></td><td>Greece</td><td>**Description:** Realm code for use of Greece</td><td/><td>22956</td><td>active</td><td/><td>AffiliateRealms</td></tr><tr><td>3</td><td style="white-space:nowrap">    HR<a name="v3-hl7Realm-HR"> </a></td><td>Croatia</td><td>**Description:** Realm code for use of Croatia</td><td/><td>22957</td><td>active</td><td/><td>AffiliateRealms</td></tr><tr><td>3</td><td style="white-space:nowrap">    IE<a name="v3-hl7Realm-IE"> </a></td><td>Ireland</td><td>**Description:** Realm code for use of Ireland</td><td/><td>22958</td><td>active</td><td/><td>AffiliateRealms</td></tr><tr><td>3</td><td style="white-space:nowrap">    IN<a name="v3-hl7Realm-IN"> </a></td><td>India</td><td>**Description:** Realm code for use of India</td><td/><td>22959</td><td>active</td><td/><td>AffiliateRealms</td></tr><tr><td>3</td><td style="white-space:nowrap">    IT<a name="v3-hl7Realm-IT"> </a></td><td>Italy</td><td>**Description:** Realm code for use of Italy</td><td/><td>22960</td><td>active</td><td/><td>AffiliateRealms</td></tr><tr><td>3</td><td style="white-space:nowrap">    JP<a name="v3-hl7Realm-JP"> </a></td><td>Japan</td><td>**Description:** Realm code for use of Japan</td><td/><td>22961</td><td>active</td><td/><td>AffiliateRealms</td></tr><tr><td>3</td><td style="white-space:nowrap">    KR<a name="v3-hl7Realm-KR"> </a></td><td>Korea</td><td>**Description:** Realm code for use of Korea</td><td/><td>22962</td><td>active</td><td/><td>AffiliateRealms</td></tr><tr><td>3</td><td style="white-space:nowrap">    LT<a name="v3-hl7Realm-LT"> </a></td><td>Lithuania</td><td>**Description:** Realm code for use of Lithuania</td><td/><td>22963</td><td>active</td><td/><td>AffiliateRealms</td></tr><tr><td>3</td><td style="white-space:nowrap">    MX<a name="v3-hl7Realm-MX"> </a></td><td>Mexico</td><td>**Description:** Realm code for use of Mexico</td><td/><td>22964</td><td>active</td><td/><td>AffiliateRealms</td></tr><tr><td>3</td><td style="white-space:nowrap">    NL<a name="v3-hl7Realm-NL"> </a></td><td>The Netherlands</td><td>**Description:** Realm code for use of The Netherlands</td><td/><td>22965</td><td>active</td><td/><td>AffiliateRealms</td></tr><tr><td>3</td><td style="white-space:nowrap">    NZ<a name="v3-hl7Realm-NZ"> </a></td><td>New Zealand</td><td>**Description:** Realm code for use of New Zealand</td><td/><td>22966</td><td>active</td><td/><td>AffiliateRealms</td></tr><tr><td>3</td><td style="white-space:nowrap">    RO<a name="v3-hl7Realm-RO"> </a></td><td>Romania</td><td>**Description:** Realm code for use of Romania</td><td/><td>22967</td><td>active</td><td/><td>AffiliateRealms</td></tr><tr><td>3</td><td style="white-space:nowrap">    RU<a name="v3-hl7Realm-RU"> </a></td><td>Russian Federation</td><td>**Description:** Realm code for use of Russian Federation</td><td/><td>22968</td><td>active</td><td/><td>AffiliateRealms</td></tr><tr><td>3</td><td style="white-space:nowrap">    SE<a name="v3-hl7Realm-SE"> </a></td><td>Sweden</td><td>**Description:** Realm code for use of Sweden</td><td/><td>22969</td><td>active</td><td/><td>AffiliateRealms</td></tr><tr><td>3</td><td style="white-space:nowrap">    SG<a name="v3-hl7Realm-SG"> </a></td><td>Singapore</td><td>**Description:** Realm code for use of Localized Version</td><td/><td>22978</td><td>active</td><td/><td>AffiliateRealms</td></tr><tr><td>3</td><td style="white-space:nowrap">    SOA<a name="v3-hl7Realm-SOA"> </a></td><td>Southern Africa</td><td>**Description:** Realm code for use of Southern Africa</td><td/><td>22970</td><td>active</td><td/><td>AffiliateRealms</td></tr><tr><td>3</td><td style="white-space:nowrap">    TR<a name="v3-hl7Realm-TR"> </a></td><td>Turkey</td><td>**Description:** Realm code for use of Turkey</td><td/><td>22971</td><td>active</td><td/><td>AffiliateRealms</td></tr><tr><td>3</td><td style="white-space:nowrap">    TW<a name="v3-hl7Realm-TW"> </a></td><td>Taiwan</td><td>**Description:** Realm code for use of Taiwan</td><td/><td>22972</td><td>active</td><td/><td>AffiliateRealms</td></tr><tr><td>3</td><td style="white-space:nowrap">    UK<a name="v3-hl7Realm-UK"> </a></td><td>United Kingdom</td><td>**Description:** Realm code for use of United Kingdom</td><td/><td>22973</td><td>active</td><td/><td>AffiliateRealms</td></tr><tr><td>3</td><td style="white-space:nowrap">    US<a name="v3-hl7Realm-US"> </a></td><td>United States of America</td><td>**Description:** Realm code for use of United States of America</td><td/><td>22975</td><td>active</td><td/><td>AffiliateRealms</td></tr><tr><td>3</td><td style="white-space:nowrap">    UV<a name="v3-hl7Realm-UV"> </a></td><td>Universal</td><td>**Description:** Realm code for use of Universal realm or context, used in every instance</td><td/><td>22939</td><td>active</td><td/><td>AffiliateRealms</td></tr><tr><td>3</td><td style="white-space:nowrap">    UY<a name="v3-hl7Realm-UY"> </a></td><td>Uruguay</td><td>**Description:** Realm code for use of Uruguay</td><td/><td>22976</td><td>active</td><td/><td>AffiliateRealms</td></tr><tr><td>2</td><td style="white-space:nowrap">  C1<a name="v3-hl7Realm-C1"> </a></td><td>Unclassified Realm</td><td>**Description:** Realm code for use of Unclassified Realm</td><td>UV</td><td>22937</td><td>active</td><td/><td>BindingRealms</td></tr><tr><td>2</td><td style="white-space:nowrap">  GB<a name="v3-hl7Realm-GB"> </a></td><td>Great Britain</td><td>**Description:** Realm code for use of Great Britain</td><td>UK</td><td>22974</td><td>active</td><td/><td>BindingRealms, NamespaceRealms</td></tr><tr><td>2</td><td style="white-space:nowrap">  R1<a name="v3-hl7Realm-R1"> </a></td><td>Representative Realm</td><td>**Description:** Realm code for use of Representative Realm</td><td>UV</td><td>22938</td><td>active</td><td/><td>BindingRealms</td></tr><tr><td>2</td><td style="white-space:nowrap">  X1<a name="v3-hl7Realm-X1"> </a></td><td>Example Realm</td><td>**Description:** Realm code for use of Example Realm</td><td>UV</td><td>22940</td><td>active</td><td/><td>BindingRealms</td></tr><tr><td>1</td><td style="white-space:nowrap">NamespaceRealms<a name="v3-hl7Realm-NamespaceRealms"> </a></td><td>namespace realms</td><td>**Description:** Codes that can be used in the &quot;realm&quot; portion of HL7 v3 artifact identifiers.</td><td/><td>23215</td><td>active</td><td>true</td><td/></tr><tr><td>2</td><td style="white-space:nowrap">  ZZ<a name="v3-hl7Realm-ZZ"> </a></td><td>Localized Version</td><td>**Description:** An artifact created for local use only. This realm namespace has no owning affiliate. Its use is uncontrolled, i.e. anyone can create artifacts using this realm namespace. Because of this, there is a significant likelihood of artifact identifier collisions. Implementers are encouraged to register their artifacts under an affiliate owned and controlled namespace to avoid such collision problems where possible.</td><td/><td>22935</td><td>active</td><td/><td>NamespaceRealms</td></tr><tr><td>2</td><td style="white-space:nowrap">  <a href="#v3-hl7Realm-AffiliateRealms">AffiliateRealms</a></td><td>Affiliate Realms</td><td colspan="6"/></tr><tr><td>2</td><td style="white-space:nowrap">  <a href="#v3-hl7Realm-GB">GB</a></td><td>Great Britain</td><td colspan="6"/></tr><tr style="background-color: #ffeeee"><td>1</td><td style="white-space:nowrap">SpecialRealms<a name="v3-hl7Realm-SpecialRealms"> </a></td><td>Special Realms</td><td>**Description:** Realm code for use of Special Realms</td><td/><td>22936</td><td>retired</td><td>true</td><td/></tr></table></div>
  </text>
  <url value="http://terminology.hl7.org/CodeSystem/v3-hl7Realm"/>
  <identifier>
    <system value="urn:ietf:rfc:3986"/>
    <value value="urn:oid:2.16.840.1.113883.5.1124"/>
  </identifier>
  <version value="0.1.0"/>
  <name value="Hl7Realm"/>
  <title value="HL7Realm"/>
  <status value="active"/>
  <experimental value="false"/>
  <date value="2019-03-20"/>
  <publisher value="SatuSehat"/>
  <contact>
    <name value="SatuSehat"/>
    <telecom>
      <system value="url"/>
      <value value="https://satusehat.kemkes.go.id/"/>
    </telecom>
    <telecom>
      <system value="email"/>
      <value value="fhir@dto.kemkes.go.id"/>
    </telecom>
  </contact>
  <description value="**Description:** Coded concepts representing Binding Realms (used for Context Binding of terminology in HL7 models) and/or Namespace Realms (used to help ensure unique identification of HL7 artifacts). This code system is partitioned into three sections: Affiliate realms, Binding realms and Namespace realms. All affiliate realm codes may automatically be used as both binding realms and namespace realms. Furthermore, affiliate realms are the only realms that have authority over the creation of binding realms. (Note that 'affiliate' includes the idea of both international affiliates and the HL7 International organization.) All other codes must be associated with an owning affiliate realm and must appear as a specialization of \_BindingRealm or \_NamespaceRealm. For affiliates whose concepts align with nations, the country codes from ISO 3166-1 2-character alpha are used for the code when possible so these codes should not be used for other realm types. It is recommended that binding realm and namespace codes submitted by affiliates use the realm code as a prefix to avoid possible collisions with ISO codes. However, tooling does not currently support namepace realm codes greater than 2 characters.&#xD;&#xA;&#xD;&#xA;*Open Issue:* The name of the concept property &quot;owningAffiliate&quot; should be changed to better reflect that the property value is the human readable name of the organizational entity that manages the Realm identified by the Realm Code.&#xD;&#xA;&#xD;&#xA;*Open Issue:* In spite of the inability of tooling to process codes longer than 2 characters, there is at least one realm codes ('SOA') that was added that is 3 characters in length."/>
  <copyright value="This material derives from the HL7 Terminology THO. THO is copyright ©1989+ Health Level Seven International and is made available under the CC0 designation. For more licensing information see: https://terminology.hl7.org/license"/>
  <caseSensitive value="true"/>
  <hierarchyMeaning value="is-a"/>
  <content value="complete"/>
  <property>
    <extension url="http://terminology.hl7.org/StructureDefinition/ext-mif-relationship-symmetry">
      <valueCode value="antisymmetric"/>
    </extension>
    <extension url="http://terminology.hl7.org/StructureDefinition/ext-mif-relationship-transitivity">
      <valueCode value="transitive"/>
    </extension>
    <extension url="http://terminology.hl7.org/StructureDefinition/ext-mif-relationship-reflexivity">
      <valueCode value="irreflexive"/>
    </extension>
    <extension url="http://terminology.hl7.org/StructureDefinition/ext-mif-relationship-isNavigable">
      <valueBoolean value="true"/>
    </extension>
    <extension url="http://terminology.hl7.org/StructureDefinition/ext-mif-relationship-relationshipKind">
      <valueCode value="Specializes"/>
    </extension>
    <extension url="http://terminology.hl7.org/StructureDefinition/ext-mif-relationship-inverseName">
      <valueString value="Generalizes"/>
    </extension>
    <code value="Specializes"/>
    <description value="The child code is a more narrow version of the concept represented by the parent code.  I.e. Every child concept is also a valid parent concept.  Used to allow determination of subsumption.  Must be transitive, irreflexive, antisymmetric."/>
    <type value="Coding"/>
  </property>
  <property>
    <extension url="http://terminology.hl7.org/StructureDefinition/ext-mif-relationship-symmetry">
      <valueCode value="antisymmetric"/>
    </extension>
    <extension url="http://terminology.hl7.org/StructureDefinition/ext-mif-relationship-transitivity">
      <valueCode value="transitive"/>
    </extension>
    <extension url="http://terminology.hl7.org/StructureDefinition/ext-mif-relationship-reflexivity">
      <valueCode value="irreflexive"/>
    </extension>
    <extension url="http://terminology.hl7.org/StructureDefinition/ext-mif-relationship-isNavigable">
      <valueBoolean value="true"/>
    </extension>
    <extension url="http://terminology.hl7.org/StructureDefinition/ext-mif-relationship-relationshipKind">
      <valueCode value="Generalizes"/>
    </extension>
    <extension url="http://terminology.hl7.org/StructureDefinition/ext-mif-relationship-inverseName">
      <valueString value="Specializes"/>
    </extension>
    <code value="Generalizes"/>
    <description value="Inverse of Specializes.  Only included as a derived relationship."/>
    <type value="Coding"/>
  </property>
  <property>
    <extension url="http://terminology.hl7.org/StructureDefinition/ext-mif-relationship-relationshipKind">
      <valueCode value="Other"/>
    </extension>
    <code value="OwningAffiliate"/>
    <uri value="http://terminology.hl7.org/CodeSystem/utg-concept-properties#OwningAffiliate"/>
    <description value="Identifies the affiliate responsible for a binding realm or namespace realm code.  Must be specified for all codes that are not specializations of AffiliateRealms. ConceptRelationshipProperties: [relationshipKind: other; isNavigable: false; functionalism: functional; reflexivity: irreflexive; symmetry: antisymetric; connected: false; transitivity: antitransitive; allowedForTargets: all codes from the hl7PublishingSection code system; requiredForSources: all codes which are not equal to ZZ and are not specializations of the abstract code AffiliateRealms; allowedForTargets: all codes which are specializations of the abstract code AffiliateRealms;]"/>
    <type value="Coding"/>
  </property>
  <property>
    <code value="internalId"/>
    <uri value="http://terminology.hl7.org/CodeSystem/utg-concept-properties#v3-internal-id"/>
    <description value="The internal identifier for the concept in the HL7 Access database repository."/>
    <type value="code"/>
  </property>
  <property>
    <code value="status"/>
    <uri value="http://hl7.org/fhir/concept-properties#status"/>
    <description value="Designation of a concept's state.  Normally is not populated unless the state is retired.."/>
    <type value="code"/>
  </property>
  <property>
    <code value="notSelectable"/>
    <uri value="http://hl7.org/fhir/concept-properties#notSelectable"/>
    <description value="Indicates that the code is abstract - only intended to be used as a selector for other concepts"/>
    <type value="boolean"/>
  </property>
  <property>
    <code value="subsumedBy"/>
    <uri value="http://hl7.org/fhir/concept-properties#parent"/>
    <description value="The concept code of a parent concept"/>
    <type value="code"/>
  </property>
  <concept>
    <code value="BindingRealms"/>
    <display value="binding realms"/>
    <definition value="**Description:** Concepts that can be used as Binding Realms when creating Binding Statements. These codes are permitted to appear in the InfrastructureRoot.realmCode attribute."/>
    <property>
      <code value="notSelectable"/>
      <valueBoolean value="true"/>
    </property>
    <property>
      <code value="status"/>
      <valueCode value="active"/>
    </property>
    <property>
      <code value="internalId"/>
      <valueCode value="23214"/>
    </property>
  </concept>
  <concept>
    <code value="NamespaceRealms"/>
    <display value="namespace realms"/>
    <definition value="**Description:** Codes that can be used in the &quot;realm&quot; portion of HL7 v3 artifact identifiers."/>
    <property>
      <code value="notSelectable"/>
      <valueBoolean value="true"/>
    </property>
    <property>
      <code value="status"/>
      <valueCode value="active"/>
    </property>
    <property>
      <code value="internalId"/>
      <valueCode value="23215"/>
    </property>
  </concept>
  <concept>
    <code value="SpecialRealms"/>
    <display value="Special Realms"/>
    <definition value="**Description:** Realm code for use of Special Realms"/>
    <property>
      <code value="notSelectable"/>
      <valueBoolean value="true"/>
    </property>
    <property>
      <code value="status"/>
      <valueCode value="retired"/>
    </property>
    <property>
      <code value="internalId"/>
      <valueCode value="22936"/>
    </property>
  </concept>
  <concept>
    <code value="AR"/>
    <display value="Argentina"/>
    <definition value="**Description:** Realm code for use of Argentina"/>
    <property>
      <code value="status"/>
      <valueCode value="active"/>
    </property>
    <property>
      <code value="internalId"/>
      <valueCode value="22942"/>
    </property>
    <property>
      <code value="subsumedBy"/>
      <valueCode value="AffiliateRealms"/>
    </property>
  </concept>
  <concept>
    <code value="AT"/>
    <display value="Austria"/>
    <definition value="**Description:** Realm code for use of Austria"/>
    <property>
      <code value="status"/>
      <valueCode value="active"/>
    </property>
    <property>
      <code value="internalId"/>
      <valueCode value="22943"/>
    </property>
    <property>
      <code value="subsumedBy"/>
      <valueCode value="AffiliateRealms"/>
    </property>
  </concept>
  <concept>
    <code value="AU"/>
    <display value="Australia"/>
    <definition value="**Description:** Realm code for use of Australia"/>
    <property>
      <code value="status"/>
      <valueCode value="active"/>
    </property>
    <property>
      <code value="internalId"/>
      <valueCode value="22944"/>
    </property>
    <property>
      <code value="subsumedBy"/>
      <valueCode value="AffiliateRealms"/>
    </property>
  </concept>
  <concept>
    <code value="BR"/>
    <display value="Brazil"/>
    <definition value="**Description:** Realm code for use of Brazil"/>
    <property>
      <code value="status"/>
      <valueCode value="active"/>
    </property>
    <property>
      <code value="internalId"/>
      <valueCode value="22945"/>
    </property>
    <property>
      <code value="subsumedBy"/>
      <valueCode value="AffiliateRealms"/>
    </property>
  </concept>
  <concept>
    <code value="CA"/>
    <display value="Canada"/>
    <definition value="**Description:** Realm code for use of Canada"/>
    <property>
      <code value="status"/>
      <valueCode value="active"/>
    </property>
    <property>
      <code value="internalId"/>
      <valueCode value="22946"/>
    </property>
    <property>
      <code value="subsumedBy"/>
      <valueCode value="AffiliateRealms"/>
    </property>
  </concept>
  <concept>
    <code value="CH"/>
    <display value="Switzerland"/>
    <definition value="**Description:** Realm code for use of Switzerland"/>
    <property>
      <code value="status"/>
      <valueCode value="active"/>
    </property>
    <property>
      <code value="internalId"/>
      <valueCode value="22947"/>
    </property>
    <property>
      <code value="subsumedBy"/>
      <valueCode value="AffiliateRealms"/>
    </property>
  </concept>
  <concept>
    <code value="CL"/>
    <display value="Chile"/>
    <definition value="**Description:** Realm code for use of Chile"/>
    <property>
      <code value="status"/>
      <valueCode value="active"/>
    </property>
    <property>
      <code value="internalId"/>
      <valueCode value="22948"/>
    </property>
    <property>
      <code value="subsumedBy"/>
      <valueCode value="AffiliateRealms"/>
    </property>
  </concept>
  <concept>
    <code value="CN"/>
    <display value="China"/>
    <definition value="**Description:** Realm code for use of China"/>
    <property>
      <code value="status"/>
      <valueCode value="active"/>
    </property>
    <property>
      <code value="internalId"/>
      <valueCode value="22949"/>
    </property>
    <property>
      <code value="subsumedBy"/>
      <valueCode value="AffiliateRealms"/>
    </property>
  </concept>
  <concept>
    <code value="CO"/>
    <display value="Columbia"/>
    <definition value="**Description:** Realm code for use of Localized Version"/>
    <property>
      <code value="status"/>
      <valueCode value="active"/>
    </property>
    <property>
      <code value="internalId"/>
      <valueCode value="22977"/>
    </property>
    <property>
      <code value="subsumedBy"/>
      <valueCode value="AffiliateRealms"/>
    </property>
  </concept>
  <concept>
    <code value="CZ"/>
    <display value="Czech Republic"/>
    <definition value="**Description:** Realm code for use of Czech Republic"/>
    <property>
      <code value="status"/>
      <valueCode value="active"/>
    </property>
    <property>
      <code value="internalId"/>
      <valueCode value="22950"/>
    </property>
    <property>
      <code value="subsumedBy"/>
      <valueCode value="AffiliateRealms"/>
    </property>
  </concept>
  <concept>
    <code value="DE"/>
    <display value="Germany"/>
    <definition value="**Description:** Realm code for use of Germany"/>
    <property>
      <code value="status"/>
      <valueCode value="active"/>
    </property>
    <property>
      <code value="internalId"/>
      <valueCode value="22951"/>
    </property>
    <property>
      <code value="subsumedBy"/>
      <valueCode value="AffiliateRealms"/>
    </property>
  </concept>
  <concept>
    <code value="DK"/>
    <display value="Denmark"/>
    <definition value="**Description:** Realm code for use of Denmark"/>
    <property>
      <code value="status"/>
      <valueCode value="active"/>
    </property>
    <property>
      <code value="internalId"/>
      <valueCode value="22952"/>
    </property>
    <property>
      <code value="subsumedBy"/>
      <valueCode value="AffiliateRealms"/>
    </property>
  </concept>
  <concept>
    <code value="ES"/>
    <display value="Spain"/>
    <definition value="**Description:** Realm code for use of Spain"/>
    <property>
      <code value="status"/>
      <valueCode value="active"/>
    </property>
    <property>
      <code value="internalId"/>
      <valueCode value="22953"/>
    </property>
    <property>
      <code value="subsumedBy"/>
      <valueCode value="AffiliateRealms"/>
    </property>
  </concept>
  <concept>
    <code value="FI"/>
    <display value="Finland"/>
    <definition value="**Description:** Realm code for use of Finland"/>
    <property>
      <code value="status"/>
      <valueCode value="active"/>
    </property>
    <property>
      <code value="internalId"/>
      <valueCode value="22954"/>
    </property>
    <property>
      <code value="subsumedBy"/>
      <valueCode value="AffiliateRealms"/>
    </property>
  </concept>
  <concept>
    <code value="FR"/>
    <display value="France"/>
    <definition value="**Description:** Realm code for use of France"/>
    <property>
      <code value="status"/>
      <valueCode value="active"/>
    </property>
    <property>
      <code value="internalId"/>
      <valueCode value="22955"/>
    </property>
    <property>
      <code value="subsumedBy"/>
      <valueCode value="AffiliateRealms"/>
    </property>
  </concept>
  <concept>
    <code value="GR"/>
    <display value="Greece"/>
    <definition value="**Description:** Realm code for use of Greece"/>
    <property>
      <code value="status"/>
      <valueCode value="active"/>
    </property>
    <property>
      <code value="internalId"/>
      <valueCode value="22956"/>
    </property>
    <property>
      <code value="subsumedBy"/>
      <valueCode value="AffiliateRealms"/>
    </property>
  </concept>
  <concept>
    <code value="HR"/>
    <display value="Croatia"/>
    <definition value="**Description:** Realm code for use of Croatia"/>
    <property>
      <code value="status"/>
      <valueCode value="active"/>
    </property>
    <property>
      <code value="internalId"/>
      <valueCode value="22957"/>
    </property>
    <property>
      <code value="subsumedBy"/>
      <valueCode value="AffiliateRealms"/>
    </property>
  </concept>
  <concept>
    <code value="IE"/>
    <display value="Ireland"/>
    <definition value="**Description:** Realm code for use of Ireland"/>
    <property>
      <code value="status"/>
      <valueCode value="active"/>
    </property>
    <property>
      <code value="internalId"/>
      <valueCode value="22958"/>
    </property>
    <property>
      <code value="subsumedBy"/>
      <valueCode value="AffiliateRealms"/>
    </property>
  </concept>
  <concept>
    <code value="IN"/>
    <display value="India"/>
    <definition value="**Description:** Realm code for use of India"/>
    <property>
      <code value="status"/>
      <valueCode value="active"/>
    </property>
    <property>
      <code value="internalId"/>
      <valueCode value="22959"/>
    </property>
    <property>
      <code value="subsumedBy"/>
      <valueCode value="AffiliateRealms"/>
    </property>
  </concept>
  <concept>
    <code value="IT"/>
    <display value="Italy"/>
    <definition value="**Description:** Realm code for use of Italy"/>
    <property>
      <code value="status"/>
      <valueCode value="active"/>
    </property>
    <property>
      <code value="internalId"/>
      <valueCode value="22960"/>
    </property>
    <property>
      <code value="subsumedBy"/>
      <valueCode value="AffiliateRealms"/>
    </property>
  </concept>
  <concept>
    <code value="JP"/>
    <display value="Japan"/>
    <definition value="**Description:** Realm code for use of Japan"/>
    <property>
      <code value="status"/>
      <valueCode value="active"/>
    </property>
    <property>
      <code value="internalId"/>
      <valueCode value="22961"/>
    </property>
    <property>
      <code value="subsumedBy"/>
      <valueCode value="AffiliateRealms"/>
    </property>
  </concept>
  <concept>
    <code value="KR"/>
    <display value="Korea"/>
    <definition value="**Description:** Realm code for use of Korea"/>
    <property>
      <code value="status"/>
      <valueCode value="active"/>
    </property>
    <property>
      <code value="internalId"/>
      <valueCode value="22962"/>
    </property>
    <property>
      <code value="subsumedBy"/>
      <valueCode value="AffiliateRealms"/>
    </property>
  </concept>
  <concept>
    <code value="LT"/>
    <display value="Lithuania"/>
    <definition value="**Description:** Realm code for use of Lithuania"/>
    <property>
      <code value="status"/>
      <valueCode value="active"/>
    </property>
    <property>
      <code value="internalId"/>
      <valueCode value="22963"/>
    </property>
    <property>
      <code value="subsumedBy"/>
      <valueCode value="AffiliateRealms"/>
    </property>
  </concept>
  <concept>
    <code value="MX"/>
    <display value="Mexico"/>
    <definition value="**Description:** Realm code for use of Mexico"/>
    <property>
      <code value="status"/>
      <valueCode value="active"/>
    </property>
    <property>
      <code value="internalId"/>
      <valueCode value="22964"/>
    </property>
    <property>
      <code value="subsumedBy"/>
      <valueCode value="AffiliateRealms"/>
    </property>
  </concept>
  <concept>
    <code value="NL"/>
    <display value="The Netherlands"/>
    <definition value="**Description:** Realm code for use of The Netherlands"/>
    <property>
      <code value="status"/>
      <valueCode value="active"/>
    </property>
    <property>
      <code value="internalId"/>
      <valueCode value="22965"/>
    </property>
    <property>
      <code value="subsumedBy"/>
      <valueCode value="AffiliateRealms"/>
    </property>
  </concept>
  <concept>
    <code value="NZ"/>
    <display value="New Zealand"/>
    <definition value="**Description:** Realm code for use of New Zealand"/>
    <property>
      <code value="status"/>
      <valueCode value="active"/>
    </property>
    <property>
      <code value="internalId"/>
      <valueCode value="22966"/>
    </property>
    <property>
      <code value="subsumedBy"/>
      <valueCode value="AffiliateRealms"/>
    </property>
  </concept>
  <concept>
    <code value="RO"/>
    <display value="Romania"/>
    <definition value="**Description:** Realm code for use of Romania"/>
    <property>
      <code value="status"/>
      <valueCode value="active"/>
    </property>
    <property>
      <code value="internalId"/>
      <valueCode value="22967"/>
    </property>
    <property>
      <code value="subsumedBy"/>
      <valueCode value="AffiliateRealms"/>
    </property>
  </concept>
  <concept>
    <code value="RU"/>
    <display value="Russian Federation"/>
    <definition value="**Description:** Realm code for use of Russian Federation"/>
    <property>
      <code value="status"/>
      <valueCode value="active"/>
    </property>
    <property>
      <code value="internalId"/>
      <valueCode value="22968"/>
    </property>
    <property>
      <code value="subsumedBy"/>
      <valueCode value="AffiliateRealms"/>
    </property>
  </concept>
  <concept>
    <code value="SE"/>
    <display value="Sweden"/>
    <definition value="**Description:** Realm code for use of Sweden"/>
    <property>
      <code value="status"/>
      <valueCode value="active"/>
    </property>
    <property>
      <code value="internalId"/>
      <valueCode value="22969"/>
    </property>
    <property>
      <code value="subsumedBy"/>
      <valueCode value="AffiliateRealms"/>
    </property>
  </concept>
  <concept>
    <code value="SG"/>
    <display value="Singapore"/>
    <definition value="**Description:** Realm code for use of Localized Version"/>
    <property>
      <code value="status"/>
      <valueCode value="active"/>
    </property>
    <property>
      <code value="internalId"/>
      <valueCode value="22978"/>
    </property>
    <property>
      <code value="subsumedBy"/>
      <valueCode value="AffiliateRealms"/>
    </property>
  </concept>
  <concept>
    <code value="SOA"/>
    <display value="Southern Africa"/>
    <definition value="**Description:** Realm code for use of Southern Africa"/>
    <property>
      <code value="status"/>
      <valueCode value="active"/>
    </property>
    <property>
      <code value="internalId"/>
      <valueCode value="22970"/>
    </property>
    <property>
      <code value="subsumedBy"/>
      <valueCode value="AffiliateRealms"/>
    </property>
  </concept>
  <concept>
    <code value="TR"/>
    <display value="Turkey"/>
    <definition value="**Description:** Realm code for use of Turkey"/>
    <property>
      <code value="status"/>
      <valueCode value="active"/>
    </property>
    <property>
      <code value="internalId"/>
      <valueCode value="22971"/>
    </property>
    <property>
      <code value="subsumedBy"/>
      <valueCode value="AffiliateRealms"/>
    </property>
  </concept>
  <concept>
    <code value="TW"/>
    <display value="Taiwan"/>
    <definition value="**Description:** Realm code for use of Taiwan"/>
    <property>
      <code value="status"/>
      <valueCode value="active"/>
    </property>
    <property>
      <code value="internalId"/>
      <valueCode value="22972"/>
    </property>
    <property>
      <code value="subsumedBy"/>
      <valueCode value="AffiliateRealms"/>
    </property>
  </concept>
  <concept>
    <code value="UK"/>
    <display value="United Kingdom"/>
    <definition value="**Description:** Realm code for use of United Kingdom"/>
    <property>
      <code value="status"/>
      <valueCode value="active"/>
    </property>
    <property>
      <code value="internalId"/>
      <valueCode value="22973"/>
    </property>
    <property>
      <code value="subsumedBy"/>
      <valueCode value="AffiliateRealms"/>
    </property>
  </concept>
  <concept>
    <code value="US"/>
    <display value="United States of America"/>
    <definition value="**Description:** Realm code for use of United States of America"/>
    <property>
      <code value="status"/>
      <valueCode value="active"/>
    </property>
    <property>
      <code value="internalId"/>
      <valueCode value="22975"/>
    </property>
    <property>
      <code value="subsumedBy"/>
      <valueCode value="AffiliateRealms"/>
    </property>
  </concept>
  <concept>
    <code value="UV"/>
    <display value="Universal"/>
    <definition value="**Description:** Realm code for use of Universal realm or context, used in every instance"/>
    <property>
      <code value="status"/>
      <valueCode value="active"/>
    </property>
    <property>
      <code value="internalId"/>
      <valueCode value="22939"/>
    </property>
    <property>
      <code value="subsumedBy"/>
      <valueCode value="AffiliateRealms"/>
    </property>
  </concept>
  <concept>
    <code value="UY"/>
    <display value="Uruguay"/>
    <definition value="**Description:** Realm code for use of Uruguay"/>
    <property>
      <code value="status"/>
      <valueCode value="active"/>
    </property>
    <property>
      <code value="internalId"/>
      <valueCode value="22976"/>
    </property>
    <property>
      <code value="subsumedBy"/>
      <valueCode value="AffiliateRealms"/>
    </property>
  </concept>
  <concept>
    <code value="AffiliateRealms"/>
    <display value="Affiliate Realms"/>
    <definition value="**Description:** Realm codes for official HL7 organizational bodies. This includes both the HL7 International organization as well as all recognized international affiliates (past and present). These groups have the ability to bind vocabulary and develop artifacts. As well, they have the ability to have &quot;ownership&quot; over other binding realms and namespace realms via the owningAffiliate property of those other realm codes."/>
    <property>
      <code value="notSelectable"/>
      <valueBoolean value="true"/>
    </property>
    <property>
      <code value="status"/>
      <valueCode value="active"/>
    </property>
    <property>
      <code value="internalId"/>
      <valueCode value="22941"/>
    </property>
    <property>
      <code value="subsumedBy"/>
      <valueCode value="BindingRealms"/>
    </property>
    <property>
      <code value="subsumedBy"/>
      <valueCode value="NamespaceRealms"/>
    </property>
  </concept>
  <concept>
    <code value="C1"/>
    <display value="Unclassified Realm"/>
    <definition value="**Description:** Realm code for use of Unclassified Realm"/>
    <property>
      <code value="status"/>
      <valueCode value="active"/>
    </property>
    <property>
      <code value="OwningAffiliate"/>
      <valueCoding>
        <system value="http://terminology.hl7.org/CodeSystem/v3-hl7Realm"/>
        <code value="UV"/>
      </valueCoding>
    </property>
    <property>
      <code value="internalId"/>
      <valueCode value="22937"/>
    </property>
    <property>
      <code value="subsumedBy"/>
      <valueCode value="BindingRealms"/>
    </property>
  </concept>
  <concept>
    <code value="GB"/>
    <display value="Great Britain"/>
    <definition value="**Description:** Realm code for use of Great Britain"/>
    <property>
      <code value="status"/>
      <valueCode value="active"/>
    </property>
    <property>
      <code value="OwningAffiliate"/>
      <valueCoding>
        <system value="http://terminology.hl7.org/CodeSystem/v3-hl7Realm"/>
        <code value="UK"/>
      </valueCoding>
    </property>
    <property>
      <code value="internalId"/>
      <valueCode value="22974"/>
    </property>
    <property>
      <code value="subsumedBy"/>
      <valueCode value="BindingRealms"/>
    </property>
    <property>
      <code value="subsumedBy"/>
      <valueCode value="NamespaceRealms"/>
    </property>
  </concept>
  <concept>
    <code value="R1"/>
    <display value="Representative Realm"/>
    <definition value="**Description:** Realm code for use of Representative Realm"/>
    <property>
      <code value="status"/>
      <valueCode value="active"/>
    </property>
    <property>
      <code value="OwningAffiliate"/>
      <valueCoding>
        <system value="http://terminology.hl7.org/CodeSystem/v3-hl7Realm"/>
        <code value="UV"/>
      </valueCoding>
    </property>
    <property>
      <code value="internalId"/>
      <valueCode value="22938"/>
    </property>
    <property>
      <code value="subsumedBy"/>
      <valueCode value="BindingRealms"/>
    </property>
  </concept>
  <concept>
    <code value="X1"/>
    <display value="Example Realm"/>
    <definition value="**Description:** Realm code for use of Example Realm"/>
    <property>
      <code value="status"/>
      <valueCode value="active"/>
    </property>
    <property>
      <code value="OwningAffiliate"/>
      <valueCoding>
        <system value="http://terminology.hl7.org/CodeSystem/v3-hl7Realm"/>
        <code value="UV"/>
      </valueCoding>
    </property>
    <property>
      <code value="internalId"/>
      <valueCode value="22940"/>
    </property>
    <property>
      <code value="subsumedBy"/>
      <valueCode value="BindingRealms"/>
    </property>
  </concept>
  <concept>
    <code value="ZZ"/>
    <display value="Localized Version"/>
    <definition value="**Description:** An artifact created for local use only. This realm namespace has no owning affiliate. Its use is uncontrolled, i.e. anyone can create artifacts using this realm namespace. Because of this, there is a significant likelihood of artifact identifier collisions. Implementers are encouraged to register their artifacts under an affiliate owned and controlled namespace to avoid such collision problems where possible."/>
    <property>
      <code value="status"/>
      <valueCode value="active"/>
    </property>
    <property>
      <code value="internalId"/>
      <valueCode value="22935"/>
    </property>
    <property>
      <code value="subsumedBy"/>
      <valueCode value="NamespaceRealms"/>
    </property>
  </concept>
</CodeSystem>