<?xml version="1.0" encoding="UTF-8"?>

<CodeSystem xmlns="http://hl7.org/fhir">
  <id value="RadLex"/>
  <text>
    <status value="generated"/><div xmlns="http://www.w3.org/1999/xhtml"><p>This case-sensitive code system <code>http://radlex.org</code> defines codes, but no codes are represented here</p></div>
  </text>
  <url value="http://radlex.org"/>
  <identifier>
    <system value="urn:ietf:rfc:3986"/>
    <value value="urn:oid:2.16.840.1.113883.6.256"/>
  </identifier>
  <version value="0.1.0"/>
  <name value="RadLex"/>
  <title value="RadLex radiology lexicon"/>
  <status value="active"/>
  <experimental value="false"/>
  <date value="2022-03-31T00:00:00-00:00"/>
  <publisher value="SatuSehat"/>
  <contact>
    <name value="SatuSehat"/>
    <telecom>
      <system value="url"/>
      <value value="https://satusehat.kemkes.go.id/"/>
    </telecom>
    <telecom>
      <system value="email"/>
      <value value="fhir@dto.kemkes.go.id"/>
    </telecom>
  </contact>
  <description value="RadLex is a comprehensive set of radiology terms for use in radiology reporting, decision support, data mining, data registries, education and research.&#xD;&#xA;&#xD;&#xA;RadLex Playbook is a project of the Radiological Society of North America (RSNA), and constitutes a portion of the RadLex ontology. Playbook aims to provide a standard system for naming radiology procedures, based on the elements which define an imaging exam such as modality and body part. By providing standard names and codes for radiologic studies, Playbook is intended to facilitate a variety of operational and quality improvement efforts, including workflow optimization, chargemaster management, radiation dose tracking, enterprise integration and image exchange.&#xD;&#xA;&#xD;&#xA;As of RadLex Playbook version 2.5, a four-year project to harmonize RadLex Playbook with the radiology portion of the LOINC standard has been concluded, leading to the LOINC-RSNA Radiology Playbook which is jointly managed by the Regenstrief Institute (publisher of LOINC) and RSNA. This harmonized Playbook defines a new information model for describing imaging procedures, and identifies correspondences between RadLex Playbook codes and LOINC codes. (See https://loinc.org/download/loinc-users-guide and http://pubs.rsna.org/doi/pdf/10.1148/rg.2017160188 for details.) Note that RadLex Playbook codes start with &quot;RPID&quot; followed by a numerical value. LOINC codes consist of a numerical code, followed by a hyphen and a single additional digit (called the check digit). Note that in the future, new codes will be created in the LOINC format only, not the RPID format. New adopters are encouraged to use LOINC-format codes.&#xD;&#xA;&#xD;&#xA;LOINC-format codes may be accessed at http://search.loinc.org. New code requests may be submitted to the joint Regenstrief-RSNA governance committee at https://loinc.org/submissions/. &#xD;&#xA;&#xD;&#xA;From the RSNA website:&#xD;&#xA;&#xD;&#xA;&quot;We (RSNA) recognize the benefits that come from radiologists using common language to communicate diagnostic results. For this reason, RSNA produced RadLex®, a comprehensive set of radiology terms for use in radiology reporting, decision support, data mining, data registries, education and research.&#xD;&#xA;&#xD;&#xA;RadLex provides the foundation for vital data resources used in radiology:&#xD;&#xA;&#xD;&#xA; *  The LOINC/RSNA Radiology Playbook (http://playbook.radlex.org/playbook/SearchRadlexAction) &#xD;&#xA; *  RadElement Common Data Elements (http://www.radelement.org/) &#xD;&#xA; *  RadReport Radiology Reporting Templates (http://radreport.org/) &#xD;&#xA;&#xD;&#xA;The development of RadLex has been supported by the National Institute of Biomedical Imaging and Bioengineering (NIBIB) and the cancer Biomedical Informatics Grid (caBIG) project.;&quot;"/>
  <copyright value="Copyright 2014 – The Radiological Society of North America (RSNA), all rights reserved. Licensed under RadLex License Version 2.0. You may obtain a copy of the license at: http://www.rsna.org/radlexdownloads/ &#xD;&#xA;&#xD;&#xA;This work is distributed under the above noted license on an “AS IS” basis, WITHOUT WARRANTIES OF ANY KIND, either express or implied. Please see the license for complete terms and conditions.&#xD;&#xA;&#xD;&#xA;Subject to the terms and conditions of this Agreement, Licensor hereby grants to You a worldwide, non-exclusive, no-charge, royalty-free copyright license to reproduce, prepare Adaptations of, publicly display, publicly perform, sublicense, and distribute the Work and such Adaptations in any medium.&#xD;&#xA;&#xD;&#xA;RadLex is licensed freely for commercial and non-commercial users. Review and download the license: http://www.rsna.org/uploadedFiles/RSNA/Content/Informatics/RadLex_License_Agreement_and_Terms_of_Use_V2_Final.pdf"/>
  <caseSensitive value="true"/>
  <content value="not-present"/>
</CodeSystem>