<?xml version="1.0" encoding="UTF-8"?>

<CodeSystem xmlns="http://hl7.org/fhir">
  <id value="v3-hc-aign"/>
  <text>
    <status value="generated"/><div xmlns="http://www.w3.org/1999/xhtml"><p>This case-insensitive code system <code>http://terminology.hl7.org/CodeSystem/v3-hc-aign</code> defines codes, but no codes are represented here</p></div>
  </text>
  <url value="http://terminology.hl7.org/CodeSystem/v3-hc-aign"/>
  <identifier>
    <system value="urn:ietf:rfc:3986"/>
    <value value="urn:oid:2.16.840.1.113883.5.1106"/>
  </identifier>
  <version value="0.1.0"/>
  <name value="HcAIGN"/>
  <title value="Active Ingredient Group Number"/>
  <status value="active"/>
  <experimental value="false"/>
  <date value="2021-03-22T00:00:00-04:00"/>
  <publisher value="SatuSehat"/>
  <contact>
    <name value="SatuSehat"/>
    <telecom>
      <system value="url"/>
      <value value="https://satusehat.kemkes.go.id/"/>
    </telecom>
    <telecom>
      <system value="email"/>
      <value value="fhir@dto.kemkes.go.id"/>
    </telecom>
  </contact>
  <description value="The AIG number is a 10 digit number that identifies products that have the same active ingredient(s) and ingredient strength(s). The AIG is comprised of three portions: &#xD;&#xA;&#xD;&#xA; *  the first portion (2 digits) identifies the number of active ingredients&#xD;&#xA; *  the second portion(5 digits) identifies the unique groups of active ingredients(s);&#xD;&#xA; *  the last portion (3 digits) identifies the active ingredient group strength. The strength group has a tolerance of -2% to +10%.&#xD;&#xA; &#xD;&#xA;&#xD;&#xA;Further information about this Code System can be found at https://www.canada.ca/en/health-canada/services/drugs-health-products/drug-products/drug-product-database/terminology.html"/>
  <caseSensitive value="false"/>
  <content value="not-present"/>
</CodeSystem>