<?xml version="1.0" encoding="UTF-8"?>

<CodeSystem xmlns="http://hl7.org/fhir">
  <id value="ex-diagnosisrelatedgroup"/>
  <meta>
    <lastUpdated value="2020-04-09T21:10:28.568+00:00"/>
    <profile value="http://hl7.org/fhir/StructureDefinition/shareablecodesystem"/>
  </meta>
  <text>
    <status value="generated"/><div xmlns="http://www.w3.org/1999/xhtml"><p>This case-sensitive code system <code>http://terminology.hl7.org/CodeSystem/ex-diagnosisrelatedgroup</code> defines the following codes:</p><table class="codes"><tr><td style="white-space:nowrap"><b>Code</b></td><td><b>Display</b></td><td><b>Definition</b></td></tr><tr><td style="white-space:nowrap">100<a name="ex-diagnosisrelatedgroup-100"> </a></td><td>Normal Vaginal Delivery</td><td>Normal Vaginal Delivery.</td></tr><tr><td style="white-space:nowrap">101<a name="ex-diagnosisrelatedgroup-101"> </a></td><td>Appendectomy - uncomplicated</td><td>Appendectomy without rupture or other complications.</td></tr><tr><td style="white-space:nowrap">300<a name="ex-diagnosisrelatedgroup-300"> </a></td><td>Tooth abscess</td><td>Emergency department treatment of a tooth abscess.</td></tr><tr><td style="white-space:nowrap">400<a name="ex-diagnosisrelatedgroup-400"> </a></td><td>Head trauma - concussion</td><td>Head trauma - concussion.</td></tr></table></div>
  </text>
  <extension url="http://hl7.org/fhir/StructureDefinition/structuredefinition-wg">
    <valueCode value="fm"/>
  </extension>
  <extension url="http://hl7.org/fhir/StructureDefinition/structuredefinition-fmm">
    <valueInteger value="1"/>
  </extension>
  <url value="http://terminology.hl7.org/CodeSystem/ex-diagnosisrelatedgroup"/>
  <identifier>
    <system value="urn:ietf:rfc:3986"/>
    <value value="urn:oid:2.16.840.1.113883.4.642.1.1166"/>
  </identifier>
  <version value="0.1.0"/>
  <name value="ExampleDiagnosisRelatedGroupCodes"/>
  <title value="Example Diagnosis Related Group Codes"/>
  <status value="draft"/>
  <experimental value="false"/>
  <date value="2024-03-09T14:36:19-07:00"/>
  <publisher value="SatuSehat"/>
  <contact>
    <name value="SatuSehat"/>
    <telecom>
      <system value="url"/>
      <value value="https://satusehat.kemkes.go.id/"/>
    </telecom>
    <telecom>
      <system value="email"/>
      <value value="fhir@dto.kemkes.go.id"/>
    </telecom>
  </contact>
  <description value="This value set includes example Diagnosis Related Group codes."/>
  <copyright value="This material derives from the HL7 Terminology (THO). THO is copyright ©1989+ Health Level Seven International and is made available under the CC0 designation. For more licensing information see: https://terminology.hl7.org/license"/>
  <caseSensitive value="true"/>
  <valueSet value="http://terminology.hl7.org/ValueSet/ex-diagnosisrelatedgroup"/>
  <content value="complete"/>
  <concept>
    <code value="100"/>
    <display value="Normal Vaginal Delivery"/>
    <definition value="Normal Vaginal Delivery."/>
  </concept>
  <concept>
    <code value="101"/>
    <display value="Appendectomy - uncomplicated"/>
    <definition value="Appendectomy without rupture or other complications."/>
  </concept>
  <concept>
    <code value="300"/>
    <display value="Tooth abscess"/>
    <definition value="Emergency department treatment of a tooth abscess."/>
  </concept>
  <concept>
    <code value="400"/>
    <display value="Head trauma - concussion"/>
    <definition value="Head trauma - concussion."/>
  </concept>
</CodeSystem>