<?xml version="1.0" encoding="UTF-8"?>

<CodeSystem xmlns="http://hl7.org/fhir">
  <id value="expansion-parameter-source"/>
  <meta>
    <lastUpdated value="2020-04-09T21:10:28.568+00:00"/>
  </meta>
  <text>
    <status value="generated"/><div xmlns="http://www.w3.org/1999/xhtml"><p>This case-sensitive code system <code>http://terminology.hl7.org/CodeSystem/expansion-parameter-source</code> defines the following codes:</p><table class="codes"><tr><td style="white-space:nowrap"><b>Code</b></td><td><b>Display</b></td><td><b>Definition</b></td></tr><tr><td style="white-space:nowrap">input<a name="expansion-parameter-source-input"> </a></td><td>Client Input</td><td>The parameter was supplied by the client in the $expand request.</td></tr><tr><td style="white-space:nowrap">server<a name="expansion-parameter-source-server"> </a></td><td>Server Engine</td><td>The parameter was added by the expansion engine on the server.</td></tr><tr><td style="white-space:nowrap">codesystem<a name="expansion-parameter-source-codesystem"> </a></td><td>Code System</td><td>The parameter was added from one the code systems used in the $expand operation.</td></tr></table></div>
  </text>
  <url value="http://terminology.hl7.org/CodeSystem/expansion-parameter-source"/>
  <identifier>
    <system value="urn:ietf:rfc:3986"/>
    <value value="urn:oid:2.16.840.1.113883.4.642.1.1279"/>
  </identifier>
  <version value="0.1.0"/>
  <name value="ExpansionParameterSource"/>
  <title value="ExpansionParameterSource"/>
  <status value="draft"/>
  <experimental value="false"/>
  <date value="2020-04-09T21:10:28+00:00"/>
  <publisher value="SatuSehat"/>
  <contact>
    <name value="SatuSehat"/>
    <telecom>
      <system value="url"/>
      <value value="https://satusehat.kemkes.go.id/"/>
    </telecom>
    <telecom>
      <system value="email"/>
      <value value="fhir@dto.kemkes.go.id"/>
    </telecom>
  </contact>
  <description value="Declares what the source of a parameter is."/>
  <copyright value="This material derives from the HL7 Terminology (THO). THO is copyright ©1989+ Health Level Seven International and is made available under the CC0 designation. For more licensing information see: https://terminology.hl7.org/license"/>
  <caseSensitive value="true"/>
  <valueSet value="http://terminology.hl7.org/ValueSet/expansion-parameter-source"/>
  <content value="complete"/>
  <concept>
    <code value="input"/>
    <display value="Client Input"/>
    <definition value="The parameter was supplied by the client in the $expand request."/>
  </concept>
  <concept>
    <code value="server"/>
    <display value="Server Engine"/>
    <definition value="The parameter was added by the expansion engine on the server."/>
  </concept>
  <concept>
    <code value="codesystem"/>
    <display value="Code System"/>
    <definition value="The parameter was added from one the code systems used in the $expand operation."/>
  </concept>
</CodeSystem>