<?xml version="1.0" encoding="UTF-8"?>

<CodeSystem xmlns="http://hl7.org/fhir">
  <id value="cdshooks-indicator"/>
  <meta>
    <lastUpdated value="2023-02-07T06:31:57.154+00:00"/>
    <profile value="http://hl7.org/fhir/StructureDefinition/shareablecodesystem"/>
  </meta>
  <text>
    <status value="generated"/><div xmlns="http://www.w3.org/1999/xhtml"><p>This case-sensitive code system <code>http://terminology.hl7.org/CodeSystem/cdshooks-indicator</code> defines the following codes:</p><table class="codes"><tr><td style="white-space:nowrap"><b>Code</b></td><td><b>Display</b></td><td><b>Definition</b></td></tr><tr><td style="white-space:nowrap">info<a name="cdshooks-indicator-info"> </a></td><td>Information</td><td>The response is informational and indicates that it contains additional information      or relevant guidance that may be of interest</td></tr><tr><td style="white-space:nowrap">warning<a name="cdshooks-indicator-warning"> </a></td><td>Warning</td><td>The response is a warning and indicates that it contains urgent or highly relevant      information that should be considered</td></tr><tr><td style="white-space:nowrap">critical<a name="cdshooks-indicator-critical"> </a></td><td>Critical</td><td>The response is critical and indicates that it contains information or activities      that have high urgency and importance that should be immediately addressed</td></tr></table></div>
  </text>
  <extension url="http://hl7.org/fhir/StructureDefinition/structuredefinition-wg">
    <valueCode value="cds"/>
  </extension>
  <url value="http://terminology.hl7.org/CodeSystem/cdshooks-indicator"/>
  <version value="0.1.0"/>
  <name value="CDSHooksIndicator"/>
  <title value="CDS Hooks Indicator"/>
  <status value="draft"/>
  <experimental value="false"/>
  <date value="2024-03-09T14:36:19-07:00"/>
  <publisher value="SatuSehat"/>
  <contact>
    <name value="SatuSehat"/>
    <telecom>
      <system value="url"/>
      <value value="https://satusehat.kemkes.go.id/"/>
    </telecom>
    <telecom>
      <system value="email"/>
      <value value="fhir@dto.kemkes.go.id"/>
    </telecom>
  </contact>
  <description value="This codesystem captures the indicator codes defined by the CDS Hooks specification.    The indicator is included as an element of the cards in a CDS Hooks response and    conveys the urgency and/or importance of the information in each card. See [Card    Attributes](https://cds-hooks.hl7.org/1.0/#card-attributes) in the CDS Hooks specification    for more information. Note - the CodeSystem is transitioning from the Vocabulary Work Group to Clinical Decision Support (CDS) Work Group."/>
  <jurisdiction>
    <coding>
      <system value="http://unstats.un.org/unsd/methods/m49/m49.htm"/>
      <code value="001"/>
      <display value="World"/>
    </coding>
  </jurisdiction>
  <copyright value="This material derives from the HL7 Terminology (THO). THO is copyright ©1989+ Health Level Seven International and is made available under the CC0 designation. For more licensing information see: https://terminology.hl7.org/license"/>
  <caseSensitive value="true"/>
  <content value="complete"/>
  <concept>
    <code value="info"/>
    <display value="Information"/>
    <definition value="The response is informational and indicates that it contains additional information      or relevant guidance that may be of interest"/>
  </concept>
  <concept>
    <code value="warning"/>
    <display value="Warning"/>
    <definition value="The response is a warning and indicates that it contains urgent or highly relevant      information that should be considered"/>
  </concept>
  <concept>
    <code value="critical"/>
    <display value="Critical"/>
    <definition value="The response is critical and indicates that it contains information or activities      that have high urgency and importance that should be immediately addressed"/>
  </concept>
</CodeSystem>