<?xml version="1.0" encoding="UTF-8"?>

<CodeSystem xmlns="http://hl7.org/fhir">
  <id value="KemkesLocationType"/>
  <language value="Indonesia"/>
  <text>
    <status value="generated"/><div xmlns="http://www.w3.org/1999/xhtml" xml:lang="Indonesia" lang="Indonesia"><p>This case-sensitive code system <code>http://terminology.kemkes.go.id/CodeSystem/location-type</code> defines the following codes in a Is-A heirarchy:</p><table class="codes"><tr><td style="white-space:nowrap"><b>Code</b></td><td><b>Display</b></td></tr><tr><td style="white-space:nowrap">LO000001<a name="KemkesLocationType-LO000001"> </a></td><td>Dalam perjalanan dari rumah/ masyarakat</td></tr><tr><td style="white-space:nowrap">LO000002<a name="KemkesLocationType-LO000002"> </a></td><td>Dalam perjalanan ke faskes lain</td></tr><tr><td style="white-space:nowrap">LO000003<a name="KemkesLocationType-LO000003"> </a></td><td>Tempat Meninggal Lainnya</td></tr><tr><td style="white-space:nowrap">LO000004<a name="KemkesLocationType-LO000004"> </a></td><td>Belum Tahu Jenis Tempat Meninggal</td></tr><tr><td style="white-space:nowrap">LT000001<a name="KemkesLocationType-LT000001"> </a></td><td>Lokasi Tempat Bersalin</td></tr><tr><td style="white-space:nowrap">LT000002<a name="KemkesLocationType-LT000002"> </a></td><td>Tempat Meninggal Faskes</td></tr><tr><td style="white-space:nowrap">LT000003<a name="KemkesLocationType-LT000003"> </a></td><td>Tempat Meninggal Non Faskes</td></tr><tr><td style="white-space:nowrap">LT000004<a name="KemkesLocationType-LT000004"> </a></td><td>Alamat Lahir</td></tr><tr><td style="white-space:nowrap">LT000005<a name="KemkesLocationType-LT000005"> </a></td><td>Alamat Mati</td></tr><tr><td style="white-space:nowrap">LT000006<a name="KemkesLocationType-LT000006"> </a></td><td>Rumah Ibu</td></tr><tr><td style="white-space:nowrap">LT000007<a name="KemkesLocationType-LT000007"> </a></td><td>Rumah Dukun</td></tr><tr><td style="white-space:nowrap">LT000008<a name="KemkesLocationType-LT000008"> </a></td><td>Dalam perjalanan dari rumah/ masyarakat</td></tr><tr><td style="white-space:nowrap">LT000009<a name="KemkesLocationType-LT000009"> </a></td><td>Dalam perjalanan ke faskes lain</td></tr><tr><td style="white-space:nowrap">LT000010<a name="KemkesLocationType-LT000010"> </a></td><td>Tempat Meninggal Lainnya</td></tr><tr><td style="white-space:nowrap">LT000011<a name="KemkesLocationType-LT000011"> </a></td><td>Belum Tahu Jenis Tempat Meninggal</td></tr><tr><td style="white-space:nowrap">RT0001<a name="KemkesLocationType-RT0001"> </a></td><td>Wahana PIDI</td></tr><tr><td style="white-space:nowrap">RT0002<a name="KemkesLocationType-RT0002"> </a></td><td>Wahana PIDGI</td></tr><tr><td style="white-space:nowrap">RT0003<a name="KemkesLocationType-RT0003"> </a></td><td>RS Pendidikan</td></tr><tr><td style="white-space:nowrap">RT0004<a name="KemkesLocationType-RT0004"> </a></td><td>Tempat Tidur</td></tr><tr><td style="white-space:nowrap">RT0005<a name="KemkesLocationType-RT0005"> </a></td><td>Bank Darah</td></tr><tr><td style="white-space:nowrap">RT0006<a name="KemkesLocationType-RT0006"> </a></td><td>Instalasi Gawat Darurat</td></tr><tr><td style="white-space:nowrap">RT0007<a name="KemkesLocationType-RT0007"> </a></td><td>Ruang Perawatan Intensif Umum (ICU)</td></tr><tr><td style="white-space:nowrap">RT0008<a name="KemkesLocationType-RT0008"> </a></td><td>Ruangan Persalinan</td></tr><tr><td style="white-space:nowrap">RT0009<a name="KemkesLocationType-RT0009"> </a></td><td>Ruang Perawatan Intensif</td></tr><tr><td style="white-space:nowrap">RT0010<a name="KemkesLocationType-RT0010"> </a></td><td>Daerah Rawat Pasien ICU/ICCU/HCU/ PICU</td></tr><tr><td style="white-space:nowrap">RT0011<a name="KemkesLocationType-RT0011"> </a></td><td>Ruangan Perawatan Intensif Pediatrik (PICU)</td></tr><tr><td style="white-space:nowrap">RT0012<a name="KemkesLocationType-RT0012"> </a></td><td>Ruangan Perawatan Intensif Neonatus(NICU)</td></tr><tr><td style="white-space:nowrap">RT0013<a name="KemkesLocationType-RT0013"> </a></td><td>High Care Unit (HCU)</td></tr><tr><td style="white-space:nowrap">RT0014<a name="KemkesLocationType-RT0014"> </a></td><td>Intensive Cardiology Care Unit (ICCU)</td></tr><tr><td style="white-space:nowrap">RT0015<a name="KemkesLocationType-RT0015"> </a></td><td>Respiratory Intensive Care Unit (RICU)</td></tr><tr><td style="white-space:nowrap">RT0016<a name="KemkesLocationType-RT0016"> </a></td><td>Ruang Rawat Inap</td></tr><tr><td style="white-space:nowrap">RT0017<a name="KemkesLocationType-RT0017"> </a></td><td>Ruangan Perawatan (Post Partum)</td></tr><tr><td style="white-space:nowrap">RT0018<a name="KemkesLocationType-RT0018"> </a></td><td>Ruangan Perawatan Isolasi</td></tr><tr><td style="white-space:nowrap">RT0019<a name="KemkesLocationType-RT0019"> </a></td><td>Ruangan Perawatan Neonatus Infeksius/ Isolasi</td></tr><tr><td style="white-space:nowrap">RT0020<a name="KemkesLocationType-RT0020"> </a></td><td>Ruangan Perawatan Neonatus Non Infeksius</td></tr><tr><td style="white-space:nowrap">RT0021<a name="KemkesLocationType-RT0021"> </a></td><td>Ruangan Perawatan Pasien Paska Terapi</td></tr><tr><td style="white-space:nowrap">RT0022<a name="KemkesLocationType-RT0022"> </a></td><td>Ruangan Rawat Pasca Persalinan</td></tr><tr><td style="white-space:nowrap">RT0023<a name="KemkesLocationType-RT0023"> </a></td><td>Ruangan/ Daerah Rawat Pasien Isolasi</td></tr><tr><td style="white-space:nowrap">RT0024<a name="KemkesLocationType-RT0024"> </a></td><td>Ruangan/ Daerah Rawat Pasien Non Isolasi</td></tr><tr><td style="white-space:nowrap">RT0025<a name="KemkesLocationType-RT0025"> </a></td><td>Ruang Operasi</td></tr><tr><td style="white-space:nowrap">RT0026<a name="KemkesLocationType-RT0026"> </a></td><td>Ruangan Observasi</td></tr><tr><td style="white-space:nowrap">RT0027<a name="KemkesLocationType-RT0027"> </a></td><td>Ruangan Resusitasi</td></tr><tr><td style="white-space:nowrap">RT0028<a name="KemkesLocationType-RT0028"> </a></td><td>Ruangan Tindakan Anak</td></tr><tr><td style="white-space:nowrap">RT0029<a name="KemkesLocationType-RT0029"> </a></td><td>Ruangan Tindakan Bedah</td></tr><tr><td style="white-space:nowrap">RT0030<a name="KemkesLocationType-RT0030"> </a></td><td>Ruangan Tindakan Kebidanan</td></tr><tr><td style="white-space:nowrap">RT0031<a name="KemkesLocationType-RT0031"> </a></td><td>Ruangan Tindakan Non-Bedah</td></tr><tr><td style="white-space:nowrap">RT0032<a name="KemkesLocationType-RT0032"> </a></td><td>Ruangan Triase</td></tr><tr><td style="white-space:nowrap">RT0033<a name="KemkesLocationType-RT0033"> </a></td><td>Ruangan Ultra Sonografi (USG)</td></tr></table></div>
  </text>
  <url value="http://terminology.kemkes.go.id/CodeSystem/location-type"/>
  <version value="0.1.0"/>
  <name value="KemkesLocationType"/>
  <title value="Terminology Kemkes location-type CodeSystem"/>
  <status value="active"/>
  <experimental value="false"/>
  <date value="2024-02-05T00:00:00.000Z"/>
  <publisher value="Thomas Chaidir"/>
  <contact>
    <name value="Thomas Chaidir"/>
    <telecom>
      <system value="url"/>
      <value value="https://satusehat.kemkes.go.id/"/>
    </telecom>
  </contact>
  <description value="Terminology Kemkes location-type CodeSystem"/>
  <caseSensitive value="true"/>
  <valueSet value="http://terminology.kemkes.go.id/ValueSet/location-type"/>
  <hierarchyMeaning value="is-a"/>
  <compositional value="false"/>
  <versionNeeded value="true"/>
  <content value="complete"/>
  <count value="48"/>
  <concept>
    <code value="LO000001"/>
    <display value="Dalam perjalanan dari rumah/ masyarakat"/>
  </concept>
  <concept>
    <code value="LO000002"/>
    <display value="Dalam perjalanan ke faskes lain"/>
  </concept>
  <concept>
    <code value="LO000003"/>
    <display value="Tempat Meninggal Lainnya"/>
  </concept>
  <concept>
    <code value="LO000004"/>
    <display value="Belum Tahu Jenis Tempat Meninggal"/>
  </concept>
  <concept>
    <code value="LT000001"/>
    <display value="Lokasi Tempat Bersalin"/>
  </concept>
  <concept>
    <code value="LT000002"/>
    <display value="Tempat Meninggal Faskes"/>
  </concept>
  <concept>
    <code value="LT000003"/>
    <display value="Tempat Meninggal Non Faskes"/>
  </concept>
  <concept>
    <code value="LT000004"/>
    <display value="Alamat Lahir"/>
  </concept>
  <concept>
    <code value="LT000005"/>
    <display value="Alamat Mati"/>
  </concept>
  <concept>
    <code value="LT000006"/>
    <display value="Rumah Ibu"/>
  </concept>
  <concept>
    <code value="LT000007"/>
    <display value="Rumah Dukun"/>
  </concept>
  <concept>
    <code value="LT000008"/>
    <display value="Dalam perjalanan dari rumah/ masyarakat"/>
  </concept>
  <concept>
    <code value="LT000009"/>
    <display value="Dalam perjalanan ke faskes lain"/>
  </concept>
  <concept>
    <code value="LT000010"/>
    <display value="Tempat Meninggal Lainnya"/>
  </concept>
  <concept>
    <code value="LT000011"/>
    <display value="Belum Tahu Jenis Tempat Meninggal"/>
  </concept>
  <concept>
    <code value="RT0001"/>
    <display value="Wahana PIDI"/>
  </concept>
  <concept>
    <code value="RT0002"/>
    <display value="Wahana PIDGI"/>
  </concept>
  <concept>
    <code value="RT0003"/>
    <display value="RS Pendidikan"/>
  </concept>
  <concept>
    <code value="RT0004"/>
    <display value="Tempat Tidur"/>
  </concept>
  <concept>
    <code value="RT0005"/>
    <display value="Bank Darah"/>
  </concept>
  <concept>
    <code value="RT0006"/>
    <display value="Instalasi Gawat Darurat"/>
  </concept>
  <concept>
    <code value="RT0007"/>
    <display value="Ruang Perawatan Intensif Umum (ICU)"/>
  </concept>
  <concept>
    <code value="RT0008"/>
    <display value="Ruangan Persalinan"/>
  </concept>
  <concept>
    <code value="RT0009"/>
    <display value="Ruang Perawatan Intensif"/>
  </concept>
  <concept>
    <code value="RT0010"/>
    <display value="Daerah Rawat Pasien ICU/ICCU/HCU/ PICU"/>
  </concept>
  <concept>
    <code value="RT0011"/>
    <display value="Ruangan Perawatan Intensif Pediatrik (PICU)"/>
  </concept>
  <concept>
    <code value="RT0012"/>
    <display value="Ruangan Perawatan Intensif Neonatus(NICU)"/>
  </concept>
  <concept>
    <code value="RT0013"/>
    <display value="High Care Unit (HCU)"/>
  </concept>
  <concept>
    <code value="RT0014"/>
    <display value="Intensive Cardiology Care Unit (ICCU)"/>
  </concept>
  <concept>
    <code value="RT0015"/>
    <display value="Respiratory Intensive Care Unit (RICU)"/>
  </concept>
  <concept>
    <code value="RT0016"/>
    <display value="Ruang Rawat Inap"/>
  </concept>
  <concept>
    <code value="RT0017"/>
    <display value="Ruangan Perawatan (Post Partum)"/>
  </concept>
  <concept>
    <code value="RT0018"/>
    <display value="Ruangan Perawatan Isolasi"/>
  </concept>
  <concept>
    <code value="RT0019"/>
    <display value="Ruangan Perawatan Neonatus Infeksius/ Isolasi"/>
  </concept>
  <concept>
    <code value="RT0020"/>
    <display value="Ruangan Perawatan Neonatus Non Infeksius"/>
  </concept>
  <concept>
    <code value="RT0021"/>
    <display value="Ruangan Perawatan Pasien Paska Terapi"/>
  </concept>
  <concept>
    <code value="RT0022"/>
    <display value="Ruangan Rawat Pasca Persalinan"/>
  </concept>
  <concept>
    <code value="RT0023"/>
    <display value="Ruangan/ Daerah Rawat Pasien Isolasi"/>
  </concept>
  <concept>
    <code value="RT0024"/>
    <display value="Ruangan/ Daerah Rawat Pasien Non Isolasi"/>
  </concept>
  <concept>
    <code value="RT0025"/>
    <display value="Ruang Operasi"/>
  </concept>
  <concept>
    <code value="RT0026"/>
    <display value="Ruangan Observasi"/>
  </concept>
  <concept>
    <code value="RT0027"/>
    <display value="Ruangan Resusitasi"/>
  </concept>
  <concept>
    <code value="RT0028"/>
    <display value="Ruangan Tindakan Anak"/>
  </concept>
  <concept>
    <code value="RT0029"/>
    <display value="Ruangan Tindakan Bedah"/>
  </concept>
  <concept>
    <code value="RT0030"/>
    <display value="Ruangan Tindakan Kebidanan"/>
  </concept>
  <concept>
    <code value="RT0031"/>
    <display value="Ruangan Tindakan Non-Bedah"/>
  </concept>
  <concept>
    <code value="RT0032"/>
    <display value="Ruangan Triase"/>
  </concept>
  <concept>
    <code value="RT0033"/>
    <display value="Ruangan Ultra Sonografi (USG)"/>
  </concept>
</CodeSystem>