<?xml version="1.0" encoding="UTF-8"?>

<CodeSystem xmlns="http://hl7.org/fhir">
  <id value="standardBillingUnit"/>
  <text>
    <status value="generated"/><div xmlns="http://www.w3.org/1999/xhtml"><p>This case-sensitive code system <code>http://terminology.hl7.org/CodeSystem/standardBillingUnit</code> defines codes, but no codes are represented here</p></div>
  </text>
  <url value="http://terminology.hl7.org/CodeSystem/standardBillingUnit"/>
  <identifier>
    <system value="urn:ietf:rfc:3986"/>
    <value value="urn:oid:2.16.840.1.113883.2.13"/>
  </identifier>
  <version value="0.1.0"/>
  <name value="StandardBillingUnit"/>
  <title value="Standard Billing Unit"/>
  <status value="active"/>
  <experimental value="false"/>
  <date value="2019-03-20T00:00:00-04:00"/>
  <publisher value="SatuSehat"/>
  <contact>
    <name value="SatuSehat"/>
    <telecom>
      <system value="url"/>
      <value value="https://satusehat.kemkes.go.id/"/>
    </telecom>
    <telecom>
      <system value="email"/>
      <value value="fhir@dto.kemkes.go.id"/>
    </telecom>
  </contact>
  <description value="NCPDP standard product billing codes of NCPDP field Unit of Measure (600-28). This billing code is assigned per product, placed in the Structured Product Label, and used in the pharmacy billing processing for consistent billing unit."/>
  <caseSensitive value="true"/>
  <content value="not-present"/>
</CodeSystem>