<?xml version="1.0" encoding="UTF-8"?>

<CodeSystem xmlns="http://hl7.org/fhir">
  <id value="supply-kind"/>
  <meta>
    <lastUpdated value="2020-04-09T21:10:28.568+00:00"/>
    <profile value="http://hl7.org/fhir/StructureDefinition/shareablecodesystem"/>
  </meta>
  <text>
    <status value="generated"/><div xmlns="http://www.w3.org/1999/xhtml"><p>This case-sensitive code system <code>http://terminology.hl7.org/CodeSystem/supply-kind</code> defines the following codes:</p><table class="codes"><tr><td style="white-space:nowrap"><b>Code</b></td><td><b>Display</b></td><td><b>Definition</b></td></tr><tr><td style="white-space:nowrap">central<a name="supply-kind-central"> </a></td><td>Central Supply</td><td>Supply is stored and requested from central supply.</td></tr><tr><td style="white-space:nowrap">nonstock<a name="supply-kind-nonstock"> </a></td><td>Non-Stock</td><td>Supply is not onsite and must be requested from an outside vendor using a non-stock requisition.</td></tr></table></div>
  </text>
  <extension url="http://hl7.org/fhir/StructureDefinition/structuredefinition-wg">
    <valueCode value="oo"/>
  </extension>
  <extension url="http://hl7.org/fhir/StructureDefinition/structuredefinition-fmm">
    <valueInteger value="1"/>
  </extension>
  <url value="http://terminology.hl7.org/CodeSystem/supply-kind"/>
  <identifier>
    <system value="urn:ietf:rfc:3986"/>
    <value value="urn:oid:2.16.840.1.113883.4.642.1.1192"/>
  </identifier>
  <version value="0.1.0"/>
  <name value="SupplyType"/>
  <title value="Supply Type"/>
  <status value="draft"/>
  <experimental value="false"/>
  <date value="2024-03-09T14:36:19-07:00"/>
  <publisher value="SatuSehat"/>
  <contact>
    <name value="SatuSehat"/>
    <telecom>
      <system value="url"/>
      <value value="https://satusehat.kemkes.go.id/"/>
    </telecom>
    <telecom>
      <system value="email"/>
      <value value="fhir@dto.kemkes.go.id"/>
    </telecom>
  </contact>
  <description value="This value sets refers to a Category of supply."/>
  <copyright value="This material derives from the HL7 Terminology (THO). THO is copyright ©1989+ Health Level Seven International and is made available under the CC0 designation. For more licensing information see: https://terminology.hl7.org/license"/>
  <caseSensitive value="true"/>
  <valueSet value="http://terminology.hl7.org/ValueSet/supplyrequest-kind"/>
  <content value="complete"/>
  <concept>
    <code value="central"/>
    <display value="Central Supply"/>
    <definition value="Supply is stored and requested from central supply."/>
  </concept>
  <concept>
    <code value="nonstock"/>
    <display value="Non-Stock"/>
    <definition value="Supply is not onsite and must be requested from an outside vendor using a non-stock requisition."/>
  </concept>
</CodeSystem>