<?xml version="1.0" encoding="UTF-8"?>

<CodeSystem xmlns="http://hl7.org/fhir">
  <id value="condition-ver-status"/>
  <meta>
    <lastUpdated value="2020-04-09T21:10:28.568+00:00"/>
  </meta>
  <text>
    <status value="generated"/><div xmlns="http://www.w3.org/1999/xhtml"><p>This case-sensitive code system <code>http://terminology.hl7.org/CodeSystem/condition-ver-status</code> defines the following codes in an undefined heirarchy:</p><table class="codes"><tr><td><b>Lvl</b></td><td style="white-space:nowrap"><b>Code</b></td><td><b>Display</b></td><td><b>Definition</b></td></tr><tr><td>1</td><td style="white-space:nowrap">unconfirmed<a name="condition-ver-status-unconfirmed"> </a></td><td>Unconfirmed</td><td>There is not sufficient evidence to assert the presence of the subject's condition.</td></tr><tr><td>2</td><td style="white-space:nowrap">  provisional<a name="condition-ver-status-provisional"> </a></td><td>Provisional</td><td>This is a tentative diagnosis - still a candidate that is under consideration.</td></tr><tr><td>2</td><td style="white-space:nowrap">  differential<a name="condition-ver-status-differential"> </a></td><td>Differential</td><td>One of a set of potential (and typically mutually exclusive) diagnoses asserted to further guide the diagnostic process and preliminary treatment.</td></tr><tr><td>1</td><td style="white-space:nowrap">confirmed<a name="condition-ver-status-confirmed"> </a></td><td>Confirmed</td><td>There is sufficient evidence to assert the presence of the subject's condition.</td></tr><tr><td>1</td><td style="white-space:nowrap">refuted<a name="condition-ver-status-refuted"> </a></td><td>Refuted</td><td>This condition has been ruled out by subsequent diagnostic and clinical evidence.</td></tr><tr><td>1</td><td style="white-space:nowrap">entered-in-error<a name="condition-ver-status-entered-in-error"> </a></td><td>Entered in Error</td><td>The statement was entered in error and is not valid.</td></tr></table></div>
  </text>
  <extension url="http://hl7.org/fhir/StructureDefinition/structuredefinition-wg">
    <valueCode value="pc"/>
  </extension>
  <extension url="http://hl7.org/fhir/StructureDefinition/structuredefinition-fmm">
    <valueInteger value="3"/>
  </extension>
  <url value="http://terminology.hl7.org/CodeSystem/condition-ver-status"/>
  <identifier>
    <system value="urn:ietf:rfc:3986"/>
    <value value="urn:oid:2.16.840.1.113883.4.642.1.1075"/>
  </identifier>
  <version value="0.1.0"/>
  <name value="ConditionVerificationStatus"/>
  <title value="ConditionVerificationStatus"/>
  <status value="draft"/>
  <experimental value="false"/>
  <date value="2020-04-09T21:10:28+00:00"/>
  <publisher value="SatuSehat"/>
  <contact>
    <name value="SatuSehat"/>
    <telecom>
      <system value="url"/>
      <value value="https://satusehat.kemkes.go.id/"/>
    </telecom>
    <telecom>
      <system value="email"/>
      <value value="fhir@dto.kemkes.go.id"/>
    </telecom>
  </contact>
  <description value="The verification status to support or decline the clinical status of the condition or diagnosis."/>
  <copyright value="This material derives from the HL7 Terminology (THO). THO is copyright ©1989+ Health Level Seven International and is made available under the CC0 designation. For more licensing information see: https://terminology.hl7.org/license"/>
  <caseSensitive value="true"/>
  <valueSet value="http://terminology.hl7.org/ValueSet/condition-ver-status"/>
  <content value="complete"/>
  <concept>
    <code value="unconfirmed"/>
    <display value="Unconfirmed"/>
    <definition value="There is not sufficient evidence to assert the presence of the subject's condition."/>
    <concept>
      <code value="provisional"/>
      <display value="Provisional"/>
      <definition value="This is a tentative diagnosis - still a candidate that is under consideration."/>
    </concept>
    <concept>
      <code value="differential"/>
      <display value="Differential"/>
      <definition value="One of a set of potential (and typically mutually exclusive) diagnoses asserted to further guide the diagnostic process and preliminary treatment."/>
    </concept>
  </concept>
  <concept>
    <code value="confirmed"/>
    <display value="Confirmed"/>
    <definition value="There is sufficient evidence to assert the presence of the subject's condition."/>
  </concept>
  <concept>
    <code value="refuted"/>
    <display value="Refuted"/>
    <definition value="This condition has been ruled out by subsequent diagnostic and clinical evidence."/>
  </concept>
  <concept>
    <code value="entered-in-error"/>
    <display value="Entered in Error"/>
    <definition value="The statement was entered in error and is not valid."/>
  </concept>
</CodeSystem>