<?xml version="1.0" encoding="UTF-8"?>

<CodeSystem xmlns="http://hl7.org/fhir">
  <id value="program"/>
  <meta>
    <lastUpdated value="2020-04-09T21:10:28.568+00:00"/>
    <profile value="http://hl7.org/fhir/StructureDefinition/shareablecodesystem"/>
  </meta>
  <text>
    <status value="generated"/><div xmlns="http://www.w3.org/1999/xhtml"><p>This case-sensitive code system <code>http://terminology.hl7.org/CodeSystem/program</code> defines the following codes:</p><table class="codes"><tr><td style="white-space:nowrap"><b>Code</b></td><td><b>Display</b></td></tr><tr><td style="white-space:nowrap">1<a name="program-1"> </a></td><td>Acquired Brain Injury (ABI) Program</td></tr><tr><td style="white-space:nowrap">2<a name="program-2"> </a></td><td>ABI Slow To Recover (ABI STR) Program</td></tr><tr><td style="white-space:nowrap">3<a name="program-3"> </a></td><td>Access Programs</td></tr><tr><td style="white-space:nowrap">4<a name="program-4"> </a></td><td>Adult and Further Education (ACFE) Program</td></tr><tr><td style="white-space:nowrap">5<a name="program-5"> </a></td><td>Adult Day Activity and Support Services (ADASS) Program</td></tr><tr><td style="white-space:nowrap">6<a name="program-6"> </a></td><td>Adult Day Care Program</td></tr><tr><td style="white-space:nowrap">7<a name="program-7"> </a></td><td>ATSS (Adult Training Support Service)</td></tr><tr><td style="white-space:nowrap">8<a name="program-8"> </a></td><td>Community Aged Care Packages (CACP)</td></tr><tr><td style="white-space:nowrap">9<a name="program-9"> </a></td><td>Care Coordination &amp; Supplementary Services (CCSS)</td></tr><tr><td style="white-space:nowrap">10<a name="program-10"> </a></td><td>Cognitive Dementia Memory Service (CDAMS)</td></tr><tr><td style="white-space:nowrap">11<a name="program-11"> </a></td><td>ChildFIRST</td></tr><tr><td style="white-space:nowrap">12<a name="program-12"> </a></td><td>Children's Contact Services</td></tr><tr><td style="white-space:nowrap">13<a name="program-13"> </a></td><td>Community Visitors Scheme</td></tr><tr><td style="white-space:nowrap">14<a name="program-14"> </a></td><td>CPP (Community Partners Program)</td></tr><tr><td style="white-space:nowrap">15<a name="program-15"> </a></td><td>Closing the Gap (CTG)</td></tr><tr><td style="white-space:nowrap">16<a name="program-16"> </a></td><td>Coordinated Veterans' Care (CVC) Program</td></tr><tr><td style="white-space:nowrap">17<a name="program-17"> </a></td><td>Day Program</td></tr><tr><td style="white-space:nowrap">18<a name="program-18"> </a></td><td>Drop In Program</td></tr><tr><td style="white-space:nowrap">19<a name="program-19"> </a></td><td>Early Years Program</td></tr><tr><td style="white-space:nowrap">20<a name="program-20"> </a></td><td>Employee Assistance Program</td></tr><tr><td style="white-space:nowrap">21<a name="program-21"> </a></td><td>Home And Community Care (HACC)</td></tr><tr><td style="white-space:nowrap">22<a name="program-22"> </a></td><td>Hospital Admission Risk Program (HARP)</td></tr><tr><td style="white-space:nowrap">23<a name="program-23"> </a></td><td>Hospital in the Home (HITH) Program</td></tr><tr><td style="white-space:nowrap">24<a name="program-24"> </a></td><td>ICTP (Intensive Community Treatment Program)</td></tr><tr><td style="white-space:nowrap">25<a name="program-25"> </a></td><td>IFSS (Intensive Family Support Program)</td></tr><tr><td style="white-space:nowrap">26<a name="program-26"> </a></td><td>JPET (Job Placement, Education and Training)</td></tr><tr><td style="white-space:nowrap">27<a name="program-27"> </a></td><td>Koori Juvenile Justice Program</td></tr><tr><td style="white-space:nowrap">28<a name="program-28"> </a></td><td>Language Literacy and Numeracy Program</td></tr><tr><td style="white-space:nowrap">29<a name="program-29"> </a></td><td>Life Skills Program</td></tr><tr><td style="white-space:nowrap">30<a name="program-30"> </a></td><td>LMP (Lifestyle Modification Program)</td></tr><tr><td style="white-space:nowrap">31<a name="program-31"> </a></td><td>MedsCheck Program</td></tr><tr><td style="white-space:nowrap">32<a name="program-32"> </a></td><td>Methadone/Buprenorphine Program</td></tr><tr><td style="white-space:nowrap">33<a name="program-33"> </a></td><td>National Disabilities Insurance Scheme (NDIS)</td></tr><tr><td style="white-space:nowrap">34<a name="program-34"> </a></td><td>National Diabetes Services Scheme (NDSS)</td></tr><tr><td style="white-space:nowrap">35<a name="program-35"> </a></td><td>Needle/Syringe Program</td></tr><tr><td style="white-space:nowrap">36<a name="program-36"> </a></td><td>nPEP Program</td></tr><tr><td style="white-space:nowrap">37<a name="program-37"> </a></td><td>Personal Support Program</td></tr><tr><td style="white-space:nowrap">38<a name="program-38"> </a></td><td>Partners in Recovery (PIR) Program</td></tr><tr><td style="white-space:nowrap">39<a name="program-39"> </a></td><td>Pre-employment Program</td></tr><tr><td style="white-space:nowrap">40<a name="program-40"> </a></td><td>Reconnect Program</td></tr><tr><td style="white-space:nowrap">41<a name="program-41"> </a></td><td>Sexual Abuse Counselling and Prevention Program (SACPP)</td></tr><tr><td style="white-space:nowrap">42<a name="program-42"> </a></td><td>Social Support Programs</td></tr><tr><td style="white-space:nowrap">43<a name="program-43"> </a></td><td>Supported Residential Service (SRS)</td></tr><tr><td style="white-space:nowrap">44<a name="program-44"> </a></td><td>Tasmanian Aboriginal Centre (TAC)</td></tr><tr><td style="white-space:nowrap">45<a name="program-45"> </a></td><td>Victim's Assistance Program</td></tr></table></div>
  </text>
  <extension url="http://hl7.org/fhir/StructureDefinition/structuredefinition-wg">
    <valueCode value="pa"/>
  </extension>
  <extension url="http://hl7.org/fhir/StructureDefinition/structuredefinition-fmm">
    <valueInteger value="1"/>
  </extension>
  <url value="http://terminology.hl7.org/CodeSystem/program"/>
  <identifier>
    <system value="urn:ietf:rfc:3986"/>
    <value value="urn:oid:2.16.840.1.113883.4.642.1.1384"/>
  </identifier>
  <version value="0.1.0"/>
  <name value="Program"/>
  <title value="Program"/>
  <status value="draft"/>
  <experimental value="false"/>
  <date value="2024-03-09T14:36:19-07:00"/>
  <publisher value="SatuSehat"/>
  <contact>
    <name value="SatuSehat"/>
    <telecom>
      <system value="url"/>
      <value value="https://satusehat.kemkes.go.id/"/>
    </telecom>
    <telecom>
      <system value="email"/>
      <value value="fhir@dto.kemkes.go.id"/>
    </telecom>
  </contact>
  <description value="This value set defines an example set of codes that could be can be used to classify groupings of service-types/specialties."/>
  <copyright value="This material derives from the HL7 Terminology (THO). THO is copyright ©1989+ Health Level Seven International and is made available under the CC0 designation. For more licensing information see: https://terminology.hl7.org/license"/>
  <caseSensitive value="true"/>
  <valueSet value="http://terminology.hl7.org/ValueSet/program"/>
  <content value="complete"/>
  <concept>
    <code value="1"/>
    <display value="Acquired Brain Injury (ABI) Program"/>
  </concept>
  <concept>
    <code value="2"/>
    <display value="ABI Slow To Recover (ABI STR) Program"/>
  </concept>
  <concept>
    <code value="3"/>
    <display value="Access Programs"/>
  </concept>
  <concept>
    <code value="4"/>
    <display value="Adult and Further Education (ACFE) Program"/>
  </concept>
  <concept>
    <code value="5"/>
    <display value="Adult Day Activity and Support Services (ADASS) Program"/>
  </concept>
  <concept>
    <code value="6"/>
    <display value="Adult Day Care Program"/>
  </concept>
  <concept>
    <code value="7"/>
    <display value="ATSS (Adult Training Support Service)"/>
  </concept>
  <concept>
    <code value="8"/>
    <display value="Community Aged Care Packages (CACP)"/>
  </concept>
  <concept>
    <code value="9"/>
    <display value="Care Coordination &amp; Supplementary Services (CCSS)"/>
  </concept>
  <concept>
    <code value="10"/>
    <display value="Cognitive Dementia Memory Service (CDAMS)"/>
  </concept>
  <concept>
    <code value="11"/>
    <display value="ChildFIRST"/>
  </concept>
  <concept>
    <code value="12"/>
    <display value="Children's Contact Services"/>
  </concept>
  <concept>
    <code value="13"/>
    <display value="Community Visitors Scheme"/>
  </concept>
  <concept>
    <code value="14"/>
    <display value="CPP (Community Partners Program)"/>
  </concept>
  <concept>
    <code value="15"/>
    <display value="Closing the Gap (CTG)"/>
  </concept>
  <concept>
    <code value="16"/>
    <display value="Coordinated Veterans' Care (CVC) Program"/>
  </concept>
  <concept>
    <code value="17"/>
    <display value="Day Program"/>
  </concept>
  <concept>
    <code value="18"/>
    <display value="Drop In Program"/>
  </concept>
  <concept>
    <code value="19"/>
    <display value="Early Years Program"/>
  </concept>
  <concept>
    <code value="20"/>
    <display value="Employee Assistance Program"/>
  </concept>
  <concept>
    <code value="21"/>
    <display value="Home And Community Care (HACC)"/>
  </concept>
  <concept>
    <code value="22"/>
    <display value="Hospital Admission Risk Program (HARP)"/>
  </concept>
  <concept>
    <code value="23"/>
    <display value="Hospital in the Home (HITH) Program"/>
  </concept>
  <concept>
    <code value="24"/>
    <display value="ICTP (Intensive Community Treatment Program)"/>
  </concept>
  <concept>
    <code value="25"/>
    <display value="IFSS (Intensive Family Support Program)"/>
  </concept>
  <concept>
    <code value="26"/>
    <display value="JPET (Job Placement, Education and Training)"/>
  </concept>
  <concept>
    <code value="27"/>
    <display value="Koori Juvenile Justice Program"/>
  </concept>
  <concept>
    <code value="28"/>
    <display value="Language Literacy and Numeracy Program"/>
  </concept>
  <concept>
    <code value="29"/>
    <display value="Life Skills Program"/>
  </concept>
  <concept>
    <code value="30"/>
    <display value="LMP (Lifestyle Modification Program)"/>
  </concept>
  <concept>
    <code value="31"/>
    <display value="MedsCheck Program"/>
  </concept>
  <concept>
    <code value="32"/>
    <display value="Methadone/Buprenorphine Program"/>
  </concept>
  <concept>
    <code value="33"/>
    <display value="National Disabilities Insurance Scheme (NDIS)"/>
  </concept>
  <concept>
    <code value="34"/>
    <display value="National Diabetes Services Scheme (NDSS)"/>
  </concept>
  <concept>
    <code value="35"/>
    <display value="Needle/Syringe Program"/>
  </concept>
  <concept>
    <code value="36"/>
    <display value="nPEP Program"/>
  </concept>
  <concept>
    <code value="37"/>
    <display value="Personal Support Program"/>
  </concept>
  <concept>
    <code value="38"/>
    <display value="Partners in Recovery (PIR) Program"/>
  </concept>
  <concept>
    <code value="39"/>
    <display value="Pre-employment Program"/>
  </concept>
  <concept>
    <code value="40"/>
    <display value="Reconnect Program"/>
  </concept>
  <concept>
    <code value="41"/>
    <display value="Sexual Abuse Counselling and Prevention Program (SACPP)"/>
  </concept>
  <concept>
    <code value="42"/>
    <display value="Social Support Programs"/>
  </concept>
  <concept>
    <code value="43"/>
    <display value="Supported Residential Service (SRS)"/>
  </concept>
  <concept>
    <code value="44"/>
    <display value="Tasmanian Aboriginal Centre (TAC)"/>
  </concept>
  <concept>
    <code value="45"/>
    <display value="Victim's Assistance Program"/>
  </concept>
</CodeSystem>