<?xml version="1.0" encoding="UTF-8"?>

<CodeSystem xmlns="http://hl7.org/fhir">
  <id value="AHANUBCPriorityTypeOfAdmitOrVisit"/>
  <text>
    <status value="generated"/><div xmlns="http://www.w3.org/1999/xhtml"><p>This case-sensitive code system <code>https://www.nubc.org/CodeSystem/PriorityTypeOfAdmitOrVisit</code> defines codes, but no codes are represented here</p></div>
  </text>
  <url value="https://www.nubc.org/CodeSystem/PriorityTypeOfAdmitOrVisit"/>
  <version value="0.1.0"/>
  <name value="AHA_NUBC_PriorityTypeOfAdmitOrVisit"/>
  <title value="AHA NUBC Priority (Type) of Admission or Visit"/>
  <status value="active"/>
  <experimental value="false"/>
  <date value="2022-05-18T00:00:00-00:00"/>
  <publisher value="SatuSehat"/>
  <contact>
    <name value="SatuSehat"/>
    <telecom>
      <system value="url"/>
      <value value="https://satusehat.kemkes.go.id/"/>
    </telecom>
    <telecom>
      <system value="email"/>
      <value value="fhir@dto.kemkes.go.id"/>
    </telecom>
  </contact>
  <description value="&quot;The UB-04 Data File contains the complete set of NUBC codes. Every code in the range of possible codes is accounted for sequentially. There are no gaps because all used and unused codes are identified.&quot;&#xD;&#xA;&#xD;&#xA;This code system consists of the following:&#xD;&#xA;&#xD;&#xA;\* FL 14 - Priority (Type) of Admission or Visit&#xD;&#xA;&#xD;&#xA;These codes are used to convey the priority of an admission or visit and are the property of the American Hospital Association.&#xD;&#xA;&#xD;&#xA;To obtain the underlying code systems, please see information [here](https://www.nubc.org/subscription-information)&#xD;&#xA;&#xD;&#xA;Statement of Understanding between AHA and HL7 can be found [here](http://www.hl7.org/documentcenter/public/mou/AHA%20HL7%20SOU%202020%20AHA%20Fully%20Executed.pdf). In particular see sections 4.1d and 4.2.&#xD;&#xA;&#xD;&#xA;&quot;The UB-04 Manual has a 12-month subscription period from June 30 through July 1.&quot;&#xD;&#xA;&#xD;&#xA;For frequently asked questions, see here [here](https://www.nubc.org/nubc-faqs)"/>
  <copyright value="Licensing information can be found [here](https://www.nubc.org/license)&#xD;&#xA;&#xD;&#xA;These codes are listed within the UB-04 Data Specifications Manual. The Official UB-04 Data Specifications Manual, copyrighted by the American Hospital Association, is the only official source of UB-04 billing information adopted by the National Uniform Billing Committee. No other publication—governmental or private/commercial—can be considered authoritative. The AHA wants to make you aware that the use of codes, descriptions, or any other content contained in the manual to be used in a software application, publication, or any other derivative work must be properly licensed by the AHA. If your organization uses or intends to use any of the codes or other related content from the manual in this manner, please contact the AHA’s licensing manager, Tim Carlson, at 312.893.6816 or tcarlson@aha.org"/>
  <caseSensitive value="true"/>
  <content value="not-present"/>
</CodeSystem>