<?xml version="1.0" encoding="UTF-8"?>

<CodeSystem xmlns="http://hl7.org/fhir">
  <id value="FDBHICCode"/>
  <text>
    <status value="generated"/><div xmlns="http://www.w3.org/1999/xhtml"><p>This case-sensitive code system <code>http://terminology.hl7.org/CodeSystem/FDBHICCode</code> defines codes, but no codes are represented here</p></div>
  </text>
  <url value="http://terminology.hl7.org/CodeSystem/FDBHICCode"/>
  <identifier>
    <system value="urn:ietf:rfc:3986"/>
    <value value="urn:oid:2.16.840.1.113883.3.84"/>
  </identifier>
  <version value="0.1.0"/>
  <name value="FDBHICCode"/>
  <title value="FDB HIC Code"/>
  <status value="retired"/>
  <experimental value="false"/>
  <date value="2021-11-09T10:00:00+10:00"/>
  <publisher value="SatuSehat"/>
  <contact>
    <name value="SatuSehat"/>
    <telecom>
      <system value="url"/>
      <value value="https://satusehat.kemkes.go.id/"/>
    </telecom>
    <telecom>
      <system value="email"/>
      <value value="fhir@dto.kemkes.go.id"/>
    </telecom>
  </contact>
  <description value="The FDB Hierarchical Ingredient Code is a six character identifier that represents an active ingredient and its specific therapeutic classification."/>
  <caseSensitive value="true"/>
  <content value="not-present"/>
</CodeSystem>