<?xml version="1.0" encoding="UTF-8"?>

<CodeSystem xmlns="http://hl7.org/fhir">
  <id value="contractactorrole"/>
  <meta>
    <lastUpdated value="2020-04-09T21:10:28.568+00:00"/>
    <profile value="http://hl7.org/fhir/StructureDefinition/shareablecodesystem"/>
  </meta>
  <text>
    <status value="generated"/><div xmlns="http://www.w3.org/1999/xhtml"><p>This case-sensitive code system <code>http://terminology.hl7.org/CodeSystem/contractactorrole</code> defines the following codes:</p><table class="codes"><tr><td style="white-space:nowrap"><b>Code</b></td><td><b>Display</b></td><td><b>Definition</b></td></tr><tr><td style="white-space:nowrap">practitioner<a name="contractactorrole-practitioner"> </a></td><td>Practitioner</td><td>Someone who provides health care related services to people or animals including both clinical and support services.</td></tr><tr><td style="white-space:nowrap">patient<a name="contractactorrole-patient"> </a></td><td>Patient</td><td>A receiver, human or animal, of health care related goods and services.</td></tr></table></div>
  </text>
  <extension url="http://hl7.org/fhir/StructureDefinition/structuredefinition-wg">
    <valueCode value="fm"/>
  </extension>
  <extension url="http://hl7.org/fhir/StructureDefinition/structuredefinition-fmm">
    <valueInteger value="1"/>
  </extension>
  <url value="http://terminology.hl7.org/CodeSystem/contractactorrole"/>
  <identifier>
    <system value="urn:ietf:rfc:3986"/>
    <value value="urn:oid:2.16.840.1.113883.4.642.1.1203"/>
  </identifier>
  <version value="0.1.0"/>
  <name value="ContractActorRoleCodes"/>
  <title value="Contract Actor Role Codes"/>
  <status value="draft"/>
  <experimental value="false"/>
  <date value="2024-03-09T14:36:19-07:00"/>
  <publisher value="SatuSehat"/>
  <contact>
    <name value="SatuSehat"/>
    <telecom>
      <system value="url"/>
      <value value="https://satusehat.kemkes.go.id/"/>
    </telecom>
    <telecom>
      <system value="email"/>
      <value value="fhir@dto.kemkes.go.id"/>
    </telecom>
  </contact>
  <description value="This value set includes sample Contract Actor Role codes."/>
  <copyright value="This material derives from the HL7 Terminology (THO). THO is copyright ©1989+ Health Level Seven International and is made available under the CC0 designation. For more licensing information see: https://terminology.hl7.org/license"/>
  <caseSensitive value="true"/>
  <valueSet value="http://terminology.hl7.org/ValueSet/contract-actorrole"/>
  <content value="complete"/>
  <concept>
    <code value="practitioner"/>
    <display value="Practitioner"/>
    <definition value="Someone who provides health care related services to people or animals including both clinical and support services."/>
  </concept>
  <concept>
    <code value="patient"/>
    <display value="Patient"/>
    <definition value="A receiver, human or animal, of health care related goods and services."/>
  </concept>
</CodeSystem>