<?xml version="1.0" encoding="UTF-8"?>

<CodeSystem xmlns="http://hl7.org/fhir">
  <id value="goal-acceptance-status"/>
  <meta>
    <lastUpdated value="2020-04-09T21:10:28.568+00:00"/>
  </meta>
  <text>
    <status value="generated"/><div xmlns="http://www.w3.org/1999/xhtml"><p>This case-sensitive code system <code>http://terminology.hl7.org/CodeSystem/goal-acceptance-status</code> defines the following codes:</p><table class="codes"><tr><td style="white-space:nowrap"><b>Code</b></td><td><b>Display</b></td><td><b>Definition</b></td></tr><tr><td style="white-space:nowrap">agree<a name="goal-acceptance-status-agree"> </a></td><td>Agree</td><td>Stakeholder supports pursuit of the goal.</td></tr><tr><td style="white-space:nowrap">disagree<a name="goal-acceptance-status-disagree"> </a></td><td>Disagree</td><td>Stakeholder is not in support of the pursuit of the goal.</td></tr><tr><td style="white-space:nowrap">pending<a name="goal-acceptance-status-pending"> </a></td><td>Pending</td><td>Stakeholder has not yet made a decision on whether they support the goal.</td></tr></table></div>
  </text>
  <url value="http://terminology.hl7.org/CodeSystem/goal-acceptance-status"/>
  <identifier>
    <system value="urn:ietf:rfc:3986"/>
    <value value="urn:oid:2.16.840.1.113883.4.642.1.1270"/>
  </identifier>
  <version value="0.1.0"/>
  <name value="GoalAcceptanceStatus"/>
  <title value="GoalAcceptanceStatus"/>
  <status value="draft"/>
  <experimental value="false"/>
  <date value="2020-04-09T21:10:28+00:00"/>
  <publisher value="SatuSehat"/>
  <contact>
    <name value="SatuSehat"/>
    <telecom>
      <system value="url"/>
      <value value="https://satusehat.kemkes.go.id/"/>
    </telecom>
    <telecom>
      <system value="email"/>
      <value value="fhir@dto.kemkes.go.id"/>
    </telecom>
  </contact>
  <description value="Codes indicating whether the goal has been accepted by a stakeholder."/>
  <copyright value="This material derives from the HL7 Terminology (THO). THO is copyright ©1989+ Health Level Seven International and is made available under the CC0 designation. For more licensing information see: https://terminology.hl7.org/license"/>
  <caseSensitive value="true"/>
  <valueSet value="http://terminology.hl7.org/ValueSet/goal-acceptance-status"/>
  <content value="complete"/>
  <concept>
    <code value="agree"/>
    <display value="Agree"/>
    <definition value="Stakeholder supports pursuit of the goal."/>
  </concept>
  <concept>
    <code value="disagree"/>
    <display value="Disagree"/>
    <definition value="Stakeholder is not in support of the pursuit of the goal."/>
  </concept>
  <concept>
    <code value="pending"/>
    <display value="Pending"/>
    <definition value="Stakeholder has not yet made a decision on whether they support the goal."/>
  </concept>
</CodeSystem>