<?xml version="1.0" encoding="UTF-8"?>

<CodeSystem xmlns="http://hl7.org/fhir">
  <id value="USCOC"/>
  <text>
    <status value="generated"/><div xmlns="http://www.w3.org/1999/xhtml"><p>This case-sensitive code system <code>http://terminology.hl7.org/CodeSystem/USCOC</code> defines codes, but no codes are represented here</p></div>
  </text>
  <url value="http://terminology.hl7.org/CodeSystem/USCOC"/>
  <identifier>
    <system value="urn:ietf:rfc:3986"/>
    <value value="urn:oid:2.16.840.1.113883.6.240"/>
  </identifier>
  <version value="0.1.0"/>
  <name value="USCOC"/>
  <title value="US Census Occupation Code"/>
  <status value="retired"/>
  <experimental value="false"/>
  <date value="2021-11-09T10:00:00+10:00"/>
  <publisher value="SatuSehat"/>
  <contact>
    <name value="SatuSehat"/>
    <telecom>
      <system value="url"/>
      <value value="https://satusehat.kemkes.go.id/"/>
    </telecom>
    <telecom>
      <system value="email"/>
      <value value="fhir@dto.kemkes.go.id"/>
    </telecom>
  </contact>
  <description value="Coding system of United States Census Occupation Codes, published by the US Governmetn Bureau of the Census. Doucmentation and Crosswalk mapping between the COC and the SOC and NAICS code systems available at http://www.census.gov/hhes/www/ioindex/view.html"/>
  <caseSensitive value="true"/>
  <content value="not-present"/>
</CodeSystem>