<?xml version="1.0" encoding="UTF-8"?>

<CodeSystem xmlns="http://hl7.org/fhir">
  <id value="encounter-special-arrangements"/>
  <meta>
    <lastUpdated value="2020-04-09T21:10:28.568+00:00"/>
    <profile value="http://hl7.org/fhir/StructureDefinition/shareablecodesystem"/>
  </meta>
  <text>
    <status value="generated"/><div xmlns="http://www.w3.org/1999/xhtml"><p>This case-sensitive code system <code>http://terminology.hl7.org/CodeSystem/encounter-special-arrangements</code> defines the following codes:</p><table class="codes"><tr><td style="white-space:nowrap"><b>Code</b></td><td><b>Display</b></td><td><b>Definition</b></td></tr><tr><td style="white-space:nowrap">wheel<a name="encounter-special-arrangements-wheel"> </a></td><td>Wheelchair</td><td>The patient requires a wheelchair to be made available for the encounter.</td></tr><tr><td style="white-space:nowrap">add-bed<a name="encounter-special-arrangements-add-bed"> </a></td><td>Additional bedding</td><td>An additional bed made available for a person accompanying the patient, for example a parent accompanying a child.</td></tr><tr><td style="white-space:nowrap">int<a name="encounter-special-arrangements-int"> </a></td><td>Interpreter</td><td>The patient is not fluent in the local language and requires an interpreter to be available. Refer to the Patient.Language property for the type of interpreter required.</td></tr><tr><td style="white-space:nowrap">att<a name="encounter-special-arrangements-att"> </a></td><td>Attendant</td><td>A person who accompanies a patient to provide assistive services necessary for the patient's care during the encounter.</td></tr><tr><td style="white-space:nowrap">dog<a name="encounter-special-arrangements-dog"> </a></td><td>Guide dog</td><td>The patient has a guide dog and the location used for the encounter should be able to support the presence of the service animal.</td></tr></table></div>
  </text>
  <extension url="http://hl7.org/fhir/StructureDefinition/structuredefinition-wg">
    <valueCode value="pa"/>
  </extension>
  <url value="http://terminology.hl7.org/CodeSystem/encounter-special-arrangements"/>
  <identifier>
    <system value="urn:ietf:rfc:3986"/>
    <value value="urn:oid:2.16.840.1.113883.4.642.1.1090"/>
  </identifier>
  <version value="0.1.0"/>
  <name value="SpecialArrangements"/>
  <title value="Special arrangements"/>
  <status value="draft"/>
  <experimental value="false"/>
  <date value="2024-03-09T14:36:19-07:00"/>
  <publisher value="SatuSehat"/>
  <contact>
    <name value="SatuSehat"/>
    <telecom>
      <system value="url"/>
      <value value="https://satusehat.kemkes.go.id/"/>
    </telecom>
    <telecom>
      <system value="email"/>
      <value value="fhir@dto.kemkes.go.id"/>
    </telecom>
  </contact>
  <description value="This value set defines a set of codes that can be used to indicate the kinds of special arrangements in place for a patients visit."/>
  <copyright value="This material derives from the HL7 Terminology (THO). THO is copyright ©1989+ Health Level Seven International and is made available under the CC0 designation. For more licensing information see: https://terminology.hl7.org/license"/>
  <caseSensitive value="true"/>
  <valueSet value="http://terminology.hl7.org/ValueSet/encounter-special-arrangements"/>
  <content value="complete"/>
  <concept>
    <code value="wheel"/>
    <display value="Wheelchair"/>
    <definition value="The patient requires a wheelchair to be made available for the encounter."/>
  </concept>
  <concept>
    <code value="add-bed"/>
    <display value="Additional bedding"/>
    <definition value="An additional bed made available for a person accompanying the patient, for example a parent accompanying a child."/>
  </concept>
  <concept>
    <code value="int"/>
    <display value="Interpreter"/>
    <definition value="The patient is not fluent in the local language and requires an interpreter to be available. Refer to the Patient.Language property for the type of interpreter required."/>
  </concept>
  <concept>
    <code value="att"/>
    <display value="Attendant"/>
    <definition value="A person who accompanies a patient to provide assistive services necessary for the patient's care during the encounter."/>
  </concept>
  <concept>
    <code value="dog"/>
    <display value="Guide dog"/>
    <definition value="The patient has a guide dog and the location used for the encounter should be able to support the presence of the service animal."/>
  </concept>
</CodeSystem>