<?xml version="1.0" encoding="UTF-8"?>

<CodeSystem xmlns="http://hl7.org/fhir">
  <id value="NCPDPPharmacyType"/>
  <text>
    <status value="generated"/><div xmlns="http://www.w3.org/1999/xhtml"><p>This case-sensitive code system <code>http://terminology.hl7.org/CodeSystem/NCPDPPharmacyType</code> defines codes, but no codes are represented here</p></div>
  </text>
  <url value="http://terminology.hl7.org/CodeSystem/NCPDPPharmacyType"/>
  <version value="0.1.0"/>
  <name value="NCPDPPharmacyType"/>
  <title value="NCPDP Pharmacy Type"/>
  <status value="active"/>
  <experimental value="false"/>
  <date value="2021-03-10T00:00:00-04:00"/>
  <publisher value="SatuSehat"/>
  <contact>
    <name value="SatuSehat"/>
    <telecom>
      <system value="url"/>
      <value value="https://satusehat.kemkes.go.id/"/>
    </telecom>
    <telecom>
      <system value="email"/>
      <value value="fhir@dto.kemkes.go.id"/>
    </telecom>
  </contact>
  <description value="Type of pharmacy."/>
  <caseSensitive value="true"/>
  <content value="not-present"/>
</CodeSystem>