<?xml version="1.0" encoding="UTF-8"?>

<CodeSystem xmlns="http://hl7.org/fhir">
  <id value="KemkesImmunizationReasonCS"/>
  <meta>
    <versionId value="2"/>
    <lastUpdated value="2023-11-09T13:31:14.515+07:00"/>
  </meta>
  <language value="Indonesia"/>
  <text>
    <status value="generated"/><div xmlns="http://www.w3.org/1999/xhtml" xml:lang="Indonesia" lang="Indonesia"><p>This case-sensitive code system <code>http://terminology.kemkes.go.id/CodeSystem/immunization-reason</code> defines the following codes in a Is-A heirarchy:</p><table class="codes"><tr><td style="white-space:nowrap"><b>Code</b></td><td><b>Display</b></td></tr><tr><td style="white-space:nowrap">IM-Program<a name="KemkesImmunizationReasonCS-IM-Program"> </a></td><td>Imunisasi Program</td></tr><tr><td style="white-space:nowrap">IM-Rutin<a name="KemkesImmunizationReasonCS-IM-Rutin"> </a></td><td>Imunisasi Program Rutin</td></tr><tr><td style="white-space:nowrap">IM-Dasar<a name="KemkesImmunizationReasonCS-IM-Dasar"> </a></td><td>Imunisasi Program Rutin Dasar</td></tr><tr><td style="white-space:nowrap">IM-Lanjutan<a name="KemkesImmunizationReasonCS-IM-Lanjutan"> </a></td><td>Imunisasi Program Rutin Lanjutan</td></tr><tr><td style="white-space:nowrap">IM-Baduta<a name="KemkesImmunizationReasonCS-IM-Baduta"> </a></td><td>Imunisasi Program Rutin Lanjutan Bawah Dua Tahun</td></tr><tr><td style="white-space:nowrap">IM-SD<a name="KemkesImmunizationReasonCS-IM-SD"> </a></td><td>Imunisasi Program Rutin Lanjutan Sekolah Dasar</td></tr><tr><td style="white-space:nowrap">IM-WUS<a name="KemkesImmunizationReasonCS-IM-WUS"> </a></td><td>Imunisasi Program Rutin Lanjutan Wanita Usia Subur</td></tr><tr><td style="white-space:nowrap">IM-Tambahan<a name="KemkesImmunizationReasonCS-IM-Tambahan"> </a></td><td>Imunisasi Program Tambahan</td></tr><tr><td style="white-space:nowrap">IM-Khusus<a name="KemkesImmunizationReasonCS-IM-Khusus"> </a></td><td>Imunisasi Program Khusus</td></tr><tr><td style="white-space:nowrap">IM-Pilihan<a name="KemkesImmunizationReasonCS-IM-Pilihan"> </a></td><td>Imunisasi Pilihan</td></tr></table></div>
  </text>
  <url value="http://terminology.kemkes.go.id/CodeSystem/immunization-reason"/>
  <version value="0.1.0"/>
  <name value="KemkesImmunizationReasonCS"/>
  <title value="Terminology Kemkes immunization reason CodeSystem"/>
  <status value="active"/>
  <experimental value="false"/>
  <date value="2024-02-05T00:00:00.000Z"/>
  <publisher value="Thomas Chaidir"/>
  <contact>
    <name value="Thomas Chaidir"/>
    <telecom>
      <system value="url"/>
      <value value="https://satusehat.kemkes.go.id/"/>
    </telecom>
  </contact>
  <description value="Terminology Kemkes immunization reason CodeSystem"/>
  <caseSensitive value="true"/>
  <valueSet value="http://terminology.kemkes.go.id/ValueSet/immunization-reason"/>
  <hierarchyMeaning value="is-a"/>
  <compositional value="false"/>
  <versionNeeded value="true"/>
  <content value="complete"/>
  <count value="10"/>
  <concept>
    <code value="IM-Program"/>
    <display value="Imunisasi Program"/>
  </concept>
  <concept>
    <code value="IM-Rutin"/>
    <display value="Imunisasi Program Rutin"/>
  </concept>
  <concept>
    <code value="IM-Dasar"/>
    <display value="Imunisasi Program Rutin Dasar"/>
  </concept>
  <concept>
    <code value="IM-Lanjutan"/>
    <display value="Imunisasi Program Rutin Lanjutan"/>
  </concept>
  <concept>
    <code value="IM-Baduta"/>
    <display value="Imunisasi Program Rutin Lanjutan Bawah Dua Tahun"/>
  </concept>
  <concept>
    <code value="IM-SD"/>
    <display value="Imunisasi Program Rutin Lanjutan Sekolah Dasar"/>
  </concept>
  <concept>
    <code value="IM-WUS"/>
    <display value="Imunisasi Program Rutin Lanjutan Wanita Usia Subur"/>
  </concept>
  <concept>
    <code value="IM-Tambahan"/>
    <display value="Imunisasi Program Tambahan"/>
  </concept>
  <concept>
    <code value="IM-Khusus"/>
    <display value="Imunisasi Program Khusus"/>
  </concept>
  <concept>
    <code value="IM-Pilihan"/>
    <display value="Imunisasi Pilihan"/>
  </concept>
</CodeSystem>