<?xml version="1.0" encoding="UTF-8"?>

<CodeSystem xmlns="http://hl7.org/fhir">
  <id value="benefit-network"/>
  <meta>
    <lastUpdated value="2020-04-09T21:10:28.568+00:00"/>
    <profile value="http://hl7.org/fhir/StructureDefinition/shareablecodesystem"/>
  </meta>
  <text>
    <status value="generated"/><div xmlns="http://www.w3.org/1999/xhtml"><p>This case-sensitive code system <code>http://terminology.hl7.org/CodeSystem/benefit-network</code> defines the following codes:</p><table class="codes"><tr><td style="white-space:nowrap"><b>Code</b></td><td><b>Display</b></td><td><b>Definition</b></td></tr><tr><td style="white-space:nowrap">in<a name="benefit-network-in"> </a></td><td>In Network</td><td>Services rendered by a Network provider</td></tr><tr><td style="white-space:nowrap">out<a name="benefit-network-out"> </a></td><td>Out of Network</td><td>Services rendered by a provider who is not in the Network</td></tr></table></div>
  </text>
  <extension url="http://hl7.org/fhir/StructureDefinition/structuredefinition-wg">
    <valueCode value="fm"/>
  </extension>
  <extension url="http://hl7.org/fhir/StructureDefinition/structuredefinition-fmm">
    <valueInteger value="1"/>
  </extension>
  <url value="http://terminology.hl7.org/CodeSystem/benefit-network"/>
  <identifier>
    <system value="urn:ietf:rfc:3986"/>
    <value value="urn:oid:2.16.840.1.113883.4.642.1.1177"/>
  </identifier>
  <version value="0.1.0"/>
  <name value="NetworkTypeCodes"/>
  <title value="Network Type Codes"/>
  <status value="draft"/>
  <experimental value="false"/>
  <date value="2024-03-09T14:36:19-07:00"/>
  <publisher value="SatuSehat"/>
  <contact>
    <name value="SatuSehat"/>
    <telecom>
      <system value="url"/>
      <value value="https://satusehat.kemkes.go.id/"/>
    </telecom>
    <telecom>
      <system value="email"/>
      <value value="fhir@dto.kemkes.go.id"/>
    </telecom>
  </contact>
  <description value="This value set includes a smattering of Network type codes."/>
  <copyright value="This material derives from the HL7 Terminology (THO). THO is copyright ©1989+ Health Level Seven International and is made available under the CC0 designation. For more licensing information see: https://terminology.hl7.org/license"/>
  <caseSensitive value="true"/>
  <valueSet value="http://terminology.hl7.org/ValueSet/benefit-network"/>
  <content value="complete"/>
  <concept>
    <code value="in"/>
    <display value="In Network"/>
    <definition value="Services rendered by a Network provider"/>
  </concept>
  <concept>
    <code value="out"/>
    <display value="Out of Network"/>
    <definition value="Services rendered by a provider who is not in the Network"/>
  </concept>
</CodeSystem>