<?xml version="1.0" encoding="UTF-8"?>

<CodeSystem xmlns="http://hl7.org/fhir">
  <id value="KemkesMedicationType"/>
  <meta>
    <versionId value="2"/>
    <lastUpdated value="2023-11-09T13:31:14.515+07:00"/>
  </meta>
  <language value="Indonesia"/>
  <text>
    <status value="generated"/><div xmlns="http://www.w3.org/1999/xhtml" xml:lang="Indonesia" lang="Indonesia"><p>This case-sensitive code system <code>http://terminology.kemkes.go.id/CodeSystem/medication-type</code> defines the following codes in a Is-A heirarchy:</p><table class="codes"><tr><td style="white-space:nowrap"><b>Code</b></td><td><b>Display</b></td></tr><tr><td style="white-space:nowrap">NC<a name="KemkesMedicationType-NC"> </a></td><td>Non-compound</td></tr><tr><td style="white-space:nowrap">SD<a name="KemkesMedicationType-SD"> </a></td><td>Gives of such doses</td></tr><tr><td style="white-space:nowrap">EP<a name="KemkesMedicationType-EP"> </a></td><td>Divide into equal parts</td></tr></table></div>
  </text>
  <url value="http://terminology.kemkes.go.id/CodeSystem/medication-type"/>
  <version value="0.1.0"/>
  <name value="KemkesMedicationType"/>
  <title value="Terminology Kemkes medication type CodeSystem"/>
  <status value="active"/>
  <experimental value="false"/>
  <date value="2024-02-05T00:00:00.000Z"/>
  <publisher value="Thomas Chaidir"/>
  <contact>
    <name value="Thomas Chaidir"/>
    <telecom>
      <system value="url"/>
      <value value="https://satusehat.kemkes.go.id/"/>
    </telecom>
  </contact>
  <description value="Terminology Kemkes medication type CodeSystem"/>
  <caseSensitive value="true"/>
  <valueSet value="http://terminology.kemkes.go.id/ValueSet/medication-type"/>
  <hierarchyMeaning value="is-a"/>
  <compositional value="false"/>
  <versionNeeded value="true"/>
  <content value="complete"/>
  <count value="3"/>
  <concept>
    <code value="NC"/>
    <display value="Non-compound"/>
  </concept>
  <concept>
    <code value="SD"/>
    <display value="Gives of such doses"/>
  </concept>
  <concept>
    <code value="EP"/>
    <display value="Divide into equal parts"/>
  </concept>
</CodeSystem>