<?xml version="1.0" encoding="UTF-8"?>

<CodeSystem xmlns="http://hl7.org/fhir">
  <id value="v3-HL7ContextConductionStyle"/>
  <language value="en"/>
  <text>
    <status value="generated"/><div xml:lang="en" xmlns="http://www.w3.org/1999/xhtml" lang="en"><p><b>Properties</b></p><p><b>This code system  defines the following properties for its concepts</b></p><table class="grid"><tr><td><b>Code</b></td><td><b>URI</b></td><td><b>Type</b></td><td><b>Description</b></td></tr><tr><td>Specializes</td><td/><td>Coding</td><td>The child code is a more narrow version of the concept represented by the parent code.  I.e. Every child concept is also a valid parent concept.  Used to allow determination of subsumption.  Must be transitive, irreflexive, antisymmetric.</td></tr><tr><td>Generalizes</td><td/><td>Coding</td><td>Inverse of Specializes.  Only included as a derived relationship.</td></tr><tr><td>internalId</td><td>http://terminology.hl7.org/CodeSystem/utg-concept-properties#v3-internal-id</td><td>code</td><td>The internal identifier for the concept in the HL7 Access database repository.</td></tr><tr><td>status</td><td>http://hl7.org/fhir/concept-properties#status</td><td>code</td><td>Designation of a concept's state. Normally is not populated unless the state is retired.</td></tr><tr><td>HL7usageNotes</td><td>http://terminology.hl7.org/CodeSystem/utg-concept-properties#HL7usageNotes</td><td>string</td><td>HL7 Concept Usage Notes</td></tr></table><p><b>Concepts</b></p><p>This case-sensitive code system <code>http://terminology.hl7.org/CodeSystem/v3-HL7ContextConductionStyle</code> defines the following codes in a Is-A heirarchy:</p><table class="codes"><tr><td style="white-space:nowrap"><b>Code</b></td><td><b>Display</b></td><td><b>Definition</b></td><td><b>internalId</b></td><td><b>status</b></td><td><b>HL7 Concept Usage Notes</b></td></tr><tr><td style="white-space:nowrap">C<a name="v3-HL7ContextConductionStyle-C"> </a></td><td>conduction-indicator-based</td><td><div><p><em>Definition:</em> Context conduction is defined using the contextConductionCode and contextConductionInd attributes on ActRelationship and Participation.</p>
<p><em>UsageNotes:</em> This approach is deprecated as of March, 2010.</p>
</div></td><td>23085</td><td>active</td><td>This approach is deprecated as of March, 2010.</td></tr><tr><td style="white-space:nowrap">I<a name="v3-HL7ContextConductionStyle-I"> </a></td><td>inferred</td><td><div><p><em>Definition:</em> Context conduction is not explicitly defined. The recipient of an instance must infer conduction based on the semantics of the model and what is deemed &quot;reasonable&quot;.</p>
<p><em>UsageNotes:</em> Because this approach can lead to variation in instance interpretation, its use is discouraged.</p>
</div></td><td>23084</td><td>active</td><td>Because this approach can lead to variation in instance interpretation, its use is discouraged.</td></tr><tr><td style="white-space:nowrap">V<a name="v3-HL7ContextConductionStyle-V"> </a></td><td>vocabulary-based</td><td><div><p><em>Definition:</em> Context conduction is defined using the ActRelationship.blockedContextActRelationshipType and blockedContextParticipationType attributes and the &quot;conductible&quot; property on the ActRelationshipType and ParticipationType code systems.</p>
</div></td><td>23086</td><td>active</td><td/></tr></table></div>
  </text>
  <url value="http://terminology.hl7.org/CodeSystem/v3-HL7ContextConductionStyle"/>
  <identifier>
    <system value="urn:ietf:rfc:3986"/>
    <value value="urn:oid:2.16.840.1.113883.5.1129"/>
  </identifier>
  <version value="0.1.0"/>
  <name value="HL7ContextConductionStyle"/>
  <title value="HL7ContextConductionStyle"/>
  <status value="active"/>
  <experimental value="false"/>
  <date value="2019-03-20"/>
  <publisher value="SatuSehat"/>
  <contact>
    <name value="SatuSehat"/>
    <telecom>
      <system value="url"/>
      <value value="https://satusehat.kemkes.go.id/"/>
    </telecom>
    <telecom>
      <system value="email"/>
      <value value="fhir@dto.kemkes.go.id"/>
    </telecom>
  </contact>
  <description value="The styles of context conduction usable by relationships within a static model derived from tyhe HL7 Reference Information Model."/>
  <copyright value="This material derives from the HL7 Terminology THO. THO is copyright ©1989+ Health Level Seven International and is made available under the CC0 designation. For more licensing information see: https://terminology.hl7.org/license"/>
  <caseSensitive value="true"/>
  <hierarchyMeaning value="is-a"/>
  <content value="complete"/>
  <property>
    <extension url="http://terminology.hl7.org/StructureDefinition/ext-mif-relationship-symmetry">
      <valueCode value="antisymmetric"/>
    </extension>
    <extension url="http://terminology.hl7.org/StructureDefinition/ext-mif-relationship-transitivity">
      <valueCode value="transitive"/>
    </extension>
    <extension url="http://terminology.hl7.org/StructureDefinition/ext-mif-relationship-reflexivity">
      <valueCode value="irreflexive"/>
    </extension>
    <extension url="http://terminology.hl7.org/StructureDefinition/ext-mif-relationship-isNavigable">
      <valueBoolean value="true"/>
    </extension>
    <extension url="http://terminology.hl7.org/StructureDefinition/ext-mif-relationship-relationshipKind">
      <valueCode value="Specializes"/>
    </extension>
    <extension url="http://terminology.hl7.org/StructureDefinition/ext-mif-relationship-inverseName">
      <valueString value="Generalizes"/>
    </extension>
    <code value="Specializes"/>
    <description value="The child code is a more narrow version of the concept represented by the parent code.  I.e. Every child concept is also a valid parent concept.  Used to allow determination of subsumption.  Must be transitive, irreflexive, antisymmetric."/>
    <type value="Coding"/>
  </property>
  <property>
    <extension url="http://terminology.hl7.org/StructureDefinition/ext-mif-relationship-symmetry">
      <valueCode value="antisymmetric"/>
    </extension>
    <extension url="http://terminology.hl7.org/StructureDefinition/ext-mif-relationship-transitivity">
      <valueCode value="transitive"/>
    </extension>
    <extension url="http://terminology.hl7.org/StructureDefinition/ext-mif-relationship-reflexivity">
      <valueCode value="irreflexive"/>
    </extension>
    <extension url="http://terminology.hl7.org/StructureDefinition/ext-mif-relationship-isNavigable">
      <valueBoolean value="true"/>
    </extension>
    <extension url="http://terminology.hl7.org/StructureDefinition/ext-mif-relationship-relationshipKind">
      <valueCode value="Generalizes"/>
    </extension>
    <extension url="http://terminology.hl7.org/StructureDefinition/ext-mif-relationship-inverseName">
      <valueString value="Specializes"/>
    </extension>
    <code value="Generalizes"/>
    <description value="Inverse of Specializes.  Only included as a derived relationship."/>
    <type value="Coding"/>
  </property>
  <property>
    <code value="internalId"/>
    <uri value="http://terminology.hl7.org/CodeSystem/utg-concept-properties#v3-internal-id"/>
    <description value="The internal identifier for the concept in the HL7 Access database repository."/>
    <type value="code"/>
  </property>
  <property>
    <code value="status"/>
    <uri value="http://hl7.org/fhir/concept-properties#status"/>
    <description value="Designation of a concept's state. Normally is not populated unless the state is retired."/>
    <type value="code"/>
  </property>
  <property>
    <code value="HL7usageNotes"/>
    <uri value="http://terminology.hl7.org/CodeSystem/utg-concept-properties#HL7usageNotes"/>
    <description value="HL7 Concept Usage Notes"/>
    <type value="string"/>
  </property>
  <concept>
    <code value="C"/>
    <display value="conduction-indicator-based"/>
    <definition value="*Definition:* Context conduction is defined using the contextConductionCode and contextConductionInd attributes on ActRelationship and Participation.&#xD;&#xA;&#xD;&#xA;*UsageNotes:* This approach is deprecated as of March, 2010."/>
    <property>
      <code value="status"/>
      <valueCode value="active"/>
    </property>
    <property>
      <code value="HL7usageNotes"/>
      <valueString value="This approach is deprecated as of March, 2010."/>
    </property>
    <property>
      <code value="internalId"/>
      <valueCode value="23085"/>
    </property>
  </concept>
  <concept>
    <code value="I"/>
    <display value="inferred"/>
    <definition value="*Definition:* Context conduction is not explicitly defined. The recipient of an instance must infer conduction based on the semantics of the model and what is deemed &quot;reasonable&quot;.&#xD;&#xA;&#xD;&#xA;*UsageNotes:* Because this approach can lead to variation in instance interpretation, its use is discouraged."/>
    <property>
      <code value="status"/>
      <valueCode value="active"/>
    </property>
    <property>
      <code value="HL7usageNotes"/>
      <valueString value="Because this approach can lead to variation in instance interpretation, its use is discouraged."/>
    </property>
    <property>
      <code value="internalId"/>
      <valueCode value="23084"/>
    </property>
  </concept>
  <concept>
    <code value="V"/>
    <display value="vocabulary-based"/>
    <definition value="*Definition:* Context conduction is defined using the ActRelationship.blockedContextActRelationshipType and blockedContextParticipationType attributes and the &quot;conductible&quot; property on the ActRelationshipType and ParticipationType code systems."/>
    <property>
      <code value="status"/>
      <valueCode value="active"/>
    </property>
    <property>
      <code value="internalId"/>
      <valueCode value="23086"/>
    </property>
  </concept>
</CodeSystem>