<?xml version="1.0" encoding="UTF-8"?>

<CodeSystem xmlns="http://hl7.org/fhir">
  <id value="v3-ParticipationMode"/>
  <language value="en"/>
  <text>
    <status value="generated"/><div xml:lang="en" xmlns="http://www.w3.org/1999/xhtml" lang="en"><p><b>Properties</b></p><p><b>This code system  defines the following properties for its concepts</b></p><table class="grid"><tr><td><b>Code</b></td><td><b>URI</b></td><td><b>Type</b></td><td><b>Description</b></td></tr><tr><td>Specializes</td><td/><td>Coding</td><td>The child code is a more narrow version of the concept represented by the parent code.  I.e. Every child concept is also a valid parent concept.  Used to allow determination of subsumption.  Must be transitive, irreflexive, antisymmetric.</td></tr><tr><td>Generalizes</td><td/><td>Coding</td><td>Inverse of Specializes.  Only included as a derived relationship.</td></tr><tr><td>internalId</td><td>http://terminology.hl7.org/CodeSystem/utg-concept-properties#v3-internal-id</td><td>code</td><td>The internal identifier for the concept in the HL7 Access database repository.</td></tr><tr><td>status</td><td>http://hl7.org/fhir/concept-properties#status</td><td>code</td><td>Designation of a concept's state. Normally is not populated unless the state is retired.</td></tr></table><p><b>Concepts</b></p><p>This case-sensitive code system <code>http://terminology.hl7.org/CodeSystem/v3-ParticipationMode</code> defines the following codes in a Is-A heirarchy:</p><table class="codes"><tr><td><b>Lvl</b></td><td style="white-space:nowrap"><b>Code</b></td><td><b>Display</b></td><td><b>Definition</b></td><td><b>internalId</b></td><td><b>status</b></td></tr><tr><td>1</td><td style="white-space:nowrap">ELECTRONIC<a name="v3-ParticipationMode-ELECTRONIC"> </a></td><td>electronic data</td><td>Participation by non-human-languaged based electronic signal</td><td>16554</td><td>active</td></tr><tr><td>1</td><td style="white-space:nowrap">PHYSICAL<a name="v3-ParticipationMode-PHYSICAL"> </a></td><td>physical presence</td><td>Participation by direct action where subject and actor are in the same location. (The participation involves more than communication.)</td><td>16556</td><td>active</td></tr><tr><td>1</td><td style="white-space:nowrap">REMOTE<a name="v3-ParticipationMode-REMOTE"> </a></td><td>remote presence</td><td>Participation by direct action where subject and actor are in separate locations, and the actions of the actor are transmitted by electronic or mechanical means. (The participation involves more than communication.)</td><td>16557</td><td>active</td></tr><tr><td>1</td><td style="white-space:nowrap">VERBAL<a name="v3-ParticipationMode-VERBAL"> </a></td><td>verbal</td><td>Participation by voice communication</td><td>16544</td><td>active</td></tr><tr><td>2</td><td style="white-space:nowrap">  DICTATE<a name="v3-ParticipationMode-DICTATE"> </a></td><td>dictated</td><td>Participation by pre-recorded voice. Communication is limited to one direction (from the recorder to recipient).</td><td>16547</td><td>active</td></tr><tr><td>2</td><td style="white-space:nowrap">  FACE<a name="v3-ParticipationMode-FACE"> </a></td><td>face-to-face</td><td>Participation by voice communication where parties speak to each other directly.</td><td>16545</td><td>active</td></tr><tr><td>2</td><td style="white-space:nowrap">  PHONE<a name="v3-ParticipationMode-PHONE"> </a></td><td>telephone</td><td>Participation by voice communication where the voices of the communicating parties are transported over an electronic medium</td><td>16546</td><td>active</td></tr><tr><td>2</td><td style="white-space:nowrap">  VIDEOCONF<a name="v3-ParticipationMode-VIDEOCONF"> </a></td><td>videoconferencing</td><td>Participation by voice and visual communication where the voices and images of the communicating parties are transported over an electronic medium</td><td>16548</td><td>active</td></tr><tr><td>1</td><td style="white-space:nowrap">WRITTEN<a name="v3-ParticipationMode-WRITTEN"> </a></td><td>written</td><td>Participation by human language recorded on a physical material</td><td>16549</td><td>active</td></tr><tr><td>2</td><td style="white-space:nowrap">  FAXWRIT<a name="v3-ParticipationMode-FAXWRIT"> </a></td><td>telefax</td><td>Participation by text or diagrams printed on paper that have been transmitted over a fax device</td><td>16552</td><td>active</td></tr><tr><td>2</td><td style="white-space:nowrap">  HANDWRIT<a name="v3-ParticipationMode-HANDWRIT"> </a></td><td>handwritten</td><td>Participation by text or diagrams printed on paper or other recording medium</td><td>16550</td><td>active</td></tr><tr><td>2</td><td style="white-space:nowrap">  MAILWRIT<a name="v3-ParticipationMode-MAILWRIT"> </a></td><td>mail</td><td>Participation by text or diagrams printed on paper transmitted physically (e.g. by courier service, postal service).</td><td>23720</td><td>active</td></tr><tr><td>2</td><td style="white-space:nowrap">  ONLINEWRIT<a name="v3-ParticipationMode-ONLINEWRIT"> </a></td><td>online written</td><td>Participation by text or diagrams submitted by computer network, e.g. online survey.</td><td>23719</td><td>active</td></tr><tr><td>3</td><td style="white-space:nowrap">    EMAILWRIT<a name="v3-ParticipationMode-EMAILWRIT"> </a></td><td>email</td><td>Participation by text or diagrams transmitted over an electronic mail system.</td><td>16553</td><td>active</td></tr><tr><td>2</td><td style="white-space:nowrap">  TYPEWRIT<a name="v3-ParticipationMode-TYPEWRIT"> </a></td><td>typewritten</td><td>Participation by text or diagrams printed on paper or other recording medium where the recording was performed using a typewriter, typesetter, computer or similar mechanism.</td><td>16551</td><td>active</td></tr><tr><td>2</td><td style="white-space:nowrap">  MSGWRIT<a name="v3-ParticipationMode-MSGWRIT"> </a></td><td>messaging</td><td>Participation by messaging typically from a mobile phone or mobile device through a cellular network or Internet. Includes secured or unsecured messaging transmission and includes online chat. Also includes submission of photos or other images.</td><td>116551</td><td>active</td></tr><tr><td>3</td><td style="white-space:nowrap">    SMSWRIT<a name="v3-ParticipationMode-SMSWRIT"> </a></td><td>SMS message</td><td>Participation by text or diagrams transmitted by an SMS message.</td><td>116552</td><td>active</td></tr><tr><td>3</td><td style="white-space:nowrap">    MMSWRIT<a name="v3-ParticipationMode-MMSWRIT"> </a></td><td>MMS message</td><td>Participation by text or diagrams transmitted by an MMS message.</td><td>116553</td><td>active</td></tr><tr><td>3</td><td style="white-space:nowrap">    APPWRIT<a name="v3-ParticipationMode-APPWRIT"> </a></td><td>messaging app</td><td>Participation by text or diagrams transmitted over an online app, e.g. Facebook Messenger, WhatsApp, or similar web app.</td><td>116554</td><td>active</td></tr></table></div>
  </text>
  <url value="http://terminology.hl7.org/CodeSystem/v3-ParticipationMode"/>
  <identifier>
    <system value="urn:ietf:rfc:3986"/>
    <value value="urn:oid:2.16.840.1.113883.5.1064"/>
  </identifier>
  <version value="0.1.0"/>
  <name value="ParticipationMode"/>
  <title value="ParticipationMode"/>
  <status value="active"/>
  <experimental value="false"/>
  <date value="2021-08-10"/>
  <publisher value="SatuSehat"/>
  <contact>
    <name value="SatuSehat"/>
    <telecom>
      <system value="url"/>
      <value value="https://satusehat.kemkes.go.id/"/>
    </telecom>
    <telecom>
      <system value="email"/>
      <value value="fhir@dto.kemkes.go.id"/>
    </telecom>
  </contact>
  <description value="A set of codes specifying the modality by which the Entity playing the Role is participating in the Act.&#xD;&#xA;&#xD;&#xA;*Examples:* Physically present, over the telephone, written communication.&#xD;&#xA;&#xD;&#xA;*Rationale:* Particularly for author (originator) participants this is used to specify whether the information represented by the act was initially provided verbally, (hand-)written, or electronically.&#xD;&#xA;&#xD;&#xA;*Open Issue:* There needs to be a reexamination of the hierarchies as there seems to be some muddling between ELECTRONIC and other concepts that involve electronic communication that are in other hierarchies."/>
  <copyright value="This material derives from the HL7 Terminology THO. THO is copyright ©1989+ Health Level Seven International and is made available under the CC0 designation. For more licensing information see: https://terminology.hl7.org/license"/>
  <caseSensitive value="true"/>
  <hierarchyMeaning value="is-a"/>
  <content value="complete"/>
  <property>
    <extension url="http://terminology.hl7.org/StructureDefinition/ext-mif-relationship-symmetry">
      <valueCode value="antisymmetric"/>
    </extension>
    <extension url="http://terminology.hl7.org/StructureDefinition/ext-mif-relationship-transitivity">
      <valueCode value="transitive"/>
    </extension>
    <extension url="http://terminology.hl7.org/StructureDefinition/ext-mif-relationship-reflexivity">
      <valueCode value="irreflexive"/>
    </extension>
    <extension url="http://terminology.hl7.org/StructureDefinition/ext-mif-relationship-isNavigable">
      <valueBoolean value="true"/>
    </extension>
    <extension url="http://terminology.hl7.org/StructureDefinition/ext-mif-relationship-relationshipKind">
      <valueCode value="Specializes"/>
    </extension>
    <extension url="http://terminology.hl7.org/StructureDefinition/ext-mif-relationship-inverseName">
      <valueString value="Generalizes"/>
    </extension>
    <code value="Specializes"/>
    <description value="The child code is a more narrow version of the concept represented by the parent code.  I.e. Every child concept is also a valid parent concept.  Used to allow determination of subsumption.  Must be transitive, irreflexive, antisymmetric."/>
    <type value="Coding"/>
  </property>
  <property>
    <extension url="http://terminology.hl7.org/StructureDefinition/ext-mif-relationship-symmetry">
      <valueCode value="antisymmetric"/>
    </extension>
    <extension url="http://terminology.hl7.org/StructureDefinition/ext-mif-relationship-transitivity">
      <valueCode value="transitive"/>
    </extension>
    <extension url="http://terminology.hl7.org/StructureDefinition/ext-mif-relationship-reflexivity">
      <valueCode value="irreflexive"/>
    </extension>
    <extension url="http://terminology.hl7.org/StructureDefinition/ext-mif-relationship-isNavigable">
      <valueBoolean value="true"/>
    </extension>
    <extension url="http://terminology.hl7.org/StructureDefinition/ext-mif-relationship-relationshipKind">
      <valueCode value="Generalizes"/>
    </extension>
    <extension url="http://terminology.hl7.org/StructureDefinition/ext-mif-relationship-inverseName">
      <valueString value="Specializes"/>
    </extension>
    <code value="Generalizes"/>
    <description value="Inverse of Specializes.  Only included as a derived relationship."/>
    <type value="Coding"/>
  </property>
  <property>
    <code value="internalId"/>
    <uri value="http://terminology.hl7.org/CodeSystem/utg-concept-properties#v3-internal-id"/>
    <description value="The internal identifier for the concept in the HL7 Access database repository."/>
    <type value="code"/>
  </property>
  <property>
    <code value="status"/>
    <uri value="http://hl7.org/fhir/concept-properties#status"/>
    <description value="Designation of a concept's state. Normally is not populated unless the state is retired."/>
    <type value="code"/>
  </property>
  <concept>
    <code value="ELECTRONIC"/>
    <display value="electronic data"/>
    <definition value="Participation by non-human-languaged based electronic signal"/>
    <property>
      <code value="status"/>
      <valueCode value="active"/>
    </property>
    <property>
      <code value="internalId"/>
      <valueCode value="16554"/>
    </property>
  </concept>
  <concept>
    <code value="PHYSICAL"/>
    <display value="physical presence"/>
    <definition value="Participation by direct action where subject and actor are in the same location. (The participation involves more than communication.)"/>
    <property>
      <code value="status"/>
      <valueCode value="active"/>
    </property>
    <property>
      <code value="internalId"/>
      <valueCode value="16556"/>
    </property>
  </concept>
  <concept>
    <code value="REMOTE"/>
    <display value="remote presence"/>
    <definition value="Participation by direct action where subject and actor are in separate locations, and the actions of the actor are transmitted by electronic or mechanical means. (The participation involves more than communication.)"/>
    <property>
      <code value="status"/>
      <valueCode value="active"/>
    </property>
    <property>
      <code value="internalId"/>
      <valueCode value="16557"/>
    </property>
  </concept>
  <concept>
    <code value="VERBAL"/>
    <display value="verbal"/>
    <definition value="Participation by voice communication"/>
    <property>
      <code value="status"/>
      <valueCode value="active"/>
    </property>
    <property>
      <code value="internalId"/>
      <valueCode value="16544"/>
    </property>
    <concept>
      <code value="DICTATE"/>
      <display value="dictated"/>
      <definition value="Participation by pre-recorded voice. Communication is limited to one direction (from the recorder to recipient)."/>
      <property>
        <code value="status"/>
        <valueCode value="active"/>
      </property>
      <property>
        <code value="internalId"/>
        <valueCode value="16547"/>
      </property>
    </concept>
    <concept>
      <code value="FACE"/>
      <display value="face-to-face"/>
      <definition value="Participation by voice communication where parties speak to each other directly."/>
      <property>
        <code value="status"/>
        <valueCode value="active"/>
      </property>
      <property>
        <code value="internalId"/>
        <valueCode value="16545"/>
      </property>
    </concept>
    <concept>
      <code value="PHONE"/>
      <display value="telephone"/>
      <definition value="Participation by voice communication where the voices of the communicating parties are transported over an electronic medium"/>
      <property>
        <code value="status"/>
        <valueCode value="active"/>
      </property>
      <property>
        <code value="internalId"/>
        <valueCode value="16546"/>
      </property>
    </concept>
    <concept>
      <code value="VIDEOCONF"/>
      <display value="videoconferencing"/>
      <definition value="Participation by voice and visual communication where the voices and images of the communicating parties are transported over an electronic medium"/>
      <property>
        <code value="status"/>
        <valueCode value="active"/>
      </property>
      <property>
        <code value="internalId"/>
        <valueCode value="16548"/>
      </property>
    </concept>
  </concept>
  <concept>
    <code value="WRITTEN"/>
    <display value="written"/>
    <definition value="Participation by human language recorded on a physical material"/>
    <property>
      <code value="status"/>
      <valueCode value="active"/>
    </property>
    <property>
      <code value="internalId"/>
      <valueCode value="16549"/>
    </property>
    <concept>
      <code value="FAXWRIT"/>
      <display value="telefax"/>
      <definition value="Participation by text or diagrams printed on paper that have been transmitted over a fax device"/>
      <property>
        <code value="status"/>
        <valueCode value="active"/>
      </property>
      <property>
        <code value="internalId"/>
        <valueCode value="16552"/>
      </property>
    </concept>
    <concept>
      <code value="HANDWRIT"/>
      <display value="handwritten"/>
      <definition value="Participation by text or diagrams printed on paper or other recording medium"/>
      <property>
        <code value="status"/>
        <valueCode value="active"/>
      </property>
      <property>
        <code value="internalId"/>
        <valueCode value="16550"/>
      </property>
    </concept>
    <concept>
      <code value="MAILWRIT"/>
      <display value="mail"/>
      <definition value="Participation by text or diagrams printed on paper transmitted physically (e.g. by courier service, postal service)."/>
      <property>
        <code value="status"/>
        <valueCode value="active"/>
      </property>
      <property>
        <code value="internalId"/>
        <valueCode value="23720"/>
      </property>
    </concept>
    <concept>
      <code value="ONLINEWRIT"/>
      <display value="online written"/>
      <definition value="Participation by text or diagrams submitted by computer network, e.g. online survey."/>
      <property>
        <code value="status"/>
        <valueCode value="active"/>
      </property>
      <property>
        <code value="internalId"/>
        <valueCode value="23719"/>
      </property>
      <concept>
        <code value="EMAILWRIT"/>
        <display value="email"/>
        <definition value="Participation by text or diagrams transmitted over an electronic mail system."/>
        <property>
          <code value="status"/>
          <valueCode value="active"/>
        </property>
        <property>
          <code value="internalId"/>
          <valueCode value="16553"/>
        </property>
      </concept>
    </concept>
    <concept>
      <code value="TYPEWRIT"/>
      <display value="typewritten"/>
      <definition value="Participation by text or diagrams printed on paper or other recording medium where the recording was performed using a typewriter, typesetter, computer or similar mechanism."/>
      <property>
        <code value="status"/>
        <valueCode value="active"/>
      </property>
      <property>
        <code value="internalId"/>
        <valueCode value="16551"/>
      </property>
    </concept>
    <concept>
      <code value="MSGWRIT"/>
      <display value="messaging"/>
      <definition value="Participation by messaging typically from a mobile phone or mobile device through a cellular network or Internet. Includes secured or unsecured messaging transmission and includes online chat. Also includes submission of photos or other images."/>
      <property>
        <code value="status"/>
        <valueCode value="active"/>
      </property>
      <property>
        <code value="internalId"/>
        <valueCode value="116551"/>
      </property>
      <concept>
        <code value="SMSWRIT"/>
        <display value="SMS message"/>
        <definition value="Participation by text or diagrams transmitted by an SMS message."/>
        <property>
          <code value="status"/>
          <valueCode value="active"/>
        </property>
        <property>
          <code value="internalId"/>
          <valueCode value="116552"/>
        </property>
      </concept>
      <concept>
        <code value="MMSWRIT"/>
        <display value="MMS message"/>
        <definition value="Participation by text or diagrams transmitted by an MMS message."/>
        <property>
          <code value="status"/>
          <valueCode value="active"/>
        </property>
        <property>
          <code value="internalId"/>
          <valueCode value="116553"/>
        </property>
      </concept>
      <concept>
        <code value="APPWRIT"/>
        <display value="messaging app"/>
        <definition value="Participation by text or diagrams transmitted over an online app, e.g. Facebook Messenger, WhatsApp, or similar web app."/>
        <property>
          <code value="status"/>
          <valueCode value="active"/>
        </property>
        <property>
          <code value="internalId"/>
          <valueCode value="116554"/>
        </property>
      </concept>
    </concept>
  </concept>
</CodeSystem>