<?xml version="1.0" encoding="UTF-8"?>

<CodeSystem xmlns="http://hl7.org/fhir">
  <id value="NCPDPProviderIdentificationNumber"/>
  <text>
    <status value="generated"/><div xmlns="http://www.w3.org/1999/xhtml"><p>This case-sensitive code system <code>http://terminology.hl7.org/CodeSystem/NCPDPProviderIdentificationNumber</code> defines codes, but no codes are represented here</p></div>
  </text>
  <url value="http://terminology.hl7.org/CodeSystem/NCPDPProviderIdentificationNumber"/>
  <version value="0.1.0"/>
  <name value="NCPDPProviderIdentificationNumber"/>
  <title value="NCPDP Provider Identification Number"/>
  <status value="active"/>
  <experimental value="false"/>
  <date value="2021-03-10T00:00:00-04:00"/>
  <publisher value="SatuSehat"/>
  <contact>
    <name value="SatuSehat"/>
    <telecom>
      <system value="url"/>
      <value value="https://satusehat.kemkes.go.id/"/>
    </telecom>
    <telecom>
      <system value="email"/>
      <value value="fhir@dto.kemkes.go.id"/>
    </telecom>
  </contact>
  <description value="A NCPDP assigned number that provides pharmacies with a unique, 7-digit national identifying number that assists pharmacies in their interactions with federal agencies and third party providers. The NCPDP Provider Identification Number was formerly known as the NABP (National Board of Pharmacy) number. NCPDP also enumerates licensed dispensing sites in the United States as part of its Alternate Site Enumeration Program Numbering System (ASEP). The purpose of this system is to enable a site to identify itself to all third party processors by one standard number, in order to adjudicate claims and receive reimbursement from prescription card programs."/>
  <caseSensitive value="true"/>
  <content value="not-present"/>
</CodeSystem>