<?xml version="1.0" encoding="UTF-8"?>

<Encounter xmlns="http://hl7.org/fhir">
  <id value="IDCoreEncounterEMER"/>
  <meta>
    <profile value="https://fhir.kemkes.go.id/r4/StructureDefinition/IDCoreEncounter"/>
  </meta>
  <text>
    <status value="generated"/><div xmlns="http://www.w3.org/1999/xhtml"><p><b>Generated Narrative: Encounter</b><a name="IDCoreEncounterEMER"> </a></p><div style="display: inline-block; background-color: #d9e0e7; padding: 6px; margin: 4px; border: 1px solid #8da1b4; border-radius: 5px; line-height: 60%"><p style="margin-bottom: 0px">Resource Encounter &quot;IDCoreEncounterEMER&quot; </p><p style="margin-bottom: 0px">Profile: <a href="StructureDefinition-IDCoreEncounter.html">IDCoreEncounter</a></p></div><p><b>identifier</b>: id: KSP20240001</p><p><b>status</b>: arrived</p><h3>StatusHistories</h3><table class="grid"><tr><td style="display: none">-</td><td><b>Status</b></td><td><b>Period</b></td></tr><tr><td style="display: none">*</td><td>arrived</td><td>2023-07-04 08:30:00+0000 --&gt; (ongoing)</td></tr></table><p><b>class</b>: emergency (Details: http://terminology.hl7.org/CodeSystem/v3-ActCode code EMER = 'emergency', stated as 'emergency')</p><p><b>subject</b>: <a href="Patient/100000030015">Patient/100000030015: Diana Smith</a></p><h3>Participants</h3><table class="grid"><tr><td style="display: none">-</td><td><b>Type</b></td><td><b>Individual</b></td></tr><tr><td style="display: none">*</td><td>attender <span style="background: LightGoldenRodYellow; margin: 4px; border: 1px solid khaki"> (<a href="http://terminology.hl7.org/5.5.0/CodeSystem-v3-ParticipationType.html">ParticipationType</a>#ATND)</span></td><td><a href="Practitioner/N10000001">Practitioner/N10000001: Dokter Bronsig</a></td></tr></table><p><b>period</b>: 2023-07-04 08:30:00+0000 --&gt; (ongoing)</p><h3>Locations</h3><table class="grid"><tr><td style="display: none">-</td><td><b>Extension</b></td><td><b>Location</b></td><td><b>Period</b></td></tr><tr><td style="display: none">*</td><td/><td><a href="Location/022f4098-d391-42c0-bba1-abeab8232a13">Location/022f4098-d391-42c0-bba1-abeab8232a13: Ruangan Triase, Instalasi Gawat Darurat, Gedung Utama, Lantai 1</a></td><td>2023-07-04 08:30:00+0000 --&gt; (ongoing)</td></tr></table><p><b>serviceProvider</b>: <a href="Organization/10000002">Organization/10000002</a></p></div>
  </text>
  <identifier>
    <system value="http://sys-ids.kemkes.go.id/encounter/10000002"/>
    <value value="KSP20240001"/>
  </identifier>
  <status value="arrived"/>
  <statusHistory>
    <status value="arrived"/>
    <period>
      <start value="2023-07-04T08:30:00+00:00"/>
    </period>
  </statusHistory>
  <class>
    <system value="http://terminology.hl7.org/CodeSystem/v3-ActCode"/>
    <code value="EMER"/>
    <display value="emergency"/>
  </class>
  <subject>
    <reference value="Patient/100000030015"/>
    <display value="Diana Smith"/>
  </subject>
  <participant>
    <type>
      <coding>
        <system value="http://terminology.hl7.org/CodeSystem/v3-ParticipationType"/>
        <code value="ATND"/>
        <display value="attender"/>
      </coding>
    </type>
    <individual>
      <reference value="Practitioner/N10000001"/>
      <display value="Dokter Bronsig"/>
    </individual>
  </participant>
  <period>
    <start value="2023-07-04T08:30:00+00:00"/>
  </period>
  <location>
    <extension url="https://fhir.kemkes.go.id/r4/StructureDefinition/ServiceClass">
      <extension url="value">
        <valueCodeableConcept>
          <coding>
            <system value="http://terminology.kemkes.go.id/CodeSystem/locationServiceClass-Outpatient"/>
            <code value="reguler"/>
            <display value="Kelas Reguler"/>
          </coding>
        </valueCodeableConcept>
      </extension>
      <extension url="upgradeClassIndicator">
        <valueCodeableConcept>
          <coding>
            <system value="http://terminology.kemkes.go.id/CodeSystem/locationUpgradeClass"/>
            <code value="kelas-tetap"/>
            <display value="Kelas Tetap Perawatan"/>
          </coding>
        </valueCodeableConcept>
      </extension>
    </extension>
    <location>
      <reference value="Location/022f4098-d391-42c0-bba1-abeab8232a13"/>
      <display value="Ruangan Triase, Instalasi Gawat Darurat, Gedung Utama, Lantai 1"/>
    </location>
    <period>
      <start value="2023-07-04T08:30:00+00:00"/>
    </period>
  </location>
  <serviceProvider>
    <reference value="Organization/10000002"/>
  </serviceProvider>
</Encounter>