<?xml version="1.0" encoding="UTF-8"?>

<ValueSet xmlns="http://hl7.org/fhir">
  <id value="v3-xDeterminerInstanceKind"/>
  <language value="en"/>
  <text>
    <status value="extensions"/><div xml:lang="en" xmlns="http://www.w3.org/1999/xhtml" lang="en"><ul><li>Include these codes as defined in <a href="CodeSystem-v3-EntityDeterminer.html"><code>http://terminology.hl7.org/CodeSystem/v3-EntityDeterminer</code></a><table class="none"><tr><td style="white-space:nowrap"><b>Code</b></td><td><b>Display</b></td><td><b>Definition</b></td></tr><tr><td><a href="CodeSystem-v3-EntityDeterminer.html#v3-EntityDeterminer-INSTANCE">INSTANCE</a></td><td style="color: #cccccc">specific</td><td>**Description:**A determiner that specifies that the Entity object represents a particular physical thing (as opposed to a universal, kind, or class of physical thing).<br/><br/>**Discussion:** It does not matter whether an INSTANCE still exists as a whole at the point in time (or process) when we mention it, for example, a drug product lot is an INSTANCE even though it has been portioned out for retail purpose.</td></tr><tr><td><a href="CodeSystem-v3-EntityDeterminer.html#v3-EntityDeterminer-KIND">KIND</a></td><td style="color: #cccccc">described</td><td>**Description:**A determiner that specifies that the Entity object represents a universal, kind or class of physical thing (as opposed to a particular thing).</td></tr></table></li></ul></div>
  </text>
  <url value="http://terminology.hl7.org/ValueSet/v3-xDeterminerInstanceKind"/>
  <identifier>
    <system value="urn:ietf:rfc:3986"/>
    <value value="urn:oid:2.16.840.1.113883.1.11.19670"/>
  </identifier>
  <version value="0.1.0"/>
  <name value="XDeterminerInstanceKind"/>
  <title value="x_DeterminerInstanceKind"/>
  <status value="active"/>
  <experimental value="false"/>
  <date value="2014-03-26"/>
  <publisher value="SatuSehat"/>
  <contact>
    <name value="SatuSehat"/>
    <telecom>
      <system value="url"/>
      <value value="https://satusehat.kemkes.go.id/"/>
    </telecom>
    <telecom>
      <system value="email"/>
      <value value="fhir@dto.kemkes.go.id"/>
    </telecom>
  </contact>
  <description value="***No description***"/>
  <immutable value="true"/>
  <copyright value="This material derives from the HL7 Terminology THO. THO is copyright ©1989+ Health Level Seven International and is made available under the CC0 designation. For more licensing information see: https://terminology.hl7.org/license"/>
  <compose>
    <include>
      <system value="http://terminology.hl7.org/CodeSystem/v3-EntityDeterminer"/>
      <concept>
        <code value="INSTANCE"/>
      </concept>
      <concept>
        <code value="KIND"/>
      </concept>
    </include>
  </compose>
</ValueSet>