<?xml version="1.0" encoding="UTF-8"?>

<ValueSet xmlns="http://hl7.org/fhir">
  <id value="v3-xActClassCareProvisionObservation"/>
  <language value="en"/>
  <text>
    <status value="extensions"/><div xml:lang="en" xmlns="http://www.w3.org/1999/xhtml" lang="en"><ul><li>Include these codes as defined in <a href="CodeSystem-v3-ActClass.html"><code>http://terminology.hl7.org/CodeSystem/v3-ActClass</code></a><table class="none"><tr><td style="white-space:nowrap"><b>Code</b></td><td><b>Display</b></td><td><b>Definition</b></td></tr><tr><td><a href="CodeSystem-v3-ActClass.html#v3-ActClass-OBS">OBS</a></td><td style="color: #cccccc">observation</td><td>**Description:**An act that is intended to result in new information about a subject. The main difference between Observations and other Acts is that Observations have a value attribute. The **code** attribute of Observation and the **value** attribute of Observation must be considered in combination to determine the semantics of the observation.<br/><br/>**Discussion:**<br/><br/>Structurally, many observations are name-value-pairs, where the Observation.code (inherited from Act) is the name and the Observation.value is the value of the property. Such a construct is also known as a variable (a named feature that can assume a value) hence, the Observation class is always used to hold generic name-value-pairs or variables, even though the variable valuation may not be the result of an elaborate observation method. It may be a simple answer to a question or it may be an assertion or setting of a parameter.<br/><br/>As with all Act statements, Observation statements describe what was done, and in the case of Observations, this includes a description of what was actually observed (results or answers); and those results or answers are part of the observation and not split off into other objects.<br/><br/>The method of action is asserted by the Observation classCode or its subclasses at the least granular level, by the Observation.code attribute value at the medium level of granularity, and by the attribute value of observation.methodCode when a finer level of granularity is required. The method in whole or in part may also appear in the attribute value of Observation.value when using coded data types to express the value of the attribute. Relevant aspects of methodology may also be restated in value when the results themselves imply or state a methodology.<br/><br/>An observation may consist of component observations each having their own Observation.code and Observation.value. In this case, the composite observation may not have an Observation.value for itself. For instance, a white blood cell count consists of the sub-observations for the counts of the various granulocytes, lymphocytes and other normal or abnormal blood cells (e.g., blasts). The overall white blood cell count Observation itself may therefore not have a value by itself (even though it could have one, e.g., the sum total of white blood cells). Thus, as long as an Act is essentially an Act of recognizing and noting information about a subject, it is an Observation, regardless of whether it has a simple value by itself or whether it has sub-observations.<br/><br/>Even though observations are professional acts (see Act) and as such are intentional actions, this does not require that every possible outcome of an observation be pondered in advance of it being actually made. For instance, differential white blood cell counts (WBC) rarely show blasts, but if they do, this is part of the WBC observation even though blasts might not be predefined in the structure of a normal WBC.<br/><br/>Clinical documents commonly have Subjective and Objective findings, both of which are kinds of Observations. In addition, clinical documents commonly contain Assessments, which are also kinds of Observations. Thus, the establishment of a diagnosis is an Observation.<br/><br/>**Examples:**<br/><br/> *  Recording the results of a Family History Assessment<br/> *  Laboratory test and associated result<br/> *  Physical exam test and associated result<br/> *  Device temperature<br/> *  Soil lead level</td></tr><tr><td><a href="CodeSystem-v3-ActClass.html#v3-ActClass-PCPR">PCPR</a></td><td style="color: #cccccc">care provision</td><td>An **Act** that of taking on whole or partial responsibility for, or attention to, safety and well-being of a subject of care.<br/><br/>*Discussion:* A **care provision** event may exist without any other care actions taking place. For example, when a patient is assigned to the care of a particular health professional.<br/><br/>In **request** (RQO) mood **care provision** communicates a referral, which is a request:<br/><br/> *  from one party (linked as a **participant** of type **author** (AUT)),<br/> *  to another party (linked as a **participant** of type **performer** (PRF),<br/> *  to take responsibility for a scope specified by the code attribute,<br/> *  for an entity (linked as a **participant** of type **subject** (SBJ)).<br/><br/>The scope of the care for which responsibility is taken is identified by *code* attribute.<br/><br/>In **event** (EVN) mood **care provision** indicates the effective time interval of a specified scope of responsibility by a **performer** (PRF) or set of **performers** (PRF) for a **subject** (SBJ).<br/><br/>*Examples:*<br/><br/>1.  Referral from GP to a specialist.<br/>2.  Assignment of a patient or group of patients to the case list of a health professional.<br/>3.  Assignment of inpatients to the care of particular nurses for a working shift.</td></tr></table></li></ul></div>
  </text>
  <url value="http://terminology.hl7.org/ValueSet/v3-xActClassCareProvisionObservation"/>
  <identifier>
    <system value="urn:ietf:rfc:3986"/>
    <value value="urn:oid:2.16.840.1.113883.1.11.19888"/>
  </identifier>
  <version value="0.1.0"/>
  <name value="XActClassCareProvisionObservation"/>
  <title value="x_ActClassCareProvisionObservation"/>
  <status value="active"/>
  <experimental value="false"/>
  <date value="2014-03-26"/>
  <publisher value="SatuSehat"/>
  <contact>
    <name value="SatuSehat"/>
    <telecom>
      <system value="url"/>
      <value value="https://satusehat.kemkes.go.id/"/>
    </telecom>
    <telecom>
      <system value="email"/>
      <value value="fhir@dto.kemkes.go.id"/>
    </telecom>
  </contact>
  <description value="***No description***"/>
  <immutable value="true"/>
  <copyright value="This material derives from the HL7 Terminology THO. THO is copyright ©1989+ Health Level Seven International and is made available under the CC0 designation. For more licensing information see: https://terminology.hl7.org/license"/>
  <compose>
    <include>
      <system value="http://terminology.hl7.org/CodeSystem/v3-ActClass"/>
      <concept>
        <code value="OBS"/>
      </concept>
      <concept>
        <code value="PCPR"/>
      </concept>
    </include>
  </compose>
</ValueSet>