<?xml version="1.0" encoding="UTF-8"?>

<ValueSet xmlns="http://hl7.org/fhir">
  <id value="v3-SecurityClassificationObservationType"/>
  <language value="en"/>
  <text>
    <status value="generated"/><div xml:lang="en" xmlns="http://www.w3.org/1999/xhtml" lang="en"><ul><li>Include codes from <a href="CodeSystem-v3-ActCode.html"><code>http://terminology.hl7.org/CodeSystem/v3-ActCode</code></a> where concept  is-a  <a href="CodeSystem-v3-ActCode.html#v3-ActCode-SECCLASSOBS">SECCLASSOBS</a></li></ul></div>
  </text>
  <url value="http://terminology.hl7.org/ValueSet/v3-SecurityClassificationObservationType"/>
  <identifier>
    <system value="urn:ietf:rfc:3986"/>
    <value value="urn:oid:2.16.840.1.113883.1.11.20458"/>
  </identifier>
  <version value="0.1.0"/>
  <name value="SecurityClassificationObservationType"/>
  <title value="SecurityClassificationObservationType"/>
  <status value="active"/>
  <experimental value="false"/>
  <date value="2014-03-26"/>
  <publisher value="SatuSehat"/>
  <contact>
    <name value="SatuSehat"/>
    <telecom>
      <system value="url"/>
      <value value="https://satusehat.kemkes.go.id/"/>
    </telecom>
    <telecom>
      <system value="email"/>
      <value value="fhir@dto.kemkes.go.id"/>
    </telecom>
  </contact>
  <description value="Type of security metadata observation made about the classification of an IT resource (data, information object, service, or system capability), which may be used to make access control decisions.&#xD;&#xA;&#xD;&#xA;Security classification is defined by ISO/IEC 2382-8:1998(E/F)/ T-REC-X.812-1995 as: &quot;The determination of which specific degree of protection against access the data or information requires, together with a designation of that degree of protection.&quot; Security classification metadata is based on an analysis of applicable policies and the risk of financial, reputational, or other harm that could result from unauthorized disclosure."/>
  <immutable value="true"/>
  <copyright value="This material derives from the HL7 Terminology THO. THO is copyright ©1989+ Health Level Seven International and is made available under the CC0 designation. For more licensing information see: https://terminology.hl7.org/license"/>
  <compose>
    <include>
      <system value="http://terminology.hl7.org/CodeSystem/v3-ActCode"/>
      <filter>
        <property value="concept"/>
        <op value="is-a"/>
        <value value="SECCLASSOBS"/>
      </filter>
    </include>
  </compose>
</ValueSet>