<?xml version="1.0" encoding="UTF-8"?>

<ValueSet xmlns="http://hl7.org/fhir">
  <id value="v3-ActInsuranceTypeCode"/>
  <language value="en"/>
  <text>
    <status value="generated"/><div xml:lang="en" xmlns="http://www.w3.org/1999/xhtml" lang="en"><ul><li>Include codes from <a href="CodeSystem-v3-ActCode.html"><code>http://terminology.hl7.org/CodeSystem/v3-ActCode</code></a> where concept  is-a  <a href="CodeSystem-v3-ActCode.html#v3-ActCode-_ActInsuranceTypeCode">_ActInsuranceTypeCode</a></li></ul></div>
  </text>
  <url value="http://terminology.hl7.org/ValueSet/v3-ActInsuranceTypeCode"/>
  <identifier>
    <system value="urn:ietf:rfc:3986"/>
    <value value="urn:oid:2.16.840.1.113883.1.11.19856"/>
  </identifier>
  <version value="0.1.0"/>
  <name value="ActInsuranceTypeCode"/>
  <title value="ActInsuranceTypeCode"/>
  <status value="active"/>
  <experimental value="false"/>
  <date value="2014-03-26"/>
  <publisher value="SatuSehat"/>
  <contact>
    <name value="SatuSehat"/>
    <telecom>
      <system value="url"/>
      <value value="https://satusehat.kemkes.go.id/"/>
    </telecom>
    <telecom>
      <system value="email"/>
      <value value="fhir@dto.kemkes.go.id"/>
    </telecom>
  </contact>
  <description value="**Definition:** Set of codes indicating the type of insurance policy. Insurance, in law and economics, is a form of risk management primarily used to hedge against the risk of potential financial loss. Insurance is defined as the equitable transfer of the risk of a potential loss, from one entity to another, in exchange for a premium and duty of care. A policy holder is an individual or an organization enters into a contract with an underwriter which stipulates that, in exchange for payment of a sum of money (a premium), one or more covered parties (insureds) is guaranteed compensation for losses resulting from certain perils under specified conditions. The underwriter analyzes the risk of loss, makes a decision as to whether the risk is insurable, and prices the premium accordingly. A policy provides benefits that indemnify or cover the cost of a loss incurred by a covered party, and may include coverage for services required to remediate a loss. An insurance policy contains pertinent facts about the policy holder, the insurance coverage, the covered parties, and the insurer. A policy may include exemptions and provisions specifying the extent to which the indemnification clause cannot be enforced for intentional tortious conduct of a covered party, e.g., whether the covered parties are jointly or severably insured.&#xD;&#xA;&#xD;&#xA;*Discussion:* In contrast to programs, an insurance policy has one or more policy holders, who own the policy. The policy holder may be the covered party, a relative of the covered party, a partnership, or a corporation, e.g., an employer. A subscriber of a self-insured health insurance policy is a policy holder. A subscriber of an employer sponsored health insurance policy is holds a certificate of coverage, but is not a policy holder; the policy holder is the employer. See CoveredRoleType."/>
  <copyright value="This material derives from the HL7 Terminology THO. THO is copyright ©1989+ Health Level Seven International and is made available under the CC0 designation. For more licensing information see: https://terminology.hl7.org/license"/>
  <compose>
    <include>
      <system value="http://terminology.hl7.org/CodeSystem/v3-ActCode"/>
      <filter>
        <property value="concept"/>
        <op value="is-a"/>
        <value value="_ActInsuranceTypeCode"/>
      </filter>
    </include>
  </compose>
</ValueSet>