<?xml version="1.0" encoding="UTF-8"?>

<ValueSet xmlns="http://hl7.org/fhir">
  <id value="v3-ContactRoleType"/>
  <language value="en"/>
  <text>
    <status value="generated"/><div xml:lang="en" xmlns="http://www.w3.org/1999/xhtml" lang="en"><p>This value set includes codes based on the following rules:</p><ul><li>Import all the codes that are contained in <a href="ValueSet-v3-AdministrativeContactRoleType.html">AdministrativeContactRoleType</a></li><li>Import all the codes that are contained in <a href="ValueSet-v3-RoleClassContactCode.html">RoleClassContactCode</a></li><li>Include all codes defined in <a href="CodeSystem-v3-RoleCode.html"><code>http://terminology.hl7.org/CodeSystem/v3-RoleCode</code></a></li></ul></div>
  </text>
  <url value="http://terminology.hl7.org/ValueSet/v3-ContactRoleType"/>
  <identifier>
    <system value="urn:ietf:rfc:3986"/>
    <value value="urn:oid:2.16.840.1.113883.1.11.15920"/>
  </identifier>
  <version value="0.1.0"/>
  <name value="ContactRoleType"/>
  <title value="ContactRoleType"/>
  <status value="active"/>
  <experimental value="false"/>
  <date value="2014-03-26"/>
  <publisher value="SatuSehat"/>
  <contact>
    <name value="SatuSehat"/>
    <telecom>
      <system value="url"/>
      <value value="https://satusehat.kemkes.go.id/"/>
    </telecom>
    <telecom>
      <system value="email"/>
      <value value="fhir@dto.kemkes.go.id"/>
    </telecom>
  </contact>
  <description value="Types of contact for Role code &quot;CON&quot;"/>
  <copyright value="This material derives from the HL7 Terminology THO. THO is copyright ©1989+ Health Level Seven International and is made available under the CC0 designation. For more licensing information see: https://terminology.hl7.org/license"/>
  <compose>
    <include>
      <valueSet value="http://terminology.hl7.org/ValueSet/v3-AdministrativeContactRoleType"/>
    </include>
    <include>
      <valueSet value="http://terminology.hl7.org/ValueSet/v3-RoleClassContactCode"/>
    </include>
    <include>
      <system value="http://terminology.hl7.org/CodeSystem/v3-RoleCode"/>
    </include>
  </compose>
</ValueSet>