<?xml version="1.0" encoding="UTF-8"?>

<ValueSet xmlns="http://hl7.org/fhir">
  <id value="v3-ActClassClinicalDocument"/>
  <language value="en"/>
  <text>
    <status value="generated"/><div xml:lang="en" xmlns="http://www.w3.org/1999/xhtml" lang="en"><ul><li>Include codes from <a href="CodeSystem-v3-ActClass.html"><code>http://terminology.hl7.org/CodeSystem/v3-ActClass</code></a> where concept  is-a  <a href="CodeSystem-v3-ActClass.html#v3-ActClass-DOCCLIN">DOCCLIN</a></li></ul></div>
  </text>
  <url value="http://terminology.hl7.org/ValueSet/v3-ActClassClinicalDocument"/>
  <identifier>
    <system value="urn:ietf:rfc:3986"/>
    <value value="urn:oid:2.16.840.1.113883.1.11.13948"/>
  </identifier>
  <version value="0.1.0"/>
  <name value="ActClassClinicalDocument"/>
  <title value="ActClassClinicalDocument"/>
  <status value="active"/>
  <experimental value="false"/>
  <date value="2014-03-26"/>
  <publisher value="SatuSehat"/>
  <contact>
    <name value="SatuSehat"/>
    <telecom>
      <system value="url"/>
      <value value="https://satusehat.kemkes.go.id/"/>
    </telecom>
    <telecom>
      <system value="email"/>
      <value value="fhir@dto.kemkes.go.id"/>
    </telecom>
  </contact>
  <description value="A clinical document is a documentation of clinical observations and services, with the following characteristics: (1) Persistence - A clinical document continues to exist in an unaltered state, for a time period defined by local and regulatory requirements; (2) Stewardship - A clinical document is maintained by a person or organization entrusted with its care; (3) Potential for authentication - A clinical document is an assemblage of information that is intended to be legally authenticated; (4) Wholeness - Authentication of a clinical document applies to the whole and does not apply to portions of the document without the full context of the document; (5) Human readability - A clinical document is human readable.&quot;"/>
  <immutable value="true"/>
  <copyright value="This material derives from the HL7 Terminology THO. THO is copyright ©1989+ Health Level Seven International and is made available under the CC0 designation. For more licensing information see: https://terminology.hl7.org/license"/>
  <compose>
    <include>
      <system value="http://terminology.hl7.org/CodeSystem/v3-ActClass"/>
      <filter>
        <property value="concept"/>
        <op value="is-a"/>
        <value value="DOCCLIN"/>
      </filter>
    </include>
  </compose>
</ValueSet>