<?xml version="1.0" encoding="UTF-8"?>

<ValueSet xmlns="http://hl7.org/fhir">
  <id value="v3-Country2"/>
  <language value="en"/>
  <text>
    <status value="generated"/><div xml:lang="en" xmlns="http://www.w3.org/1999/xhtml" lang="en"><ul><li>Include codes from <a href="CodeSystem-ISO3166Part1.html"><code>urn:iso:std:iso:3166</code></a> where code  matches (by regex)  [A-Z]{2}</li></ul></div>
  </text>
  <url value="http://terminology.hl7.org/ValueSet/v3-Country2"/>
  <identifier>
    <system value="urn:ietf:rfc:3986"/>
    <value value="urn:oid:2.16.840.1.113883.1.11.20300"/>
  </identifier>
  <version value="0.1.0"/>
  <name value="Country2"/>
  <title value="Country2"/>
  <status value="active"/>
  <experimental value="false"/>
  <date value="2014-03-26"/>
  <publisher value="SatuSehat"/>
  <contact>
    <name value="SatuSehat"/>
    <telecom>
      <system value="url"/>
      <value value="https://satusehat.kemkes.go.id/"/>
    </telecom>
    <telecom>
      <system value="email"/>
      <value value="fhir@dto.kemkes.go.id"/>
    </telecom>
  </contact>
  <description value="Countries of the world. ISO 3166, part 1, alpha-2 set."/>
  <copyright value="This material derives from the HL7 Terminology THO. THO is copyright ©1989+ Health Level Seven International and is made available under the CC0 designation. For more licensing information see: https://terminology.hl7.org/license"/>
  <compose>
    <include>
      <system value="urn:iso:std:iso:3166"/>
      <filter>
        <property value="code"/>
        <op value="regex"/>
        <value value="[A-Z]{2}"/>
      </filter>
    </include>
  </compose>
</ValueSet>