<?xml version="1.0" encoding="UTF-8"?>

<ValueSet xmlns="http://hl7.org/fhir">
  <id value="v3-ObservationInterpretationProtocolInclusion"/>
  <language value="en"/>
  <text>
    <status value="generated"/><div xml:lang="en" xmlns="http://www.w3.org/1999/xhtml" lang="en"><p>This value set includes codes based on the following rules:</p><ul><li>Import all the codes that are contained in <a href="ValueSet-v3-ObservationInterpretationOustsideThreshold.html">ObservationInterpretationOustsideThreshold</a></li><li>Include all codes defined in <a href="CodeSystem-v3-ObservationInterpretation.html"><code>http://terminology.hl7.org/CodeSystem/v3-ObservationInterpretation</code></a></li></ul></div>
  </text>
  <url value="http://terminology.hl7.org/ValueSet/v3-ObservationInterpretationProtocolInclusion"/>
  <identifier>
    <system value="urn:ietf:rfc:3986"/>
    <value value="urn:oid:2.16.840.1.113883.1.11.19759"/>
  </identifier>
  <version value="0.1.0"/>
  <name value="ObservationInterpretationProtocolInclusion"/>
  <title value="ObservationInterpretationProtocolInclusion"/>
  <status value="active"/>
  <experimental value="false"/>
  <date value="2014-03-26"/>
  <publisher value="SatuSehat"/>
  <contact>
    <name value="SatuSehat"/>
    <telecom>
      <system value="url"/>
      <value value="https://satusehat.kemkes.go.id/"/>
    </telecom>
    <telecom>
      <system value="email"/>
      <value value="fhir@dto.kemkes.go.id"/>
    </telecom>
  </contact>
  <description value="The observation/test result is interpreted as being outside the inclusion range for a particular protocol within which the result is being reported.&#xD;&#xA;&#xD;&#xA;**Example:** A positive result on a Hepatitis screening test.&#xD;&#xA;&#xD;&#xA;*Open Issue:* We are not deprecating this value set at this time, but instead are leaving open the consideration of deprecation in the future. \[Note: The concepts included in this value set have also been suggested for future deprecation, and there are no associated concept subdomains or bindings.\]"/>
  <copyright value="This material derives from the HL7 Terminology THO. THO is copyright ©1989+ Health Level Seven International and is made available under the CC0 designation. For more licensing information see: https://terminology.hl7.org/license"/>
  <compose>
    <include>
      <valueSet value="http://terminology.hl7.org/ValueSet/v3-ObservationInterpretationOustsideThreshold"/>
    </include>
    <include>
      <system value="http://terminology.hl7.org/CodeSystem/v3-ObservationInterpretation"/>
    </include>
  </compose>
</ValueSet>