<?xml version="1.0" encoding="UTF-8"?>

<ValueSet xmlns="http://hl7.org/fhir">
  <id value="cpt-all"/>
  <text>
    <status value="generated"/><div xmlns="http://www.w3.org/1999/xhtml"><ul><li>Include all codes defined in <a href="CodeSystem-CPT.html"><code>http://www.ama-assn.org/go/cpt</code></a></li></ul></div>
  </text>
  <extension url="http://hl7.org/fhir/StructureDefinition/structuredefinition-wg">
    <valueCode value="vocab"/>
  </extension>
  <url value="http://terminology.hl7.org/ValueSet/cpt-all"/>
  <version value="0.1.0"/>
  <name value="AmaCPTAllCodes"/>
  <title value="AMA CPT All Codes"/>
  <status value="active"/>
  <experimental value="false"/>
  <date value="2023-08-05T16:43:13+10:00"/>
  <publisher value="SatuSehat"/>
  <contact>
    <name value="SatuSehat"/>
    <telecom>
      <system value="url"/>
      <value value="https://satusehat.kemkes.go.id/"/>
    </telecom>
    <telecom>
      <system value="email"/>
      <value value="fhir@dto.kemkes.go.id"/>
    </telecom>
  </contact>
  <description value="All codes in CPT (including metadata, modifiers, etc)."/>
  <immutable value="true"/>
  <copyright value="CPT © Copyright 2023 American Medical Association. All rights reserved. AMA and CPT are registered trademarks of the American Medical Association."/>
  <compose>
    <include>
      <system value="http://www.ama-assn.org/go/cpt"/>
    </include>
  </compose>
</ValueSet>