<?xml version="1.0" encoding="UTF-8"?>

<ValueSet xmlns="http://hl7.org/fhir">
  <id value="Observationcode"/>
  <text>
    <status value="generated"/><div xmlns="http://www.w3.org/1999/xhtml"><p>This value set includes codes based on the following rules:</p><ul><li>Include all codes defined in <code>http://fhir.org/guides/who/anc-cds/CodeSystem/anc-custom-codes</code></li><li>Include all codes defined in <a href="http://loinc.org"><code>http://loinc.org</code></a></li><li>Include all codes defined in <a href="CodeSystem-KemkesClinicalTermCS.html"><code>http://terminology.kemkes.go.id/CodeSystem/clinical-term</code></a></li><li>Include all codes defined in <a href="CodeSystem-KemkesExaminationCS.html"><code>http://terminology.kemkes.go.id/CodeSystem/examination</code></a></li><li>Include codes from <a href="http://www.snomed.org/"><code>http://snomed.info/sct</code></a> where concept  is-a  116312005 (Finding of lower limb)</li><li>Include codes from <a href="http://www.snomed.org/"><code>http://snomed.info/sct</code></a> where concept  is-a  116337000 (Oral cavity finding)</li><li>Include codes from <a href="http://www.snomed.org/"><code>http://snomed.info/sct</code></a> where concept  is-a  297268004 (Ear, nose and throat finding)</li></ul></div>
  </text>
  <url value="http://terminology.kemkes.go.id/ValueSet/Observation.code"/>
  <version value="0.1.0"/>
  <name value="Observationcode"/>
  <title value="Value set specific for Observation Code"/>
  <status value="active"/>
  <date value="2024-05-23T10:54:59+07:00"/>
  <publisher value="Thomas Chaidir"/>
  <contact>
    <name value="Thomas Chaidir"/>
    <telecom>
      <system value="url"/>
      <value value="https://satusehat.kemkes.go.id/"/>
    </telecom>
  </contact>
  <description value="Value set specific for Observation Code"/>
  <compose>
    <include>
      <system value="http://fhir.org/guides/who/anc-cds/CodeSystem/anc-custom-codes"/>
    </include>
    <include>
      <system value="http://loinc.org"/>
    </include>
    <include>
      <system value="http://terminology.kemkes.go.id/CodeSystem/clinical-term"/>
    </include>
    <include>
      <system value="http://terminology.kemkes.go.id/CodeSystem/examination"/>
    </include>
    <include>
      <system value="http://snomed.info/sct"/>
      <filter>
        <property value="concept"/>
        <op value="is-a"/>
        <value value="116312005"/>
      </filter>
    </include>
    <include>
      <system value="http://snomed.info/sct"/>
      <filter>
        <property value="concept"/>
        <op value="is-a"/>
        <value value="116337000"/>
      </filter>
    </include>
    <include>
      <system value="http://snomed.info/sct"/>
      <filter>
        <property value="concept"/>
        <op value="is-a"/>
        <value value="297268004"/>
      </filter>
    </include>
  </compose>
</ValueSet>