<?xml version="1.0" encoding="UTF-8"?>

<ValueSet xmlns="http://hl7.org/fhir">
  <id value="v3-ActMoodOption"/>
  <language value="en"/>
  <text>
    <status value="generated"/><div xml:lang="en" xmlns="http://www.w3.org/1999/xhtml" lang="en"><ul><li>Include codes from <a href="CodeSystem-v3-ActMood.html"><code>http://terminology.hl7.org/CodeSystem/v3-ActMood</code></a> where concept  is-a  <a href="CodeSystem-v3-ActMood.html#v3-ActMood-OPT">OPT</a></li></ul></div>
  </text>
  <url value="http://terminology.hl7.org/ValueSet/v3-ActMoodOption"/>
  <identifier>
    <system value="urn:ietf:rfc:3986"/>
    <value value="urn:oid:2.16.840.1.113883.1.11.19942"/>
  </identifier>
  <version value="0.1.0"/>
  <name value="ActMoodOption"/>
  <title value="ActMoodOption"/>
  <status value="active"/>
  <experimental value="false"/>
  <date value="2014-03-26"/>
  <publisher value="SatuSehat"/>
  <contact>
    <name value="SatuSehat"/>
    <telecom>
      <system value="url"/>
      <value value="https://satusehat.kemkes.go.id/"/>
    </telecom>
    <telecom>
      <system value="email"/>
      <value value="fhir@dto.kemkes.go.id"/>
    </telecom>
  </contact>
  <description value="An option is an alternative set of property-value bindings. Options specify alternative sets of values, typically used in definitions or orders to describe alternatives. An option can only be used as a group, that is, all assigned values must be used together.&#xD;&#xA;&#xD;&#xA;Historical note: in HL7 v2.x option existed in the special case for alternative medication routes (RXR segment)."/>
  <immutable value="true"/>
  <copyright value="This material derives from the HL7 Terminology THO. THO is copyright ©1989+ Health Level Seven International and is made available under the CC0 designation. For more licensing information see: https://terminology.hl7.org/license"/>
  <compose>
    <include>
      <system value="http://terminology.hl7.org/CodeSystem/v3-ActMood"/>
      <filter>
        <property value="concept"/>
        <op value="is-a"/>
        <value value="OPT"/>
      </filter>
    </include>
  </compose>
</ValueSet>