<?xml version="1.0" encoding="UTF-8"?>

<ValueSet xmlns="http://hl7.org/fhir">
  <id value="v3-xDocumentStatus"/>
  <language value="en"/>
  <text>
    <status value="extensions"/><div xml:lang="en" xmlns="http://www.w3.org/1999/xhtml" lang="en"><ul><li>Include these codes as defined in <a href="CodeSystem-v3-ActStatus.html"><code>http://terminology.hl7.org/CodeSystem/v3-ActStatus</code></a><table class="none"><tr><td style="white-space:nowrap"><b>Code</b></td><td><b>Display</b></td><td><b>Definition</b></td></tr><tr><td><a href="CodeSystem-v3-ActStatus.html#v3-ActStatus-active">active</a></td><td style="color: #cccccc">active</td><td>The Act can be performed or is being performed</td></tr><tr><td><a href="CodeSystem-v3-ActStatus.html#v3-ActStatus-cancelled">cancelled</a></td><td style="color: #cccccc">cancelled</td><td>The Act has been abandoned before activation.</td></tr><tr><td><a href="CodeSystem-v3-ActStatus.html#v3-ActStatus-new">new</a></td><td style="color: #cccccc">new</td><td>An Act that is in the preparatory stages and may not yet be acted upon</td></tr><tr><td><a href="CodeSystem-v3-ActStatus.html#v3-ActStatus-obsolete">obsolete</a></td><td style="color: #cccccc">obsolete</td><td>This Act instance has been replaced by a new instance.</td></tr></table></li></ul></div>
  </text>
  <url value="http://terminology.hl7.org/ValueSet/v3-xDocumentStatus"/>
  <identifier>
    <system value="urn:ietf:rfc:3986"/>
    <value value="urn:oid:2.16.840.1.113883.1.11.16916"/>
  </identifier>
  <version value="0.1.0"/>
  <name value="XDocumentStatus"/>
  <title value="x_DocumentStatus"/>
  <status value="active"/>
  <experimental value="false"/>
  <date value="2014-03-26"/>
  <publisher value="SatuSehat"/>
  <contact>
    <name value="SatuSehat"/>
    <telecom>
      <system value="url"/>
      <value value="https://satusehat.kemkes.go.id/"/>
    </telecom>
    <telecom>
      <system value="email"/>
      <value value="fhir@dto.kemkes.go.id"/>
    </telecom>
  </contact>
  <description value="Status of a clinical document."/>
  <copyright value="This material derives from the HL7 Terminology THO. THO is copyright ©1989+ Health Level Seven International and is made available under the CC0 designation. For more licensing information see: https://terminology.hl7.org/license"/>
  <compose>
    <include>
      <system value="http://terminology.hl7.org/CodeSystem/v3-ActStatus"/>
      <concept>
        <code value="active"/>
      </concept>
      <concept>
        <code value="cancelled"/>
      </concept>
      <concept>
        <code value="new"/>
      </concept>
      <concept>
        <code value="obsolete"/>
      </concept>
    </include>
  </compose>
</ValueSet>