<?xml version="1.0" encoding="UTF-8"?>

<ValueSet xmlns="http://hl7.org/fhir">
  <id value="v3-LifeInsurancePolicy"/>
  <language value="en"/>
  <text>
    <status value="generated"/><div xml:lang="en" xmlns="http://www.w3.org/1999/xhtml" lang="en"><ul><li>Include codes from <a href="CodeSystem-v3-ActCode.html"><code>http://terminology.hl7.org/CodeSystem/v3-ActCode</code></a> where concept  is-a  <a href="CodeSystem-v3-ActCode.html#v3-ActCode-LIFE">LIFE</a></li></ul></div>
  </text>
  <url value="http://terminology.hl7.org/ValueSet/v3-LifeInsurancePolicy"/>
  <identifier>
    <system value="urn:ietf:rfc:3986"/>
    <value value="urn:oid:2.16.840.1.113883.1.11.19861"/>
  </identifier>
  <version value="0.1.0"/>
  <name value="LifeInsurancePolicy"/>
  <title value="LifeInsurancePolicy"/>
  <status value="active"/>
  <experimental value="false"/>
  <date value="2014-03-26"/>
  <publisher value="SatuSehat"/>
  <contact>
    <name value="SatuSehat"/>
    <telecom>
      <system value="url"/>
      <value value="https://satusehat.kemkes.go.id/"/>
    </telecom>
    <telecom>
      <system value="email"/>
      <value value="fhir@dto.kemkes.go.id"/>
    </telecom>
  </contact>
  <description value="**Definition:** A policy under which the insurer agrees to pay a sum of money upon the occurrence of the covered partys death. In return, the policyholder agrees to pay a stipulated amount called a premium at regular intervals. Life insurance indemnifies the beneficiary for the loss of the insurable interest that a beneficiary has in the life of a covered party. For persons related by blood, a substantial interest established through love and affection, and for all other persons, a lawful and substantial economic interest in having the life of the insured continue. An insurable interest is required when purchasing life insurance on another person. Specific exclusions are often written into the contract to limit the liability of the insurer; for example claims resulting from suicide or relating to war, riot and civil commotion.&#xD;&#xA;&#xD;&#xA;*Discussion:*A life insurance policy may be used by the covered party as a source of health care coverage in the case of a viatical settlement, which is the sale of a life insurance policy by the policy owner, before the policy matures. Such a sale, at a price discounted from the face amount of the policy but usually in excess of the premiums paid or current cash surrender value, provides the seller an immediate cash settlement. Generally, viatical settlements involve insured individuals with a life expectancy of less than two years. In countries without state-subsidized healthcare and high healthcare costs (e.g. United States), this is a practical way to pay extremely high health insurance premiums that severely ill people face. Some people are also familiar with life settlements, which are similar transactions but involve insureds with longer life expectancies (two to fifteen years)."/>
  <copyright value="This material derives from the HL7 Terminology THO. THO is copyright ©1989+ Health Level Seven International and is made available under the CC0 designation. For more licensing information see: https://terminology.hl7.org/license"/>
  <compose>
    <include>
      <system value="http://terminology.hl7.org/CodeSystem/v3-ActCode"/>
      <filter>
        <property value="concept"/>
        <op value="is-a"/>
        <value value="LIFE"/>
      </filter>
    </include>
  </compose>
</ValueSet>