<?xml version="1.0" encoding="UTF-8"?>

<ValueSet xmlns="http://hl7.org/fhir">
  <id value="EncounterLocationUpgradeClass"/>
  <text>
    <status value="generated"/><div xmlns="http://www.w3.org/1999/xhtml"><ul><li>Include all codes defined in <a href="CodeSystem-KemkesLocationUpgradeClass.html"><code>http://terminology.kemkes.go.id/CodeSystem/locationUpgradeClass</code></a></li></ul></div>
  </text>
  <url value="http://terminology.kemkes.go.id/ValueSet/locationUpgradeClass"/>
  <version value="0.1.0"/>
  <name value="EncounterLocationUpgradeClass"/>
  <title value="Encounter Location Upgrade Class"/>
  <status value="active"/>
  <date value="2024-05-30T10:41:30+07:00"/>
  <publisher value="SatuSehat"/>
  <contact>
    <name value="SatuSehat"/>
    <telecom>
      <system value="url"/>
      <value value="https://satusehat.kemkes.go.id/"/>
    </telecom>
    <telecom>
      <system value="email"/>
      <value value="fhir@dto.kemkes.go.id"/>
    </telecom>
  </contact>
  <description value="A set of codes, specifying location UpgradeClass."/>
  <compose>
    <include>
      <system value="http://terminology.kemkes.go.id/CodeSystem/locationUpgradeClass"/>
    </include>
  </compose>
</ValueSet>