<?xml version="1.0" encoding="UTF-8"?>

<ValueSet xmlns="http://hl7.org/fhir">
  <id value="v3-ActClassSupply"/>
  <language value="en"/>
  <text>
    <status value="generated"/><div xml:lang="en" xmlns="http://www.w3.org/1999/xhtml" lang="en"><ul><li>Include codes from <a href="CodeSystem-v3-ActClass.html"><code>http://terminology.hl7.org/CodeSystem/v3-ActClass</code></a> where concept  is-a  <a href="CodeSystem-v3-ActClass.html#v3-ActClass-SPLY">SPLY</a></li></ul></div>
  </text>
  <url value="http://terminology.hl7.org/ValueSet/v3-ActClassSupply"/>
  <identifier>
    <system value="urn:ietf:rfc:3986"/>
    <value value="urn:oid:2.16.840.1.113883.1.11.11535"/>
  </identifier>
  <version value="0.1.0"/>
  <name value="ActClassSupply"/>
  <title value="ActClassSupply"/>
  <status value="active"/>
  <experimental value="false"/>
  <date value="2014-03-26"/>
  <publisher value="SatuSehat"/>
  <contact>
    <name value="SatuSehat"/>
    <telecom>
      <system value="url"/>
      <value value="https://satusehat.kemkes.go.id/"/>
    </telecom>
    <telecom>
      <system value="email"/>
      <value value="fhir@dto.kemkes.go.id"/>
    </telecom>
  </contact>
  <description value="Supply orders and deliveries are simple Acts that focus on the delivered product. The product is associated with the Supply Act via Participation.typeCode=&quot;product&quot;. With general Supply Acts, the precise identification of the Material (manufacturer, serial numbers, etc.) is important. Most of the detailed information about the Supply should be represented using the Material class. If delivery needs to be scheduled, tracked, and billed separately, one can associate a Transportation Act with the Supply Act. Pharmacy dispense services are represented as Supply Acts, associated with a SubstanceAdministration Act. The SubstanceAdministration class represents the administration of medication, while dispensing is supply."/>
  <immutable value="true"/>
  <copyright value="This material derives from the HL7 Terminology THO. THO is copyright ©1989+ Health Level Seven International and is made available under the CC0 designation. For more licensing information see: https://terminology.hl7.org/license"/>
  <compose>
    <include>
      <system value="http://terminology.hl7.org/CodeSystem/v3-ActClass"/>
      <filter>
        <property value="concept"/>
        <op value="is-a"/>
        <value value="SPLY"/>
      </filter>
    </include>
  </compose>
</ValueSet>