<?xml version="1.0" encoding="UTF-8"?>

<ValueSet xmlns="http://hl7.org/fhir">
  <id value="v3-ActClassCategory"/>
  <language value="en"/>
  <text>
    <status value="generated"/><div xml:lang="en" xmlns="http://www.w3.org/1999/xhtml" lang="en"><ul><li>Include codes from <a href="CodeSystem-v3-ActClass.html"><code>http://terminology.hl7.org/CodeSystem/v3-ActClass</code></a> where concept  is-a  <a href="CodeSystem-v3-ActClass.html#v3-ActClass-CATEGORY">CATEGORY</a></li></ul></div>
  </text>
  <url value="http://terminology.hl7.org/ValueSet/v3-ActClassCategory"/>
  <identifier>
    <system value="urn:ietf:rfc:3986"/>
    <value value="urn:oid:2.16.840.1.113883.1.11.20201"/>
  </identifier>
  <version value="0.1.0"/>
  <name value="ActClassCategory"/>
  <title value="ActClassCategory"/>
  <status value="active"/>
  <experimental value="false"/>
  <date value="2014-03-26"/>
  <publisher value="SatuSehat"/>
  <contact>
    <name value="SatuSehat"/>
    <telecom>
      <system value="url"/>
      <value value="https://satusehat.kemkes.go.id/"/>
    </telecom>
    <telecom>
      <system value="email"/>
      <value value="fhir@dto.kemkes.go.id"/>
    </telecom>
  </contact>
  <description value="A group of entries within a composition or topic that have a common characteristic - for example, Examination, Diagnosis, Management OR Subjective, Objective, Analysis, Plan.&#xD;&#xA;&#xD;&#xA;The distinction from Topic relates to value sets. For Category there is a bounded list of things like &quot;Examination&quot;, &quot;Diagnosis&quot; or SOAP categories. For Topic the list is wide open to any clinical condition or reason for a part of an encounter.&#xD;&#xA;&#xD;&#xA;A CATEGORY MAY CONTAIN ENTRIES."/>
  <immutable value="true"/>
  <copyright value="This material derives from the HL7 Terminology THO. THO is copyright ©1989+ Health Level Seven International and is made available under the CC0 designation. For more licensing information see: https://terminology.hl7.org/license"/>
  <compose>
    <include>
      <system value="http://terminology.hl7.org/CodeSystem/v3-ActClass"/>
      <filter>
        <property value="concept"/>
        <op value="is-a"/>
        <value value="CATEGORY"/>
      </filter>
    </include>
  </compose>
</ValueSet>