<?xml version="1.0" encoding="UTF-8"?>

<ValueSet xmlns="http://hl7.org/fhir">
  <id value="v3-RoleClassPolicyHolder"/>
  <language value="en"/>
  <text>
    <status value="generated"/><div xml:lang="en" xmlns="http://www.w3.org/1999/xhtml" lang="en"><ul><li>Include codes from <a href="CodeSystem-v3-RoleClass.html"><code>http://terminology.hl7.org/CodeSystem/v3-RoleClass</code></a> where concept  is-a  <a href="CodeSystem-v3-RoleClass.html#v3-RoleClass-POLHOLD">POLHOLD</a></li></ul></div>
  </text>
  <url value="http://terminology.hl7.org/ValueSet/v3-RoleClassPolicyHolder"/>
  <identifier>
    <system value="urn:ietf:rfc:3986"/>
    <value value="urn:oid:2.16.840.1.113883.1.11.20159"/>
  </identifier>
  <version value="0.1.0"/>
  <name value="RoleClassPolicyHolder"/>
  <title value="RoleClassPolicyHolder"/>
  <status value="active"/>
  <experimental value="false"/>
  <date value="2014-03-26"/>
  <publisher value="SatuSehat"/>
  <contact>
    <name value="SatuSehat"/>
    <telecom>
      <system value="url"/>
      <value value="https://satusehat.kemkes.go.id/"/>
    </telecom>
    <telecom>
      <system value="email"/>
      <value value="fhir@dto.kemkes.go.id"/>
    </telecom>
  </contact>
  <description value="A role played by a person or organization that holds an insurance policy. The underwriter of that policy is the scoping entity.&#xD;&#xA;&#xD;&#xA;*Discussion:*The identifier of the policy is captured in 'Role.id' when the Role is a policy holder.&#xD;&#xA;&#xD;&#xA;A particular policy may cover several individuals one of whom may be, but need not be, the policy holder. Thus the notion of covered party is a role that is distinct from that of the policy holder."/>
  <immutable value="true"/>
  <copyright value="This material derives from the HL7 Terminology THO. THO is copyright ©1989+ Health Level Seven International and is made available under the CC0 designation. For more licensing information see: https://terminology.hl7.org/license"/>
  <compose>
    <include>
      <system value="http://terminology.hl7.org/CodeSystem/v3-RoleClass"/>
      <filter>
        <property value="concept"/>
        <op value="is-a"/>
        <value value="POLHOLD"/>
      </filter>
    </include>
  </compose>
</ValueSet>