<?xml version="1.0" encoding="UTF-8"?>

<ValueSet xmlns="http://hl7.org/fhir">
  <id value="v3-ActRelationshipReverses"/>
  <language value="en"/>
  <text>
    <status value="generated"/><div xml:lang="en" xmlns="http://www.w3.org/1999/xhtml" lang="en"><ul><li>Include codes from <a href="CodeSystem-v3-ActRelationshipType.html"><code>http://terminology.hl7.org/CodeSystem/v3-ActRelationshipType</code></a> where concept  is-a  <a href="CodeSystem-v3-ActRelationshipType.html#v3-ActRelationshipType-REV">REV</a></li></ul></div>
  </text>
  <url value="http://terminology.hl7.org/ValueSet/v3-ActRelationshipReverses"/>
  <identifier>
    <system value="urn:ietf:rfc:3986"/>
    <value value="urn:oid:2.16.840.1.113883.1.11.20007"/>
  </identifier>
  <version value="0.1.0"/>
  <name value="ActRelationshipReverses"/>
  <title value="ActRelationshipReverses"/>
  <status value="active"/>
  <experimental value="false"/>
  <date value="2014-03-26"/>
  <publisher value="SatuSehat"/>
  <contact>
    <name value="SatuSehat"/>
    <telecom>
      <system value="url"/>
      <value value="https://satusehat.kemkes.go.id/"/>
    </telecom>
    <telecom>
      <system value="email"/>
      <value value="fhir@dto.kemkes.go.id"/>
    </telecom>
  </contact>
  <description value="A relationship between a source Act that seeks to reverse or undo the action of the prior target Act.&#xD;&#xA;&#xD;&#xA;Example: A posted financial transaction (e.g., a debit transaction) was applied in error and must be reversed (e.g., by a credit transaction) the credit transaction is identified as an undo (or reversal) of the prior target transaction.&#xD;&#xA;&#xD;&#xA;Constraints: the &quot;completion track&quot; mood of the target Act must be equally or more &quot;actual&quot; than the source act. I.e., when the target act is EVN the source act can be EVN, or any INT. If the target act is INT, the source act can be INT."/>
  <immutable value="true"/>
  <copyright value="This material derives from the HL7 Terminology THO. THO is copyright ©1989+ Health Level Seven International and is made available under the CC0 designation. For more licensing information see: https://terminology.hl7.org/license"/>
  <compose>
    <include>
      <system value="http://terminology.hl7.org/CodeSystem/v3-ActRelationshipType"/>
      <filter>
        <property value="concept"/>
        <op value="is-a"/>
        <value value="REV"/>
      </filter>
    </include>
  </compose>
</ValueSet>