<?xml version="1.0" encoding="UTF-8"?>

<ValueSet xmlns="http://hl7.org/fhir">
  <id value="v3-Compartment"/>
  <language value="en"/>
  <text>
    <status value="generated"/><div xml:lang="en" xmlns="http://www.w3.org/1999/xhtml" lang="en"><ul><li>Include codes from <a href="CodeSystem-v3-ActCode.html"><code>http://terminology.hl7.org/CodeSystem/v3-ActCode</code></a> where concept  is-a  <a href="CodeSystem-v3-ActCode.html#v3-ActCode-COMPT">COMPT</a></li></ul></div>
  </text>
  <url value="http://terminology.hl7.org/ValueSet/v3-Compartment"/>
  <identifier>
    <system value="urn:ietf:rfc:3986"/>
    <value value="urn:oid:2.16.840.1.113883.1.11.20478"/>
  </identifier>
  <version value="0.1.0"/>
  <name value="Compartment"/>
  <title value="Compartment"/>
  <status value="active"/>
  <experimental value="false"/>
  <date value="2014-03-26"/>
  <publisher value="SatuSehat"/>
  <contact>
    <name value="SatuSehat"/>
    <telecom>
      <system value="url"/>
      <value value="https://satusehat.kemkes.go.id/"/>
    </telecom>
    <telecom>
      <system value="email"/>
      <value value="fhir@dto.kemkes.go.id"/>
    </telecom>
  </contact>
  <description value="A named tag set for metadata used to populate a security category label field that &quot;segments&quot; an IT resource per policy by indicating that access and use is restricted to members of a defined community or project. (HL7 Healthcare Privacy and Security Classification System)&#xD;&#xA;&#xD;&#xA;*Usage Note:* This is the healthcare analog to the US Intelligence Community's concept of a Special Access Program. Compartment codes may be used in as a field value in an initiator's clearance to indicate permission to access and use an IT Resource with a security label having the same compartment value in security category label field.&#xD;&#xA;&#xD;&#xA;Map: Aligns with ISO 2382-8 definition of Compartment - &quot;A division of data into isolated blocks with separate security controls for the purpose of reducing risk.&quot;"/>
  <copyright value="This material derives from the HL7 Terminology THO. THO is copyright ©1989+ Health Level Seven International and is made available under the CC0 designation. For more licensing information see: https://terminology.hl7.org/license"/>
  <compose>
    <include>
      <system value="http://terminology.hl7.org/CodeSystem/v3-ActCode"/>
      <filter>
        <property value="concept"/>
        <op value="is-a"/>
        <value value="COMPT"/>
      </filter>
    </include>
  </compose>
</ValueSet>