<?xml version="1.0" encoding="UTF-8"?>

<ValueSet xmlns="http://hl7.org/fhir">
  <id value="adverse-event-clinical-research-seriousness-criteria"/>
  <meta>
    <profile value="http://hl7.org/fhir/StructureDefinition/shareablevalueset"/>
  </meta>
  <text>
    <status value="generated"/><div xmlns="http://www.w3.org/1999/xhtml"><ul><li>Include these codes as defined in <a href="CodeSystem-v3-nciThesaurus.html"><code>http://ncicb.nci.nih.gov/xml/owl/EVS/Thesaurus.owl</code></a><table class="none"><tr><td style="white-space:nowrap"><b>Code</b></td><td><b>Display</b></td></tr><tr><td>C48275</td><td>Results In Death</td></tr><tr><td>C84266</td><td>Is Life Threatening</td></tr><tr><td>C83052</td><td>Requires Inpatient Hospitalization</td></tr><tr><td>C11338</td><td>Results In Persistent Or Significant Disability</td></tr><tr><td>C83117</td><td>Congenital Anomaly or Birth Defect</td></tr><tr><td>C82521</td><td>Other Medically Important Condition</td></tr><tr><td>C201939</td><td>Required Intervention to Prevent Permanent Impairment/damage</td></tr></table></li></ul></div>
  </text>
  <extension url="http://hl7.org/fhir/StructureDefinition/structuredefinition-wg">
    <valueCode value="brr"/>
  </extension>
  <extension url="http://hl7.org/fhir/StructureDefinition/structuredefinition-fmm">
    <valueInteger value="1"/>
  </extension>
  <url value="http://terminology.hl7.org/ValueSet/adverse-event-clinical-research-seriousness-criteria"/>
  <identifier>
    <system value="urn:ietf:rfc:3986"/>
    <value value="urn:oid:2.16.840.1.113883.11.21026"/>
  </identifier>
  <version value="0.1.0"/>
  <name value="AdverseEventCRSerCrit"/>
  <title value="Adverse Event Clinical Research Seriousness Criteria"/>
  <status value="active"/>
  <experimental value="false"/>
  <date value="2023-07-28T19:27:19+00:00"/>
  <publisher value="SatuSehat"/>
  <contact>
    <name value="SatuSehat"/>
    <telecom>
      <system value="url"/>
      <value value="https://satusehat.kemkes.go.id/"/>
    </telecom>
    <telecom>
      <system value="email"/>
      <value value="fhir@dto.kemkes.go.id"/>
    </telecom>
  </contact>
  <description value="Action criteria usually associated with serious events that pose a threat to a patient's life or functioning. Adverse Events criteria to expand on the seriousness of the adverse event. Typically used in reporting for Clinical Research, post-market surveillance (e.g. Form FDA 3500A MedWatch). The adverse event seriousness criteria value set is based on the ICH E2D Post-Approval Safety Data Management: Definitions and Standards for Expedited Reporting guidance (https://database.ich.org/sites/default/files/E2D_Guideline.pdf). For information on ICH see https://admin.ich.org/sites/default/files/inline-files/OID_Information_Paper_1.pdf from the INTERNATIONAL CONFERENCE ON HARMONISATION OF TECHNICAL REQUIREMENTS FOR REGISTRATION OF PHARMACEUTICALS FOR HUMAN USE (ICH) document ICH E2B(R3), the Electronic Transmission of Individual Case Safety Reports (ICSRs) Implementation Guide Data Elements and Message Specification, and ICH M8, the Electronic Common Technical Document"/>
  <copyright value="This material derives from the HL7 Terminology THO. THO is copyright ©1989+ Health Level Seven International and is made available under the CC0 designation. For more licensing information see: https://terminology.hl7.org/license"/>
  <compose>
    <include>
      <system value="http://ncicb.nci.nih.gov/xml/owl/EVS/Thesaurus.owl"/>
      <concept>
        <code value="C48275"/>
        <display value="Results In Death"/>
      </concept>
      <concept>
        <code value="C84266"/>
        <display value="Is Life Threatening"/>
      </concept>
      <concept>
        <code value="C83052"/>
        <display value="Requires Inpatient Hospitalization"/>
      </concept>
      <concept>
        <code value="C11338"/>
        <display value="Results In Persistent Or Significant Disability"/>
      </concept>
      <concept>
        <code value="C83117"/>
        <display value="Congenital Anomaly or Birth Defect"/>
      </concept>
      <concept>
        <code value="C82521"/>
        <display value="Other Medically Important Condition"/>
      </concept>
      <concept>
        <code value="C201939"/>
        <display value="Required Intervention to Prevent Permanent Impairment/damage"/>
      </concept>
    </include>
  </compose>
</ValueSet>