<?xml version="1.0" encoding="UTF-8"?>

<ValueSet xmlns="http://hl7.org/fhir">
  <id value="v3-ActClassJurisdictionalPolicy"/>
  <language value="en"/>
  <text>
    <status value="generated"/><div xml:lang="en" xmlns="http://www.w3.org/1999/xhtml" lang="en"><ul><li>Include codes from <a href="CodeSystem-v3-ActClass.html"><code>http://terminology.hl7.org/CodeSystem/v3-ActClass</code></a> where concept  is-a  <a href="CodeSystem-v3-ActClass.html#v3-ActClass-JURISPOL">JURISPOL</a></li></ul></div>
  </text>
  <url value="http://terminology.hl7.org/ValueSet/v3-ActClassJurisdictionalPolicy"/>
  <identifier>
    <system value="urn:ietf:rfc:3986"/>
    <value value="urn:oid:2.16.840.1.113883.1.11.20225"/>
  </identifier>
  <version value="0.1.0"/>
  <name value="ActClassJurisdictionalPolicy"/>
  <title value="ActClassJurisdictionalPolicy"/>
  <status value="active"/>
  <experimental value="false"/>
  <date value="2014-03-26"/>
  <publisher value="SatuSehat"/>
  <contact>
    <name value="SatuSehat"/>
    <telecom>
      <system value="url"/>
      <value value="https://satusehat.kemkes.go.id/"/>
    </telecom>
    <telecom>
      <system value="email"/>
      <value value="fhir@dto.kemkes.go.id"/>
    </telecom>
  </contact>
  <description value="**Description:**A mandate, regulation, obligation, requirement, rule, or expectation unilaterally imposed by a jurisdiction on:&#xD;&#xA;&#xD;&#xA; *  The activity of another party&#xD;&#xA; *  The behavior of another party&#xD;&#xA; *  The manner in which an act is executed&#xD;&#xA;&#xD;&#xA;**Examples:**A jurisdictional mandate regarding the prescribing and dispensing of a particular medication. A jurisdictional privacy or security regulation dictating the manner in which personal health information is disclosed. A jurisdictional requirement that certain services or health conditions are reported to a monitoring program, e.g., immunizations, methadone treatment, or cancer registries."/>
  <immutable value="true"/>
  <copyright value="This material derives from the HL7 Terminology THO. THO is copyright ©1989+ Health Level Seven International and is made available under the CC0 designation. For more licensing information see: https://terminology.hl7.org/license"/>
  <compose>
    <include>
      <system value="http://terminology.hl7.org/CodeSystem/v3-ActClass"/>
      <filter>
        <property value="concept"/>
        <op value="is-a"/>
        <value value="JURISPOL"/>
      </filter>
    </include>
  </compose>
</ValueSet>