<?xml version="1.0" encoding="UTF-8"?>

<ValueSet xmlns="http://hl7.org/fhir">
  <id value="v3-ActRelationshipHasTrigger"/>
  <language value="en"/>
  <text>
    <status value="generated"/><div xml:lang="en" xmlns="http://www.w3.org/1999/xhtml" lang="en"><ul><li>Include codes from <a href="CodeSystem-v3-ActRelationshipType.html"><code>http://terminology.hl7.org/CodeSystem/v3-ActRelationshipType</code></a> where concept  is-a  <a href="CodeSystem-v3-ActRelationshipType.html#v3-ActRelationshipType-TRIG">TRIG</a></li></ul></div>
  </text>
  <url value="http://terminology.hl7.org/ValueSet/v3-ActRelationshipHasTrigger"/>
  <identifier>
    <system value="urn:ietf:rfc:3986"/>
    <value value="urn:oid:2.16.840.1.113883.1.11.20018"/>
  </identifier>
  <version value="0.1.0"/>
  <name value="ActRelationshipHasTrigger"/>
  <title value="ActRelationshipHasTrigger"/>
  <status value="active"/>
  <experimental value="false"/>
  <date value="2014-03-26"/>
  <publisher value="SatuSehat"/>
  <contact>
    <name value="SatuSehat"/>
    <telecom>
      <system value="url"/>
      <value value="https://satusehat.kemkes.go.id/"/>
    </telecom>
    <telecom>
      <system value="email"/>
      <value value="fhir@dto.kemkes.go.id"/>
    </telecom>
  </contact>
  <description value="A pre-condition that if true should result in the source Act being executed. The target is in typically in criterion mood. When reported after the fact (i.e. the criterion has been met) it may be in Event mood. A delay between the trigger and the triggered action can be specified.&#xD;&#xA;&#xD;&#xA;*Discussion:* This includes the concept of a required act for a service or financial instrument such as an insurance plan or policy. In such cases, the trigger is the occurrence of a specific condition such as coverage limits being exceeded."/>
  <immutable value="true"/>
  <copyright value="This material derives from the HL7 Terminology THO. THO is copyright ©1989+ Health Level Seven International and is made available under the CC0 designation. For more licensing information see: https://terminology.hl7.org/license"/>
  <compose>
    <include>
      <system value="http://terminology.hl7.org/CodeSystem/v3-ActRelationshipType"/>
      <filter>
        <property value="concept"/>
        <op value="is-a"/>
        <value value="TRIG"/>
      </filter>
    </include>
  </compose>
</ValueSet>