<?xml version="1.0" encoding="UTF-8"?>

<ValueSet xmlns="http://hl7.org/fhir">
  <id value="sex-parameter-for-clinical-use"/>
  <meta>
    <profile value="http://hl7.org/fhir/StructureDefinition/shareablevalueset"/>
  </meta>
  <text>
    <status value="extensions"/><div xmlns="http://www.w3.org/1999/xhtml"><p>This value set includes codes based on the following rules:</p><ul><li>Include all codes defined in <a href="CodeSystem-sex-parameter-for-clinical-use.html"><code>http://terminology.hl7.org/CodeSystem/sex-parameter-for-clinical-use</code></a></li><li>Include these codes as defined in <a href="CodeSystem-data-absent-reason.html"><code>http://terminology.hl7.org/CodeSystem/data-absent-reason</code></a><table class="none"><tr><td style="white-space:nowrap"><b>Code</b></td><td><b>Display</b></td><td><b>Definition</b></td></tr><tr><td><a href="CodeSystem-data-absent-reason.html#data-absent-reason-unknown">unknown</a></td><td>Unknown</td><td>The value is expected to exist but is not known.</td></tr></table></li></ul></div>
  </text>
  <extension url="http://hl7.org/fhir/StructureDefinition/structuredefinition-wg">
    <valueCode value="pa"/>
  </extension>
  <extension url="http://hl7.org/fhir/StructureDefinition/structuredefinition-fmm">
    <valueInteger value="1"/>
  </extension>
  <url value="http://terminology.hl7.org/ValueSet/sex-parameter-for-clinical-use"/>
  <identifier>
    <system value="urn:ietf:rfc:3986"/>
    <value value="urn:oid:2.16.840.1.113883.4.642.3.3181"/>
  </identifier>
  <version value="0.1.0"/>
  <name value="SexParameterForClinicalUse"/>
  <title value="Sex Parameter for Clinical Use"/>
  <status value="active"/>
  <experimental value="false"/>
  <date value="2024-03-09T14:36:19-07:00"/>
  <publisher value="SatuSehat"/>
  <contact>
    <name value="SatuSehat"/>
    <telecom>
      <system value="url"/>
      <value value="https://satusehat.kemkes.go.id/"/>
    </telecom>
    <telecom>
      <system value="email"/>
      <value value="fhir@dto.kemkes.go.id"/>
    </telecom>
  </contact>
  <description value="A summary parameter that provides guidance on how a receiver should apply settings or reference ranges that are derived from observable information such as an organ inventory, recent hormone lab tests, genetic testing, menstrual status, obstetric history, etc.."/>
  <copyright value="This material derives from the HL7 Terminology THO. THO is copyright ©1989+ Health Level Seven International and is made available under the CC0 designation. For more licensing information see: https://terminology.hl7.org/license"/>
  <compose>
    <include>
      <system value="http://terminology.hl7.org/CodeSystem/sex-parameter-for-clinical-use"/>
    </include>
    <include>
      <system value="http://terminology.hl7.org/CodeSystem/data-absent-reason"/>
      <concept>
        <code value="unknown"/>
        <display value="Unknown"/>
      </concept>
    </include>
  </compose>
</ValueSet>