<?xml version="1.0" encoding="UTF-8"?>

<ValueSet xmlns="http://hl7.org/fhir">
  <id value="v3-immunizationForecastDate"/>
  <text>
    <status value="generated"/><div xmlns="http://www.w3.org/1999/xhtml"><ul><li>Include these codes as defined in <a href="http://loinc.org"><code>http://loinc.org</code></a><table class="none"><tr><td style="white-space:nowrap"><b>Code</b></td><td><b>Display</b></td></tr><tr><td><a href="https://loinc.org/30981-5/">30981-5</a></td><td style="color: #cccccc">Earliest date to give</td></tr><tr><td><a href="https://loinc.org/30980-7/">30980-7</a></td><td style="color: #cccccc">Date vaccine due</td></tr><tr><td><a href="https://loinc.org/59777-3/">59777-3</a></td><td style="color: #cccccc">Latest date to give immunization</td></tr><tr><td><a href="https://loinc.org/59778-1/">59778-1</a></td><td style="color: #cccccc">Date when overdue for immunization</td></tr></table></li></ul></div>
  </text>
  <url value="http://terminology.hl7.org/ValueSet/v3-immunizationForecastDate"/>
  <identifier>
    <system value="urn:ietf:rfc:3986"/>
    <value value="urn:oid:2.16.840.1.113883.11.82"/>
  </identifier>
  <version value="0.1.0"/>
  <name value="ImmunizationForecastDate"/>
  <title value="immunizationForecastDate"/>
  <status value="active"/>
  <experimental value="false"/>
  <date value="2013-03-11"/>
  <publisher value="SatuSehat"/>
  <contact>
    <name value="SatuSehat"/>
    <telecom>
      <system value="url"/>
      <value value="https://satusehat.kemkes.go.id/"/>
    </telecom>
    <telecom>
      <system value="email"/>
      <value value="fhir@dto.kemkes.go.id"/>
    </telecom>
  </contact>
  <description value="Set of LOINC codes that identify the type of date that is specified within an immunization forecast step."/>
  <copyright value="This material derives from the HL7 Terminology THO. THO is copyright ©1989+ Health Level Seven International and is made available under the CC0 designation. For more licensing information see: https://terminology.hl7.org/license"/>
  <compose>
    <include>
      <system value="http://loinc.org"/>
      <concept>
        <code value="30981-5"/>
      </concept>
      <concept>
        <code value="30980-7"/>
      </concept>
      <concept>
        <code value="59777-3"/>
      </concept>
      <concept>
        <code value="59778-1"/>
      </concept>
    </include>
  </compose>
</ValueSet>