<?xml version="1.0" encoding="UTF-8"?>

<ValueSet xmlns="http://hl7.org/fhir">
  <id value="v3-EntityRisk"/>
  <language value="en"/>
  <text>
    <status value="extensions"/><div xml:lang="en" xmlns="http://www.w3.org/1999/xhtml" lang="en"><p>This value set includes codes based on the following rules:</p><ul><li>Include these codes as defined in <a href="CodeSystem-v3-EntityRisk.html"><code>http://terminology.hl7.org/CodeSystem/v3-EntityRisk</code></a><table class="none"><tr><td style="white-space:nowrap"><b>Code</b></td><td><b>Display</b></td><td><b>Definition</b></td></tr><tr><td><a href="CodeSystem-v3-EntityRisk.html#v3-EntityRisk-AGG">AGG</a></td><td style="color: #cccccc">aggressive</td><td>A danger that can be associated with certain living subjects, including humans.</td></tr><tr><td><a href="CodeSystem-v3-EntityRisk.html#v3-EntityRisk-BIO">BIO</a></td><td style="color: #cccccc">Biological</td><td>The dangers associated with normal biological materials. I.e. potential risk of unknown infections. Routine biological materials from living subjects.</td></tr><tr><td><a href="CodeSystem-v3-EntityRisk.html#v3-EntityRisk-COR">COR</a></td><td style="color: #cccccc">Corrosive</td><td>Material is corrosive and may cause severe injury to skin, mucous membranes and eyes. Avoid any unprotected contact.</td></tr><tr><td><a href="CodeSystem-v3-EntityRisk.html#v3-EntityRisk-ESC">ESC</a></td><td style="color: #cccccc">Escape Risk</td><td>The entity is at risk for escaping from containment or control.</td></tr><tr><td><a href="CodeSystem-v3-EntityRisk.html#v3-EntityRisk-INJ">INJ</a></td><td style="color: #cccccc">injury hazard</td><td>Material is solid and sharp (e.g., cannulas). Dispose in hard container.</td></tr><tr><td><a href="CodeSystem-v3-EntityRisk.html#v3-EntityRisk-POI">POI</a></td><td style="color: #cccccc">poison</td><td>Material is poisonous to humans and/or animals. Special care must be taken to avoid incorporation, even of small amounts.</td></tr><tr><td><a href="CodeSystem-v3-EntityRisk.html#v3-EntityRisk-RAD">RAD</a></td><td style="color: #cccccc">radioactive</td><td>Material is a source for ionizing radiation and must be handled with special care to avoid injury of those who handle it and to avoid environmental hazards.</td></tr></table></li><li>Import all the codes that are contained in <a href="ValueSet-v3-MaterialDangerInfectious.html">MaterialDangerInfectious</a></li><li>Import all the codes that are contained in <a href="ValueSet-v3-MaterialDangerInflammable.html">MaterialDangerInflammable</a></li></ul></div>
  </text>
  <url value="http://terminology.hl7.org/ValueSet/v3-EntityRisk"/>
  <identifier>
    <system value="urn:ietf:rfc:3986"/>
    <value value="urn:oid:2.16.840.1.113883.1.11.10405"/>
  </identifier>
  <version value="0.1.0"/>
  <name value="EntityRisk"/>
  <title value="EntityRisk"/>
  <status value="active"/>
  <experimental value="false"/>
  <date value="2014-03-26"/>
  <publisher value="SatuSehat"/>
  <contact>
    <name value="SatuSehat"/>
    <telecom>
      <system value="url"/>
      <value value="https://satusehat.kemkes.go.id/"/>
    </telecom>
    <telecom>
      <system value="email"/>
      <value value="fhir@dto.kemkes.go.id"/>
    </telecom>
  </contact>
  <description value="The vocabulary table for the Entity.riskCode attribute"/>
  <copyright value="This material derives from the HL7 Terminology THO. THO is copyright ©1989+ Health Level Seven International and is made available under the CC0 designation. For more licensing information see: https://terminology.hl7.org/license"/>
  <compose>
    <include>
      <system value="http://terminology.hl7.org/CodeSystem/v3-EntityRisk"/>
      <concept>
        <code value="AGG"/>
      </concept>
      <concept>
        <code value="BIO"/>
      </concept>
      <concept>
        <code value="COR"/>
      </concept>
      <concept>
        <code value="ESC"/>
      </concept>
      <concept>
        <code value="INJ"/>
      </concept>
      <concept>
        <code value="POI"/>
      </concept>
      <concept>
        <code value="RAD"/>
      </concept>
    </include>
    <include>
      <valueSet value="http://terminology.hl7.org/ValueSet/v3-MaterialDangerInfectious"/>
    </include>
    <include>
      <valueSet value="http://terminology.hl7.org/ValueSet/v3-MaterialDangerInflammable"/>
    </include>
  </compose>
</ValueSet>