<?xml version="1.0" encoding="UTF-8"?>

<ValueSet xmlns="http://hl7.org/fhir">
  <id value="Observation.valueCodeableConcept"/>
  <text>
    <status value="generated"/><div xmlns="http://www.w3.org/1999/xhtml"><p>This value set includes codes based on the following rules:</p><ul><li>Include all codes defined in <a href="http://loinc.org"><code>http://loinc.org</code></a></li><li>Include all codes defined in <a href="http://www.snomed.org/"><code>http://snomed.info/sct</code></a></li><li>Include all codes defined in <a href="CodeSystem-KemkesClinicalTermCS.html"><code>http://terminology.kemkes.go.id/CodeSystem/clinical-term</code></a></li></ul></div>
  </text>
  <url value="http://terminology.kemkes.go.id/ValueSet/Observation.valueCodeableConcept"/>
  <version value="0.1.0"/>
  <name value="Observation.valueCodeableConcept"/>
  <title value="Value set specific for Observation value CodeableConcept"/>
  <status value="active"/>
  <date value="2024-05-22T17:23:47+07:00"/>
  <publisher value="Thomas Chaidir"/>
  <contact>
    <name value="Thomas Chaidir"/>
    <telecom>
      <system value="url"/>
      <value value="https://satusehat.kemkes.go.id/"/>
    </telecom>
  </contact>
  <description value="Value set specific for Observation value CodeableConcept"/>
  <compose>
    <include>
      <system value="http://loinc.org"/>
    </include>
    <include>
      <system value="http://snomed.info/sct"/>
    </include>
    <include>
      <system value="http://terminology.kemkes.go.id/CodeSystem/clinical-term"/>
    </include>
  </compose>
</ValueSet>