<?xml version="1.0" encoding="UTF-8"?>

<ValueSet xmlns="http://hl7.org/fhir">
  <id value="v3-ActClassOverlayRoi"/>
  <language value="en"/>
  <text>
    <status value="generated"/><div xml:lang="en" xmlns="http://www.w3.org/1999/xhtml" lang="en"><ul><li>Include codes from <a href="CodeSystem-v3-ActClass.html"><code>http://terminology.hl7.org/CodeSystem/v3-ActClass</code></a> where concept  is-a  <a href="CodeSystem-v3-ActClass.html#v3-ActClass-ROIOVL">ROIOVL</a></li></ul></div>
  </text>
  <url value="http://terminology.hl7.org/ValueSet/v3-ActClassOverlayRoi"/>
  <identifier>
    <system value="urn:ietf:rfc:3986"/>
    <value value="urn:oid:2.16.840.1.113883.1.11.20243"/>
  </identifier>
  <version value="0.1.0"/>
  <name value="ActClassOverlayRoi"/>
  <title value="ActClassOverlayRoi"/>
  <status value="active"/>
  <experimental value="false"/>
  <date value="2014-03-26"/>
  <publisher value="SatuSehat"/>
  <contact>
    <name value="SatuSehat"/>
    <telecom>
      <system value="url"/>
      <value value="https://satusehat.kemkes.go.id/"/>
    </telecom>
    <telecom>
      <system value="email"/>
      <value value="fhir@dto.kemkes.go.id"/>
    </telecom>
  </contact>
  <description value="A Region of Interest (ROI) specified for an image using an overlay shape. Typically used to make reference to specific regions in images, e.g., to specify the location of a radiologic finding in an image or to specify the site of a physical finding by &quot;circling&quot; a region in a schematic picture of a human body. The units of the coordinate values are in pixels. The origin is in the upper left hand corner, with positive X values going to the right and positive Y values going down. The relationship between a ROI and its referenced Act is specified through an ActRelationship of type &quot;subject&quot; (SUBJ), which must always be present."/>
  <immutable value="true"/>
  <copyright value="This material derives from the HL7 Terminology THO. THO is copyright ©1989+ Health Level Seven International and is made available under the CC0 designation. For more licensing information see: https://terminology.hl7.org/license"/>
  <compose>
    <include>
      <system value="http://terminology.hl7.org/CodeSystem/v3-ActClass"/>
      <filter>
        <property value="concept"/>
        <op value="is-a"/>
        <value value="ROIOVL"/>
      </filter>
    </include>
  </compose>
</ValueSet>