<?xml version="1.0" encoding="UTF-8"?>

<ValueSet xmlns="http://hl7.org/fhir">
  <id value="Observation.valueCodeableConceptSpecific"/>
  <text>
    <status value="generated"/><div xmlns="http://www.w3.org/1999/xhtml"><p>This value set includes codes based on the following rules:</p><ul><li>Include codes from <a href="http://loinc.org"><code>http://loinc.org</code></a> where concept  is-a  LA17718-0 (Sinus rhythm)</li><li>Include codes from <a href="http://loinc.org"><code>http://loinc.org</code></a> where concept  is-a  LA17099-5 (Sinus tachycardia)</li><li>Include codes from <a href="http://loinc.org"><code>http://loinc.org</code></a> where concept  is-a  LA17098-7 (Sinus bradycardia)</li><li>Include codes from <a href="http://loinc.org"><code>http://loinc.org</code></a> where concept  is-a  LA17091-2 (Left bundle branch block)</li><li>Include codes from <a href="http://loinc.org"><code>http://loinc.org</code></a> where concept  is-a  LA17084-7 (Atrial fibrillation)</li><li>Include codes from <a href="http://loinc.org"><code>http://loinc.org</code></a> where concept  is-a  LA17099-5 (Sinus tachycardia)</li><li>Include codes from <a href="http://loinc.org"><code>http://loinc.org</code></a> where concept  is-a  LA17708-1 (Ventricular tachycardia with pulse)</li><li>Include codes from <a href="http://loinc.org"><code>http://loinc.org</code></a> where concept  is-a  LA17074-8 (Ventricular tachycardia-pulseless)</li><li>Include codes from <a href="http://loinc.org"><code>http://loinc.org</code></a> where concept  is-a  LA17086-2 (AV block-1st degree)</li><li>Include codes from <a href="http://loinc.org"><code>http://loinc.org</code></a> where concept  is-a  LA17087-0 (AV block-2nd degree-type 1)</li><li>Include codes from <a href="http://loinc.org"><code>http://loinc.org</code></a> where concept  is-a  LA17088-8 (AV block-2nd degree-type 2)</li><li>Include codes from <a href="http://loinc.org"><code>http://loinc.org</code></a> where concept  is-a  LA17089-6 (AV block-3rd degree)</li><li>Include codes from <a href="http://loinc.org"><code>http://loinc.org</code></a> where concept  is-a  LA17093-8 (Paced rhythm)</li><li>Include codes from <a href="http://www.snomed.org/"><code>http://snomed.info/sct</code></a> where concept  descends from  118956008 (Morphologically altered structure)</li><li>Include codes from <a href="http://www.snomed.org/"><code>http://snomed.info/sct</code></a> where concept  descends from  12738006 (Brain)</li><li>Include codes from <a href="http://www.snomed.org/"><code>http://snomed.info/sct</code></a> where concept  is-a  10003008 (Non-specific)</li><li>Include codes from <a href="http://www.snomed.org/"><code>http://snomed.info/sct</code></a> where concept  descends from  432504007 (Cerebral infarction (disorder))</li><li>Include codes from <a href="http://www.snomed.org/"><code>http://snomed.info/sct</code></a> where concept  is-a  164895002 (ECG: ventricular tachycardia)</li><li>Include codes from <a href="http://www.snomed.org/"><code>http://snomed.info/sct</code></a> where concept  is-a  164896001 (ECG: ventricular fibrillation)</li><li>Include codes from <a href="http://www.snomed.org/"><code>http://snomed.info/sct</code></a> where concept  is-a  705008001 (Anterior ST segment elevation)</li><li>Include codes from <a href="http://www.snomed.org/"><code>http://snomed.info/sct</code></a> where concept  is-a  705012007 (Anterior and lateral ST segment elevation (finding))</li><li>Include codes from <a href="http://www.snomed.org/"><code>http://snomed.info/sct</code></a> where concept  is-a  164868007 (ECG: anteroseptal infarction)</li><li>Include codes from <a href="http://www.snomed.org/"><code>http://snomed.info/sct</code></a> where concept  is-a  705007006 (Inferior ST segment elevation)</li><li>Include codes from <a href="http://www.snomed.org/"><code>http://snomed.info/sct</code></a> where concept  is-a  705010004 (Posterior ST segment elevation (finding))</li><li>Include codes from <a href="http://www.snomed.org/"><code>http://snomed.info/sct</code></a> where concept  is-a  261665006 (Unknown)</li><li>Include codes from <a href="CodeSystem-KemkesClinicalTermCS.html"><code>http://terminology.kemkes.go.id/CodeSystem/clinical-term</code></a> where concept  is-a  <a href="CodeSystem-KemkesClinicalTermCS.html#KemkesClinicalTermCS-OV000367">OV000367</a></li><li>Include codes from <a href="CodeSystem-KemkesClinicalTermCS.html"><code>http://terminology.kemkes.go.id/CodeSystem/clinical-term</code></a> where concept  is-a  <a href="CodeSystem-KemkesClinicalTermCS.html#KemkesClinicalTermCS-OCV000001">OCV000001</a></li><li>Include codes from <a href="CodeSystem-KemkesClinicalTermCS.html"><code>http://terminology.kemkes.go.id/CodeSystem/clinical-term</code></a> where concept  is-a  <a href="CodeSystem-KemkesClinicalTermCS.html#KemkesClinicalTermCS-OCV000003">OCV000003</a></li><li>Include codes from <a href="CodeSystem-KemkesClinicalTermCS.html"><code>http://terminology.kemkes.go.id/CodeSystem/clinical-term</code></a> where concept  is-a  <a href="CodeSystem-KemkesClinicalTermCS.html#KemkesClinicalTermCS-OCV000004">OCV000004</a></li><li>Include codes from <a href="CodeSystem-KemkesClinicalTermCS.html"><code>http://terminology.kemkes.go.id/CodeSystem/clinical-term</code></a> where concept  is-a  <a href="CodeSystem-KemkesClinicalTermCS.html#KemkesClinicalTermCS-OV000368">OV000368</a></li><li>Include codes from <a href="CodeSystem-KemkesClinicalTermCS.html"><code>http://terminology.kemkes.go.id/CodeSystem/clinical-term</code></a> where concept  is-a  <a href="CodeSystem-KemkesClinicalTermCS.html#KemkesClinicalTermCS-OV000369">OV000369</a></li><li>Include codes from <a href="CodeSystem-KemkesClinicalTermCS.html"><code>http://terminology.kemkes.go.id/CodeSystem/clinical-term</code></a> where concept  is-a  <a href="CodeSystem-KemkesClinicalTermCS.html#KemkesClinicalTermCS-OV000370">OV000370</a></li><li>Include codes from <a href="CodeSystem-KemkesClinicalTermCS.html"><code>http://terminology.kemkes.go.id/CodeSystem/clinical-term</code></a> where concept  is-a  <a href="CodeSystem-KemkesClinicalTermCS.html#KemkesClinicalTermCS-OV000401">OV000401</a></li><li>Include codes from <a href="CodeSystem-KemkesClinicalTermCS.html"><code>http://terminology.kemkes.go.id/CodeSystem/clinical-term</code></a> where concept  is-a  <a href="CodeSystem-KemkesClinicalTermCS.html#KemkesClinicalTermCS-OV000402">OV000402</a></li><li>Include codes from <a href="CodeSystem-KemkesClinicalTermCS.html"><code>http://terminology.kemkes.go.id/CodeSystem/clinical-term</code></a> where concept  is-a  <a href="CodeSystem-KemkesClinicalTermCS.html#KemkesClinicalTermCS-OV000403">OV000403</a></li><li>Include codes from <a href="CodeSystem-KemkesClinicalTermCS.html"><code>http://terminology.kemkes.go.id/CodeSystem/clinical-term</code></a> where concept  is-a  <a href="CodeSystem-KemkesClinicalTermCS.html#KemkesClinicalTermCS-OV000407">OV000407</a></li><li>Include codes from <a href="CodeSystem-KemkesClinicalTermCS.html"><code>http://terminology.kemkes.go.id/CodeSystem/clinical-term</code></a> where concept  is-a  <a href="CodeSystem-KemkesClinicalTermCS.html#KemkesClinicalTermCS-OV000408">OV000408</a></li><li>Include codes from <a href="CodeSystem-KemkesClinicalTermCS.html"><code>http://terminology.kemkes.go.id/CodeSystem/clinical-term</code></a> where concept  is-a  <a href="CodeSystem-KemkesClinicalTermCS.html#KemkesClinicalTermCS-OV000409">OV000409</a></li><li>Include codes from <a href="CodeSystem-KemkesClinicalTermCS.html"><code>http://terminology.kemkes.go.id/CodeSystem/clinical-term</code></a> where concept  is-a  <a href="CodeSystem-KemkesClinicalTermCS.html#KemkesClinicalTermCS-X099770">X099770</a></li><li>Include codes from <a href="CodeSystem-KemkesClinicalTermCS.html"><code>http://terminology.kemkes.go.id/CodeSystem/clinical-term</code></a> where concept  is-a  <a href="CodeSystem-KemkesClinicalTermCS.html#KemkesClinicalTermCS-X099771">X099771</a></li><li>Include codes from <a href="CodeSystem-KemkesClinicalTermCS.html"><code>http://terminology.kemkes.go.id/CodeSystem/clinical-term</code></a> where concept  is-a  <a href="CodeSystem-KemkesClinicalTermCS.html#KemkesClinicalTermCS-X099772">X099772</a></li><li>Include codes from <a href="CodeSystem-KemkesClinicalTermCS.html"><code>http://terminology.kemkes.go.id/CodeSystem/clinical-term</code></a> where concept  is-a  <a href="CodeSystem-KemkesClinicalTermCS.html#KemkesClinicalTermCS-X099773">X099773</a></li><li>Include codes from <a href="CodeSystem-KemkesClinicalTermCS.html"><code>http://terminology.kemkes.go.id/CodeSystem/clinical-term</code></a> where concept  is-a  <a href="CodeSystem-KemkesClinicalTermCS.html#KemkesClinicalTermCS-X099774">X099774</a></li><li>Include codes from <a href="CodeSystem-KemkesExaminationCS.html"><code>http://terminology.kemkes.go.id/CodeSystem/examination</code></a> where concept  is-a  <a href="CodeSystem-KemkesExaminationCS.html#KemkesExaminationCS-X099770">X099770</a></li><li>Include codes from <a href="CodeSystem-KemkesExaminationCS.html"><code>http://terminology.kemkes.go.id/CodeSystem/examination</code></a> where concept  is-a  <a href="CodeSystem-KemkesExaminationCS.html#KemkesExaminationCS-X099771">X099771</a></li><li>Include codes from <a href="CodeSystem-KemkesExaminationCS.html"><code>http://terminology.kemkes.go.id/CodeSystem/examination</code></a> where concept  is-a  <a href="CodeSystem-KemkesExaminationCS.html#KemkesExaminationCS-X099772">X099772</a></li><li>Include codes from <a href="CodeSystem-KemkesExaminationCS.html"><code>http://terminology.kemkes.go.id/CodeSystem/examination</code></a> where concept  is-a  <a href="CodeSystem-KemkesExaminationCS.html#KemkesExaminationCS-X099773">X099773</a></li><li>Include codes from <a href="CodeSystem-KemkesExaminationCS.html"><code>http://terminology.kemkes.go.id/CodeSystem/examination</code></a> where concept  is-a  <a href="CodeSystem-KemkesExaminationCS.html#KemkesExaminationCS-X099774">X099774</a></li><li>Include codes from <a href="CodeSystem-KemkesClinicalTermCS.html"><code>http://terminology.kemkes.go.id/CodeSystem/clinical-term</code></a> where concept  is-a  <a href="CodeSystem-KemkesClinicalTermCS.html#KemkesClinicalTermCS-OV000371">OV000371</a></li><li>Include codes from <a href="CodeSystem-KemkesClinicalTermCS.html"><code>http://terminology.kemkes.go.id/CodeSystem/clinical-term</code></a> where concept  is-a  <a href="CodeSystem-KemkesClinicalTermCS.html#KemkesClinicalTermCS-OV000372">OV000372</a></li></ul></div>
  </text>
  <url value="http://terminology.kemkes.go.id/ValueSet/Observation.valueCodeableConceptSpecific"/>
  <version value="0.1.0"/>
  <name value="Observation.valueCodeableConceptSpecific"/>
  <title value="Value set specific for Observation specific value CodeableConcept"/>
  <status value="active"/>
  <date value="2024-05-22T17:23:47+07:00"/>
  <publisher value="Thomas Chaidir"/>
  <contact>
    <name value="Thomas Chaidir"/>
    <telecom>
      <system value="url"/>
      <value value="https://satusehat.kemkes.go.id/"/>
    </telecom>
  </contact>
  <description value="Value set specific for Observation specific value CodeableConcept"/>
  <compose>
    <include>
      <system value="http://loinc.org"/>
      <filter>
        <property value="concept"/>
        <op value="is-a"/>
        <value value="LA17718-0"/>
      </filter>
    </include>
    <include>
      <system value="http://loinc.org"/>
      <filter>
        <property value="concept"/>
        <op value="is-a"/>
        <value value="LA17099-5"/>
      </filter>
    </include>
    <include>
      <system value="http://loinc.org"/>
      <filter>
        <property value="concept"/>
        <op value="is-a"/>
        <value value="LA17098-7"/>
      </filter>
    </include>
    <include>
      <system value="http://loinc.org"/>
      <filter>
        <property value="concept"/>
        <op value="is-a"/>
        <value value="LA17091-2"/>
      </filter>
    </include>
    <include>
      <system value="http://loinc.org"/>
      <filter>
        <property value="concept"/>
        <op value="is-a"/>
        <value value="LA17084-7"/>
      </filter>
    </include>
    <include>
      <system value="http://loinc.org"/>
      <filter>
        <property value="concept"/>
        <op value="is-a"/>
        <value value="LA17099-5"/>
      </filter>
    </include>
    <include>
      <system value="http://loinc.org"/>
      <filter>
        <property value="concept"/>
        <op value="is-a"/>
        <value value="LA17708-1"/>
      </filter>
    </include>
    <include>
      <system value="http://loinc.org"/>
      <filter>
        <property value="concept"/>
        <op value="is-a"/>
        <value value="LA17074-8"/>
      </filter>
    </include>
    <include>
      <system value="http://loinc.org"/>
      <filter>
        <property value="concept"/>
        <op value="is-a"/>
        <value value="LA17086-2"/>
      </filter>
    </include>
    <include>
      <system value="http://loinc.org"/>
      <filter>
        <property value="concept"/>
        <op value="is-a"/>
        <value value="LA17087-0"/>
      </filter>
    </include>
    <include>
      <system value="http://loinc.org"/>
      <filter>
        <property value="concept"/>
        <op value="is-a"/>
        <value value="LA17088-8"/>
      </filter>
    </include>
    <include>
      <system value="http://loinc.org"/>
      <filter>
        <property value="concept"/>
        <op value="is-a"/>
        <value value="LA17089-6"/>
      </filter>
    </include>
    <include>
      <system value="http://loinc.org"/>
      <filter>
        <property value="concept"/>
        <op value="is-a"/>
        <value value="LA17093-8"/>
      </filter>
    </include>
    <include>
      <system value="http://snomed.info/sct"/>
      <filter>
        <property value="concept"/>
        <op value="descendent-of"/>
        <value value="118956008"/>
      </filter>
    </include>
    <include>
      <system value="http://snomed.info/sct"/>
      <filter>
        <property value="concept"/>
        <op value="descendent-of"/>
        <value value="12738006"/>
      </filter>
    </include>
    <include>
      <system value="http://snomed.info/sct"/>
      <filter>
        <property value="concept"/>
        <op value="is-a"/>
        <value value="10003008"/>
      </filter>
    </include>
    <include>
      <system value="http://snomed.info/sct"/>
      <filter>
        <property value="concept"/>
        <op value="descendent-of"/>
        <value value="432504007"/>
      </filter>
    </include>
    <include>
      <system value="http://snomed.info/sct"/>
      <filter>
        <property value="concept"/>
        <op value="is-a"/>
        <value value="164895002"/>
      </filter>
    </include>
    <include>
      <system value="http://snomed.info/sct"/>
      <filter>
        <property value="concept"/>
        <op value="is-a"/>
        <value value="164896001"/>
      </filter>
    </include>
    <include>
      <system value="http://snomed.info/sct"/>
      <filter>
        <property value="concept"/>
        <op value="is-a"/>
        <value value="705008001"/>
      </filter>
    </include>
    <include>
      <system value="http://snomed.info/sct"/>
      <filter>
        <property value="concept"/>
        <op value="is-a"/>
        <value value="705012007"/>
      </filter>
    </include>
    <include>
      <system value="http://snomed.info/sct"/>
      <filter>
        <property value="concept"/>
        <op value="is-a"/>
        <value value="164868007"/>
      </filter>
    </include>
    <include>
      <system value="http://snomed.info/sct"/>
      <filter>
        <property value="concept"/>
        <op value="is-a"/>
        <value value="705007006"/>
      </filter>
    </include>
    <include>
      <system value="http://snomed.info/sct"/>
      <filter>
        <property value="concept"/>
        <op value="is-a"/>
        <value value="705010004"/>
      </filter>
    </include>
    <include>
      <system value="http://snomed.info/sct"/>
      <filter>
        <property value="concept"/>
        <op value="is-a"/>
        <value value="261665006"/>
      </filter>
    </include>
    <include>
      <system value="http://terminology.kemkes.go.id/CodeSystem/clinical-term"/>
      <filter>
        <property value="concept"/>
        <op value="is-a"/>
        <value value="OV000367"/>
      </filter>
    </include>
    <include>
      <system value="http://terminology.kemkes.go.id/CodeSystem/clinical-term"/>
      <filter>
        <property value="concept"/>
        <op value="is-a"/>
        <value value="OCV000001"/>
      </filter>
    </include>
    <include>
      <system value="http://terminology.kemkes.go.id/CodeSystem/clinical-term"/>
      <filter>
        <property value="concept"/>
        <op value="is-a"/>
        <value value="OCV000003"/>
      </filter>
    </include>
    <include>
      <system value="http://terminology.kemkes.go.id/CodeSystem/clinical-term"/>
      <filter>
        <property value="concept"/>
        <op value="is-a"/>
        <value value="OCV000004"/>
      </filter>
    </include>
    <include>
      <system value="http://terminology.kemkes.go.id/CodeSystem/clinical-term"/>
      <filter>
        <property value="concept"/>
        <op value="is-a"/>
        <value value="OV000368"/>
      </filter>
    </include>
    <include>
      <system value="http://terminology.kemkes.go.id/CodeSystem/clinical-term"/>
      <filter>
        <property value="concept"/>
        <op value="is-a"/>
        <value value="OV000369"/>
      </filter>
    </include>
    <include>
      <system value="http://terminology.kemkes.go.id/CodeSystem/clinical-term"/>
      <filter>
        <property value="concept"/>
        <op value="is-a"/>
        <value value="OV000370"/>
      </filter>
    </include>
    <include>
      <system value="http://terminology.kemkes.go.id/CodeSystem/clinical-term"/>
      <filter>
        <property value="concept"/>
        <op value="is-a"/>
        <value value="OV000401"/>
      </filter>
    </include>
    <include>
      <system value="http://terminology.kemkes.go.id/CodeSystem/clinical-term"/>
      <filter>
        <property value="concept"/>
        <op value="is-a"/>
        <value value="OV000402"/>
      </filter>
    </include>
    <include>
      <system value="http://terminology.kemkes.go.id/CodeSystem/clinical-term"/>
      <filter>
        <property value="concept"/>
        <op value="is-a"/>
        <value value="OV000403"/>
      </filter>
    </include>
    <include>
      <system value="http://terminology.kemkes.go.id/CodeSystem/clinical-term"/>
      <filter>
        <property value="concept"/>
        <op value="is-a"/>
        <value value="OV000407"/>
      </filter>
    </include>
    <include>
      <system value="http://terminology.kemkes.go.id/CodeSystem/clinical-term"/>
      <filter>
        <property value="concept"/>
        <op value="is-a"/>
        <value value="OV000408"/>
      </filter>
    </include>
    <include>
      <system value="http://terminology.kemkes.go.id/CodeSystem/clinical-term"/>
      <filter>
        <property value="concept"/>
        <op value="is-a"/>
        <value value="OV000409"/>
      </filter>
    </include>
    <include>
      <system value="http://terminology.kemkes.go.id/CodeSystem/clinical-term"/>
      <filter>
        <property value="concept"/>
        <op value="is-a"/>
        <value value="X099770"/>
      </filter>
    </include>
    <include>
      <system value="http://terminology.kemkes.go.id/CodeSystem/clinical-term"/>
      <filter>
        <property value="concept"/>
        <op value="is-a"/>
        <value value="X099771"/>
      </filter>
    </include>
    <include>
      <system value="http://terminology.kemkes.go.id/CodeSystem/clinical-term"/>
      <filter>
        <property value="concept"/>
        <op value="is-a"/>
        <value value="X099772"/>
      </filter>
    </include>
    <include>
      <system value="http://terminology.kemkes.go.id/CodeSystem/clinical-term"/>
      <filter>
        <property value="concept"/>
        <op value="is-a"/>
        <value value="X099773"/>
      </filter>
    </include>
    <include>
      <system value="http://terminology.kemkes.go.id/CodeSystem/clinical-term"/>
      <filter>
        <property value="concept"/>
        <op value="is-a"/>
        <value value="X099774"/>
      </filter>
    </include>
    <include>
      <system value="http://terminology.kemkes.go.id/CodeSystem/examination"/>
      <filter>
        <property value="concept"/>
        <op value="is-a"/>
        <value value="X099770"/>
      </filter>
    </include>
    <include>
      <system value="http://terminology.kemkes.go.id/CodeSystem/examination"/>
      <filter>
        <property value="concept"/>
        <op value="is-a"/>
        <value value="X099771"/>
      </filter>
    </include>
    <include>
      <system value="http://terminology.kemkes.go.id/CodeSystem/examination"/>
      <filter>
        <property value="concept"/>
        <op value="is-a"/>
        <value value="X099772"/>
      </filter>
    </include>
    <include>
      <system value="http://terminology.kemkes.go.id/CodeSystem/examination"/>
      <filter>
        <property value="concept"/>
        <op value="is-a"/>
        <value value="X099773"/>
      </filter>
    </include>
    <include>
      <system value="http://terminology.kemkes.go.id/CodeSystem/examination"/>
      <filter>
        <property value="concept"/>
        <op value="is-a"/>
        <value value="X099774"/>
      </filter>
    </include>
    <include>
      <system value="http://terminology.kemkes.go.id/CodeSystem/clinical-term"/>
      <filter>
        <property value="concept"/>
        <op value="is-a"/>
        <value value="OV000371"/>
      </filter>
    </include>
    <include>
      <system value="http://terminology.kemkes.go.id/CodeSystem/clinical-term"/>
      <filter>
        <property value="concept"/>
        <op value="is-a"/>
        <value value="OV000372"/>
      </filter>
    </include>
  </compose>
</ValueSet>