<?xml version="1.0" encoding="UTF-8"?>

<ValueSet xmlns="http://hl7.org/fhir">
  <id value="v3-TribalEntityUS"/>
  <language value="en"/>
  <text>
    <status value="extensions"/><div xml:lang="en" xmlns="http://www.w3.org/1999/xhtml" lang="en"><p>This value set includes codes based on the following rules:</p><ul><li>Include all codes defined in <a href="CodeSystem-v3-TribalEntityUS.html"><code>http://terminology.hl7.org/CodeSystem/v3-TribalEntityUS</code></a></li></ul><p>This value set excludes codes based on the following rules:</p><ul><li>Exclude these codes as defined in <a href="CodeSystem-v3-TribalEntityUS.html"><code>http://terminology.hl7.org/CodeSystem/v3-TribalEntityUS</code></a><table class="none"><tr><td style="white-space:nowrap"><b>Code</b></td><td><b>Display</b></td><td><b>Definition</b></td></tr><tr><td><a href="CodeSystem-v3-TribalEntityUS.html#v3-TribalEntityUS-_NativeEntityContiguous">_NativeEntityContiguous</a></td><td style="color: #cccccc">NativeEntityContiguous</td><td>NATIVE ENTITIES WITHIN THE CONTIGUOUS 48 STATES</td></tr><tr><td><a href="CodeSystem-v3-TribalEntityUS.html#v3-TribalEntityUS-_NativeEntityAlaska">_NativeEntityAlaska</a></td><td style="color: #cccccc">NativeEntityAlaska</td><td>NATIVE ENTITIES WITHIN THE STATE OF ALASKA RECOGNIZED AND ELIGIBLE TO RECEIVE SERVICES FROM THE UNITED STATES BUREAU OF INDIAN AFFAIRS</td></tr></table></li></ul></div>
  </text>
  <url value="http://terminology.hl7.org/ValueSet/v3-TribalEntityUS"/>
  <identifier>
    <system value="urn:ietf:rfc:3986"/>
    <value value="urn:oid:2.16.840.1.113883.1.11.11631"/>
  </identifier>
  <version value="0.1.0"/>
  <name value="TribalEntityUS"/>
  <title value="TribalEntityUS"/>
  <status value="active"/>
  <experimental value="false"/>
  <date value="2014-03-26"/>
  <publisher value="SatuSehat"/>
  <contact>
    <name value="SatuSehat"/>
    <telecom>
      <system value="url"/>
      <value value="https://satusehat.kemkes.go.id/"/>
    </telecom>
    <telecom>
      <system value="email"/>
      <value value="fhir@dto.kemkes.go.id"/>
    </telecom>
  </contact>
  <description value="INDIAN ENTITIES RECOGNIZED AND ELIGIBLE TO RECEIVE SERVICES FROM THE UNITED STATES BUREAU OF INDIAN AFFAIRS"/>
  <copyright value="This material derives from the HL7 Terminology THO. THO is copyright ©1989+ Health Level Seven International and is made available under the CC0 designation. For more licensing information see: https://terminology.hl7.org/license"/>
  <compose>
    <include>
      <system value="http://terminology.hl7.org/CodeSystem/v3-TribalEntityUS"/>
    </include>
    <exclude>
      <system value="http://terminology.hl7.org/CodeSystem/v3-TribalEntityUS"/>
      <concept>
        <code value="_NativeEntityContiguous"/>
      </concept>
      <concept>
        <code value="_NativeEntityAlaska"/>
      </concept>
    </exclude>
  </compose>
</ValueSet>