<?xml version="1.0" encoding="UTF-8"?>

<ValueSet xmlns="http://hl7.org/fhir">
  <id value="v3-ActClassBoundedRoi"/>
  <language value="en"/>
  <text>
    <status value="generated"/><div xml:lang="en" xmlns="http://www.w3.org/1999/xhtml" lang="en"><ul><li>Include codes from <a href="CodeSystem-v3-ActClass.html"><code>http://terminology.hl7.org/CodeSystem/v3-ActClass</code></a> where concept  is-a  <a href="CodeSystem-v3-ActClass.html#v3-ActClass-ROIBND">ROIBND</a></li></ul></div>
  </text>
  <url value="http://terminology.hl7.org/ValueSet/v3-ActClassBoundedRoi"/>
  <identifier>
    <system value="urn:ietf:rfc:3986"/>
    <value value="urn:oid:2.16.840.1.113883.1.11.20242"/>
  </identifier>
  <version value="0.1.0"/>
  <name value="ActClassBoundedRoi"/>
  <title value="ActClassBoundedRoi"/>
  <status value="active"/>
  <experimental value="false"/>
  <date value="2014-03-26"/>
  <publisher value="SatuSehat"/>
  <contact>
    <name value="SatuSehat"/>
    <telecom>
      <system value="url"/>
      <value value="https://satusehat.kemkes.go.id/"/>
    </telecom>
    <telecom>
      <system value="email"/>
      <value value="fhir@dto.kemkes.go.id"/>
    </telecom>
  </contact>
  <description value="A Region of Interest (ROI) specified for a multidimensional observation, such as an Observation Series (OBSSER). The ROI is specified using a set of observation criteria, each delineating the boundary of the region in one of the dimensions in the multidimensional observation. The relationship between a ROI and its referenced Act is specified through an ActRelationship of type subject (SUBJ), which must always be present. Each of the boundary criteria observations is connected with the ROI using ActRelationships of type &quot;has component&quot; (COMP). In each boundary criterion, the Act.code names the dimension and the Observation.value specifies the range of values inside the region. Typically the bounded dimension is continuous, and so the Observation.value will be an interval (IVL) data type. The Observation.value need not be specified if the respective dimension is only named but not constrained. For example, an ROI for the QT interval of a certain beat in ECG Lead II would contain 2 boundary criteria, one naming the interval in time (constrained), and the other naming the interval in ECG Lead II (only named, but not constrained)."/>
  <immutable value="true"/>
  <copyright value="This material derives from the HL7 Terminology THO. THO is copyright ©1989+ Health Level Seven International and is made available under the CC0 designation. For more licensing information see: https://terminology.hl7.org/license"/>
  <compose>
    <include>
      <system value="http://terminology.hl7.org/CodeSystem/v3-ActClass"/>
      <filter>
        <property value="concept"/>
        <op value="is-a"/>
        <value value="ROIBND"/>
      </filter>
    </include>
  </compose>
</ValueSet>