<?xml version="1.0" encoding="UTF-8"?>

<ValueSet xmlns="http://hl7.org/fhir">
  <id value="v3-SecurityCategoryObservationValue"/>
  <language value="en"/>
  <text>
    <status value="generated"/><div xml:lang="en" xmlns="http://www.w3.org/1999/xhtml" lang="en"><p>This value set includes codes based on the following rules:</p><ul><li>Import all the codes that are contained in <a href="ValueSet-v3-ActConsentType.html">ActConsentType</a></li><li>Import all the codes that are contained in <a href="ValueSet-v3-ActPrivacyPolicy.html">ActPrivacyPolicy</a></li><li>Import all the codes that are contained in <a href="ValueSet-v3-ActConsentDirective.html">ActConsentDirective</a></li><li>Import all the codes that are contained in <a href="ValueSet-v3-ActPrivacyLaw.html">ActPrivacyLaw</a></li><li>Import all the codes that are contained in <a href="ValueSet-v3-InformationSensitivityPolicy.html">InformationSensitivityPolicy</a></li><li>Import all the codes that are contained in <a href="ValueSet-v3-ActInformationSensitivityPolicy.html">ActInformationSensitivityPolicy</a></li><li>Import all the codes that are contained in <a href="ValueSet-v3-RoleInformationSensitivityPolicy.html">RoleInformationSensitivityPolicy</a></li><li>Import all the codes that are contained in <a href="ValueSet-v3-EntityInformationSensitivityPolicy.html">EntityInformationSensitivityPolicy</a></li><li>Import all the codes that are contained in <a href="ValueSet-v3-Compartment.html">Compartment</a></li><li>Include all codes defined in <a href="CodeSystem-v3-ObservationValue.html"><code>http://terminology.hl7.org/CodeSystem/v3-ObservationValue</code></a></li></ul></div>
  </text>
  <url value="http://terminology.hl7.org/ValueSet/v3-SecurityCategoryObservationValue"/>
  <identifier>
    <system value="urn:ietf:rfc:3986"/>
    <value value="urn:oid:2.16.840.1.113883.1.11.20470"/>
  </identifier>
  <version value="0.1.0"/>
  <name value="SecurityCategoryObservationValue"/>
  <title value="SecurityCategoryObservationValue"/>
  <status value="active"/>
  <experimental value="false"/>
  <date value="2014-03-26"/>
  <publisher value="SatuSehat"/>
  <contact>
    <name value="SatuSehat"/>
    <telecom>
      <system value="url"/>
      <value value="https://satusehat.kemkes.go.id/"/>
    </telecom>
    <telecom>
      <system value="email"/>
      <value value="fhir@dto.kemkes.go.id"/>
    </telecom>
  </contact>
  <description value="Security observation values used to indicate security category metadata. V:SecurityCategoryObservationValue is the union of V:PrivacyPolicyType, V:ActPrivacyLaw, V:ActConsentDirective, V:InformationSensitivityPolicy, V:ActInformationSensitivityPolicy, V:RoleInformationSensitivityPolicy, V:EntityInformationSensitivityPolicy, and the V:ActConsentType value used to populate the SecurityCategoryObservationValue attribute in order to convey one or more nonhierarchical categories of sensitivity metadata, which are used to control access to data more finely than with hierarchical security classification alone. Could be bound R1 to a V:ActUSPrivacyPolicy in a future US Realm."/>
  <immutable value="true"/>
  <copyright value="This material derives from the HL7 Terminology THO. THO is copyright ©1989+ Health Level Seven International and is made available under the CC0 designation. For more licensing information see: https://terminology.hl7.org/license"/>
  <compose>
    <include>
      <valueSet value="http://terminology.hl7.org/ValueSet/v3-ActConsentType"/>
    </include>
    <include>
      <valueSet value="http://terminology.hl7.org/ValueSet/v3-ActPrivacyPolicy"/>
    </include>
    <include>
      <valueSet value="http://terminology.hl7.org/ValueSet/v3-ActConsentDirective"/>
    </include>
    <include>
      <valueSet value="http://terminology.hl7.org/ValueSet/v3-ActPrivacyLaw"/>
    </include>
    <include>
      <valueSet value="http://terminology.hl7.org/ValueSet/v3-InformationSensitivityPolicy"/>
    </include>
    <include>
      <valueSet value="http://terminology.hl7.org/ValueSet/v3-ActInformationSensitivityPolicy"/>
    </include>
    <include>
      <valueSet value="http://terminology.hl7.org/ValueSet/v3-RoleInformationSensitivityPolicy"/>
    </include>
    <include>
      <valueSet value="http://terminology.hl7.org/ValueSet/v3-EntityInformationSensitivityPolicy"/>
    </include>
    <include>
      <valueSet value="http://terminology.hl7.org/ValueSet/v3-Compartment"/>
    </include>
    <include>
      <system value="http://terminology.hl7.org/CodeSystem/v3-ObservationValue"/>
    </include>
  </compose>
</ValueSet>