<?xml version="1.0" encoding="UTF-8"?>

<ValueSet xmlns="http://hl7.org/fhir">
  <id value="v3-xActRelationshipRelatedAuthorizations"/>
  <language value="en"/>
  <text>
    <status value="extensions"/><div xml:lang="en" xmlns="http://www.w3.org/1999/xhtml" lang="en"><ul><li>Include these codes as defined in <a href="CodeSystem-v3-ActRelationshipType.html"><code>http://terminology.hl7.org/CodeSystem/v3-ActRelationshipType</code></a><table class="none"><tr><td style="white-space:nowrap"><b>Code</b></td><td><b>Display</b></td><td><b>Definition</b></td></tr><tr><td><a href="CodeSystem-v3-ActRelationshipType.html#v3-ActRelationshipType-AUTH">AUTH</a></td><td style="color: #cccccc">authorized by</td><td>A relationship in which the target act authorizes or certifies the source act.</td></tr><tr><td><a href="CodeSystem-v3-ActRelationshipType.html#v3-ActRelationshipType-REFR">REFR</a></td><td style="color: #cccccc">refers to</td><td>A relationship in which the target act is referred to by the source act. This permits a simple reference relationship that distinguishes between the referent and the referee.</td></tr></table></li></ul></div>
  </text>
  <url value="http://terminology.hl7.org/ValueSet/v3-xActRelationshipRelatedAuthorizations"/>
  <identifier>
    <system value="urn:ietf:rfc:3986"/>
    <value value="urn:oid:2.16.840.1.113883.1.11.19825"/>
  </identifier>
  <version value="0.1.0"/>
  <name value="XActRelationshipRelatedAuthorizations"/>
  <title value="x_ActRelationshipRelatedAuthorizations"/>
  <status value="active"/>
  <experimental value="false"/>
  <date value="2014-03-26"/>
  <publisher value="SatuSehat"/>
  <contact>
    <name value="SatuSehat"/>
    <telecom>
      <system value="url"/>
      <value value="https://satusehat.kemkes.go.id/"/>
    </telecom>
    <telecom>
      <system value="email"/>
      <value value="fhir@dto.kemkes.go.id"/>
    </telecom>
  </contact>
  <description value="***No description***"/>
  <copyright value="This material derives from the HL7 Terminology THO. THO is copyright ©1989+ Health Level Seven International and is made available under the CC0 designation. For more licensing information see: https://terminology.hl7.org/license"/>
  <compose>
    <include>
      <system value="http://terminology.hl7.org/CodeSystem/v3-ActRelationshipType"/>
      <concept>
        <code value="AUTH"/>
      </concept>
      <concept>
        <code value="REFR"/>
      </concept>
    </include>
  </compose>
</ValueSet>