<?xml version="1.0" encoding="UTF-8"?>

<ValueSet xmlns="http://hl7.org/fhir">
  <id value="yes-no-unknown-not-asked"/>
  <text>
    <status value="extensions"/><div xmlns="http://www.w3.org/1999/xhtml"><ul><li>Include these codes as defined in <a href="CodeSystem-v2-0532.html"><code>http://terminology.hl7.org/CodeSystem/v2-0532</code></a><table class="none"><tr><td style="white-space:nowrap"><b>Code</b></td><td><b>Display</b></td><td><b>Definition</b></td></tr><tr><td><a href="CodeSystem-v2-0532.html#v2-0532-Y">Y</a></td><td>Yes</td><td>Yes</td></tr><tr><td><a href="CodeSystem-v2-0532.html#v2-0532-N">N</a></td><td>No</td><td>No</td></tr><tr><td><a href="CodeSystem-v2-0532.html#v2-0532-ASKU">ASKU</a></td><td>Unknown</td><td>asked but unknown</td></tr><tr><td><a href="CodeSystem-v2-0532.html#v2-0532-NASK">NASK</a></td><td>Not Asked</td><td>not asked</td></tr></table></li></ul></div>
  </text>
  <url value="http://terminology.hl7.org/ValueSet/yes-no-unknown-not-asked"/>
  <version value="0.1.0"/>
  <name value="YesNoUnknownNotAsked"/>
  <title value="Yes No Unknown NotAsked"/>
  <status value="active"/>
  <experimental value="false"/>
  <date value="2020-06-17T00:00:00.000-04:00"/>
  <publisher value="SatuSehat"/>
  <contact>
    <name value="SatuSehat"/>
    <telecom>
      <system value="url"/>
      <value value="https://satusehat.kemkes.go.id/"/>
    </telecom>
    <telecom>
      <system value="email"/>
      <value value="fhir@dto.kemkes.go.id"/>
    </telecom>
  </contact>
  <description value="This value set contains 4 concepts commonly used as answers to items in a questionnaire."/>
  <immutable value="false"/>
  <copyright value="This material derives from the HL7 Terminology (THO). THO is copyright ©1989+ Health Level Seven International and is made available under the CC0 designation. For more licensing information see: https://terminology.hl7.org/license"/>
  <compose>
    <include>
      <system value="http://terminology.hl7.org/CodeSystem/v2-0532"/>
      <concept>
        <code value="Y"/>
        <display value="Yes"/>
      </concept>
      <concept>
        <code value="N"/>
        <display value="No"/>
      </concept>
      <concept>
        <code value="ASKU"/>
        <display value="Unknown"/>
      </concept>
      <concept>
        <code value="NASK"/>
        <display value="Not Asked"/>
      </concept>
    </include>
  </compose>
</ValueSet>