<?xml version="1.0" encoding="UTF-8"?>

<ValueSet xmlns="http://hl7.org/fhir">
  <id value="v3-SnodentPosteriorInterarchDeviationTypeInternational"/>
  <language value="en"/>
  <text>
    <status value="extensions"/><div xml:lang="en" xmlns="http://www.w3.org/1999/xhtml" lang="en"><ul><li>Include these codes as defined in <a href="CodeSystem-v3-ada-snodent.html"><code>http://www.ada.org/snodent</code></a><table class="none"><tr><td style="white-space:nowrap"><b>Code</b></td><td><b>Display</b></td><td><b>Definition</b></td></tr><tr><td><a href="CodeSystem-v3-ada-snodent.html#v3-ada-snodent-127434D">127434D</a></td><td style="color: #cccccc">Posterior crossbite</td><td>Posterior crossbite</td></tr><tr><td><a href="CodeSystem-v3-ada-snodent.html#v3-ada-snodent-141881D">141881D</a></td><td style="color: #cccccc">Posterior open bite</td><td>Posterior open bite</td></tr><tr><td><a href="CodeSystem-v3-ada-snodent.html#v3-ada-snodent-210972D">210972D</a></td><td style="color: #cccccc">Anterior deviation of posterior interarch</td><td>Anterior deviation of posterior interarch</td></tr><tr><td><a href="CodeSystem-v3-ada-snodent.html#v3-ada-snodent-210974D">210974D</a></td><td style="color: #cccccc">Posterior deviation of posterior interarch</td><td>Posterior deviation of posterior interarch</td></tr></table></li></ul></div>
  </text>
  <extension url="http://hl7.org/fhir/StructureDefinition/structuredefinition-wg">
    <valueCode value="att"/>
  </extension>
  <url value="http://terminology.hl7.org/ValueSet/v3-SnodentPosteriorInterarchDeviationTypeInternational"/>
  <identifier>
    <system value="urn:ietf:rfc:3986"/>
    <value value="urn:oid:2.16.840.1.113883.1.11.20571"/>
  </identifier>
  <version value="0.1.0"/>
  <name value="SnodentPosteriorInterarchDeviationTypeInternational"/>
  <title value="SnodentPosteriorInterarchDeviationTypeInternational"/>
  <status value="active"/>
  <experimental value="false"/>
  <date value="2019-03-20"/>
  <publisher value="SatuSehat"/>
  <contact>
    <name value="SatuSehat"/>
    <telecom>
      <system value="url"/>
      <value value="https://satusehat.kemkes.go.id/"/>
    </telecom>
    <telecom>
      <system value="email"/>
      <value value="fhir@dto.kemkes.go.id"/>
    </telecom>
  </contact>
  <description value="The SNODENT identifiers for dental posterior inter-arch deviations utilized to calculate the Salzmann Malocclusion Severity Index.&#xD;&#xA;&#xD;&#xA;This value set contains content from SNODENT® Copyright American Dental Association (ADA). All rights reserved. SNODENT is a registered trademark of the ADA.&#xD;&#xA;&#xD;&#xA;http://www.ada.org/en/member-center/member-benefits/practice-resources/dental-informatics/snodent/licensing-snodent&#xD;&#xA;&#xD;&#xA;*Steward:* Attachments WG"/>
  <copyright value="This material derives from the HL7 Terminology THO. THO is copyright ©1989+ Health Level Seven International and is made available under the CC0 designation. For more licensing information see: https://terminology.hl7.org/license"/>
  <compose>
    <include>
      <system value="http://www.ada.org/snodent"/>
      <concept>
        <code value="127434D"/>
      </concept>
      <concept>
        <code value="141881D"/>
      </concept>
      <concept>
        <code value="210972D"/>
      </concept>
      <concept>
        <code value="210974D"/>
      </concept>
    </include>
  </compose>
</ValueSet>