<?xml version="1.0" encoding="UTF-8"?>

<ValueSet xmlns="http://hl7.org/fhir">
  <id value="v3-PersonNameUse"/>
  <language value="en"/>
  <text>
    <status value="generated"/><div xml:lang="en" xmlns="http://www.w3.org/1999/xhtml" lang="en"><p>This value set includes codes based on the following rules:</p><ul><li>Include codes from <a href="CodeSystem-v3-EntityNameUse.html"><code>http://terminology.hl7.org/CodeSystem/v3-EntityNameUse</code></a> where concept  descends from  <a href="CodeSystem-v3-EntityNameUse.html#v3-EntityNameUse-_PersonNameUse">_PersonNameUse</a></li><li>Import all the codes that are contained in <a href="ValueSet-v3-AddressRepresentationUse.html">AddressRepresentationUse</a></li></ul></div>
  </text>
  <url value="http://terminology.hl7.org/ValueSet/v3-PersonNameUse"/>
  <identifier>
    <system value="urn:ietf:rfc:3986"/>
    <value value="urn:oid:2.16.840.1.113883.1.11.200"/>
  </identifier>
  <version value="0.1.0"/>
  <name value="PersonNameUse"/>
  <title value="PersonNameUse"/>
  <status value="active"/>
  <experimental value="false"/>
  <date value="2014-03-26"/>
  <publisher value="SatuSehat"/>
  <contact>
    <name value="SatuSehat"/>
    <telecom>
      <system value="url"/>
      <value value="https://satusehat.kemkes.go.id/"/>
    </telecom>
    <telecom>
      <system value="email"/>
      <value value="fhir@dto.kemkes.go.id"/>
    </telecom>
  </contact>
  <description value="A code indicating the type of name (e.g. nickname, alias, maiden name, legal, adopted)"/>
  <copyright value="This material derives from the HL7 Terminology THO. THO is copyright ©1989+ Health Level Seven International and is made available under the CC0 designation. For more licensing information see: https://terminology.hl7.org/license"/>
  <compose>
    <include>
      <system value="http://terminology.hl7.org/CodeSystem/v3-EntityNameUse"/>
      <filter>
        <property value="concept"/>
        <op value="descendent-of"/>
        <value value="_PersonNameUse"/>
      </filter>
    </include>
    <include>
      <valueSet value="http://terminology.hl7.org/ValueSet/v3-AddressRepresentationUse"/>
    </include>
  </compose>
</ValueSet>