<?xml version="1.0" encoding="UTF-8"?>

<ValueSet xmlns="http://hl7.org/fhir">
  <id value="v3-TrustPolicy"/>
  <language value="en"/>
  <text>
    <status value="generated"/><div xml:lang="en" xmlns="http://www.w3.org/1999/xhtml" lang="en"><ul><li>Include codes from <a href="CodeSystem-v3-ActCode.html"><code>http://terminology.hl7.org/CodeSystem/v3-ActCode</code></a> where concept  is-a  <a href="CodeSystem-v3-ActCode.html#v3-ActCode-ActTrustPolicyType">ActTrustPolicyType</a></li></ul></div>
  </text>
  <url value="http://terminology.hl7.org/ValueSet/v3-TrustPolicy"/>
  <identifier>
    <system value="urn:ietf:rfc:3986"/>
    <value value="urn:oid:2.16.840.1.113883.1.11.20530"/>
  </identifier>
  <version value="0.1.0"/>
  <name value="TrustPolicy"/>
  <title value="TrustPolicy"/>
  <status value="active"/>
  <experimental value="false"/>
  <date value="2023-06-02"/>
  <publisher value="SatuSehat"/>
  <contact>
    <name value="SatuSehat"/>
    <telecom>
      <system value="url"/>
      <value value="https://satusehat.kemkes.go.id/"/>
    </telecom>
    <telecom>
      <system value="email"/>
      <value value="fhir@dto.kemkes.go.id"/>
    </telecom>
  </contact>
  <description value="A mandate, obligation, requirement, rule, or expectation conveyed as security metadata between senders and receivers required to establish the reliability, authenticity, and trustworthiness of their transactions.&#xD;&#xA;&#xD;&#xA;Trust security metadata are observation made about aspects of trust applicable to an IT resource (data, information object, service, or system capability).&#xD;&#xA;&#xD;&#xA;Trust applicable to IT resources is established and maintained in and among security domains, and may be comprised of observations about the domain's trust authority, trust framework, trust policy, trust interaction rules, means for assessing and monitoring adherence to trust policies, mechanisms that enforce trust, and quality and reliability measures of assurance in those mechanisms. \[Based on ISO IEC 10181-1 and NIST SP 800-63-2\]"/>
  <immutable value="true"/>
  <copyright value="This material derives from the HL7 Terminology THO. THO is copyright ©1989+ Health Level Seven International and is made available under the CC0 designation. For more licensing information see: https://terminology.hl7.org/license"/>
  <compose>
    <include>
      <system value="http://terminology.hl7.org/CodeSystem/v3-ActCode"/>
      <filter>
        <property value="concept"/>
        <op value="is-a"/>
        <value value="ActTrustPolicyType"/>
      </filter>
    </include>
  </compose>
</ValueSet>