<?xml version="1.0" encoding="UTF-8"?>

<ValueSet xmlns="http://hl7.org/fhir">
  <id value="encounter-location-status"/>
  <meta>
    <lastUpdated value="2019-11-01T09:29:23.356+11:00"/>
    <profile value="http://hl7.org/fhir/StructureDefinition/shareablevalueset"/>
  </meta>
  <text>
    <status value="generated"/><div xmlns="http://www.w3.org/1999/xhtml"><h2>EncounterLocationStatus</h2><div><p>The status of the location.</p>
</div><p>This value set includes codes from the following code systems:</p><ul><li>Include all codes defined in <a href="codesystem-encounter-location-status.html"><code>http://hl7.org/fhir/encounter-location-status</code></a></li></ul></div>
  </text>
  <extension url="http://hl7.org/fhir/StructureDefinition/structuredefinition-wg">
    <valueCode value="pa"/>
  </extension>
  <extension url="http://hl7.org/fhir/StructureDefinition/structuredefinition-standards-status">
    <valueCode value="trial-use"/>
  </extension>
  <extension url="http://hl7.org/fhir/StructureDefinition/structuredefinition-fmm">
    <valueInteger value="2"/>
  </extension>
  <url value="http://hl7.org/fhir/ValueSet/encounter-location-status"/>
  <identifier>
    <system value="urn:ietf:rfc:3986"/>
    <value value="urn:oid:2.16.840.1.113883.4.642.3.262"/>
  </identifier>
  <version value="0.1.0"/>
  <name value="EncounterLocationStatus"/>
  <title value="EncounterLocationStatus"/>
  <status value="draft"/>
  <experimental value="false"/>
  <date value="2019-11-01T09:29:23+11:00"/>
  <publisher value="SatuSehat"/>
  <contact>
    <name value="SatuSehat"/>
    <telecom>
      <system value="url"/>
      <value value="https://satusehat.kemkes.go.id/"/>
    </telecom>
    <telecom>
      <system value="email"/>
      <value value="fhir@dto.kemkes.go.id"/>
    </telecom>
  </contact>
  <description value="The status of the location."/>
  <immutable value="true"/>
  <compose>
    <include>
      <system value="http://hl7.org/fhir/encounter-location-status"/>
    </include>
  </compose>
</ValueSet>