<?xml version="1.0" encoding="UTF-8"?>

<ValueSet xmlns="http://hl7.org/fhir">
  <id value="v3-immunizationForecastStatusObservationValue"/>
  <text>
    <status value="generated"/><div xmlns="http://www.w3.org/1999/xhtml"><ul><li>Include these codes as defined in <a href="http://www.snomed.org/"><code>http://snomed.info/sct</code></a><table class="none"><tr><td style="white-space:nowrap"><b>Code</b></td><td><b>Display</b></td></tr><tr><td><a href="http://snomed.info/id/171258008">171258008</a></td><td style="color: #cccccc">Up-to-date with immunizations</td></tr><tr><td><a href="http://snomed.info/id/171279008">171279008</a></td><td style="color: #cccccc">Immunization due</td></tr><tr><td><a href="http://snomed.info/id/171259000">171259000</a></td><td style="color: #cccccc">Not up to date with immunizations (finding)</td></tr></table></li></ul></div>
  </text>
  <url value="http://terminology.hl7.org/ValueSet/v3-immunizationForecastStatusObservationValue"/>
  <identifier>
    <system value="urn:ietf:rfc:3986"/>
    <value value="urn:oid:2.16.840.1.113883.11.81"/>
  </identifier>
  <version value="0.1.0"/>
  <name value="ImmunizationForecastStatusObservationValue"/>
  <title value="immunizationForecastStatusObservationValue"/>
  <status value="active"/>
  <experimental value="false"/>
  <date value="2010-03-22"/>
  <publisher value="SatuSehat"/>
  <contact>
    <name value="SatuSehat"/>
    <telecom>
      <system value="url"/>
      <value value="https://satusehat.kemkes.go.id/"/>
    </telecom>
    <telecom>
      <system value="email"/>
      <value value="fhir@dto.kemkes.go.id"/>
    </telecom>
  </contact>
  <description value="Represents the patient's status with respect to their immunization guideline as of an evaluation date."/>
  <copyright value="This material derives from the HL7 Terminology THO. THO is copyright ©1989+ Health Level Seven International and is made available under the CC0 designation. For more licensing information see: https://terminology.hl7.org/license"/>
  <compose>
    <include>
      <system value="http://snomed.info/sct"/>
      <concept>
        <code value="171258008"/>
      </concept>
      <concept>
        <code value="171279008"/>
      </concept>
      <concept>
        <code value="171259000"/>
      </concept>
    </include>
  </compose>
</ValueSet>