<?xml version="1.0" encoding="UTF-8"?>

<ValueSet xmlns="http://hl7.org/fhir">
  <id value="v3-ReactionParticipant"/>
  <language value="en"/>
  <text>
    <status value="extensions"/><div xml:lang="en" xmlns="http://www.w3.org/1999/xhtml" lang="en"><ul><li>Include these codes as defined in <a href="CodeSystem-v3-ParticipationType.html"><code>http://terminology.hl7.org/CodeSystem/v3-ParticipationType</code></a><table class="none"><tr><td style="white-space:nowrap"><b>Code</b></td><td><b>Display</b></td><td><b>Definition</b></td></tr><tr><td><a href="CodeSystem-v3-ParticipationType.html#v3-ParticipationType-CAT">CAT</a></td><td style="color: #cccccc">catalyst</td><td>The catalyst of a chemical reaction, such as an enzyme or a platinum surface. In biochemical reactions, connects the enzyme with the molecular interaction</td></tr><tr><td><a href="CodeSystem-v3-ParticipationType.html#v3-ParticipationType-CSM">CSM</a></td><td style="color: #cccccc">consumable</td><td>Participant material that is taken up, diminished, altered, or disappears in the act.</td></tr><tr><td><a href="CodeSystem-v3-ParticipationType.html#v3-ParticipationType-PRD">PRD</a></td><td style="color: #cccccc">product</td><td>Participant material that is brought forth (produced) in the act (e.g., specimen in a specimen collection, access or drainage in a placement service, medication package in a dispense service). It does not matter whether the material produced had existence prior to the service, or whether it is created in the service (e.g., in supply services the product is taken from a stock).</td></tr></table></li></ul></div>
  </text>
  <extension url="http://terminology.hl7.org/StructureDefinition/ext-mif-assocConceptProp">
    <extension url="name">
      <valueString value="Name:Act:participation:Participation"/>
    </extension>
    <extension url="value">
      <valueString value="interactor"/>
    </extension>
  </extension>
  <extension url="http://terminology.hl7.org/StructureDefinition/ext-mif-assocConceptProp">
    <extension url="name">
      <valueString value="Name:Role:participation:Participation"/>
    </extension>
    <extension url="value">
      <valueString value="interactsIn"/>
    </extension>
  </extension>
  <url value="http://terminology.hl7.org/ValueSet/v3-ReactionParticipant"/>
  <identifier>
    <system value="urn:ietf:rfc:3986"/>
    <value value="urn:oid:2.16.840.1.113883.1.11.20388"/>
  </identifier>
  <version value="0.1.0"/>
  <name value="ReactionParticipant"/>
  <title value="ReactionParticipant"/>
  <status value="active"/>
  <experimental value="false"/>
  <date value="2014-03-26"/>
  <publisher value="SatuSehat"/>
  <contact>
    <name value="SatuSehat"/>
    <telecom>
      <system value="url"/>
      <value value="https://satusehat.kemkes.go.id/"/>
    </telecom>
    <telecom>
      <system value="email"/>
      <value value="fhir@dto.kemkes.go.id"/>
    </telecom>
  </contact>
  <description value="***No description***"/>
  <copyright value="This material derives from the HL7 Terminology THO. THO is copyright ©1989+ Health Level Seven International and is made available under the CC0 designation. For more licensing information see: https://terminology.hl7.org/license"/>
  <compose>
    <include>
      <system value="http://terminology.hl7.org/CodeSystem/v3-ParticipationType"/>
      <concept>
        <code value="CAT"/>
      </concept>
      <concept>
        <code value="CSM"/>
      </concept>
      <concept>
        <code value="PRD"/>
      </concept>
    </include>
  </compose>
</ValueSet>