<?xml version="1.0" encoding="UTF-8"?>

<ValueSet xmlns="http://hl7.org/fhir">
  <id value="v3-SnodentDentalToothMobilityMillerClassificationInternational"/>
  <language value="en"/>
  <text>
    <status value="extensions"/><div xml:lang="en" xmlns="http://www.w3.org/1999/xhtml" lang="en"><ul><li>Include these codes as defined in <a href="CodeSystem-v3-ada-snodent.html"><code>http://www.ada.org/snodent</code></a><table class="none"><tr><td style="white-space:nowrap"><b>Code</b></td><td><b>Display</b></td><td><b>Definition</b></td></tr><tr><td><a href="CodeSystem-v3-ada-snodent.html#v3-ada-snodent-116762D">116762D</a></td><td style="color: #cccccc">Tooth mobility - grade 1</td><td>Tooth can be moved less than 1mm in the buccolingual or mesiodistal direction</td></tr><tr><td><a href="CodeSystem-v3-ada-snodent.html#v3-ada-snodent-136123D">136123D</a></td><td style="color: #cccccc">Tooth mobility - grade 2</td><td>Tooth can be moved 1mm or more in the buccolingual or mesiodistal direction. No mobility in the occlusoapical direction (vertical mobility).</td></tr><tr><td><a href="CodeSystem-v3-ada-snodent.html#v3-ada-snodent-149641D">149641D</a></td><td style="color: #cccccc">Tooth mobility - grade 3</td><td>Tooth can be moved 1mm or more in the buccolingual or mesiodistal direction. Mobility in the occlusoapical direction is also present (vertical mobility)</td></tr></table></li></ul></div>
  </text>
  <extension url="http://hl7.org/fhir/StructureDefinition/structuredefinition-wg">
    <valueCode value="att"/>
  </extension>
  <url value="http://terminology.hl7.org/ValueSet/v3-SnodentDentalToothMobilityMillerClassificationInternational"/>
  <identifier>
    <system value="urn:ietf:rfc:3986"/>
    <value value="urn:oid:2.16.840.1.113883.1.11.20554"/>
  </identifier>
  <version value="0.1.0"/>
  <name value="SnodentDentalToothMobilityMillerClassificationInternational"/>
  <title value="SnodentDentalToothMobilityMillerClassificationInternational"/>
  <status value="active"/>
  <experimental value="false"/>
  <date value="2019-03-20"/>
  <publisher value="SatuSehat"/>
  <contact>
    <name value="SatuSehat"/>
    <telecom>
      <system value="url"/>
      <value value="https://satusehat.kemkes.go.id/"/>
    </telecom>
    <telecom>
      <system value="email"/>
      <value value="fhir@dto.kemkes.go.id"/>
    </telecom>
  </contact>
  <description value="The SNODENT identifiers for the recognized grades of tooth mobility according to the Miller Classification system.&#xD;&#xA;&#xD;&#xA;This value set contains content from SNODENT® Copyright American Dental Association (ADA). All rights reserved. SNODENT is a registered trademark of the ADA.&#xD;&#xA;&#xD;&#xA;http://www.ada.org/en/member-center/member-benefits/practice-resources/dental-informatics/snodent/licensing-snodent&#xD;&#xA;&#xD;&#xA;*Steward:* Attachments WG"/>
  <copyright value="This material derives from the HL7 Terminology THO. THO is copyright ©1989+ Health Level Seven International and is made available under the CC0 designation. For more licensing information see: https://terminology.hl7.org/license"/>
  <compose>
    <include>
      <system value="http://www.ada.org/snodent"/>
      <concept>
        <code value="116762D"/>
      </concept>
      <concept>
        <code value="136123D"/>
      </concept>
      <concept>
        <code value="149641D"/>
      </concept>
    </include>
  </compose>
</ValueSet>