<?xml version="1.0" encoding="UTF-8"?>

<ValueSet xmlns="http://hl7.org/fhir">
  <id value="v3-RoleClassNamedInsured"/>
  <language value="en"/>
  <text>
    <status value="generated"/><div xml:lang="en" xmlns="http://www.w3.org/1999/xhtml" lang="en"><ul><li>Include codes from <a href="CodeSystem-v3-RoleClass.html"><code>http://terminology.hl7.org/CodeSystem/v3-RoleClass</code></a> where concept  is-a  <a href="CodeSystem-v3-RoleClass.html#v3-RoleClass-NAMED">NAMED</a></li></ul></div>
  </text>
  <url value="http://terminology.hl7.org/ValueSet/v3-RoleClassNamedInsured"/>
  <identifier>
    <system value="urn:ietf:rfc:3986"/>
    <value value="urn:oid:2.16.840.1.113883.1.11.19808"/>
  </identifier>
  <version value="0.1.0"/>
  <name value="RoleClassNamedInsured"/>
  <title value="RoleClassNamedInsured"/>
  <status value="active"/>
  <experimental value="false"/>
  <date value="2014-03-26"/>
  <publisher value="SatuSehat"/>
  <contact>
    <name value="SatuSehat"/>
    <telecom>
      <system value="url"/>
      <value value="https://satusehat.kemkes.go.id/"/>
    </telecom>
    <telecom>
      <system value="email"/>
      <value value="fhir@dto.kemkes.go.id"/>
    </telecom>
  </contact>
  <description value="**Description:** A role played by a party to an insurance policy to which the insurer agrees to indemnify for losses, provides benefits for, or renders services. A named insured may be either a person, non-person living subject, or an organization, or a group of persons, non-person living subjects, or organizations.&#xD;&#xA;&#xD;&#xA;**Discussion:** The coded concept NAMED should not be used where a more specific child concept in this Specializable value set applies. In some cases, the named insured may not be the policy holder, e.g., where a policy holder purchases life insurance policy in which another party is the named insured and the policy holder is the beneficiary of the policy.&#xD;&#xA;&#xD;&#xA;**Note:** The party playing the role of a named insured is not a claimant in the sense conveyed by the RoleClassCoveredParty CLAIM (claimant). However, a named insured may make a claim under a policy, e.g., e.g., a party that is the named insured and policy holder under a comprehensive automobile insurance policy may become the claimant for coverage under that policy e.g., if injured in an automobile accident and there is no liable third party. In the case of a named insured making a claim, a role type code INSCLM (insured claimant) subtypes the class to indicate that a named insured has filed a claim for a loss.&#xD;&#xA;&#xD;&#xA;**Example:** The named insured under a comprehensive automobile, disability, or property and casualty policy that is the named insured and may or may not be the policy holder."/>
  <immutable value="true"/>
  <copyright value="This material derives from the HL7 Terminology THO. THO is copyright ©1989+ Health Level Seven International and is made available under the CC0 designation. For more licensing information see: https://terminology.hl7.org/license"/>
  <compose>
    <include>
      <system value="http://terminology.hl7.org/CodeSystem/v3-RoleClass"/>
      <filter>
        <property value="concept"/>
        <op value="is-a"/>
        <value value="NAMED"/>
      </filter>
    </include>
  </compose>
</ValueSet>