<?xml version="1.0" encoding="UTF-8"?>

<ValueSet xmlns="http://hl7.org/fhir">
  <id value="v3-RoleClassCoverageSponsor"/>
  <language value="en"/>
  <text>
    <status value="generated"/><div xml:lang="en" xmlns="http://www.w3.org/1999/xhtml" lang="en"><ul><li>Include codes from <a href="CodeSystem-v3-RoleClass.html"><code>http://terminology.hl7.org/CodeSystem/v3-RoleClass</code></a> where concept  is-a  <a href="CodeSystem-v3-RoleClass.html#v3-RoleClass-SPNSR">SPNSR</a></li></ul></div>
  </text>
  <url value="http://terminology.hl7.org/ValueSet/v3-RoleClassCoverageSponsor"/>
  <identifier>
    <system value="urn:ietf:rfc:3986"/>
    <value value="urn:oid:2.16.840.1.113883.1.11.20170"/>
  </identifier>
  <version value="0.1.0"/>
  <name value="RoleClassCoverageSponsor"/>
  <title value="RoleClassCoverageSponsor"/>
  <status value="active"/>
  <experimental value="false"/>
  <date value="2014-03-26"/>
  <publisher value="SatuSehat"/>
  <contact>
    <name value="SatuSehat"/>
    <telecom>
      <system value="url"/>
      <value value="https://satusehat.kemkes.go.id/"/>
    </telecom>
    <telecom>
      <system value="email"/>
      <value value="fhir@dto.kemkes.go.id"/>
    </telecom>
  </contact>
  <description value="A role played by an entity, usually an organization that is the sponsor of an insurance plan or a health program. A sponsor is the party that is ultimately accountable for the coverage by employment contract or by law. A sponsor can be an employer, union, government agency, or association. Fully insured sponsors establish the terms of the plan and contract with health insurance plans to assume the risk and to administer the plan. Self-insured sponsors delegate coverage administration, but not risk, to third-party administrators. Program sponsors designate services to be covered in accordance with statute. Program sponsors may administer the coverage themselves, delegate coverage administration, but not risk to third-party administrators, or contract with health insurance plans to assume the risk and administrator a program. Sponsors qualify individuals who may become&#xD;&#xA;&#xD;&#xA;1.  a policy holder of the plan;&#xD;&#xA;2.  where the sponsor is the policy holder, who may become a subscriber or a dependent to a policy under the plan; or&#xD;&#xA;3.  where the sponsor is a government agency, who may become program eligibles under a program.&#xD;&#xA;&#xD;&#xA;The sponsor role may be further qualified by the SponsorRole.code. Entities playing the sponsor role may also play the role of a Coverage Administrator.&#xD;&#xA;&#xD;&#xA;*Example:* An employer, union, government agency, or association."/>
  <immutable value="true"/>
  <copyright value="This material derives from the HL7 Terminology THO. THO is copyright ©1989+ Health Level Seven International and is made available under the CC0 designation. For more licensing information see: https://terminology.hl7.org/license"/>
  <compose>
    <include>
      <system value="http://terminology.hl7.org/CodeSystem/v3-RoleClass"/>
      <filter>
        <property value="concept"/>
        <op value="is-a"/>
        <value value="SPNSR"/>
      </filter>
    </include>
  </compose>
</ValueSet>