<?xml version="1.0" encoding="UTF-8"?>

<ValueSet xmlns="http://hl7.org/fhir">
  <id value="v3-SnodentDentalToothFurcationSiteInternational"/>
  <language value="en"/>
  <text>
    <status value="extensions"/><div xml:lang="en" xmlns="http://www.w3.org/1999/xhtml" lang="en"><ul><li>Include these codes as defined in <a href="CodeSystem-v3-ada-snodent.html"><code>http://www.ada.org/snodent</code></a><table class="none"><tr><td style="white-space:nowrap"><b>Code</b></td><td><b>Display</b></td><td><b>Definition</b></td></tr><tr><td><a href="CodeSystem-v3-ada-snodent.html#v3-ada-snodent-103356D">103356D</a></td><td style="color: #cccccc">Lingual Surface</td><td>The lingual aspect of the tooth.</td></tr><tr><td><a href="CodeSystem-v3-ada-snodent.html#v3-ada-snodent-103387D">103387D</a></td><td style="color: #cccccc">Buccal Surface</td><td>The buccal aspect of the tooth.</td></tr><tr><td><a href="CodeSystem-v3-ada-snodent.html#v3-ada-snodent-132513D">132513D</a></td><td style="color: #cccccc">Mesial Surface</td><td>The mesial aspect of the tooth.</td></tr><tr><td><a href="CodeSystem-v3-ada-snodent.html#v3-ada-snodent-146014D">146014D</a></td><td style="color: #cccccc">Distal Surface</td><td>The distal aspect of the tooth.</td></tr><tr><td><a href="CodeSystem-v3-ada-snodent.html#v3-ada-snodent-163013D">163013D</a></td><td style="color: #cccccc">Mesial-lingual</td><td>The mesial lingual aspect of the tooth.</td></tr><tr><td><a href="CodeSystem-v3-ada-snodent.html#v3-ada-snodent-163468D">163468D</a></td><td style="color: #cccccc">Distal-lingual</td><td>The distal lingual aspect of the tooth.</td></tr></table></li></ul></div>
  </text>
  <extension url="http://hl7.org/fhir/StructureDefinition/structuredefinition-wg">
    <valueCode value="att"/>
  </extension>
  <url value="http://terminology.hl7.org/ValueSet/v3-SnodentDentalToothFurcationSiteInternational"/>
  <identifier>
    <system value="urn:ietf:rfc:3986"/>
    <value value="urn:oid:2.16.840.1.113883.1.11.20557"/>
  </identifier>
  <version value="0.1.0"/>
  <name value="SnodentDentalToothFurcationSiteInternational"/>
  <title value="SnodentDentalToothFurcationSiteInternational"/>
  <status value="active"/>
  <experimental value="false"/>
  <date value="2019-03-20"/>
  <publisher value="SatuSehat"/>
  <contact>
    <name value="SatuSehat"/>
    <telecom>
      <system value="url"/>
      <value value="https://satusehat.kemkes.go.id/"/>
    </telecom>
    <telecom>
      <system value="email"/>
      <value value="fhir@dto.kemkes.go.id"/>
    </telecom>
  </contact>
  <description value="The SNODENT identifiers for the relative location of a human tooth root that is being observed for furcation.&#xD;&#xA;&#xD;&#xA;This value set contains content from SNODENT® Copyright American Dental Association (ADA). All rights reserved. SNODENT is a registered trademark of the ADA.&#xD;&#xA;&#xD;&#xA;http://www.ada.org/en/member-center/member-benefits/practice-resources/dental-informatics/snodent/licensing-snodent&#xD;&#xA;&#xD;&#xA;*Steward:* Attachments WG"/>
  <copyright value="This material derives from the HL7 Terminology THO. THO is copyright ©1989+ Health Level Seven International and is made available under the CC0 designation. For more licensing information see: https://terminology.hl7.org/license"/>
  <compose>
    <include>
      <system value="http://www.ada.org/snodent"/>
      <concept>
        <code value="103356D"/>
      </concept>
      <concept>
        <code value="103387D"/>
      </concept>
      <concept>
        <code value="132513D"/>
      </concept>
      <concept>
        <code value="146014D"/>
      </concept>
      <concept>
        <code value="163013D"/>
      </concept>
      <concept>
        <code value="163468D"/>
      </concept>
    </include>
  </compose>
</ValueSet>