<?xml version="1.0" encoding="UTF-8"?>

<ValueSet xmlns="http://hl7.org/fhir">
  <id value="v3-ActClassConsent"/>
  <language value="en"/>
  <text>
    <status value="generated"/><div xml:lang="en" xmlns="http://www.w3.org/1999/xhtml" lang="en"><ul><li>Include codes from <a href="CodeSystem-v3-ActClass.html"><code>http://terminology.hl7.org/CodeSystem/v3-ActClass</code></a> where concept  is-a  <a href="CodeSystem-v3-ActClass.html#v3-ActClass-CONS">CONS</a></li></ul></div>
  </text>
  <url value="http://terminology.hl7.org/ValueSet/v3-ActClassConsent"/>
  <identifier>
    <system value="urn:ietf:rfc:3986"/>
    <value value="urn:oid:2.16.840.1.113883.1.11.20206"/>
  </identifier>
  <version value="0.1.0"/>
  <name value="ActClassConsent"/>
  <title value="ActClassConsent"/>
  <status value="active"/>
  <experimental value="false"/>
  <date value="2014-03-26"/>
  <publisher value="SatuSehat"/>
  <contact>
    <name value="SatuSehat"/>
    <telecom>
      <system value="url"/>
      <value value="https://satusehat.kemkes.go.id/"/>
    </telecom>
    <telecom>
      <system value="email"/>
      <value value="fhir@dto.kemkes.go.id"/>
    </telecom>
  </contact>
  <description value="The Consent class represents informed consents and all similar medico-legal transactions between the patient (or his legal guardian) and the provider. Examples are informed consent for surgical procedures, informed consent for clinical trials, advanced beneficiary notice, against medical advice decline from service, release of information agreement, etc.&#xD;&#xA;&#xD;&#xA;The details of consents vary. Often an institution has a number of different consent forms for various purposes, including reminding the physician about the topics to mention. Such forms also include patient education material. In electronic medical record communication, consents thus are information-generating acts on their own and need to be managed similar to medical activities. Thus, Consent is modeled as a special class of Act.&#xD;&#xA;&#xD;&#xA;The &quot;signatures&quot; to the consent document are represented electronically through Participation instances to the consent object. Typically an informed consent has Participation.typeCode of &quot;performer&quot;, the healthcare provider informing the patient, and &quot;consenter&quot;, the patient or legal guardian. Some consent may associate a witness or a notary public (e.g., living wills, advanced directives). In consents where a healthcare provider is not required (e.g. living will), the performer may be the patient himself or a notary public.&#xD;&#xA;&#xD;&#xA;Some consent has a minimum required delay between the consent and the service, so as to allow the patient to rethink his decisions. This minimum delay can be expressed in the act definition by the ActRelationship.pauseQuantity attribute that delays the service until the pause time has elapsed after the consent has been completed."/>
  <immutable value="true"/>
  <copyright value="This material derives from the HL7 Terminology THO. THO is copyright ©1989+ Health Level Seven International and is made available under the CC0 designation. For more licensing information see: https://terminology.hl7.org/license"/>
  <compose>
    <include>
      <system value="http://terminology.hl7.org/CodeSystem/v3-ActClass"/>
      <filter>
        <property value="concept"/>
        <op value="is-a"/>
        <value value="CONS"/>
      </filter>
    </include>
  </compose>
</ValueSet>