<?xml version="1.0" encoding="UTF-8"?>

<ValueSet xmlns="http://hl7.org/fhir">
  <id value="ConditionSeverityVS"/>
  <meta>
    <versionId value="1"/>
    <lastUpdated value="2023-11-05T18:45:16.553+07:00"/>
  </meta>
  <language value="English"/>
  <text>
    <status value="generated"/><div xmlns="http://www.w3.org/1999/xhtml" xml:lang="English" lang="English"><ul><li>Include these codes as defined in <a href="http://www.snomed.org/"><code>http://snomed.info/sct</code></a><table class="none"><tr><td style="white-space:nowrap"><b>Code</b></td><td><b>Display</b></td></tr><tr><td><a href="http://snomed.info/id/24484000">24484000</a></td><td>Severe</td></tr><tr><td><a href="http://snomed.info/id/6736007">6736007</a></td><td>Moderate</td></tr><tr><td><a href="http://snomed.info/id/255604002">255604002</a></td><td>Mild</td></tr><tr><td><a href="http://snomed.info/id/442452003">442452003</a></td><td>Life threatening severity</td></tr></table></li></ul></div>
  </text>
  <url value="http://dto.kemkes.go.id//VS/Condition.severity"/>
  <version value="0.1.0"/>
  <name value="ConditionSeverityVS"/>
  <title value="Condition Severity"/>
  <status value="active"/>
  <experimental value="false"/>
  <date value="2023-11-02T09:00:59.000Z"/>
  <publisher value="Thomas Chaidir"/>
  <contact>
    <name value="Thomas Chaidir"/>
    <telecom>
      <system value="url"/>
      <value value="https://satusehat.kemkes.go.id/"/>
    </telecom>
  </contact>
  <description value="Created by: Fadhil Muhammad"/>
  <compose>
    <include>
      <system value="http://snomed.info/sct"/>
      <concept>
        <code value="24484000"/>
        <display value="Severe"/>
      </concept>
      <concept>
        <code value="6736007"/>
        <display value="Moderate"/>
      </concept>
      <concept>
        <code value="255604002"/>
        <display value="Mild"/>
      </concept>
      <concept>
        <code value="442452003"/>
        <display value="Life threatening severity"/>
      </concept>
    </include>
  </compose>
</ValueSet>