<?xml version="1.0" encoding="UTF-8"?>

<ValueSet xmlns="http://hl7.org/fhir">
  <id value="v3-TargetAwareness"/>
  <language value="en"/>
  <text>
    <status value="generated"/><div xml:lang="en" xmlns="http://www.w3.org/1999/xhtml" lang="en"><ul><li>Include all codes defined in <a href="CodeSystem-v3-TargetAwareness.html"><code>http://terminology.hl7.org/CodeSystem/v3-TargetAwareness</code></a></li></ul></div>
  </text>
  <url value="http://terminology.hl7.org/ValueSet/v3-TargetAwareness"/>
  <identifier>
    <system value="urn:ietf:rfc:3986"/>
    <value value="urn:oid:2.16.840.1.113883.1.11.10310"/>
  </identifier>
  <version value="0.1.0"/>
  <name value="TargetAwareness"/>
  <title value="TargetAwareness"/>
  <status value="active"/>
  <experimental value="false"/>
  <date value="2014-03-26"/>
  <publisher value="SatuSehat"/>
  <contact>
    <name value="SatuSehat"/>
    <telecom>
      <system value="url"/>
      <value value="https://satusehat.kemkes.go.id/"/>
    </telecom>
    <telecom>
      <system value="email"/>
      <value value="fhir@dto.kemkes.go.id"/>
    </telecom>
  </contact>
  <description value="A code specifying the extent to which the Entity playing the participating Role (usually as a target Participation) is aware of the associated Act.&#xD;&#xA;&#xD;&#xA;*Examples:* For diagnostic observations, is the patient, family member or other participant aware of his terminal illness?&#xD;&#xA;&#xD;&#xA;*Discussion:* If the awareness, denial, unconsciousness, etc. is the subject of medical considerations (e.g., part of the problem list), one should use explicit observations in these matters as well, and should not solely rely on this simple attribute in the Participation."/>
  <copyright value="This material derives from the HL7 Terminology THO. THO is copyright ©1989+ Health Level Seven International and is made available under the CC0 designation. For more licensing information see: https://terminology.hl7.org/license"/>
  <compose>
    <include>
      <system value="http://terminology.hl7.org/CodeSystem/v3-TargetAwareness"/>
    </include>
  </compose>
</ValueSet>