<?xml version="1.0" encoding="UTF-8"?>

<ValueSet xmlns="http://hl7.org/fhir">
  <id value="v3-SecurityObservationType"/>
  <language value="en"/>
  <text>
    <status value="generated"/><div xml:lang="en" xmlns="http://www.w3.org/1999/xhtml" lang="en"><ul><li>Include codes from <a href="CodeSystem-v3-ActCode.html"><code>http://terminology.hl7.org/CodeSystem/v3-ActCode</code></a> where concept  is-a  <a href="CodeSystem-v3-ActCode.html#v3-ActCode-SECOBS">SECOBS</a></li></ul></div>
  </text>
  <url value="http://terminology.hl7.org/ValueSet/v3-SecurityObservationType"/>
  <identifier>
    <system value="urn:ietf:rfc:3986"/>
    <value value="urn:oid:2.16.840.1.113883.1.11.20457"/>
  </identifier>
  <version value="0.1.0"/>
  <name value="SecurityObservationType"/>
  <title value="SecurityObservationType"/>
  <status value="active"/>
  <experimental value="false"/>
  <date value="2023-06-02"/>
  <publisher value="SatuSehat"/>
  <contact>
    <name value="SatuSehat"/>
    <telecom>
      <system value="url"/>
      <value value="https://satusehat.kemkes.go.id/"/>
    </telecom>
    <telecom>
      <system value="email"/>
      <value value="fhir@dto.kemkes.go.id"/>
    </telecom>
  </contact>
  <description value="Type of security metadata observation made about an IT resource (data, information object, service, or system capability), which may be used to make access control decisions. Security metadata are used in security labels. According to ISO/TS 22600-3:2009(E) A.9.1.7 SECURITY LABEL MATCHING, Security label matching compares the initiator's clearance to the target's security label. All of the following must be true for authorization to be granted:&#xD;&#xA;&#xD;&#xA; *  The security policy identifiers shall be identical,&#xD;&#xA; *  The classification level of the initiator shall be greater than or equal to that of the target (that is, there shall be at least one value in the classification list of the clearance greater than or equal to the classification of the target), and&#xD;&#xA; *  For each security category in the target label, there shall be a security category of the same type in the initiator'ijs clearance and the initiator's classification level shall dominate that of the target."/>
  <immutable value="true"/>
  <copyright value="This material derives from the HL7 Terminology THO. THO is copyright ©1989+ Health Level Seven International and is made available under the CC0 designation. For more licensing information see: https://terminology.hl7.org/license"/>
  <compose>
    <include>
      <system value="http://terminology.hl7.org/CodeSystem/v3-ActCode"/>
      <filter>
        <property value="concept"/>
        <op value="is-a"/>
        <value value="SECOBS"/>
      </filter>
    </include>
  </compose>
</ValueSet>