<?xml version="1.0" encoding="UTF-8"?>

<ValueSet xmlns="http://hl7.org/fhir">
  <id value="v3-ActClassSubjectBodyPosition"/>
  <language value="en"/>
  <text>
    <status value="extensions"/><div xml:lang="en" xmlns="http://www.w3.org/1999/xhtml" lang="en"><p>This value set includes codes based on the following rules:</p><ul><li>Include codes from <a href="CodeSystem-v3-ActClass.html"><code>http://terminology.hl7.org/CodeSystem/v3-ActClass</code></a> where concept  is-a  <a href="CodeSystem-v3-ActClass.html#v3-ActClass-_SubjectBodyPosition">_SubjectBodyPosition</a></li></ul><p>This value set excludes codes based on the following rules:</p><ul><li>Exclude these codes as defined in <a href="CodeSystem-v3-ActClass.html"><code>http://terminology.hl7.org/CodeSystem/v3-ActClass</code></a><table class="none"><tr><td style="white-space:nowrap"><b>Code</b></td><td><b>Display</b></td><td><b>Definition</b></td></tr><tr><td><a href="CodeSystem-v3-ActClass.html#v3-ActClass-_SubjectBodyPosition">_SubjectBodyPosition</a></td><td style="color: #cccccc">subject body position</td><td>Contains codes for defining the observed, physical position of a subject, such as during an observation, assessment, collection of a specimen, etc. ECG waveforms and vital signs, such as blood pressure, are two examples where a general, observed position typically needs to be noted.<br/><br/>***Deprecation Comment:*** This concept has been deprecated because it does not describe a type of Act (as it should in the ActClass code system), but rather encodes the result or value of an observation. The same code has been added to the ObservationValue code system.</td></tr></table></li></ul></div>
  </text>
  <url value="http://terminology.hl7.org/ValueSet/v3-ActClassSubjectBodyPosition"/>
  <identifier>
    <system value="urn:ietf:rfc:3986"/>
    <value value="urn:oid:2.16.840.1.113883.1.11.19798"/>
  </identifier>
  <version value="0.1.0"/>
  <name value="ActClassSubjectBodyPosition"/>
  <title value="ActClassSubjectBodyPosition"/>
  <status value="retired"/>
  <experimental value="false"/>
  <date value="2014-03-26"/>
  <publisher value="SatuSehat"/>
  <contact>
    <name value="SatuSehat"/>
    <telecom>
      <system value="url"/>
      <value value="https://satusehat.kemkes.go.id/"/>
    </telecom>
    <telecom>
      <system value="email"/>
      <value value="fhir@dto.kemkes.go.id"/>
    </telecom>
  </contact>
  <description value="**Deprecation Comment:** This value set has been deprecated because its root code was deprecated in an earlier vocabulary release."/>
  <immutable value="true"/>
  <compose>
    <include>
      <system value="http://terminology.hl7.org/CodeSystem/v3-ActClass"/>
      <filter>
        <property value="concept"/>
        <op value="is-a"/>
        <value value="_SubjectBodyPosition"/>
      </filter>
    </include>
    <exclude>
      <system value="http://terminology.hl7.org/CodeSystem/v3-ActClass"/>
      <concept>
        <code value="_SubjectBodyPosition"/>
      </concept>
    </exclude>
  </compose>
</ValueSet>