<?xml version="1.0" encoding="UTF-8"?>

<ValueSet xmlns="http://hl7.org/fhir">
  <id value="v3-RoleClassCoveredParty"/>
  <language value="en"/>
  <text>
    <status value="generated"/><div xml:lang="en" xmlns="http://www.w3.org/1999/xhtml" lang="en"><ul><li>Include codes from <a href="CodeSystem-v3-RoleClass.html"><code>http://terminology.hl7.org/CodeSystem/v3-RoleClass</code></a> where concept  is-a  <a href="CodeSystem-v3-RoleClass.html#v3-RoleClass-COVPTY">COVPTY</a></li></ul></div>
  </text>
  <url value="http://terminology.hl7.org/ValueSet/v3-RoleClassCoveredParty"/>
  <identifier>
    <system value="urn:ietf:rfc:3986"/>
    <value value="urn:oid:2.16.840.1.113883.1.11.19807"/>
  </identifier>
  <version value="0.1.0"/>
  <name value="RoleClassCoveredParty"/>
  <title value="RoleClassCoveredParty"/>
  <status value="active"/>
  <experimental value="false"/>
  <date value="2014-03-26"/>
  <publisher value="SatuSehat"/>
  <contact>
    <name value="SatuSehat"/>
    <telecom>
      <system value="url"/>
      <value value="https://satusehat.kemkes.go.id/"/>
    </telecom>
    <telecom>
      <system value="email"/>
      <value value="fhir@dto.kemkes.go.id"/>
    </telecom>
  </contact>
  <description value="**Description:** A relationship between a party that receives benefit coverage under the terms of an insurance policy or program and the underwriter of the policy or program. The role is played by the party that receives benefit coverage under the terms of a particular insurance policy or program. The organization playing the underwriter of that policy or program is the scoping entity.&#xD;&#xA;&#xD;&#xA;A covered party receives coverage under a policy because of some contractual or other relationship with the policy holder. In most cases, the policy holder has discretion over which parties may be covered under a policy, unless the policy holder assigns or is required by a court to assign this right.&#xD;&#xA;&#xD;&#xA;A covered party receives coverage under a program by being determined eligible based on program eligibility criteria specified by the program sponsor.&#xD;&#xA;&#xD;&#xA;**Discussion:** This reason for coverage is specified by use of a role type code from either of the abstract value sets beneath the PolicyOrProgramCoverageRoleType abstract value set.&#xD;&#xA;&#xD;&#xA;The CoverageRoleType abstract value set can only be used when the role class is the concept code &quot;covered party&quot; (COVPTY) because this value set contains precoordinated coded concepts relating to coverage criteria that was developed for the Canadian realm. This is to avoid overlapping concepts, e.g., the DEPEN role.class cannot be used with the FAMDEP Role.code&#xD;&#xA;&#xD;&#xA;The CoveredPartyRoleType abstract value set may be used with any of the covered party role class codes to support post coordination of coverage criteria. Where coverage under a policy depends on the concurrence of a policy holder, a relationship link with type code of indirect authority should be included using the policy holder role as the source, and the covered party role as the target.&#xD;&#xA;&#xD;&#xA;**Note:** A particular policy may cover several parties, one of whom may be, but need not be, the policy holder. Thus the notion of covered party is a role that is distinct from that of the policy holder.&#xD;&#xA;&#xD;&#xA;**Note:** The entity playing the role of covered party is an organization, a non-person living subject or a group of persons, the role class codes Subscriber and Dependent may not be used."/>
  <immutable value="true"/>
  <copyright value="This material derives from the HL7 Terminology THO. THO is copyright ©1989+ Health Level Seven International and is made available under the CC0 designation. For more licensing information see: https://terminology.hl7.org/license"/>
  <compose>
    <include>
      <system value="http://terminology.hl7.org/CodeSystem/v3-RoleClass"/>
      <filter>
        <property value="concept"/>
        <op value="is-a"/>
        <value value="COVPTY"/>
      </filter>
    </include>
  </compose>
</ValueSet>