[
  {
    "id" : "EncounterLocationUpgradeClass",
    "type" : "CodeSystem",
    "url" : "hhttp://terminology.kemkes.go.id/CodeSystem/locationUpgradeClass",
    "version" : "0.1.0",
    "name" : "EncounterLocationUpgradeClass"
  },
  {
    "id" : "KemkesHospitalClassCS",
    "type" : "CodeSystem",
    "url" : "http://terminology.kemkes.go.id/CodeSystem/HospitalClass",
    "version" : "0.1.0",
    "name" : "KemkesHospitalClassCS"
  },
  {
    "id" : "KemkesObservationInterpretation",
    "type" : "CodeSystem",
    "url" : "http://terminology.kemkes.go.id/CodeSystem/ObservationInterpretation",
    "version" : "0.1.0",
    "name" : "KemkesObservationInterpretation"
  },
  {
    "id" : "KemkesCancerMCategory",
    "type" : "CodeSystem",
    "url" : "http://terminology.kemkes.go.id/CodeSystem/cancer-m-category",
    "version" : "0.1.0",
    "name" : "KemkesCancerMCategoryCS"
  },
  {
    "id" : "KemkesCancerNCategory",
    "type" : "CodeSystem",
    "url" : "http://terminology.kemkes.go.id/CodeSystem/cancer-n-category",
    "version" : "0.1.0",
    "name" : "KemkesCancerNCategory"
  },
  {
    "id" : "KemkesCancerTCategoryCS",
    "type" : "CodeSystem",
    "url" : "http://terminology.kemkes.go.id/CodeSystem/cancer-t-category",
    "version" : "0.1.0",
    "name" : "KemkesCancerTCategoryCS"
  },
  {
    "id" : "KemkesCarePlanCategoryCS",
    "type" : "CodeSystem",
    "url" : "http://terminology.kemkes.go.id/CodeSystem/care-plan-category",
    "version" : "0.1.0",
    "name" : "KemkesCarePlanCategoryCS"
  },
  {
    "id" : "KemkesClinicalSpecialityCS",
    "type" : "CodeSystem",
    "url" : "http://terminology.kemkes.go.id/CodeSystem/clinical-speciality",
    "version" : "0.1.0",
    "name" : "KemkesClinicalSpecialityCS"
  },
  {
    "id" : "KemkesClinicalTermCS",
    "type" : "CodeSystem",
    "url" : "http://terminology.kemkes.go.id/CodeSystem/clinical-term",
    "version" : "0.1.0",
    "name" : "KemkesClinicalTermCS"
  },
  {
    "id" : "KemkesCompositionSectionCS",
    "type" : "CodeSystem",
    "url" : "http://terminology.kemkes.go.id/CodeSystem/composition-section",
    "version" : "0.1.0",
    "name" : "KemkesCompositionSectionCS"
  },
  {
    "id" : "KemkesCompositionTypeCS",
    "type" : "CodeSystem",
    "url" : "http://terminology.kemkes.go.id/CodeSystem/composition-type",
    "version" : "0.1.0",
    "name" : "KemkesCompositionTypeCS"
  },
  {
    "id" : "KemkesExaminationCS",
    "type" : "CodeSystem",
    "url" : "http://terminology.kemkes.go.id/CodeSystem/examination",
    "version" : "0.1.0",
    "name" : "KemkesExaminationCS"
  },
  {
    "id" : "KemkesICDOMorphologyCS",
    "type" : "CodeSystem",
    "url" : "http://terminology.kemkes.go.id/CodeSystem/icd-o-morphology",
    "version" : "0.1.0",
    "name" : "KemkesICDOMorphologyCS"
  },
  {
    "id" : "KemkesICDOTopographyCS",
    "type" : "CodeSystem",
    "url" : "http://terminology.kemkes.go.id/CodeSystem/icd-o-topography",
    "version" : "0.1.0",
    "name" : "KemkesICDOTopographyCS"
  },
  {
    "id" : "KemkesImmunizationFundingSourceCS",
    "type" : "CodeSystem",
    "url" : "http://terminology.kemkes.go.id/CodeSystem/immunization-fundingSource",
    "version" : "0.1.0",
    "name" : "KemkesImmunizationFundingSourceCS"
  },
  {
    "id" : "KemkesImmunizationProgramEligibilityCS",
    "type" : "CodeSystem",
    "url" : "http://terminology.kemkes.go.id/CodeSystem/immunization-program-eligibility",
    "version" : "0.1.0",
    "name" : "KemkesImmunizationProgramEligibilityCS"
  },
  {
    "id" : "KemkesImmunizationReasonCS",
    "type" : "CodeSystem",
    "url" : "http://terminology.kemkes.go.id/CodeSystem/immunization-reason",
    "version" : "0.1.0",
    "name" : "KemkesImmunizationReasonCS"
  },
  {
    "id" : "KemkesImmunizationRoutineTimingCS",
    "type" : "CodeSystem",
    "url" : "http://terminology.kemkes.go.id/CodeSystem/immunization-routine-timing",
    "version" : "0.1.0",
    "name" : "KemkesImmunizationRoutineTimingCS"
  },
  {
    "id" : "KemkesImmunizationStatusReasonCS",
    "type" : "CodeSystem",
    "url" : "http://terminology.kemkes.go.id/CodeSystem/immunization-statusReason",
    "version" : "0.1.0",
    "name" : "KemkesImmunizationStatusReasonCS"
  },
  {
    "id" : "KemkesLocationType",
    "type" : "CodeSystem",
    "url" : "http://terminology.kemkes.go.id/CodeSystem/location-type",
    "version" : "0.1.0",
    "name" : "KemkesLocationType"
  },
  {
    "id" : "EncounterLocationServiceClassInpatient",
    "type" : "CodeSystem",
    "url" : "http://terminology.kemkes.go.id/CodeSystem/locationServiceClass-Inpatient",
    "version" : "0.1.0",
    "name" : "EncounterLocationServiceClassInpatient"
  },
  {
    "id" : "EncounterLocationServiceClassOutpatient",
    "type" : "CodeSystem",
    "url" : "http://terminology.kemkes.go.id/CodeSystem/locationServiceClass-Outpatient",
    "version" : "0.1.0",
    "name" : "EncounterLocationServiceClassOutpatient"
  },
  {
    "id" : "KemkesLocationUpgradeClass",
    "type" : "CodeSystem",
    "url" : "http://terminology.kemkes.go.id/CodeSystem/locationUpgradeClass",
    "version" : "0.1.0",
    "name" : "KemkesLocationUpgradeClass"
  },
  {
    "id" : "KemkesMedicationForm",
    "type" : "CodeSystem",
    "url" : "http://terminology.kemkes.go.id/CodeSystem/medication-form",
    "version" : "0.1.0",
    "name" : "KemkesMedicationForm"
  },
  {
    "id" : "KemkesMedicationType",
    "type" : "CodeSystem",
    "url" : "http://terminology.kemkes.go.id/CodeSystem/medication-type",
    "version" : "0.1.0",
    "name" : "KemkesMedicationType"
  },
  {
    "id" : "KemkesOrganizationType",
    "type" : "CodeSystem",
    "url" : "http://terminology.kemkes.go.id/CodeSystem/organization-type",
    "version" : "0.1.0",
    "name" : "KemkesOrganizationType"
  },
  {
    "id" : "KemkesPrevTBTreatment",
    "type" : "CodeSystem",
    "url" : "http://terminology.kemkes.go.id/CodeSystem/prev-tb-treatment",
    "version" : "0.1.0",
    "name" : "KemkesPrevTBTreatment"
  },
  {
    "id" : "KemkesSmallestLogisticUnit",
    "type" : "CodeSystem",
    "url" : "http://terminology.kemkes.go.id/CodeSystem/smallest-logistic-unit",
    "version" : "0.1.0",
    "name" : "KemkesSmallestLogisticUnit"
  },
  {
    "id" : "KemkesKPSP",
    "type" : "CodeSystem",
    "url" : "http://terminology.kemkes.go.id/Codesystem/kpsp",
    "version" : "0.1.0",
    "name" : "KemkesKPSP"
  },
  {
    "id" : "IDCoreObservationVitalSigns",
    "type" : "StructureDefinition",
    "url" : "http://terminology.kemkes.go.id/StructureDefinition/vitalsigns",
    "version" : "0.1.0",
    "name" : "IDCoreObservationVitalSigns"
  },
  {
    "id" : "EncounterLocationServiceClassExtension",
    "type" : "ValueSet",
    "url" : "http://terminology.kemkes.go.id/ValueSet/EncounterLocationServiceClassExtension",
    "version" : "0.1.0",
    "name" : "EncounterLocationServiceClassExtension"
  },
  {
    "id" : "ObservationBodySite",
    "type" : "ValueSet",
    "url" : "http://terminology.kemkes.go.id/ValueSet/Observation.bodysite",
    "version" : "0.1.0",
    "name" : "ObservationBodySite"
  },
  {
    "id" : "Observationcode",
    "type" : "ValueSet",
    "url" : "http://terminology.kemkes.go.id/ValueSet/Observation.code",
    "version" : "0.1.0",
    "name" : "Observationcode"
  },
  {
    "id" : "Observation.interpretation",
    "type" : "ValueSet",
    "url" : "http://terminology.kemkes.go.id/ValueSet/Observation.interpretation",
    "version" : "0.1.0",
    "name" : "Observation.interpretation"
  },
  {
    "id" : "Observation.valueCodeableConcept",
    "type" : "ValueSet",
    "url" : "http://terminology.kemkes.go.id/ValueSet/Observation.valueCodeableConcept",
    "version" : "0.1.0",
    "name" : "Observation.valueCodeableConcept"
  },
  {
    "id" : "Observation.valueCodeableConceptSpecific",
    "type" : "ValueSet",
    "url" : "http://terminology.kemkes.go.id/ValueSet/Observation.valueCodeableConceptSpecific",
    "version" : "0.1.0",
    "name" : "Observation.valueCodeableConceptSpecific"
  },
  {
    "id" : "EncounterLocationServiceClassInpatient",
    "type" : "ValueSet",
    "url" : "http://terminology.kemkes.go.id/ValueSet/locationServiceClass-Inpatient",
    "version" : "0.1.0",
    "name" : "EncounterLocationServiceClassInpatient"
  },
  {
    "id" : "EncounterLocationServiceClassOutpatient",
    "type" : "ValueSet",
    "url" : "http://terminology.kemkes.go.id/ValueSet/locationServiceClass-Outpatient",
    "version" : "0.1.0",
    "name" : "EncounterLocationServiceClassOutpatient"
  },
  {
    "id" : "EncounterLocationUpgradeClass",
    "type" : "ValueSet",
    "url" : "http://terminology.kemkes.go.id/ValueSet/locationUpgradeClass",
    "version" : "0.1.0",
    "name" : "EncounterLocationUpgradeClass"
  },
  {
    "id" : "IDCoreVSBPDiastolic",
    "type" : "StructureDefinition",
    "url" : "http://terminology.kemkes.go.id/vitals/StructureDefinition/vs-bp-diastolic",
    "version" : "0.1.0",
    "name" : "IDCoreVSBPDiastolic"
  },
  {
    "id" : "IDCoreVSBPSystolic",
    "type" : "StructureDefinition",
    "url" : "http://terminology.kemkes.go.id/vitals/StructureDefinition/vs-bp-systolic",
    "version" : "0.1.0",
    "name" : "IDCoreVSBPSystolic"
  },
  {
    "id" : "hl7.fhir.id.core",
    "type" : "ImplementationGuide",
    "url" : "https://fhir.kemkes.go.id/r4/ImplementationGuide/hl7.fhir.id.core",
    "version" : "0.1.0",
    "name" : "IDCore"
  },
  {
    "id" : "AddressExtension",
    "type" : "StructureDefinition",
    "url" : "https://fhir.kemkes.go.id/r4/StructureDefinition/AddressExtension",
    "version" : "0.1.0",
    "name" : "AddressExtension"
  },
  {
    "id" : "CitizenshipStatusExtension",
    "type" : "StructureDefinition",
    "url" : "https://fhir.kemkes.go.id/r4/StructureDefinition/CitizenshipStatusExtension",
    "version" : "0.1.0",
    "name" : "CitizenshipStatusExtension"
  },
  {
    "id" : "EncounterLocation",
    "type" : "StructureDefinition",
    "url" : "https://fhir.kemkes.go.id/r4/StructureDefinition/EncounterLocation",
    "version" : "0.1.0",
    "name" : "EncounterLocation"
  },
  {
    "id" : "IDCoreCondition",
    "type" : "StructureDefinition",
    "url" : "https://fhir.kemkes.go.id/r4/StructureDefinition/IDCoreCondition",
    "version" : "0.1.0",
    "name" : "IDCoreCondition"
  },
  {
    "id" : "IDCoreEncounter",
    "type" : "StructureDefinition",
    "url" : "https://fhir.kemkes.go.id/r4/StructureDefinition/IDCoreEncounter",
    "version" : "0.1.0",
    "name" : "IDCoreEncounter"
  },
  {
    "id" : "IDCoreEncounterEMER",
    "type" : "StructureDefinition",
    "url" : "https://fhir.kemkes.go.id/r4/StructureDefinition/IDCoreEncounterEMER",
    "version" : "0.1.0",
    "name" : "IDCoreEncounterEMER"
  },
  {
    "id" : "IDCoreEncounterIMP",
    "type" : "StructureDefinition",
    "url" : "https://fhir.kemkes.go.id/r4/StructureDefinition/IDCoreEncounterIMP",
    "version" : "0.1.0",
    "name" : "IDCoreEncounterIMP"
  },
  {
    "id" : "IDCoreEncounterStatusFinished",
    "type" : "StructureDefinition",
    "url" : "https://fhir.kemkes.go.id/r4/StructureDefinition/IDCoreEncounterStatusFinished",
    "version" : "0.1.0",
    "name" : "IDCoreEncounterStatusFinished"
  },
  {
    "id" : "IDCoreObservation",
    "type" : "StructureDefinition",
    "url" : "https://fhir.kemkes.go.id/r4/StructureDefinition/IDCoreObservation",
    "version" : "0.1.0",
    "name" : "IDCoreObservation"
  },
  {
    "id" : "IDCorePatient",
    "type" : "StructureDefinition",
    "url" : "https://fhir.kemkes.go.id/r4/StructureDefinition/IDCorePatient",
    "version" : "0.1.0",
    "name" : "IDCorePatient"
  },
  {
    "id" : "IDCorePractitioner",
    "type" : "StructureDefinition",
    "url" : "https://fhir.kemkes.go.id/r4/StructureDefinition/IDCorePractitioner",
    "version" : "0.1.0",
    "name" : "IDCorePractitioner"
  }
]
