{
  "resourceType" : "CodeSystem",
  "id" : "KemkesLocationType",
  "language" : "Indonesia",
  "text" : {
    "status" : "generated",
    "div" : "<div xmlns=\"http://www.w3.org/1999/xhtml\" xml:lang=\"Indonesia\" lang=\"Indonesia\"><p>This case-sensitive code system <code>http://terminology.kemkes.go.id/CodeSystem/location-type</code> defines the following codes in a Is-A heirarchy:</p><table class=\"codes\"><tr><td style=\"white-space:nowrap\"><b>Code</b></td><td><b>Display</b></td></tr><tr><td style=\"white-space:nowrap\">LO000001<a name=\"KemkesLocationType-LO000001\"> </a></td><td>Dalam perjalanan dari rumah/ masyarakat</td></tr><tr><td style=\"white-space:nowrap\">LO000002<a name=\"KemkesLocationType-LO000002\"> </a></td><td>Dalam perjalanan ke faskes lain</td></tr><tr><td style=\"white-space:nowrap\">LO000003<a name=\"KemkesLocationType-LO000003\"> </a></td><td>Tempat Meninggal Lainnya</td></tr><tr><td style=\"white-space:nowrap\">LO000004<a name=\"KemkesLocationType-LO000004\"> </a></td><td>Belum Tahu Jenis Tempat Meninggal</td></tr><tr><td style=\"white-space:nowrap\">LT000001<a name=\"KemkesLocationType-LT000001\"> </a></td><td>Lokasi Tempat Bersalin</td></tr><tr><td style=\"white-space:nowrap\">LT000002<a name=\"KemkesLocationType-LT000002\"> </a></td><td>Tempat Meninggal Faskes</td></tr><tr><td style=\"white-space:nowrap\">LT000003<a name=\"KemkesLocationType-LT000003\"> </a></td><td>Tempat Meninggal Non Faskes</td></tr><tr><td style=\"white-space:nowrap\">LT000004<a name=\"KemkesLocationType-LT000004\"> </a></td><td>Alamat Lahir</td></tr><tr><td style=\"white-space:nowrap\">LT000005<a name=\"KemkesLocationType-LT000005\"> </a></td><td>Alamat Mati</td></tr><tr><td style=\"white-space:nowrap\">LT000006<a name=\"KemkesLocationType-LT000006\"> </a></td><td>Rumah Ibu</td></tr><tr><td style=\"white-space:nowrap\">LT000007<a name=\"KemkesLocationType-LT000007\"> </a></td><td>Rumah Dukun</td></tr><tr><td style=\"white-space:nowrap\">LT000008<a name=\"KemkesLocationType-LT000008\"> </a></td><td>Dalam perjalanan dari rumah/ masyarakat</td></tr><tr><td style=\"white-space:nowrap\">LT000009<a name=\"KemkesLocationType-LT000009\"> </a></td><td>Dalam perjalanan ke faskes lain</td></tr><tr><td style=\"white-space:nowrap\">LT000010<a name=\"KemkesLocationType-LT000010\"> </a></td><td>Tempat Meninggal Lainnya</td></tr><tr><td style=\"white-space:nowrap\">LT000011<a name=\"KemkesLocationType-LT000011\"> </a></td><td>Belum Tahu Jenis Tempat Meninggal</td></tr><tr><td style=\"white-space:nowrap\">RT0001<a name=\"KemkesLocationType-RT0001\"> </a></td><td>Wahana PIDI</td></tr><tr><td style=\"white-space:nowrap\">RT0002<a name=\"KemkesLocationType-RT0002\"> </a></td><td>Wahana PIDGI</td></tr><tr><td style=\"white-space:nowrap\">RT0003<a name=\"KemkesLocationType-RT0003\"> </a></td><td>RS Pendidikan</td></tr><tr><td style=\"white-space:nowrap\">RT0004<a name=\"KemkesLocationType-RT0004\"> </a></td><td>Tempat Tidur</td></tr><tr><td style=\"white-space:nowrap\">RT0005<a name=\"KemkesLocationType-RT0005\"> </a></td><td>Bank Darah</td></tr><tr><td style=\"white-space:nowrap\">RT0006<a name=\"KemkesLocationType-RT0006\"> </a></td><td>Instalasi Gawat Darurat</td></tr><tr><td style=\"white-space:nowrap\">RT0007<a name=\"KemkesLocationType-RT0007\"> </a></td><td>Ruang Perawatan Intensif Umum (ICU)</td></tr><tr><td style=\"white-space:nowrap\">RT0008<a name=\"KemkesLocationType-RT0008\"> </a></td><td>Ruangan Persalinan</td></tr><tr><td style=\"white-space:nowrap\">RT0009<a name=\"KemkesLocationType-RT0009\"> </a></td><td>Ruang Perawatan Intensif</td></tr><tr><td style=\"white-space:nowrap\">RT0010<a name=\"KemkesLocationType-RT0010\"> </a></td><td>Daerah Rawat Pasien ICU/ICCU/HCU/ PICU</td></tr><tr><td style=\"white-space:nowrap\">RT0011<a name=\"KemkesLocationType-RT0011\"> </a></td><td>Ruangan Perawatan Intensif Pediatrik (PICU)</td></tr><tr><td style=\"white-space:nowrap\">RT0012<a name=\"KemkesLocationType-RT0012\"> </a></td><td>Ruangan Perawatan Intensif Neonatus(NICU)</td></tr><tr><td style=\"white-space:nowrap\">RT0013<a name=\"KemkesLocationType-RT0013\"> </a></td><td>High Care Unit (HCU)</td></tr><tr><td style=\"white-space:nowrap\">RT0014<a name=\"KemkesLocationType-RT0014\"> </a></td><td>Intensive Cardiology Care Unit (ICCU)</td></tr><tr><td style=\"white-space:nowrap\">RT0015<a name=\"KemkesLocationType-RT0015\"> </a></td><td>Respiratory Intensive Care Unit (RICU)</td></tr><tr><td style=\"white-space:nowrap\">RT0016<a name=\"KemkesLocationType-RT0016\"> </a></td><td>Ruang Rawat Inap</td></tr><tr><td style=\"white-space:nowrap\">RT0017<a name=\"KemkesLocationType-RT0017\"> </a></td><td>Ruangan Perawatan (Post Partum)</td></tr><tr><td style=\"white-space:nowrap\">RT0018<a name=\"KemkesLocationType-RT0018\"> </a></td><td>Ruangan Perawatan Isolasi</td></tr><tr><td style=\"white-space:nowrap\">RT0019<a name=\"KemkesLocationType-RT0019\"> </a></td><td>Ruangan Perawatan Neonatus Infeksius/ Isolasi</td></tr><tr><td style=\"white-space:nowrap\">RT0020<a name=\"KemkesLocationType-RT0020\"> </a></td><td>Ruangan Perawatan Neonatus Non Infeksius</td></tr><tr><td style=\"white-space:nowrap\">RT0021<a name=\"KemkesLocationType-RT0021\"> </a></td><td>Ruangan Perawatan Pasien Paska Terapi</td></tr><tr><td style=\"white-space:nowrap\">RT0022<a name=\"KemkesLocationType-RT0022\"> </a></td><td>Ruangan Rawat Pasca Persalinan</td></tr><tr><td style=\"white-space:nowrap\">RT0023<a name=\"KemkesLocationType-RT0023\"> </a></td><td>Ruangan/ Daerah Rawat Pasien Isolasi</td></tr><tr><td style=\"white-space:nowrap\">RT0024<a name=\"KemkesLocationType-RT0024\"> </a></td><td>Ruangan/ Daerah Rawat Pasien Non Isolasi</td></tr><tr><td style=\"white-space:nowrap\">RT0025<a name=\"KemkesLocationType-RT0025\"> </a></td><td>Ruang Operasi</td></tr><tr><td style=\"white-space:nowrap\">RT0026<a name=\"KemkesLocationType-RT0026\"> </a></td><td>Ruangan Observasi</td></tr><tr><td style=\"white-space:nowrap\">RT0027<a name=\"KemkesLocationType-RT0027\"> </a></td><td>Ruangan Resusitasi</td></tr><tr><td style=\"white-space:nowrap\">RT0028<a name=\"KemkesLocationType-RT0028\"> </a></td><td>Ruangan Tindakan Anak</td></tr><tr><td style=\"white-space:nowrap\">RT0029<a name=\"KemkesLocationType-RT0029\"> </a></td><td>Ruangan Tindakan Bedah</td></tr><tr><td style=\"white-space:nowrap\">RT0030<a name=\"KemkesLocationType-RT0030\"> </a></td><td>Ruangan Tindakan Kebidanan</td></tr><tr><td style=\"white-space:nowrap\">RT0031<a name=\"KemkesLocationType-RT0031\"> </a></td><td>Ruangan Tindakan Non-Bedah</td></tr><tr><td style=\"white-space:nowrap\">RT0032<a name=\"KemkesLocationType-RT0032\"> </a></td><td>Ruangan Triase</td></tr><tr><td style=\"white-space:nowrap\">RT0033<a name=\"KemkesLocationType-RT0033\"> </a></td><td>Ruangan Ultra Sonografi (USG)</td></tr></table></div>"
  },
  "url" : "http://terminology.kemkes.go.id/CodeSystem/location-type",
  "version" : "0.1.0",
  "name" : "KemkesLocationType",
  "title" : "Terminology Kemkes location-type CodeSystem",
  "status" : "active",
  "experimental" : false,
  "date" : "2024-02-05T00:00:00.000Z",
  "publisher" : "Thomas Chaidir",
  "contact" : [{
    "name" : "Thomas Chaidir",
    "telecom" : [{
      "system" : "url",
      "value" : "https://satusehat.kemkes.go.id/"
    }]
  }],
  "description" : "Terminology Kemkes location-type CodeSystem",
  "caseSensitive" : true,
  "valueSet" : "http://terminology.kemkes.go.id/ValueSet/location-type",
  "hierarchyMeaning" : "is-a",
  "compositional" : false,
  "versionNeeded" : true,
  "content" : "complete",
  "count" : 48,
  "concept" : [{
    "code" : "LO000001",
    "display" : "Dalam perjalanan dari rumah/ masyarakat"
  },
  {
    "code" : "LO000002",
    "display" : "Dalam perjalanan ke faskes lain"
  },
  {
    "code" : "LO000003",
    "display" : "Tempat Meninggal Lainnya"
  },
  {
    "code" : "LO000004",
    "display" : "Belum Tahu Jenis Tempat Meninggal"
  },
  {
    "code" : "LT000001",
    "display" : "Lokasi Tempat Bersalin"
  },
  {
    "code" : "LT000002",
    "display" : "Tempat Meninggal Faskes"
  },
  {
    "code" : "LT000003",
    "display" : "Tempat Meninggal Non Faskes"
  },
  {
    "code" : "LT000004",
    "display" : "Alamat Lahir"
  },
  {
    "code" : "LT000005",
    "display" : "Alamat Mati"
  },
  {
    "code" : "LT000006",
    "display" : "Rumah Ibu"
  },
  {
    "code" : "LT000007",
    "display" : "Rumah Dukun"
  },
  {
    "code" : "LT000008",
    "display" : "Dalam perjalanan dari rumah/ masyarakat"
  },
  {
    "code" : "LT000009",
    "display" : "Dalam perjalanan ke faskes lain"
  },
  {
    "code" : "LT000010",
    "display" : "Tempat Meninggal Lainnya"
  },
  {
    "code" : "LT000011",
    "display" : "Belum Tahu Jenis Tempat Meninggal"
  },
  {
    "code" : "RT0001",
    "display" : "Wahana PIDI"
  },
  {
    "code" : "RT0002",
    "display" : "Wahana PIDGI"
  },
  {
    "code" : "RT0003",
    "display" : "RS Pendidikan"
  },
  {
    "code" : "RT0004",
    "display" : "Tempat Tidur"
  },
  {
    "code" : "RT0005",
    "display" : "Bank Darah"
  },
  {
    "code" : "RT0006",
    "display" : "Instalasi Gawat Darurat"
  },
  {
    "code" : "RT0007",
    "display" : "Ruang Perawatan Intensif Umum (ICU)"
  },
  {
    "code" : "RT0008",
    "display" : "Ruangan Persalinan"
  },
  {
    "code" : "RT0009",
    "display" : "Ruang Perawatan Intensif"
  },
  {
    "code" : "RT0010",
    "display" : "Daerah Rawat Pasien ICU/ICCU/HCU/ PICU"
  },
  {
    "code" : "RT0011",
    "display" : "Ruangan Perawatan Intensif Pediatrik (PICU)"
  },
  {
    "code" : "RT0012",
    "display" : "Ruangan Perawatan Intensif Neonatus(NICU)"
  },
  {
    "code" : "RT0013",
    "display" : "High Care Unit (HCU)"
  },
  {
    "code" : "RT0014",
    "display" : "Intensive Cardiology Care Unit (ICCU)"
  },
  {
    "code" : "RT0015",
    "display" : "Respiratory Intensive Care Unit (RICU)"
  },
  {
    "code" : "RT0016",
    "display" : "Ruang Rawat Inap"
  },
  {
    "code" : "RT0017",
    "display" : "Ruangan Perawatan (Post Partum)"
  },
  {
    "code" : "RT0018",
    "display" : "Ruangan Perawatan Isolasi"
  },
  {
    "code" : "RT0019",
    "display" : "Ruangan Perawatan Neonatus Infeksius/ Isolasi"
  },
  {
    "code" : "RT0020",
    "display" : "Ruangan Perawatan Neonatus Non Infeksius"
  },
  {
    "code" : "RT0021",
    "display" : "Ruangan Perawatan Pasien Paska Terapi"
  },
  {
    "code" : "RT0022",
    "display" : "Ruangan Rawat Pasca Persalinan"
  },
  {
    "code" : "RT0023",
    "display" : "Ruangan/ Daerah Rawat Pasien Isolasi"
  },
  {
    "code" : "RT0024",
    "display" : "Ruangan/ Daerah Rawat Pasien Non Isolasi"
  },
  {
    "code" : "RT0025",
    "display" : "Ruang Operasi"
  },
  {
    "code" : "RT0026",
    "display" : "Ruangan Observasi"
  },
  {
    "code" : "RT0027",
    "display" : "Ruangan Resusitasi"
  },
  {
    "code" : "RT0028",
    "display" : "Ruangan Tindakan Anak"
  },
  {
    "code" : "RT0029",
    "display" : "Ruangan Tindakan Bedah"
  },
  {
    "code" : "RT0030",
    "display" : "Ruangan Tindakan Kebidanan"
  },
  {
    "code" : "RT0031",
    "display" : "Ruangan Tindakan Non-Bedah"
  },
  {
    "code" : "RT0032",
    "display" : "Ruangan Triase"
  },
  {
    "code" : "RT0033",
    "display" : "Ruangan Ultra Sonografi (USG)"
  }]
}