{
  "resourceType" : "CodeSystem",
  "id" : "EncounterLocationServiceClassOutpatientCS",
  "text" : {
    "status" : "generated",
    "div" : "<div xmlns=\"http://www.w3.org/1999/xhtml\"><p>This  code system <code>hhttp://terminology.kemkes.go.id/CodeSystem/locationServiceClass-Outpatient</code> defines the following codes:</p><table class=\"codes\"><tr><td style=\"white-space:nowrap\"><b>Code</b></td><td><b>Display</b></td></tr><tr><td style=\"white-space:nowrap\">reguler<a name=\"EncounterLocationServiceClassOutpatientCS-reguler\"> </a></td><td>Kelas Reguler</td></tr><tr><td style=\"white-space:nowrap\">eksekutif<a name=\"EncounterLocationServiceClassOutpatientCS-eksekutif\"> </a></td><td>Kelas Eksekutif</td></tr></table></div>"
  },
  "url" : "hhttp://terminology.kemkes.go.id/CodeSystem/locationServiceClass-Outpatient",
  "version" : "0.1.0",
  "name" : "EncounterLocationServiceClassOutpatientCS",
  "title" : "Encounter Location ServiceClass Outpatient",
  "status" : "active",
  "date" : "2024-02-15T12:08:26+07:00",
  "publisher" : "Thomas Chaidir",
  "contact" : [{
    "name" : "Thomas Chaidir",
    "telecom" : [{
      "system" : "url",
      "value" : "https://satusehat.kemkes.go.id/"
    }]
  }],
  "description" : "Local ID encounter location ServiceClass Outpatient",
  "content" : "complete",
  "count" : 2,
  "concept" : [{
    "code" : "reguler",
    "display" : "Kelas Reguler"
  },
  {
    "code" : "eksekutif",
    "display" : "Kelas Eksekutif"
  }]
}