<?xml version="1.0" encoding="UTF-8"?>

<CodeSystem xmlns="http://hl7.org/fhir">
  <id value="KemkesImmunizationStatusReasonCS"/>
  <meta>
    <versionId value="2"/>
    <lastUpdated value="2023-11-09T13:31:14.515+07:00"/>
  </meta>
  <language value="Indonesia"/>
  <text>
    <status value="generated"/><div xmlns="http://www.w3.org/1999/xhtml" xml:lang="Indonesia" lang="Indonesia"><p>This case-sensitive code system <code>http://terminology.kemkes.go.id/CodeSystem/immunization-statusReason</code> defines the following codes in a Is-A heirarchy:</p><table class="codes"><tr><td style="white-space:nowrap"><b>Code</b></td><td><b>Display</b></td></tr><tr><td style="white-space:nowrap">IS000001<a name="KemkesImmunizationStatusReasonCS-IS000001"> </a></td><td>Tunda</td></tr><tr><td style="white-space:nowrap">IS000002<a name="KemkesImmunizationStatusReasonCS-IS000002"> </a></td><td>Tidak Diberikan</td></tr></table></div>
  </text>
  <url value="http://terminology.kemkes.go.id/CodeSystem/immunization-statusReason"/>
  <version value="0.1.0"/>
  <name value="KemkesImmunizationStatusReasonCS"/>
  <title value="Terminology Kemkes immunization statusReason CodeSystem"/>
  <status value="active"/>
  <experimental value="false"/>
  <date value="2024-02-05T00:00:00.000Z"/>
  <publisher value="Thomas Chaidir"/>
  <contact>
    <name value="Thomas Chaidir"/>
    <telecom>
      <system value="url"/>
      <value value="https://satusehat.kemkes.go.id/"/>
    </telecom>
  </contact>
  <description value="Terminology Kemkes immunization statusReason  CodeSystem"/>
  <caseSensitive value="true"/>
  <valueSet value="http://terminology.kemkes.go.id/ValueSet/immunization-statusReason"/>
  <hierarchyMeaning value="is-a"/>
  <compositional value="false"/>
  <versionNeeded value="true"/>
  <content value="complete"/>
  <count value="2"/>
  <concept>
    <code value="IS000001"/>
    <display value="Tunda"/>
  </concept>
  <concept>
    <code value="IS000002"/>
    <display value="Tidak Diberikan"/>
  </concept>
</CodeSystem>