{
  "resourceType" : "CodeSystem",
  "id" : "KemkesImmunizationProgramEligibilityCS",
  "meta" : {
    "versionId" : "2",
    "lastUpdated" : "2023-11-09T13:31:14.515+07:00"
  },
  "language" : "Indonesia",
  "text" : {
    "status" : "generated",
    "div" : "<div xmlns=\"http://www.w3.org/1999/xhtml\" xml:lang=\"Indonesia\" lang=\"Indonesia\"><p>This case-sensitive code system <code>http://terminology.kemkes.go.id/CodeSystem/immunization-program-eligibility</code> defines the following codes in a Is-A heirarchy:</p><table class=\"codes\"><tr><td style=\"white-space:nowrap\"><b>Code</b></td><td><b>Display</b></td></tr><tr><td style=\"white-space:nowrap\">1<a name=\"KemkesImmunizationProgramEligibilityCS-1\"> </a></td><td>Diverifikasi</td></tr><tr><td style=\"white-space:nowrap\">2<a name=\"KemkesImmunizationProgramEligibilityCS-2\"> </a></td><td>Belum diverifikasi</td></tr><tr><td style=\"white-space:nowrap\">3<a name=\"KemkesImmunizationProgramEligibilityCS-3\"> </a></td><td>Butuh verifikasi tambahan</td></tr><tr><td style=\"white-space:nowrap\">4<a name=\"KemkesImmunizationProgramEligibilityCS-4\"> </a></td><td>Bukan sasaran/duplikasi</td></tr></table></div>"
  },
  "url" : "http://terminology.kemkes.go.id/CodeSystem/immunization-program-eligibility",
  "version" : "0.1.0",
  "name" : "KemkesImmunizationProgramEligibilityCS",
  "title" : "Terminology Kemkes immunization program eligibility CodeSystem",
  "status" : "active",
  "experimental" : false,
  "date" : "2024-02-05T00:00:00.000Z",
  "publisher" : "Thomas Chaidir",
  "contact" : [{
    "name" : "Thomas Chaidir",
    "telecom" : [{
      "system" : "url",
      "value" : "https://satusehat.kemkes.go.id/"
    }]
  }],
  "description" : "Terminology Kemkes immunization program eligibility CodeSystem",
  "caseSensitive" : true,
  "valueSet" : "http://terminology.kemkes.go.id/ValueSet/immunization-program-eligibility",
  "hierarchyMeaning" : "is-a",
  "compositional" : false,
  "versionNeeded" : true,
  "content" : "complete",
  "count" : 4,
  "concept" : [{
    "code" : "1",
    "display" : "Diverifikasi"
  },
  {
    "code" : "2",
    "display" : "Belum diverifikasi"
  },
  {
    "code" : "3",
    "display" : "Butuh verifikasi tambahan"
  },
  {
    "code" : "4",
    "display" : "Bukan sasaran/duplikasi"
  }]
}