{
  "resourceType" : "CodeSystem",
  "id" : "KemkesICDOTopographyCS",
  "language" : "English",
  "text" : {
    "status" : "generated",
    "div" : "<div xmlns=\"http://www.w3.org/1999/xhtml\" xml:lang=\"English\" lang=\"English\"><p>This case-insensitive code system <code>http://terminology.kemkes.go.id/CodeSystem/icd-o-topography</code> defines the following codes in a Is-A heirarchy:</p><table class=\"codes\"><tr><td style=\"white-space:nowrap\"><b>Code</b></td><td><b>Display</b></td></tr><tr><td style=\"white-space:nowrap\">C00<a name=\"KemkesICDOTopographyCS-C00\"> </a></td><td>LIP</td></tr><tr><td style=\"white-space:nowrap\">C00.0<a name=\"KemkesICDOTopographyCS-C00.460\"> </a></td><td>External upper lip</td></tr><tr><td style=\"white-space:nowrap\">C00.1<a name=\"KemkesICDOTopographyCS-C00.461\"> </a></td><td>External lower lip</td></tr><tr><td style=\"white-space:nowrap\">C00.2<a name=\"KemkesICDOTopographyCS-C00.462\"> </a></td><td>External lip, NOS</td></tr><tr><td style=\"white-space:nowrap\">C00.3<a name=\"KemkesICDOTopographyCS-C00.463\"> </a></td><td>Mucosa of upper lip</td></tr><tr><td style=\"white-space:nowrap\">C00.4<a name=\"KemkesICDOTopographyCS-C00.464\"> </a></td><td>Mucosa of lower lip</td></tr><tr><td style=\"white-space:nowrap\">C00.5<a name=\"KemkesICDOTopographyCS-C00.465\"> </a></td><td>Mucosa of lip, NOS</td></tr><tr><td style=\"white-space:nowrap\">C00.6<a name=\"KemkesICDOTopographyCS-C00.466\"> </a></td><td>Commissure of lip</td></tr><tr><td style=\"white-space:nowrap\">C00.8<a name=\"KemkesICDOTopographyCS-C00.468\"> </a></td><td>Overlapping lesion of lip</td></tr><tr><td style=\"white-space:nowrap\">C00.9<a name=\"KemkesICDOTopographyCS-C00.469\"> </a></td><td>Lip, NOS</td></tr><tr><td style=\"white-space:nowrap\">C01<a name=\"KemkesICDOTopographyCS-C01\"> </a></td><td>BASE OF TONGUE</td></tr><tr><td style=\"white-space:nowrap\">C01.9<a name=\"KemkesICDOTopographyCS-C01.469\"> </a></td><td>Base of tongue, NOS</td></tr><tr><td style=\"white-space:nowrap\">C02<a name=\"KemkesICDOTopographyCS-C02\"> </a></td><td>OTHER AND UNSPECIFIED PARTS OF TONGUE</td></tr><tr><td style=\"white-space:nowrap\">C02.0<a name=\"KemkesICDOTopographyCS-C02.460\"> </a></td><td>Dorsal surface of tongue, NOS</td></tr><tr><td style=\"white-space:nowrap\">C02.1<a name=\"KemkesICDOTopographyCS-C02.461\"> </a></td><td>Border of tongue</td></tr><tr><td style=\"white-space:nowrap\">C02.2<a name=\"KemkesICDOTopographyCS-C02.462\"> </a></td><td>Ventral surface of tongue, NOS</td></tr><tr><td style=\"white-space:nowrap\">C02.3<a name=\"KemkesICDOTopographyCS-C02.463\"> </a></td><td>Anterior 2/3 of tongue, NOS</td></tr><tr><td style=\"white-space:nowrap\">C02.4<a name=\"KemkesICDOTopographyCS-C02.464\"> </a></td><td>Lingual tonsil</td></tr><tr><td style=\"white-space:nowrap\">C02.8<a name=\"KemkesICDOTopographyCS-C02.468\"> </a></td><td>Overlapping lesion of tongue</td></tr><tr><td style=\"white-space:nowrap\">C02.9<a name=\"KemkesICDOTopographyCS-C02.469\"> </a></td><td>Tongue, NOS</td></tr><tr><td style=\"white-space:nowrap\">C03<a name=\"KemkesICDOTopographyCS-C03\"> </a></td><td>GUM</td></tr><tr><td style=\"white-space:nowrap\">C03.0<a name=\"KemkesICDOTopographyCS-C03.460\"> </a></td><td>Upper gum</td></tr><tr><td style=\"white-space:nowrap\">C03.1<a name=\"KemkesICDOTopographyCS-C03.461\"> </a></td><td>Lower gum</td></tr><tr><td style=\"white-space:nowrap\">C03.9<a name=\"KemkesICDOTopographyCS-C03.469\"> </a></td><td>Gum, NOS</td></tr><tr><td style=\"white-space:nowrap\">C04<a name=\"KemkesICDOTopographyCS-C04\"> </a></td><td>FLOOR OF MOUTH</td></tr><tr><td style=\"white-space:nowrap\">C04.0<a name=\"KemkesICDOTopographyCS-C04.460\"> </a></td><td>Anterior floor of mouth</td></tr><tr><td style=\"white-space:nowrap\">C04.1<a name=\"KemkesICDOTopographyCS-C04.461\"> </a></td><td>Lateral floor of mouth</td></tr><tr><td style=\"white-space:nowrap\">C04.8<a name=\"KemkesICDOTopographyCS-C04.468\"> </a></td><td>Overlapping lesion of floor of mouth</td></tr><tr><td style=\"white-space:nowrap\">C04.9<a name=\"KemkesICDOTopographyCS-C04.469\"> </a></td><td>Floor of mouth, NOS</td></tr><tr><td style=\"white-space:nowrap\">C05<a name=\"KemkesICDOTopographyCS-C05\"> </a></td><td>PALATE</td></tr><tr><td style=\"white-space:nowrap\">C05.0<a name=\"KemkesICDOTopographyCS-C05.460\"> </a></td><td>Hard palate</td></tr><tr><td style=\"white-space:nowrap\">C05.1<a name=\"KemkesICDOTopographyCS-C05.461\"> </a></td><td>Soft palate, NOS</td></tr><tr><td style=\"white-space:nowrap\">C05.2<a name=\"KemkesICDOTopographyCS-C05.462\"> </a></td><td>Uvula</td></tr><tr><td style=\"white-space:nowrap\">C05.8<a name=\"KemkesICDOTopographyCS-C05.468\"> </a></td><td>Overlapping lesion of palate</td></tr><tr><td style=\"white-space:nowrap\">C05.9<a name=\"KemkesICDOTopographyCS-C05.469\"> </a></td><td>Palate, NOS</td></tr><tr><td style=\"white-space:nowrap\">C06<a name=\"KemkesICDOTopographyCS-C06\"> </a></td><td>OTHER AND UNSPECIFIED PARTS OF MOUTH</td></tr><tr><td style=\"white-space:nowrap\">C06.0<a name=\"KemkesICDOTopographyCS-C06.460\"> </a></td><td>Cheek mucosa</td></tr><tr><td style=\"white-space:nowrap\">C06.1<a name=\"KemkesICDOTopographyCS-C06.461\"> </a></td><td>Vestibule of mouth</td></tr><tr><td style=\"white-space:nowrap\">C06.2<a name=\"KemkesICDOTopographyCS-C06.462\"> </a></td><td>Retromolar area</td></tr><tr><td style=\"white-space:nowrap\">C06.8<a name=\"KemkesICDOTopographyCS-C06.468\"> </a></td><td>Overlapping lesion of other and unspecified parts of mouth</td></tr><tr><td style=\"white-space:nowrap\">C06.9<a name=\"KemkesICDOTopographyCS-C06.469\"> </a></td><td>Mouth, NOS</td></tr><tr><td style=\"white-space:nowrap\">C07<a name=\"KemkesICDOTopographyCS-C07\"> </a></td><td>PAROTID GLAND</td></tr><tr><td style=\"white-space:nowrap\">C07.9<a name=\"KemkesICDOTopographyCS-C07.469\"> </a></td><td>Parotid gland</td></tr><tr><td style=\"white-space:nowrap\">C08<a name=\"KemkesICDOTopographyCS-C08\"> </a></td><td>OTHER AND UNSPECIFIED MAJOR SALIVARY GLANDS</td></tr><tr><td style=\"white-space:nowrap\">C08.0<a name=\"KemkesICDOTopographyCS-C08.460\"> </a></td><td>Submandibular gland</td></tr><tr><td style=\"white-space:nowrap\">C08.1<a name=\"KemkesICDOTopographyCS-C08.461\"> </a></td><td>Sublingual gland</td></tr><tr><td style=\"white-space:nowrap\">C08.8<a name=\"KemkesICDOTopographyCS-C08.468\"> </a></td><td>Overlapping lesion of major salivary glands</td></tr><tr><td style=\"white-space:nowrap\">C08.9<a name=\"KemkesICDOTopographyCS-C08.469\"> </a></td><td>Major salivary gland, NOS</td></tr><tr><td style=\"white-space:nowrap\">C09<a name=\"KemkesICDOTopographyCS-C09\"> </a></td><td>TONSIL</td></tr><tr><td style=\"white-space:nowrap\">C09.0<a name=\"KemkesICDOTopographyCS-C09.460\"> </a></td><td>Tonsillar fossa</td></tr><tr><td style=\"white-space:nowrap\">C09.1<a name=\"KemkesICDOTopographyCS-C09.461\"> </a></td><td>Tonsillar pillar</td></tr><tr><td style=\"white-space:nowrap\">C09.8<a name=\"KemkesICDOTopographyCS-C09.468\"> </a></td><td>Overlapping lesion of tonsil</td></tr><tr><td style=\"white-space:nowrap\">C09.9<a name=\"KemkesICDOTopographyCS-C09.469\"> </a></td><td>Tonsil, NOS</td></tr><tr><td style=\"white-space:nowrap\">C10<a name=\"KemkesICDOTopographyCS-C10\"> </a></td><td>OROPHARYNX</td></tr><tr><td style=\"white-space:nowrap\">C10.0<a name=\"KemkesICDOTopographyCS-C10.460\"> </a></td><td>Vallecula</td></tr><tr><td style=\"white-space:nowrap\">C10.1<a name=\"KemkesICDOTopographyCS-C10.461\"> </a></td><td>Anterior surface of epiglottis</td></tr><tr><td style=\"white-space:nowrap\">C10.2<a name=\"KemkesICDOTopographyCS-C10.462\"> </a></td><td>Lateral wall of oropharynx</td></tr><tr><td style=\"white-space:nowrap\">C10.3<a name=\"KemkesICDOTopographyCS-C10.463\"> </a></td><td>Posterior wall of oropharynx</td></tr><tr><td style=\"white-space:nowrap\">C10.4<a name=\"KemkesICDOTopographyCS-C10.464\"> </a></td><td>Branchial cleft</td></tr><tr><td style=\"white-space:nowrap\">C10.8<a name=\"KemkesICDOTopographyCS-C10.468\"> </a></td><td>Overlapping lesion of oropharynx</td></tr><tr><td style=\"white-space:nowrap\">C10.9<a name=\"KemkesICDOTopographyCS-C10.469\"> </a></td><td>Oropharynx, NOS</td></tr><tr><td style=\"white-space:nowrap\">C11<a name=\"KemkesICDOTopographyCS-C11\"> </a></td><td>NASOPHARYNX</td></tr><tr><td style=\"white-space:nowrap\">C11.0<a name=\"KemkesICDOTopographyCS-C11.460\"> </a></td><td>Superior wall of nasopharynx</td></tr><tr><td style=\"white-space:nowrap\">C11.1<a name=\"KemkesICDOTopographyCS-C11.461\"> </a></td><td>Posterior wall of nasopharynx</td></tr><tr><td style=\"white-space:nowrap\">C11.2<a name=\"KemkesICDOTopographyCS-C11.462\"> </a></td><td>Lateral wall of nasopharynx</td></tr><tr><td style=\"white-space:nowrap\">C11.3<a name=\"KemkesICDOTopographyCS-C11.463\"> </a></td><td>Anterior wall of nasopharynx</td></tr><tr><td style=\"white-space:nowrap\">C11.8<a name=\"KemkesICDOTopographyCS-C11.468\"> </a></td><td>Overlapping lesion of nasopharynx</td></tr><tr><td style=\"white-space:nowrap\">C11.9<a name=\"KemkesICDOTopographyCS-C11.469\"> </a></td><td>Nasopharynx, NOS</td></tr><tr><td style=\"white-space:nowrap\">C12<a name=\"KemkesICDOTopographyCS-C12\"> </a></td><td>PYRIFORM SINUS</td></tr><tr><td style=\"white-space:nowrap\">C12.9<a name=\"KemkesICDOTopographyCS-C12.469\"> </a></td><td>Pyriform sinus</td></tr><tr><td style=\"white-space:nowrap\">C13<a name=\"KemkesICDOTopographyCS-C13\"> </a></td><td>HYPOPHARYNX</td></tr><tr><td style=\"white-space:nowrap\">C13.0<a name=\"KemkesICDOTopographyCS-C13.460\"> </a></td><td>Postcricoid region</td></tr><tr><td style=\"white-space:nowrap\">C13.1<a name=\"KemkesICDOTopographyCS-C13.461\"> </a></td><td>Hypopharyngeal aspect of aryepiglottic fold</td></tr><tr><td style=\"white-space:nowrap\">C13.2<a name=\"KemkesICDOTopographyCS-C13.462\"> </a></td><td>Posterior wall of hypopharynx</td></tr><tr><td style=\"white-space:nowrap\">C13.8<a name=\"KemkesICDOTopographyCS-C13.468\"> </a></td><td>Overlapping lesion of hypopharynx</td></tr><tr><td style=\"white-space:nowrap\">C13.9<a name=\"KemkesICDOTopographyCS-C13.469\"> </a></td><td>Hypopharynx, NOS</td></tr><tr><td style=\"white-space:nowrap\">C14<a name=\"KemkesICDOTopographyCS-C14\"> </a></td><td>OTHER AND ILL-DEFINED SITES IN LIP, ORAL CAVITY AND PHARYNX</td></tr><tr><td style=\"white-space:nowrap\">C14.0<a name=\"KemkesICDOTopographyCS-C14.460\"> </a></td><td>Pharynx, NOS</td></tr><tr><td style=\"white-space:nowrap\">C14.2<a name=\"KemkesICDOTopographyCS-C14.462\"> </a></td><td>Waldeyer ring</td></tr><tr><td style=\"white-space:nowrap\">C14.8<a name=\"KemkesICDOTopographyCS-C14.468\"> </a></td><td>Overlapping lesion of lip, oral cavity and pharynx</td></tr><tr><td style=\"white-space:nowrap\">C15<a name=\"KemkesICDOTopographyCS-C15\"> </a></td><td>ESOPHAGUS</td></tr><tr><td style=\"white-space:nowrap\">C15.0<a name=\"KemkesICDOTopographyCS-C15.460\"> </a></td><td>Cervical esophagus</td></tr><tr><td style=\"white-space:nowrap\">C15.1<a name=\"KemkesICDOTopographyCS-C15.461\"> </a></td><td>Thoracic esophagus</td></tr><tr><td style=\"white-space:nowrap\">C15.2<a name=\"KemkesICDOTopographyCS-C15.462\"> </a></td><td>Abdominal esophagus</td></tr><tr><td style=\"white-space:nowrap\">C15.3<a name=\"KemkesICDOTopographyCS-C15.463\"> </a></td><td>Upper third of esophagus</td></tr><tr><td style=\"white-space:nowrap\">C15.4<a name=\"KemkesICDOTopographyCS-C15.464\"> </a></td><td>Middle third of esophagus</td></tr><tr><td style=\"white-space:nowrap\">C15.5<a name=\"KemkesICDOTopographyCS-C15.465\"> </a></td><td>Lower third of esophagus</td></tr><tr><td style=\"white-space:nowrap\">C15.8<a name=\"KemkesICDOTopographyCS-C15.468\"> </a></td><td>Overlapping lesion of esophagus</td></tr><tr><td style=\"white-space:nowrap\">C15.9<a name=\"KemkesICDOTopographyCS-C15.469\"> </a></td><td>Esophagus, NOS</td></tr><tr><td style=\"white-space:nowrap\">C16<a name=\"KemkesICDOTopographyCS-C16\"> </a></td><td>STOMACH</td></tr><tr><td style=\"white-space:nowrap\">C16.0<a name=\"KemkesICDOTopographyCS-C16.460\"> </a></td><td>Cardia, NOS</td></tr><tr><td style=\"white-space:nowrap\">C16.1<a name=\"KemkesICDOTopographyCS-C16.461\"> </a></td><td>Fundus of stomach</td></tr><tr><td style=\"white-space:nowrap\">C16.2<a name=\"KemkesICDOTopographyCS-C16.462\"> </a></td><td>Body of stomach</td></tr><tr><td style=\"white-space:nowrap\">C16.3<a name=\"KemkesICDOTopographyCS-C16.463\"> </a></td><td>Gastric antrum</td></tr><tr><td style=\"white-space:nowrap\">C16.4<a name=\"KemkesICDOTopographyCS-C16.464\"> </a></td><td>Pylorus</td></tr><tr><td style=\"white-space:nowrap\">C16.5<a name=\"KemkesICDOTopographyCS-C16.465\"> </a></td><td>Lesser curvature of stomach, NOS</td></tr><tr><td style=\"white-space:nowrap\">C16.6<a name=\"KemkesICDOTopographyCS-C16.466\"> </a></td><td>Greater curvature of stomach, NOS</td></tr><tr><td style=\"white-space:nowrap\">C16.8<a name=\"KemkesICDOTopographyCS-C16.468\"> </a></td><td>Overlapping lesion of stomach</td></tr><tr><td style=\"white-space:nowrap\">C16.9<a name=\"KemkesICDOTopographyCS-C16.469\"> </a></td><td>Stomach, NOS</td></tr><tr><td style=\"white-space:nowrap\">C17<a name=\"KemkesICDOTopographyCS-C17\"> </a></td><td>SMALL INTESTINE</td></tr><tr><td style=\"white-space:nowrap\">C17.0<a name=\"KemkesICDOTopographyCS-C17.460\"> </a></td><td>Duodenum</td></tr><tr><td style=\"white-space:nowrap\">C17.1<a name=\"KemkesICDOTopographyCS-C17.461\"> </a></td><td>Jejunum</td></tr><tr><td style=\"white-space:nowrap\">C17.2<a name=\"KemkesICDOTopographyCS-C17.462\"> </a></td><td>Ileum</td></tr><tr><td style=\"white-space:nowrap\">C17.3<a name=\"KemkesICDOTopographyCS-C17.463\"> </a></td><td>Meckel diverticulum</td></tr><tr><td style=\"white-space:nowrap\">C17.8<a name=\"KemkesICDOTopographyCS-C17.468\"> </a></td><td>Overlapping lesion of small intestine</td></tr><tr><td style=\"white-space:nowrap\">C17.9<a name=\"KemkesICDOTopographyCS-C17.469\"> </a></td><td>Small intestine, NOS</td></tr><tr><td style=\"white-space:nowrap\">C18<a name=\"KemkesICDOTopographyCS-C18\"> </a></td><td>COLON</td></tr><tr><td style=\"white-space:nowrap\">C18.0<a name=\"KemkesICDOTopographyCS-C18.460\"> </a></td><td>Cecum</td></tr><tr><td style=\"white-space:nowrap\">C18.1<a name=\"KemkesICDOTopographyCS-C18.461\"> </a></td><td>Appendix</td></tr><tr><td style=\"white-space:nowrap\">C18.2<a name=\"KemkesICDOTopographyCS-C18.462\"> </a></td><td>Ascending colon</td></tr><tr><td style=\"white-space:nowrap\">C18.3<a name=\"KemkesICDOTopographyCS-C18.463\"> </a></td><td>Hepatic flexure of colon</td></tr><tr><td style=\"white-space:nowrap\">C18.4<a name=\"KemkesICDOTopographyCS-C18.464\"> </a></td><td>Transverse colon</td></tr><tr><td style=\"white-space:nowrap\">C18.5<a name=\"KemkesICDOTopographyCS-C18.465\"> </a></td><td>Splenic flexure of colon</td></tr><tr><td style=\"white-space:nowrap\">C18.6<a name=\"KemkesICDOTopographyCS-C18.466\"> </a></td><td>Descending colon</td></tr><tr><td style=\"white-space:nowrap\">C18.7<a name=\"KemkesICDOTopographyCS-C18.467\"> </a></td><td>Sigmoid colon</td></tr><tr><td style=\"white-space:nowrap\">C18.8<a name=\"KemkesICDOTopographyCS-C18.468\"> </a></td><td>Overlapping lesion of colon</td></tr><tr><td style=\"white-space:nowrap\">C18.9<a name=\"KemkesICDOTopographyCS-C18.469\"> </a></td><td>Colon, NOS</td></tr><tr><td style=\"white-space:nowrap\">C19<a name=\"KemkesICDOTopographyCS-C19\"> </a></td><td>RECTOSIGMOID JUNCTION</td></tr><tr><td style=\"white-space:nowrap\">C19.9<a name=\"KemkesICDOTopographyCS-C19.469\"> </a></td><td>Rectosigmoid junction</td></tr><tr><td style=\"white-space:nowrap\">C20<a name=\"KemkesICDOTopographyCS-C20\"> </a></td><td>RECTUM</td></tr><tr><td style=\"white-space:nowrap\">C20.9<a name=\"KemkesICDOTopographyCS-C20.469\"> </a></td><td>Rectum, NOS</td></tr><tr><td style=\"white-space:nowrap\">C21<a name=\"KemkesICDOTopographyCS-C21\"> </a></td><td>ANUS AND ANAL CANAL</td></tr><tr><td style=\"white-space:nowrap\">C21.0<a name=\"KemkesICDOTopographyCS-C21.460\"> </a></td><td>Anus, NOS</td></tr><tr><td style=\"white-space:nowrap\">C21.1<a name=\"KemkesICDOTopographyCS-C21.461\"> </a></td><td>Anal canal</td></tr><tr><td style=\"white-space:nowrap\">C21.2<a name=\"KemkesICDOTopographyCS-C21.462\"> </a></td><td>Cloacogenic zone</td></tr><tr><td style=\"white-space:nowrap\">C21.8<a name=\"KemkesICDOTopographyCS-C21.468\"> </a></td><td>Overlapping lesion of rectum, anus and anal canal</td></tr><tr><td style=\"white-space:nowrap\">C22<a name=\"KemkesICDOTopographyCS-C22\"> </a></td><td>LIVER AND INTRAHEPATIC BILE DUCTS</td></tr><tr><td style=\"white-space:nowrap\">C22.0<a name=\"KemkesICDOTopographyCS-C22.460\"> </a></td><td>Liver</td></tr><tr><td style=\"white-space:nowrap\">C22.1<a name=\"KemkesICDOTopographyCS-C22.461\"> </a></td><td>Intrahepatic bile duct</td></tr><tr><td style=\"white-space:nowrap\">C23<a name=\"KemkesICDOTopographyCS-C23\"> </a></td><td>GALLBLADDER</td></tr><tr><td style=\"white-space:nowrap\">C23.9<a name=\"KemkesICDOTopographyCS-C23.469\"> </a></td><td>Gallbladder</td></tr><tr><td style=\"white-space:nowrap\">C24<a name=\"KemkesICDOTopographyCS-C24\"> </a></td><td>OTHER AND UNSPECIFIED PARTS OF BILIARY TRACT</td></tr><tr><td style=\"white-space:nowrap\">C24.0<a name=\"KemkesICDOTopographyCS-C24.460\"> </a></td><td>Extrahepatic bile duct</td></tr><tr><td style=\"white-space:nowrap\">C24.1<a name=\"KemkesICDOTopographyCS-C24.461\"> </a></td><td>Ampulla of Vater</td></tr><tr><td style=\"white-space:nowrap\">C24.8<a name=\"KemkesICDOTopographyCS-C24.468\"> </a></td><td>Overlapping lesion of biliary tract</td></tr><tr><td style=\"white-space:nowrap\">C24.9<a name=\"KemkesICDOTopographyCS-C24.469\"> </a></td><td>Biliary tract, NOS</td></tr><tr><td style=\"white-space:nowrap\">C25<a name=\"KemkesICDOTopographyCS-C25\"> </a></td><td>PANCREAS</td></tr><tr><td style=\"white-space:nowrap\">C25.0<a name=\"KemkesICDOTopographyCS-C25.460\"> </a></td><td>Head of pancreas</td></tr><tr><td style=\"white-space:nowrap\">C25.1<a name=\"KemkesICDOTopographyCS-C25.461\"> </a></td><td>Body of pancreas</td></tr><tr><td style=\"white-space:nowrap\">C25.2<a name=\"KemkesICDOTopographyCS-C25.462\"> </a></td><td>Tail of pancreas</td></tr><tr><td style=\"white-space:nowrap\">C25.3<a name=\"KemkesICDOTopographyCS-C25.463\"> </a></td><td>Pancreatic duct</td></tr><tr><td style=\"white-space:nowrap\">C25.4<a name=\"KemkesICDOTopographyCS-C25.464\"> </a></td><td>Islets of Langerhans</td></tr><tr><td style=\"white-space:nowrap\">C25.7<a name=\"KemkesICDOTopographyCS-C25.467\"> </a></td><td>Other specified parts of pancreas</td></tr><tr><td style=\"white-space:nowrap\">C25.8<a name=\"KemkesICDOTopographyCS-C25.468\"> </a></td><td>Overlapping lesion of pancreas</td></tr><tr><td style=\"white-space:nowrap\">C25.9<a name=\"KemkesICDOTopographyCS-C25.469\"> </a></td><td>Pancreas, NOS</td></tr><tr><td style=\"white-space:nowrap\">C26<a name=\"KemkesICDOTopographyCS-C26\"> </a></td><td>OTHER AND ILL-DEFINED DIGESTIVE ORGANS</td></tr><tr><td style=\"white-space:nowrap\">C26.0<a name=\"KemkesICDOTopographyCS-C26.460\"> </a></td><td>Intestinal tract, NOS</td></tr><tr><td style=\"white-space:nowrap\">C26.8<a name=\"KemkesICDOTopographyCS-C26.468\"> </a></td><td>Overlapping lesion of digestive system</td></tr><tr><td style=\"white-space:nowrap\">C26.9<a name=\"KemkesICDOTopographyCS-C26.469\"> </a></td><td>Gastrointestinal tract, NOS</td></tr><tr><td style=\"white-space:nowrap\">C30<a name=\"KemkesICDOTopographyCS-C30\"> </a></td><td>NASAL CAVITY AND MIDDLE EAR</td></tr><tr><td style=\"white-space:nowrap\">C30.0<a name=\"KemkesICDOTopographyCS-C30.460\"> </a></td><td>Nasal cavity</td></tr><tr><td style=\"white-space:nowrap\">C30.1<a name=\"KemkesICDOTopographyCS-C30.461\"> </a></td><td>Middle ear</td></tr><tr><td style=\"white-space:nowrap\">C31<a name=\"KemkesICDOTopographyCS-C31\"> </a></td><td>ACCESSORY SINUSES</td></tr><tr><td style=\"white-space:nowrap\">C31.0<a name=\"KemkesICDOTopographyCS-C31.460\"> </a></td><td>Maxillary sinus</td></tr><tr><td style=\"white-space:nowrap\">C31.1<a name=\"KemkesICDOTopographyCS-C31.461\"> </a></td><td>Ethmoid sinus</td></tr><tr><td style=\"white-space:nowrap\">C31.2<a name=\"KemkesICDOTopographyCS-C31.462\"> </a></td><td>Frontal sinus</td></tr><tr><td style=\"white-space:nowrap\">C31.3<a name=\"KemkesICDOTopographyCS-C31.463\"> </a></td><td>Sphenoid sinus</td></tr><tr><td style=\"white-space:nowrap\">C31.8<a name=\"KemkesICDOTopographyCS-C31.468\"> </a></td><td>Overlapping lesion of sinuses accessory</td></tr><tr><td style=\"white-space:nowrap\">C31.9<a name=\"KemkesICDOTopographyCS-C31.469\"> </a></td><td>Accessory sinus, NOS</td></tr><tr><td style=\"white-space:nowrap\">C32<a name=\"KemkesICDOTopographyCS-C32\"> </a></td><td>LARYNX</td></tr><tr><td style=\"white-space:nowrap\">C32.0<a name=\"KemkesICDOTopographyCS-C32.460\"> </a></td><td>Glottis</td></tr><tr><td style=\"white-space:nowrap\">C32.1<a name=\"KemkesICDOTopographyCS-C32.461\"> </a></td><td>Supraglottis</td></tr><tr><td style=\"white-space:nowrap\">C32.2<a name=\"KemkesICDOTopographyCS-C32.462\"> </a></td><td>Subglottis</td></tr><tr><td style=\"white-space:nowrap\">C32.3<a name=\"KemkesICDOTopographyCS-C32.463\"> </a></td><td>Laryngeal cartilage</td></tr><tr><td style=\"white-space:nowrap\">C32.8<a name=\"KemkesICDOTopographyCS-C32.468\"> </a></td><td>Overlapping lesion of larynx</td></tr><tr><td style=\"white-space:nowrap\">C32.9<a name=\"KemkesICDOTopographyCS-C32.469\"> </a></td><td>Larynx, NOS</td></tr><tr><td style=\"white-space:nowrap\">C33<a name=\"KemkesICDOTopographyCS-C33\"> </a></td><td>TRACHEA</td></tr><tr><td style=\"white-space:nowrap\">C33.9<a name=\"KemkesICDOTopographyCS-C33.469\"> </a></td><td>Trachea</td></tr><tr><td style=\"white-space:nowrap\">C34<a name=\"KemkesICDOTopographyCS-C34\"> </a></td><td>BRONCHUS AND LUNG</td></tr><tr><td style=\"white-space:nowrap\">C34.0<a name=\"KemkesICDOTopographyCS-C34.460\"> </a></td><td>Main bronchus</td></tr><tr><td style=\"white-space:nowrap\">C34.1<a name=\"KemkesICDOTopographyCS-C34.461\"> </a></td><td>Upper lobe, lung</td></tr><tr><td style=\"white-space:nowrap\">C34.2<a name=\"KemkesICDOTopographyCS-C34.462\"> </a></td><td>Middle lobe, lung</td></tr><tr><td style=\"white-space:nowrap\">C34.3<a name=\"KemkesICDOTopographyCS-C34.463\"> </a></td><td>Lower lobe, lung</td></tr><tr><td style=\"white-space:nowrap\">C34.8<a name=\"KemkesICDOTopographyCS-C34.468\"> </a></td><td>Overlapping lesion of lung</td></tr><tr><td style=\"white-space:nowrap\">C34.9<a name=\"KemkesICDOTopographyCS-C34.469\"> </a></td><td>Lung, NOS</td></tr><tr><td style=\"white-space:nowrap\">C37<a name=\"KemkesICDOTopographyCS-C37\"> </a></td><td>THYMUS</td></tr><tr><td style=\"white-space:nowrap\">C37.9<a name=\"KemkesICDOTopographyCS-C37.469\"> </a></td><td>Thymus</td></tr><tr><td style=\"white-space:nowrap\">C38<a name=\"KemkesICDOTopographyCS-C38\"> </a></td><td>HEART, MEDIASTINUM, AND PLEURA</td></tr><tr><td style=\"white-space:nowrap\">C38.0<a name=\"KemkesICDOTopographyCS-C38.460\"> </a></td><td>Heart</td></tr><tr><td style=\"white-space:nowrap\">C38.1<a name=\"KemkesICDOTopographyCS-C38.461\"> </a></td><td>Anterior mediastinum</td></tr><tr><td style=\"white-space:nowrap\">C38.2<a name=\"KemkesICDOTopographyCS-C38.462\"> </a></td><td>Posterior mediastinum</td></tr><tr><td style=\"white-space:nowrap\">C38.3<a name=\"KemkesICDOTopographyCS-C38.463\"> </a></td><td>Mediastinum, NOS</td></tr><tr><td style=\"white-space:nowrap\">C38.4<a name=\"KemkesICDOTopographyCS-C38.464\"> </a></td><td>Pleura, NOS</td></tr><tr><td style=\"white-space:nowrap\">C38.8<a name=\"KemkesICDOTopographyCS-C38.468\"> </a></td><td>Overlapping lesion of heart, mediastinum and pleura</td></tr><tr><td style=\"white-space:nowrap\">C39<a name=\"KemkesICDOTopographyCS-C39\"> </a></td><td>OTHER AND ILL-DEFINED SITES WITHIN RESPIRATORY SYSTEM AND INTRATHORACIC ORGANS</td></tr><tr><td style=\"white-space:nowrap\">C39.0<a name=\"KemkesICDOTopographyCS-C39.460\"> </a></td><td>Upper respiratory tract, NOS</td></tr><tr><td style=\"white-space:nowrap\">C39.8<a name=\"KemkesICDOTopographyCS-C39.468\"> </a></td><td>Overlapping lesion of respiratory system and intrathoracic organs</td></tr><tr><td style=\"white-space:nowrap\">C39.9<a name=\"KemkesICDOTopographyCS-C39.469\"> </a></td><td>Ill-defined sites within respiratory system</td></tr><tr><td style=\"white-space:nowrap\">C40<a name=\"KemkesICDOTopographyCS-C40\"> </a></td><td>BONES, JOINTS AND ARTICULAR CARTILAGE OF LIMBS</td></tr><tr><td style=\"white-space:nowrap\">C40.0<a name=\"KemkesICDOTopographyCS-C40.460\"> </a></td><td>Long bones of upper limb, scapula and associated joints</td></tr><tr><td style=\"white-space:nowrap\">C40.1<a name=\"KemkesICDOTopographyCS-C40.461\"> </a></td><td>Short bones of upper limb and associated joints</td></tr><tr><td style=\"white-space:nowrap\">C40.2<a name=\"KemkesICDOTopographyCS-C40.462\"> </a></td><td>Long bones of lower limb and associated joints</td></tr><tr><td style=\"white-space:nowrap\">C40.3<a name=\"KemkesICDOTopographyCS-C40.463\"> </a></td><td>Short bones of lower limb and associated joints</td></tr><tr><td style=\"white-space:nowrap\">C40.8<a name=\"KemkesICDOTopographyCS-C40.468\"> </a></td><td>Overlapping lesion of bones, joints and articular cartilage of limbs</td></tr><tr><td style=\"white-space:nowrap\">C40.9<a name=\"KemkesICDOTopographyCS-C40.469\"> </a></td><td>Bone of limb, NOS</td></tr><tr><td style=\"white-space:nowrap\">C41<a name=\"KemkesICDOTopographyCS-C41\"> </a></td><td>BONES, JOINTS AND ARTICULAR CARTILAGE OF OTHER AND UNSPECIFIED SITES</td></tr><tr><td style=\"white-space:nowrap\">C41.0<a name=\"KemkesICDOTopographyCS-C41.460\"> </a></td><td>Bones of skull and face and associated joints</td></tr><tr><td style=\"white-space:nowrap\">C41.1<a name=\"KemkesICDOTopographyCS-C41.461\"> </a></td><td>Mandible</td></tr><tr><td style=\"white-space:nowrap\">C41.2<a name=\"KemkesICDOTopographyCS-C41.462\"> </a></td><td>Vertebral column</td></tr><tr><td style=\"white-space:nowrap\">C41.3<a name=\"KemkesICDOTopographyCS-C41.463\"> </a></td><td>Rib, sternum, clavicle and associated joints</td></tr><tr><td style=\"white-space:nowrap\">C41.4<a name=\"KemkesICDOTopographyCS-C41.464\"> </a></td><td>Pelvic bones, sacrum, coccyx and associated joints</td></tr><tr><td style=\"white-space:nowrap\">C41.8<a name=\"KemkesICDOTopographyCS-C41.468\"> </a></td><td>Overlapping lesion of bones, joints and articular cartilage</td></tr><tr><td style=\"white-space:nowrap\">C41.9<a name=\"KemkesICDOTopographyCS-C41.469\"> </a></td><td>Bone, NOS</td></tr><tr><td style=\"white-space:nowrap\">C42<a name=\"KemkesICDOTopographyCS-C42\"> </a></td><td>HEMATOPOIETIC AND RETICULOENDOTHELIAL SYSTEMS</td></tr><tr><td style=\"white-space:nowrap\">C42.0<a name=\"KemkesICDOTopographyCS-C42.460\"> </a></td><td>Blood</td></tr><tr><td style=\"white-space:nowrap\">C42.1<a name=\"KemkesICDOTopographyCS-C42.461\"> </a></td><td>Bone marrow</td></tr><tr><td style=\"white-space:nowrap\">C42.2<a name=\"KemkesICDOTopographyCS-C42.462\"> </a></td><td>Spleen</td></tr><tr><td style=\"white-space:nowrap\">C42.3<a name=\"KemkesICDOTopographyCS-C42.463\"> </a></td><td>Reticuloendothelial system, NOS</td></tr><tr><td style=\"white-space:nowrap\">C42.4<a name=\"KemkesICDOTopographyCS-C42.464\"> </a></td><td>Hematopoietic system, NOS</td></tr><tr><td style=\"white-space:nowrap\">C44<a name=\"KemkesICDOTopographyCS-C44\"> </a></td><td>SKIN</td></tr><tr><td style=\"white-space:nowrap\">C44.0<a name=\"KemkesICDOTopographyCS-C44.460\"> </a></td><td>Skin of lip, NOS</td></tr><tr><td style=\"white-space:nowrap\">C44.1<a name=\"KemkesICDOTopographyCS-C44.461\"> </a></td><td>Eyelid</td></tr><tr><td style=\"white-space:nowrap\">C44.2<a name=\"KemkesICDOTopographyCS-C44.462\"> </a></td><td>External ear</td></tr><tr><td style=\"white-space:nowrap\">C44.3<a name=\"KemkesICDOTopographyCS-C44.463\"> </a></td><td>Skin of other and unspecified parts of face</td></tr><tr><td style=\"white-space:nowrap\">C44.4<a name=\"KemkesICDOTopographyCS-C44.464\"> </a></td><td>Skin of scalp and neck</td></tr><tr><td style=\"white-space:nowrap\">C44.5<a name=\"KemkesICDOTopographyCS-C44.465\"> </a></td><td>Skin of trunk</td></tr><tr><td style=\"white-space:nowrap\">C44.6<a name=\"KemkesICDOTopographyCS-C44.466\"> </a></td><td>Skin of upper limb and shoulder</td></tr><tr><td style=\"white-space:nowrap\">C44.7<a name=\"KemkesICDOTopographyCS-C44.467\"> </a></td><td>Skin of lower limb and hip</td></tr><tr><td style=\"white-space:nowrap\">C44.8<a name=\"KemkesICDOTopographyCS-C44.468\"> </a></td><td>Overlapping lesion of skin</td></tr><tr><td style=\"white-space:nowrap\">C44.9<a name=\"KemkesICDOTopographyCS-C44.469\"> </a></td><td>Skin, NOS</td></tr><tr><td style=\"white-space:nowrap\">C47<a name=\"KemkesICDOTopographyCS-C47\"> </a></td><td>PERIPHERAL NERVES AND AUTONOMIC NERVOUS SYSTEM</td></tr><tr><td style=\"white-space:nowrap\">C47.0<a name=\"KemkesICDOTopographyCS-C47.460\"> </a></td><td>Peripheral nerves and autonomic nervous system of head, face, and neck</td></tr><tr><td style=\"white-space:nowrap\">C47.1<a name=\"KemkesICDOTopographyCS-C47.461\"> </a></td><td>Peripheral nerves and autonomic nervous system of upper limb and shoulder</td></tr><tr><td style=\"white-space:nowrap\">C47.2<a name=\"KemkesICDOTopographyCS-C47.462\"> </a></td><td>Peripheral nerves and autonomic nervous system of lower limb and hip</td></tr><tr><td style=\"white-space:nowrap\">C47.3<a name=\"KemkesICDOTopographyCS-C47.463\"> </a></td><td>Peripheral nerves and autonomic nervous system of thorax</td></tr><tr><td style=\"white-space:nowrap\">C47.4<a name=\"KemkesICDOTopographyCS-C47.464\"> </a></td><td>Peripheral nerves and autonomic nervous system of abdomen</td></tr><tr><td style=\"white-space:nowrap\">C47.5<a name=\"KemkesICDOTopographyCS-C47.465\"> </a></td><td>Peripheral nerves and autonomic nervous system of pelvis</td></tr><tr><td style=\"white-space:nowrap\">C47.6<a name=\"KemkesICDOTopographyCS-C47.466\"> </a></td><td>Peripheral nerves and autonomic nervous system of trunk, NOS</td></tr><tr><td style=\"white-space:nowrap\">C47.8<a name=\"KemkesICDOTopographyCS-C47.468\"> </a></td><td>Overlapping lesion of peripheral nerves and autonomic nervous system</td></tr><tr><td style=\"white-space:nowrap\">C47.9<a name=\"KemkesICDOTopographyCS-C47.469\"> </a></td><td>Autonomic nervous system, NOS</td></tr><tr><td style=\"white-space:nowrap\">C48<a name=\"KemkesICDOTopographyCS-C48\"> </a></td><td>RETROPERITONEUM AND PERITONEUM</td></tr><tr><td style=\"white-space:nowrap\">C48.0<a name=\"KemkesICDOTopographyCS-C48.460\"> </a></td><td>Retroperitoneum</td></tr><tr><td style=\"white-space:nowrap\">C48.1<a name=\"KemkesICDOTopographyCS-C48.461\"> </a></td><td>Specified parts of peritoneum</td></tr><tr><td style=\"white-space:nowrap\">C48.2<a name=\"KemkesICDOTopographyCS-C48.462\"> </a></td><td>Peritoneum, NOS</td></tr><tr><td style=\"white-space:nowrap\">C48.8<a name=\"KemkesICDOTopographyCS-C48.468\"> </a></td><td>Overlapping lesion of retroperitoneum and peritoneum</td></tr><tr><td style=\"white-space:nowrap\">C49<a name=\"KemkesICDOTopographyCS-C49\"> </a></td><td>CONNECTIVE, SUBCUTANEOUS AND OTHER SOFT TISSUES</td></tr><tr><td style=\"white-space:nowrap\">C49.0<a name=\"KemkesICDOTopographyCS-C49.460\"> </a></td><td>Connective, subcutaneous and other soft tissues of head, face, and neck</td></tr><tr><td style=\"white-space:nowrap\">C49.1<a name=\"KemkesICDOTopographyCS-C49.461\"> </a></td><td>Connective, subcutaneous and other soft tissues of upper limb and shoulder</td></tr><tr><td style=\"white-space:nowrap\">C49.2<a name=\"KemkesICDOTopographyCS-C49.462\"> </a></td><td>Connective, subcutaneous and other soft tissues of lower limb and hip</td></tr><tr><td style=\"white-space:nowrap\">C49.3<a name=\"KemkesICDOTopographyCS-C49.463\"> </a></td><td>Connective, subcutaneous and other soft tissues of thorax</td></tr><tr><td style=\"white-space:nowrap\">C49.4<a name=\"KemkesICDOTopographyCS-C49.464\"> </a></td><td>Connective, subcutaneous and other soft tissues of abdomen</td></tr><tr><td style=\"white-space:nowrap\">C49.5<a name=\"KemkesICDOTopographyCS-C49.465\"> </a></td><td>Connective, subcutaneous and other soft tissues of pelvis</td></tr><tr><td style=\"white-space:nowrap\">C49.6<a name=\"KemkesICDOTopographyCS-C49.466\"> </a></td><td>Connective, subcutaneous and other soft tissues of trunk NOS</td></tr><tr><td style=\"white-space:nowrap\">C49.8<a name=\"KemkesICDOTopographyCS-C49.468\"> </a></td><td>Overlapping lesion of connective, subcutaneous and other soft tissues</td></tr><tr><td style=\"white-space:nowrap\">C49.9<a name=\"KemkesICDOTopographyCS-C49.469\"> </a></td><td>Connective, subcutaneous and other soft tissues, NOS</td></tr><tr><td style=\"white-space:nowrap\">C50<a name=\"KemkesICDOTopographyCS-C50\"> </a></td><td>BREAST</td></tr><tr><td style=\"white-space:nowrap\">C50.0<a name=\"KemkesICDOTopographyCS-C50.460\"> </a></td><td>Nipple</td></tr><tr><td style=\"white-space:nowrap\">C50.1<a name=\"KemkesICDOTopographyCS-C50.461\"> </a></td><td>Central portion of breast</td></tr><tr><td style=\"white-space:nowrap\">C50.2<a name=\"KemkesICDOTopographyCS-C50.462\"> </a></td><td>Upper-inner quadrant of breast</td></tr><tr><td style=\"white-space:nowrap\">C50.3<a name=\"KemkesICDOTopographyCS-C50.463\"> </a></td><td>Lower-inner quadrant of breast</td></tr><tr><td style=\"white-space:nowrap\">C50.4<a name=\"KemkesICDOTopographyCS-C50.464\"> </a></td><td>Upper-outer quadrant of breast</td></tr><tr><td style=\"white-space:nowrap\">C50.5<a name=\"KemkesICDOTopographyCS-C50.465\"> </a></td><td>Lower-outer quadrant of breast</td></tr><tr><td style=\"white-space:nowrap\">C50.6<a name=\"KemkesICDOTopographyCS-C50.466\"> </a></td><td>Axillary tail of breast</td></tr><tr><td style=\"white-space:nowrap\">C50.8<a name=\"KemkesICDOTopographyCS-C50.468\"> </a></td><td>Overlapping lesion of breast</td></tr><tr><td style=\"white-space:nowrap\">C50.9<a name=\"KemkesICDOTopographyCS-C50.469\"> </a></td><td>Breast, NOS</td></tr><tr><td style=\"white-space:nowrap\">C51-C58<a name=\"KemkesICDOTopographyCS-C51-C58\"> </a></td><td>FEMALE GENITAL ORGANS</td></tr><tr><td style=\"white-space:nowrap\">C51<a name=\"KemkesICDOTopographyCS-C51\"> </a></td><td>VULVA</td></tr><tr><td style=\"white-space:nowrap\">C51.0<a name=\"KemkesICDOTopographyCS-C51.460\"> </a></td><td>Labium majus</td></tr><tr><td style=\"white-space:nowrap\">C51.1<a name=\"KemkesICDOTopographyCS-C51.461\"> </a></td><td>Labium minus</td></tr><tr><td style=\"white-space:nowrap\">C51.2<a name=\"KemkesICDOTopographyCS-C51.462\"> </a></td><td>Clitoris</td></tr><tr><td style=\"white-space:nowrap\">C51.8<a name=\"KemkesICDOTopographyCS-C51.468\"> </a></td><td>Overlapping lesion of vulva</td></tr><tr><td style=\"white-space:nowrap\">C51.9<a name=\"KemkesICDOTopographyCS-C51.469\"> </a></td><td>Vulva, NOS</td></tr><tr><td style=\"white-space:nowrap\">C52<a name=\"KemkesICDOTopographyCS-C52\"> </a></td><td>VAGINA</td></tr><tr><td style=\"white-space:nowrap\">C52.9<a name=\"KemkesICDOTopographyCS-C52.469\"> </a></td><td>Vagina, NOS</td></tr><tr><td style=\"white-space:nowrap\">C53<a name=\"KemkesICDOTopographyCS-C53\"> </a></td><td>CERVIX UTERI</td></tr><tr><td style=\"white-space:nowrap\">C53.0<a name=\"KemkesICDOTopographyCS-C53.460\"> </a></td><td>Endocervix</td></tr><tr><td style=\"white-space:nowrap\">C53.1<a name=\"KemkesICDOTopographyCS-C53.461\"> </a></td><td>Exocervix</td></tr><tr><td style=\"white-space:nowrap\">C53.8<a name=\"KemkesICDOTopographyCS-C53.468\"> </a></td><td>Overlapping lesion of cervix uteri</td></tr><tr><td style=\"white-space:nowrap\">C53.9<a name=\"KemkesICDOTopographyCS-C53.469\"> </a></td><td>Cervix uteri</td></tr><tr><td style=\"white-space:nowrap\">C54<a name=\"KemkesICDOTopographyCS-C54\"> </a></td><td>CORPUS UTERI</td></tr><tr><td style=\"white-space:nowrap\">C54.0<a name=\"KemkesICDOTopographyCS-C54.460\"> </a></td><td>Isthmus uteri</td></tr><tr><td style=\"white-space:nowrap\">C54.1<a name=\"KemkesICDOTopographyCS-C54.461\"> </a></td><td>Endometrium</td></tr><tr><td style=\"white-space:nowrap\">C54.2<a name=\"KemkesICDOTopographyCS-C54.462\"> </a></td><td>Myometrium</td></tr><tr><td style=\"white-space:nowrap\">C54.3<a name=\"KemkesICDOTopographyCS-C54.463\"> </a></td><td>Fundus uteri</td></tr><tr><td style=\"white-space:nowrap\">C54.8<a name=\"KemkesICDOTopographyCS-C54.468\"> </a></td><td>Overlapping lesion of corpus uteri</td></tr><tr><td style=\"white-space:nowrap\">C54.9<a name=\"KemkesICDOTopographyCS-C54.469\"> </a></td><td>Corpus uteri</td></tr><tr><td style=\"white-space:nowrap\">C55<a name=\"KemkesICDOTopographyCS-C55\"> </a></td><td>UTERUS, NOS</td></tr><tr><td style=\"white-space:nowrap\">C55.9<a name=\"KemkesICDOTopographyCS-C55.469\"> </a></td><td>Uterus, NOS</td></tr><tr><td style=\"white-space:nowrap\">C56<a name=\"KemkesICDOTopographyCS-C56\"> </a></td><td>OVARY</td></tr><tr><td style=\"white-space:nowrap\">C56.9<a name=\"KemkesICDOTopographyCS-C56.469\"> </a></td><td>Ovary</td></tr><tr><td style=\"white-space:nowrap\">C57<a name=\"KemkesICDOTopographyCS-C57\"> </a></td><td>OTHER AND UNSPECIFIED FEMALE GENITAL ORGANS</td></tr><tr><td style=\"white-space:nowrap\">C57.0<a name=\"KemkesICDOTopographyCS-C57.460\"> </a></td><td>Fallopian tube</td></tr><tr><td style=\"white-space:nowrap\">C57.1<a name=\"KemkesICDOTopographyCS-C57.461\"> </a></td><td>Broad ligament</td></tr><tr><td style=\"white-space:nowrap\">C57.2<a name=\"KemkesICDOTopographyCS-C57.462\"> </a></td><td>Round ligament</td></tr><tr><td style=\"white-space:nowrap\">C57.3<a name=\"KemkesICDOTopographyCS-C57.463\"> </a></td><td>Parametrium</td></tr><tr><td style=\"white-space:nowrap\">C57.4<a name=\"KemkesICDOTopographyCS-C57.464\"> </a></td><td>Uterine adnexa</td></tr><tr><td style=\"white-space:nowrap\">C57.7<a name=\"KemkesICDOTopographyCS-C57.467\"> </a></td><td>Other specified parts of female genital organs</td></tr><tr><td style=\"white-space:nowrap\">C57.8<a name=\"KemkesICDOTopographyCS-C57.468\"> </a></td><td>Overlapping lesion of female genital organs</td></tr><tr><td style=\"white-space:nowrap\">C57.9<a name=\"KemkesICDOTopographyCS-C57.469\"> </a></td><td>Female genital tract, NOS</td></tr><tr><td style=\"white-space:nowrap\">C58<a name=\"KemkesICDOTopographyCS-C58\"> </a></td><td>PLACENTA</td></tr><tr><td style=\"white-space:nowrap\">C58.9<a name=\"KemkesICDOTopographyCS-C58.469\"> </a></td><td>Placenta</td></tr><tr><td style=\"white-space:nowrap\">C60<a name=\"KemkesICDOTopographyCS-C60\"> </a></td><td>PENIS</td></tr><tr><td style=\"white-space:nowrap\">C60.0<a name=\"KemkesICDOTopographyCS-C60.460\"> </a></td><td>Prepuce</td></tr><tr><td style=\"white-space:nowrap\">C60.1<a name=\"KemkesICDOTopographyCS-C60.461\"> </a></td><td>Glans penis</td></tr><tr><td style=\"white-space:nowrap\">C60.2<a name=\"KemkesICDOTopographyCS-C60.462\"> </a></td><td>Body of penis</td></tr><tr><td style=\"white-space:nowrap\">C60.8<a name=\"KemkesICDOTopographyCS-C60.468\"> </a></td><td>Overlapping lesion of penis</td></tr><tr><td style=\"white-space:nowrap\">C60.9<a name=\"KemkesICDOTopographyCS-C60.469\"> </a></td><td>Penis, NOS</td></tr><tr><td style=\"white-space:nowrap\">C61<a name=\"KemkesICDOTopographyCS-C61\"> </a></td><td>PROSTATE GLAND</td></tr><tr><td style=\"white-space:nowrap\">C61.9<a name=\"KemkesICDOTopographyCS-C61.469\"> </a></td><td>Prostate gland</td></tr><tr><td style=\"white-space:nowrap\">C62<a name=\"KemkesICDOTopographyCS-C62\"> </a></td><td>TESTIS</td></tr><tr><td style=\"white-space:nowrap\">C62.0<a name=\"KemkesICDOTopographyCS-C62.460\"> </a></td><td>Undescended testis</td></tr><tr><td style=\"white-space:nowrap\">C62.1<a name=\"KemkesICDOTopographyCS-C62.461\"> </a></td><td>Descended testis</td></tr><tr><td style=\"white-space:nowrap\">C62.9<a name=\"KemkesICDOTopographyCS-C62.469\"> </a></td><td>Testis, NOS</td></tr><tr><td style=\"white-space:nowrap\">C63<a name=\"KemkesICDOTopographyCS-C63\"> </a></td><td>OTHER AND UNSPECIFIED MALE GENITAL ORGANS</td></tr><tr><td style=\"white-space:nowrap\">C63.0<a name=\"KemkesICDOTopographyCS-C63.460\"> </a></td><td>Epididymis</td></tr><tr><td style=\"white-space:nowrap\">C63.1<a name=\"KemkesICDOTopographyCS-C63.461\"> </a></td><td>Spermatic cord</td></tr><tr><td style=\"white-space:nowrap\">C63.2<a name=\"KemkesICDOTopographyCS-C63.462\"> </a></td><td>Scrotum, NOS</td></tr><tr><td style=\"white-space:nowrap\">C63.7<a name=\"KemkesICDOTopographyCS-C63.467\"> </a></td><td>Other specified parts of male genital organs</td></tr><tr><td style=\"white-space:nowrap\">C63.8<a name=\"KemkesICDOTopographyCS-C63.468\"> </a></td><td>Overlapping lesion of male genital organs</td></tr><tr><td style=\"white-space:nowrap\">C63.9<a name=\"KemkesICDOTopographyCS-C63.469\"> </a></td><td>Male genital organs, NOS</td></tr><tr><td style=\"white-space:nowrap\">C64<a name=\"KemkesICDOTopographyCS-C64\"> </a></td><td>KIDNEY</td></tr><tr><td style=\"white-space:nowrap\">C64.9<a name=\"KemkesICDOTopographyCS-C64.469\"> </a></td><td>Kidney, NOS</td></tr><tr><td style=\"white-space:nowrap\">C65<a name=\"KemkesICDOTopographyCS-C65\"> </a></td><td>RENAL PELVIS</td></tr><tr><td style=\"white-space:nowrap\">C65.9<a name=\"KemkesICDOTopographyCS-C65.469\"> </a></td><td>Renal pelvis</td></tr><tr><td style=\"white-space:nowrap\">C66<a name=\"KemkesICDOTopographyCS-C66\"> </a></td><td>URETER</td></tr><tr><td style=\"white-space:nowrap\">C66.9<a name=\"KemkesICDOTopographyCS-C66.469\"> </a></td><td>Ureter</td></tr><tr><td style=\"white-space:nowrap\">C67<a name=\"KemkesICDOTopographyCS-C67\"> </a></td><td>BLADDER</td></tr><tr><td style=\"white-space:nowrap\">C67.0<a name=\"KemkesICDOTopographyCS-C67.460\"> </a></td><td>Trigone of bladder</td></tr><tr><td style=\"white-space:nowrap\">C67.1<a name=\"KemkesICDOTopographyCS-C67.461\"> </a></td><td>Dome of bladder</td></tr><tr><td style=\"white-space:nowrap\">C67.2<a name=\"KemkesICDOTopographyCS-C67.462\"> </a></td><td>Lateral wall of bladder</td></tr><tr><td style=\"white-space:nowrap\">C67.3<a name=\"KemkesICDOTopographyCS-C67.463\"> </a></td><td>Anterior wall of bladder</td></tr><tr><td style=\"white-space:nowrap\">C67.4<a name=\"KemkesICDOTopographyCS-C67.464\"> </a></td><td>Posterior wall of bladder</td></tr><tr><td style=\"white-space:nowrap\">C67.5<a name=\"KemkesICDOTopographyCS-C67.465\"> </a></td><td>Bladder neck</td></tr><tr><td style=\"white-space:nowrap\">C67.6<a name=\"KemkesICDOTopographyCS-C67.466\"> </a></td><td>Ureteric orifice</td></tr><tr><td style=\"white-space:nowrap\">C67.7<a name=\"KemkesICDOTopographyCS-C67.467\"> </a></td><td>Urachus</td></tr><tr><td style=\"white-space:nowrap\">C67.8<a name=\"KemkesICDOTopographyCS-C67.468\"> </a></td><td>Overlapping lesion of bladder</td></tr><tr><td style=\"white-space:nowrap\">C67.9<a name=\"KemkesICDOTopographyCS-C67.469\"> </a></td><td>Bladder, NOS</td></tr><tr><td style=\"white-space:nowrap\">C68<a name=\"KemkesICDOTopographyCS-C68\"> </a></td><td>OTHER AND UNSPECIFIED URINARY ORGANS</td></tr><tr><td style=\"white-space:nowrap\">C68.0<a name=\"KemkesICDOTopographyCS-C68.460\"> </a></td><td>Urethra</td></tr><tr><td style=\"white-space:nowrap\">C68.1<a name=\"KemkesICDOTopographyCS-C68.461\"> </a></td><td>Paraurethral gland</td></tr><tr><td style=\"white-space:nowrap\">C68.8<a name=\"KemkesICDOTopographyCS-C68.468\"> </a></td><td>Overlapping lesion of urinary organs</td></tr><tr><td style=\"white-space:nowrap\">C68.9<a name=\"KemkesICDOTopographyCS-C68.469\"> </a></td><td>Urinary system, NOS</td></tr><tr><td style=\"white-space:nowrap\">C69<a name=\"KemkesICDOTopographyCS-C69\"> </a></td><td>EYE AND ADNEXA</td></tr><tr><td style=\"white-space:nowrap\">C69.0<a name=\"KemkesICDOTopographyCS-C69.460\"> </a></td><td>Conjunctiva</td></tr><tr><td style=\"white-space:nowrap\">C69.1<a name=\"KemkesICDOTopographyCS-C69.461\"> </a></td><td>Cornea, NOS</td></tr><tr><td style=\"white-space:nowrap\">C69.2<a name=\"KemkesICDOTopographyCS-C69.462\"> </a></td><td>Retina</td></tr><tr><td style=\"white-space:nowrap\">C69.3<a name=\"KemkesICDOTopographyCS-C69.463\"> </a></td><td>Choroid</td></tr><tr><td style=\"white-space:nowrap\">C69.4<a name=\"KemkesICDOTopographyCS-C69.464\"> </a></td><td>Ciliary body</td></tr><tr><td style=\"white-space:nowrap\">C69.5<a name=\"KemkesICDOTopographyCS-C69.465\"> </a></td><td>Lacrimal gland</td></tr><tr><td style=\"white-space:nowrap\">C69.6<a name=\"KemkesICDOTopographyCS-C69.466\"> </a></td><td>Orbit, NOS</td></tr><tr><td style=\"white-space:nowrap\">C69.8<a name=\"KemkesICDOTopographyCS-C69.468\"> </a></td><td>Overlapping lesion of eye and adnexa</td></tr><tr><td style=\"white-space:nowrap\">C69.9<a name=\"KemkesICDOTopographyCS-C69.469\"> </a></td><td>Eye, NOS</td></tr><tr><td style=\"white-space:nowrap\">C70<a name=\"KemkesICDOTopographyCS-C70\"> </a></td><td>MENINGES</td></tr><tr><td style=\"white-space:nowrap\">C70.0<a name=\"KemkesICDOTopographyCS-C70.460\"> </a></td><td>Cerebral meninges</td></tr><tr><td style=\"white-space:nowrap\">C70.1<a name=\"KemkesICDOTopographyCS-C70.461\"> </a></td><td>Spinal meninges</td></tr><tr><td style=\"white-space:nowrap\">C70.9<a name=\"KemkesICDOTopographyCS-C70.469\"> </a></td><td>Meninges, NOS</td></tr><tr><td style=\"white-space:nowrap\">C71<a name=\"KemkesICDOTopographyCS-C71\"> </a></td><td>BRAIN</td></tr><tr><td style=\"white-space:nowrap\">C71.0<a name=\"KemkesICDOTopographyCS-C71.460\"> </a></td><td>Cerebrum</td></tr><tr><td style=\"white-space:nowrap\">C71.1<a name=\"KemkesICDOTopographyCS-C71.461\"> </a></td><td>Frontal lobe</td></tr><tr><td style=\"white-space:nowrap\">C71.2<a name=\"KemkesICDOTopographyCS-C71.462\"> </a></td><td>Temporal lobe</td></tr><tr><td style=\"white-space:nowrap\">C71.3<a name=\"KemkesICDOTopographyCS-C71.463\"> </a></td><td>Parietal lobe</td></tr><tr><td style=\"white-space:nowrap\">C71.4<a name=\"KemkesICDOTopographyCS-C71.464\"> </a></td><td>Occipital lobe</td></tr><tr><td style=\"white-space:nowrap\">C71.5<a name=\"KemkesICDOTopographyCS-C71.465\"> </a></td><td>Ventricle, NOS</td></tr><tr><td style=\"white-space:nowrap\">C71.6<a name=\"KemkesICDOTopographyCS-C71.466\"> </a></td><td>Cerebellum, NOS</td></tr><tr><td style=\"white-space:nowrap\">C71.7<a name=\"KemkesICDOTopographyCS-C71.467\"> </a></td><td>Brain stem</td></tr><tr><td style=\"white-space:nowrap\">C71.8<a name=\"KemkesICDOTopographyCS-C71.468\"> </a></td><td>Overlapping lesion of brain</td></tr><tr><td style=\"white-space:nowrap\">C71.9<a name=\"KemkesICDOTopographyCS-C71.469\"> </a></td><td>Brain, NOS</td></tr><tr><td style=\"white-space:nowrap\">C72<a name=\"KemkesICDOTopographyCS-C72\"> </a></td><td>SPINAL CORD, CRANIAL NERVES, AND OTHER PARTS OF CENTRAL NERVOUS SYSTEM</td></tr><tr><td style=\"white-space:nowrap\">C72.0<a name=\"KemkesICDOTopographyCS-C72.460\"> </a></td><td>Spinal cord</td></tr><tr><td style=\"white-space:nowrap\">C72.1<a name=\"KemkesICDOTopographyCS-C72.461\"> </a></td><td>Cauda equina</td></tr><tr><td style=\"white-space:nowrap\">C72.2<a name=\"KemkesICDOTopographyCS-C72.462\"> </a></td><td>Olfactory nerve</td></tr><tr><td style=\"white-space:nowrap\">C72.3<a name=\"KemkesICDOTopographyCS-C72.463\"> </a></td><td>Optic nerve</td></tr><tr><td style=\"white-space:nowrap\">C72.4<a name=\"KemkesICDOTopographyCS-C72.464\"> </a></td><td>Acoustic nerve</td></tr><tr><td style=\"white-space:nowrap\">C72.5<a name=\"KemkesICDOTopographyCS-C72.465\"> </a></td><td>Cranial nerve, NOS</td></tr><tr><td style=\"white-space:nowrap\">C72.8<a name=\"KemkesICDOTopographyCS-C72.468\"> </a></td><td>Overlapping lesion of brain and central nervous system</td></tr><tr><td style=\"white-space:nowrap\">C72.9<a name=\"KemkesICDOTopographyCS-C72.469\"> </a></td><td>Nervous system, NOS</td></tr><tr><td style=\"white-space:nowrap\">C73<a name=\"KemkesICDOTopographyCS-C73\"> </a></td><td>THYROID GLAND</td></tr><tr><td style=\"white-space:nowrap\">C73.9<a name=\"KemkesICDOTopographyCS-C73.469\"> </a></td><td>Thyroid gland</td></tr><tr><td style=\"white-space:nowrap\">C74<a name=\"KemkesICDOTopographyCS-C74\"> </a></td><td>ADRENAL GLAND</td></tr><tr><td style=\"white-space:nowrap\">C74.0<a name=\"KemkesICDOTopographyCS-C74.460\"> </a></td><td>Cortex of adrenal gland</td></tr><tr><td style=\"white-space:nowrap\">C74.1<a name=\"KemkesICDOTopographyCS-C74.461\"> </a></td><td>Medulla of adrenal gland</td></tr><tr><td style=\"white-space:nowrap\">C74.9<a name=\"KemkesICDOTopographyCS-C74.469\"> </a></td><td>Adrenal gland, NOS</td></tr><tr><td style=\"white-space:nowrap\">C75<a name=\"KemkesICDOTopographyCS-C75\"> </a></td><td>OTHER ENDOCRINE GLANDS AND RELATED STRUCTURES</td></tr><tr><td style=\"white-space:nowrap\">C75.0<a name=\"KemkesICDOTopographyCS-C75.460\"> </a></td><td>Parathyroid gland</td></tr><tr><td style=\"white-space:nowrap\">C75.1<a name=\"KemkesICDOTopographyCS-C75.461\"> </a></td><td>Pituitary gland</td></tr><tr><td style=\"white-space:nowrap\">C75.2<a name=\"KemkesICDOTopographyCS-C75.462\"> </a></td><td>Craniopharyngeal duct</td></tr><tr><td style=\"white-space:nowrap\">C75.3<a name=\"KemkesICDOTopographyCS-C75.463\"> </a></td><td>Pineal gland</td></tr><tr><td style=\"white-space:nowrap\">C75.4<a name=\"KemkesICDOTopographyCS-C75.464\"> </a></td><td>Carotid body</td></tr><tr><td style=\"white-space:nowrap\">C75.5<a name=\"KemkesICDOTopographyCS-C75.465\"> </a></td><td>Aortic body and other paraganglia</td></tr><tr><td style=\"white-space:nowrap\">C75.8<a name=\"KemkesICDOTopographyCS-C75.468\"> </a></td><td>Overlapping lesion of endocrine glands and related structures</td></tr><tr><td style=\"white-space:nowrap\">C75.9<a name=\"KemkesICDOTopographyCS-C75.469\"> </a></td><td>Endocrine gland, NOS</td></tr><tr><td style=\"white-space:nowrap\">C76<a name=\"KemkesICDOTopographyCS-C76\"> </a></td><td>OTHER AND ILL-DEFINED SITES</td></tr><tr><td style=\"white-space:nowrap\">C76.0<a name=\"KemkesICDOTopographyCS-C76.460\"> </a></td><td>Head, face or neck, NOS</td></tr><tr><td style=\"white-space:nowrap\">C76.1<a name=\"KemkesICDOTopographyCS-C76.461\"> </a></td><td>Thorax, NOS</td></tr><tr><td style=\"white-space:nowrap\">C76.2<a name=\"KemkesICDOTopographyCS-C76.462\"> </a></td><td>Abdomen, NOS</td></tr><tr><td style=\"white-space:nowrap\">C76.3<a name=\"KemkesICDOTopographyCS-C76.463\"> </a></td><td>Pelvis, NOS</td></tr><tr><td style=\"white-space:nowrap\">C76.4<a name=\"KemkesICDOTopographyCS-C76.464\"> </a></td><td>Upper limb, NOS</td></tr><tr><td style=\"white-space:nowrap\">C76.5<a name=\"KemkesICDOTopographyCS-C76.465\"> </a></td><td>Lower limb, NOS</td></tr><tr><td style=\"white-space:nowrap\">C76.7<a name=\"KemkesICDOTopographyCS-C76.467\"> </a></td><td>Other ill-defined sites</td></tr><tr><td style=\"white-space:nowrap\">C76.8<a name=\"KemkesICDOTopographyCS-C76.468\"> </a></td><td>Overlapping lesion of ill-defined sites</td></tr><tr><td style=\"white-space:nowrap\">C77<a name=\"KemkesICDOTopographyCS-C77\"> </a></td><td>LYMPH NODES</td></tr><tr><td style=\"white-space:nowrap\">C77.0<a name=\"KemkesICDOTopographyCS-C77.460\"> </a></td><td>Lymph nodes of head, face and neck</td></tr><tr><td style=\"white-space:nowrap\">C77.1<a name=\"KemkesICDOTopographyCS-C77.461\"> </a></td><td>Intrathoracic lymph nodes</td></tr><tr><td style=\"white-space:nowrap\">C77.2<a name=\"KemkesICDOTopographyCS-C77.462\"> </a></td><td>Intra-abdominal lymph nodes</td></tr><tr><td style=\"white-space:nowrap\">C77.3<a name=\"KemkesICDOTopographyCS-C77.463\"> </a></td><td>Lymph nodes of axilla or arm</td></tr><tr><td style=\"white-space:nowrap\">C77.4<a name=\"KemkesICDOTopographyCS-C77.464\"> </a></td><td>Lymph nodes of inguinal region or leg</td></tr><tr><td style=\"white-space:nowrap\">C77.5<a name=\"KemkesICDOTopographyCS-C77.465\"> </a></td><td>Pelvic lymph nodes</td></tr><tr><td style=\"white-space:nowrap\">C77.8<a name=\"KemkesICDOTopographyCS-C77.468\"> </a></td><td>Lymph nodes of multiple regions</td></tr><tr><td style=\"white-space:nowrap\">C77.9<a name=\"KemkesICDOTopographyCS-C77.469\"> </a></td><td>Lymph node, NOS</td></tr><tr><td style=\"white-space:nowrap\">C80<a name=\"KemkesICDOTopographyCS-C80\"> </a></td><td>UNKNOWN PRIMARY SITE</td></tr><tr><td style=\"white-space:nowrap\">C80.9<a name=\"KemkesICDOTopographyCS-C80.469\"> </a></td><td>Unknown primary site</td></tr></table></div>"
  },
  "url" : "http://terminology.kemkes.go.id/CodeSystem/icd-o-topography",
  "version" : "0.1.0",
  "name" : "KemkesICDOTopographyCS",
  "title" : "ICD-0 Topography",
  "status" : "active",
  "date" : "2024-02-05T00:00:00.000Z",
  "publisher" : "Thomas Chaidir",
  "contact" : [{
    "name" : "Thomas Chaidir",
    "telecom" : [{
      "system" : "url",
      "value" : "https://satusehat.kemkes.go.id/"
    }]
  }],
  "description" : "Created by: Fadhil Muhammad",
  "caseSensitive" : false,
  "hierarchyMeaning" : "is-a",
  "compositional" : false,
  "versionNeeded" : false,
  "content" : "complete",
  "count" : 401,
  "concept" : [{
    "code" : "C00",
    "display" : "LIP"
  },
  {
    "code" : "C00.0",
    "display" : "External upper lip"
  },
  {
    "code" : "C00.1",
    "display" : "External lower lip"
  },
  {
    "code" : "C00.2",
    "display" : "External lip, NOS"
  },
  {
    "code" : "C00.3",
    "display" : "Mucosa of upper lip"
  },
  {
    "code" : "C00.4",
    "display" : "Mucosa of lower lip"
  },
  {
    "code" : "C00.5",
    "display" : "Mucosa of lip, NOS"
  },
  {
    "code" : "C00.6",
    "display" : "Commissure of lip"
  },
  {
    "code" : "C00.8",
    "display" : "Overlapping lesion of lip"
  },
  {
    "code" : "C00.9",
    "display" : "Lip, NOS"
  },
  {
    "code" : "C01",
    "display" : "BASE OF TONGUE"
  },
  {
    "code" : "C01.9",
    "display" : "Base of tongue, NOS"
  },
  {
    "code" : "C02",
    "display" : "OTHER AND UNSPECIFIED PARTS OF TONGUE"
  },
  {
    "code" : "C02.0",
    "display" : "Dorsal surface of tongue, NOS"
  },
  {
    "code" : "C02.1",
    "display" : "Border of tongue"
  },
  {
    "code" : "C02.2",
    "display" : "Ventral surface of tongue, NOS"
  },
  {
    "code" : "C02.3",
    "display" : "Anterior 2/3 of tongue, NOS"
  },
  {
    "code" : "C02.4",
    "display" : "Lingual tonsil"
  },
  {
    "code" : "C02.8",
    "display" : "Overlapping lesion of tongue"
  },
  {
    "code" : "C02.9",
    "display" : "Tongue, NOS"
  },
  {
    "code" : "C03",
    "display" : "GUM"
  },
  {
    "code" : "C03.0",
    "display" : "Upper gum"
  },
  {
    "code" : "C03.1",
    "display" : "Lower gum"
  },
  {
    "code" : "C03.9",
    "display" : "Gum, NOS"
  },
  {
    "code" : "C04",
    "display" : "FLOOR OF MOUTH"
  },
  {
    "code" : "C04.0",
    "display" : "Anterior floor of mouth"
  },
  {
    "code" : "C04.1",
    "display" : "Lateral floor of mouth"
  },
  {
    "code" : "C04.8",
    "display" : "Overlapping lesion of floor of mouth"
  },
  {
    "code" : "C04.9",
    "display" : "Floor of mouth, NOS"
  },
  {
    "code" : "C05",
    "display" : "PALATE"
  },
  {
    "code" : "C05.0",
    "display" : "Hard palate"
  },
  {
    "code" : "C05.1",
    "display" : "Soft palate, NOS"
  },
  {
    "code" : "C05.2",
    "display" : "Uvula"
  },
  {
    "code" : "C05.8",
    "display" : "Overlapping lesion of palate"
  },
  {
    "code" : "C05.9",
    "display" : "Palate, NOS"
  },
  {
    "code" : "C06",
    "display" : "OTHER AND UNSPECIFIED PARTS OF MOUTH"
  },
  {
    "code" : "C06.0",
    "display" : "Cheek mucosa"
  },
  {
    "code" : "C06.1",
    "display" : "Vestibule of mouth"
  },
  {
    "code" : "C06.2",
    "display" : "Retromolar area"
  },
  {
    "code" : "C06.8",
    "display" : "Overlapping lesion of other and unspecified parts of mouth"
  },
  {
    "code" : "C06.9",
    "display" : "Mouth, NOS"
  },
  {
    "code" : "C07",
    "display" : "PAROTID GLAND"
  },
  {
    "code" : "C07.9",
    "display" : "Parotid gland"
  },
  {
    "code" : "C08",
    "display" : "OTHER AND UNSPECIFIED MAJOR SALIVARY GLANDS"
  },
  {
    "code" : "C08.0",
    "display" : "Submandibular gland"
  },
  {
    "code" : "C08.1",
    "display" : "Sublingual gland"
  },
  {
    "code" : "C08.8",
    "display" : "Overlapping lesion of major salivary glands"
  },
  {
    "code" : "C08.9",
    "display" : "Major salivary gland, NOS"
  },
  {
    "code" : "C09",
    "display" : "TONSIL"
  },
  {
    "code" : "C09.0",
    "display" : "Tonsillar fossa"
  },
  {
    "code" : "C09.1",
    "display" : "Tonsillar pillar"
  },
  {
    "code" : "C09.8",
    "display" : "Overlapping lesion of tonsil"
  },
  {
    "code" : "C09.9",
    "display" : "Tonsil, NOS"
  },
  {
    "code" : "C10",
    "display" : "OROPHARYNX"
  },
  {
    "code" : "C10.0",
    "display" : "Vallecula"
  },
  {
    "code" : "C10.1",
    "display" : "Anterior surface of epiglottis"
  },
  {
    "code" : "C10.2",
    "display" : "Lateral wall of oropharynx"
  },
  {
    "code" : "C10.3",
    "display" : "Posterior wall of oropharynx"
  },
  {
    "code" : "C10.4",
    "display" : "Branchial cleft"
  },
  {
    "code" : "C10.8",
    "display" : "Overlapping lesion of oropharynx"
  },
  {
    "code" : "C10.9",
    "display" : "Oropharynx, NOS"
  },
  {
    "code" : "C11",
    "display" : "NASOPHARYNX"
  },
  {
    "code" : "C11.0",
    "display" : "Superior wall of nasopharynx"
  },
  {
    "code" : "C11.1",
    "display" : "Posterior wall of nasopharynx"
  },
  {
    "code" : "C11.2",
    "display" : "Lateral wall of nasopharynx"
  },
  {
    "code" : "C11.3",
    "display" : "Anterior wall of nasopharynx"
  },
  {
    "code" : "C11.8",
    "display" : "Overlapping lesion of nasopharynx"
  },
  {
    "code" : "C11.9",
    "display" : "Nasopharynx, NOS"
  },
  {
    "code" : "C12",
    "display" : "PYRIFORM SINUS"
  },
  {
    "code" : "C12.9",
    "display" : "Pyriform sinus"
  },
  {
    "code" : "C13",
    "display" : "HYPOPHARYNX"
  },
  {
    "code" : "C13.0",
    "display" : "Postcricoid region"
  },
  {
    "code" : "C13.1",
    "display" : "Hypopharyngeal aspect of aryepiglottic fold"
  },
  {
    "code" : "C13.2",
    "display" : "Posterior wall of hypopharynx"
  },
  {
    "code" : "C13.8",
    "display" : "Overlapping lesion of hypopharynx"
  },
  {
    "code" : "C13.9",
    "display" : "Hypopharynx, NOS"
  },
  {
    "code" : "C14",
    "display" : "OTHER AND ILL-DEFINED SITES IN LIP, ORAL CAVITY AND PHARYNX"
  },
  {
    "code" : "C14.0",
    "display" : "Pharynx, NOS"
  },
  {
    "code" : "C14.2",
    "display" : "Waldeyer ring"
  },
  {
    "code" : "C14.8",
    "display" : "Overlapping lesion of lip, oral cavity and pharynx"
  },
  {
    "code" : "C15",
    "display" : "ESOPHAGUS"
  },
  {
    "code" : "C15.0",
    "display" : "Cervical esophagus"
  },
  {
    "code" : "C15.1",
    "display" : "Thoracic esophagus"
  },
  {
    "code" : "C15.2",
    "display" : "Abdominal esophagus"
  },
  {
    "code" : "C15.3",
    "display" : "Upper third of esophagus"
  },
  {
    "code" : "C15.4",
    "display" : "Middle third of esophagus"
  },
  {
    "code" : "C15.5",
    "display" : "Lower third of esophagus"
  },
  {
    "code" : "C15.8",
    "display" : "Overlapping lesion of esophagus"
  },
  {
    "code" : "C15.9",
    "display" : "Esophagus, NOS"
  },
  {
    "code" : "C16",
    "display" : "STOMACH"
  },
  {
    "code" : "C16.0",
    "display" : "Cardia, NOS"
  },
  {
    "code" : "C16.1",
    "display" : "Fundus of stomach"
  },
  {
    "code" : "C16.2",
    "display" : "Body of stomach"
  },
  {
    "code" : "C16.3",
    "display" : "Gastric antrum"
  },
  {
    "code" : "C16.4",
    "display" : "Pylorus"
  },
  {
    "code" : "C16.5",
    "display" : "Lesser curvature of stomach, NOS"
  },
  {
    "code" : "C16.6",
    "display" : "Greater curvature of stomach, NOS"
  },
  {
    "code" : "C16.8",
    "display" : "Overlapping lesion of stomach"
  },
  {
    "code" : "C16.9",
    "display" : "Stomach, NOS"
  },
  {
    "code" : "C17",
    "display" : "SMALL INTESTINE"
  },
  {
    "code" : "C17.0",
    "display" : "Duodenum"
  },
  {
    "code" : "C17.1",
    "display" : "Jejunum"
  },
  {
    "code" : "C17.2",
    "display" : "Ileum"
  },
  {
    "code" : "C17.3",
    "display" : "Meckel diverticulum"
  },
  {
    "code" : "C17.8",
    "display" : "Overlapping lesion of small intestine"
  },
  {
    "code" : "C17.9",
    "display" : "Small intestine, NOS"
  },
  {
    "code" : "C18",
    "display" : "COLON"
  },
  {
    "code" : "C18.0",
    "display" : "Cecum"
  },
  {
    "code" : "C18.1",
    "display" : "Appendix"
  },
  {
    "code" : "C18.2",
    "display" : "Ascending colon"
  },
  {
    "code" : "C18.3",
    "display" : "Hepatic flexure of colon"
  },
  {
    "code" : "C18.4",
    "display" : "Transverse colon"
  },
  {
    "code" : "C18.5",
    "display" : "Splenic flexure of colon"
  },
  {
    "code" : "C18.6",
    "display" : "Descending colon"
  },
  {
    "code" : "C18.7",
    "display" : "Sigmoid colon"
  },
  {
    "code" : "C18.8",
    "display" : "Overlapping lesion of colon"
  },
  {
    "code" : "C18.9",
    "display" : "Colon, NOS"
  },
  {
    "code" : "C19",
    "display" : "RECTOSIGMOID JUNCTION"
  },
  {
    "code" : "C19.9",
    "display" : "Rectosigmoid junction"
  },
  {
    "code" : "C20",
    "display" : "RECTUM"
  },
  {
    "code" : "C20.9",
    "display" : "Rectum, NOS"
  },
  {
    "code" : "C21",
    "display" : "ANUS AND ANAL CANAL"
  },
  {
    "code" : "C21.0",
    "display" : "Anus, NOS"
  },
  {
    "code" : "C21.1",
    "display" : "Anal canal"
  },
  {
    "code" : "C21.2",
    "display" : "Cloacogenic zone"
  },
  {
    "code" : "C21.8",
    "display" : "Overlapping lesion of rectum, anus and anal canal"
  },
  {
    "code" : "C22",
    "display" : "LIVER AND INTRAHEPATIC BILE DUCTS"
  },
  {
    "code" : "C22.0",
    "display" : "Liver"
  },
  {
    "code" : "C22.1",
    "display" : "Intrahepatic bile duct"
  },
  {
    "code" : "C23",
    "display" : "GALLBLADDER"
  },
  {
    "code" : "C23.9",
    "display" : "Gallbladder"
  },
  {
    "code" : "C24",
    "display" : "OTHER AND UNSPECIFIED PARTS OF BILIARY TRACT"
  },
  {
    "code" : "C24.0",
    "display" : "Extrahepatic bile duct"
  },
  {
    "code" : "C24.1",
    "display" : "Ampulla of Vater"
  },
  {
    "code" : "C24.8",
    "display" : "Overlapping lesion of biliary tract"
  },
  {
    "code" : "C24.9",
    "display" : "Biliary tract, NOS"
  },
  {
    "code" : "C25",
    "display" : "PANCREAS"
  },
  {
    "code" : "C25.0",
    "display" : "Head of pancreas"
  },
  {
    "code" : "C25.1",
    "display" : "Body of pancreas"
  },
  {
    "code" : "C25.2",
    "display" : "Tail of pancreas"
  },
  {
    "code" : "C25.3",
    "display" : "Pancreatic duct"
  },
  {
    "code" : "C25.4",
    "display" : "Islets of Langerhans"
  },
  {
    "code" : "C25.7",
    "display" : "Other specified parts of pancreas"
  },
  {
    "code" : "C25.8",
    "display" : "Overlapping lesion of pancreas"
  },
  {
    "code" : "C25.9",
    "display" : "Pancreas, NOS"
  },
  {
    "code" : "C26",
    "display" : "OTHER AND ILL-DEFINED DIGESTIVE ORGANS"
  },
  {
    "code" : "C26.0",
    "display" : "Intestinal tract, NOS"
  },
  {
    "code" : "C26.8",
    "display" : "Overlapping lesion of digestive system"
  },
  {
    "code" : "C26.9",
    "display" : "Gastrointestinal tract, NOS"
  },
  {
    "code" : "C30",
    "display" : "NASAL CAVITY AND MIDDLE EAR"
  },
  {
    "code" : "C30.0",
    "display" : "Nasal cavity"
  },
  {
    "code" : "C30.1",
    "display" : "Middle ear"
  },
  {
    "code" : "C31",
    "display" : "ACCESSORY SINUSES"
  },
  {
    "code" : "C31.0",
    "display" : "Maxillary sinus"
  },
  {
    "code" : "C31.1",
    "display" : "Ethmoid sinus"
  },
  {
    "code" : "C31.2",
    "display" : "Frontal sinus"
  },
  {
    "code" : "C31.3",
    "display" : "Sphenoid sinus"
  },
  {
    "code" : "C31.8",
    "display" : "Overlapping lesion of sinuses accessory"
  },
  {
    "code" : "C31.9",
    "display" : "Accessory sinus, NOS"
  },
  {
    "code" : "C32",
    "display" : "LARYNX"
  },
  {
    "code" : "C32.0",
    "display" : "Glottis"
  },
  {
    "code" : "C32.1",
    "display" : "Supraglottis"
  },
  {
    "code" : "C32.2",
    "display" : "Subglottis"
  },
  {
    "code" : "C32.3",
    "display" : "Laryngeal cartilage"
  },
  {
    "code" : "C32.8",
    "display" : "Overlapping lesion of larynx"
  },
  {
    "code" : "C32.9",
    "display" : "Larynx, NOS"
  },
  {
    "code" : "C33",
    "display" : "TRACHEA"
  },
  {
    "code" : "C33.9",
    "display" : "Trachea"
  },
  {
    "code" : "C34",
    "display" : "BRONCHUS AND LUNG"
  },
  {
    "code" : "C34.0",
    "display" : "Main bronchus"
  },
  {
    "code" : "C34.1",
    "display" : "Upper lobe, lung"
  },
  {
    "code" : "C34.2",
    "display" : "Middle lobe, lung"
  },
  {
    "code" : "C34.3",
    "display" : "Lower lobe, lung"
  },
  {
    "code" : "C34.8",
    "display" : "Overlapping lesion of lung"
  },
  {
    "code" : "C34.9",
    "display" : "Lung, NOS"
  },
  {
    "code" : "C37",
    "display" : "THYMUS"
  },
  {
    "code" : "C37.9",
    "display" : "Thymus"
  },
  {
    "code" : "C38",
    "display" : "HEART, MEDIASTINUM, AND PLEURA"
  },
  {
    "code" : "C38.0",
    "display" : "Heart"
  },
  {
    "code" : "C38.1",
    "display" : "Anterior mediastinum"
  },
  {
    "code" : "C38.2",
    "display" : "Posterior mediastinum"
  },
  {
    "code" : "C38.3",
    "display" : "Mediastinum, NOS"
  },
  {
    "code" : "C38.4",
    "display" : "Pleura, NOS"
  },
  {
    "code" : "C38.8",
    "display" : "Overlapping lesion of heart, mediastinum and pleura"
  },
  {
    "code" : "C39",
    "display" : "OTHER AND ILL-DEFINED SITES WITHIN RESPIRATORY SYSTEM AND INTRATHORACIC ORGANS"
  },
  {
    "code" : "C39.0",
    "display" : "Upper respiratory tract, NOS"
  },
  {
    "code" : "C39.8",
    "display" : "Overlapping lesion of respiratory system and intrathoracic organs"
  },
  {
    "code" : "C39.9",
    "display" : "Ill-defined sites within respiratory system"
  },
  {
    "code" : "C40",
    "display" : "BONES, JOINTS AND ARTICULAR CARTILAGE OF LIMBS"
  },
  {
    "code" : "C40.0",
    "display" : "Long bones of upper limb, scapula and associated joints"
  },
  {
    "code" : "C40.1",
    "display" : "Short bones of upper limb and associated joints"
  },
  {
    "code" : "C40.2",
    "display" : "Long bones of lower limb and associated joints"
  },
  {
    "code" : "C40.3",
    "display" : "Short bones of lower limb and associated joints"
  },
  {
    "code" : "C40.8",
    "display" : "Overlapping lesion of bones, joints and articular cartilage of limbs"
  },
  {
    "code" : "C40.9",
    "display" : "Bone of limb, NOS"
  },
  {
    "code" : "C41",
    "display" : "BONES, JOINTS AND ARTICULAR CARTILAGE OF OTHER AND UNSPECIFIED SITES"
  },
  {
    "code" : "C41.0",
    "display" : "Bones of skull and face and associated joints"
  },
  {
    "code" : "C41.1",
    "display" : "Mandible"
  },
  {
    "code" : "C41.2",
    "display" : "Vertebral column"
  },
  {
    "code" : "C41.3",
    "display" : "Rib, sternum, clavicle and associated joints"
  },
  {
    "code" : "C41.4",
    "display" : "Pelvic bones, sacrum, coccyx and associated joints"
  },
  {
    "code" : "C41.8",
    "display" : "Overlapping lesion of bones, joints and articular cartilage"
  },
  {
    "code" : "C41.9",
    "display" : "Bone, NOS"
  },
  {
    "code" : "C42",
    "display" : "HEMATOPOIETIC AND RETICULOENDOTHELIAL SYSTEMS"
  },
  {
    "code" : "C42.0",
    "display" : "Blood"
  },
  {
    "code" : "C42.1",
    "display" : "Bone marrow"
  },
  {
    "code" : "C42.2",
    "display" : "Spleen"
  },
  {
    "code" : "C42.3",
    "display" : "Reticuloendothelial system, NOS"
  },
  {
    "code" : "C42.4",
    "display" : "Hematopoietic system, NOS"
  },
  {
    "code" : "C44",
    "display" : "SKIN"
  },
  {
    "code" : "C44.0",
    "display" : "Skin of lip, NOS"
  },
  {
    "code" : "C44.1",
    "display" : "Eyelid"
  },
  {
    "code" : "C44.2",
    "display" : "External ear"
  },
  {
    "code" : "C44.3",
    "display" : "Skin of other and unspecified parts of face"
  },
  {
    "code" : "C44.4",
    "display" : "Skin of scalp and neck"
  },
  {
    "code" : "C44.5",
    "display" : "Skin of trunk"
  },
  {
    "code" : "C44.6",
    "display" : "Skin of upper limb and shoulder"
  },
  {
    "code" : "C44.7",
    "display" : "Skin of lower limb and hip"
  },
  {
    "code" : "C44.8",
    "display" : "Overlapping lesion of skin"
  },
  {
    "code" : "C44.9",
    "display" : "Skin, NOS"
  },
  {
    "code" : "C47",
    "display" : "PERIPHERAL NERVES AND AUTONOMIC NERVOUS SYSTEM"
  },
  {
    "code" : "C47.0",
    "display" : "Peripheral nerves and autonomic nervous system of head, face, and neck"
  },
  {
    "code" : "C47.1",
    "display" : "Peripheral nerves and autonomic nervous system of upper limb and shoulder"
  },
  {
    "code" : "C47.2",
    "display" : "Peripheral nerves and autonomic nervous system of lower limb and hip"
  },
  {
    "code" : "C47.3",
    "display" : "Peripheral nerves and autonomic nervous system of thorax"
  },
  {
    "code" : "C47.4",
    "display" : "Peripheral nerves and autonomic nervous system of abdomen"
  },
  {
    "code" : "C47.5",
    "display" : "Peripheral nerves and autonomic nervous system of pelvis"
  },
  {
    "code" : "C47.6",
    "display" : "Peripheral nerves and autonomic nervous system of trunk, NOS"
  },
  {
    "code" : "C47.8",
    "display" : "Overlapping lesion of peripheral nerves and autonomic nervous system"
  },
  {
    "code" : "C47.9",
    "display" : "Autonomic nervous system, NOS"
  },
  {
    "code" : "C48",
    "display" : "RETROPERITONEUM AND PERITONEUM"
  },
  {
    "code" : "C48.0",
    "display" : "Retroperitoneum"
  },
  {
    "code" : "C48.1",
    "display" : "Specified parts of peritoneum"
  },
  {
    "code" : "C48.2",
    "display" : "Peritoneum, NOS"
  },
  {
    "code" : "C48.8",
    "display" : "Overlapping lesion of retroperitoneum and peritoneum"
  },
  {
    "code" : "C49",
    "display" : "CONNECTIVE, SUBCUTANEOUS AND OTHER SOFT TISSUES"
  },
  {
    "code" : "C49.0",
    "display" : "Connective, subcutaneous and other soft tissues of head, face, and neck"
  },
  {
    "code" : "C49.1",
    "display" : "Connective, subcutaneous and other soft tissues of upper limb and shoulder"
  },
  {
    "code" : "C49.2",
    "display" : "Connective, subcutaneous and other soft tissues of lower limb and hip"
  },
  {
    "code" : "C49.3",
    "display" : "Connective, subcutaneous and other soft tissues of thorax"
  },
  {
    "code" : "C49.4",
    "display" : "Connective, subcutaneous and other soft tissues of abdomen"
  },
  {
    "code" : "C49.5",
    "display" : "Connective, subcutaneous and other soft tissues of pelvis"
  },
  {
    "code" : "C49.6",
    "display" : "Connective, subcutaneous and other soft tissues of trunk NOS"
  },
  {
    "code" : "C49.8",
    "display" : "Overlapping lesion of connective, subcutaneous and other soft tissues"
  },
  {
    "code" : "C49.9",
    "display" : "Connective, subcutaneous and other soft tissues, NOS"
  },
  {
    "code" : "C50",
    "display" : "BREAST"
  },
  {
    "code" : "C50.0",
    "display" : "Nipple"
  },
  {
    "code" : "C50.1",
    "display" : "Central portion of breast"
  },
  {
    "code" : "C50.2",
    "display" : "Upper-inner quadrant of breast"
  },
  {
    "code" : "C50.3",
    "display" : "Lower-inner quadrant of breast"
  },
  {
    "code" : "C50.4",
    "display" : "Upper-outer quadrant of breast"
  },
  {
    "code" : "C50.5",
    "display" : "Lower-outer quadrant of breast"
  },
  {
    "code" : "C50.6",
    "display" : "Axillary tail of breast"
  },
  {
    "code" : "C50.8",
    "display" : "Overlapping lesion of breast"
  },
  {
    "code" : "C50.9",
    "display" : "Breast, NOS"
  },
  {
    "code" : "C51-C58",
    "display" : "FEMALE GENITAL ORGANS"
  },
  {
    "code" : "C51",
    "display" : "VULVA"
  },
  {
    "code" : "C51.0",
    "display" : "Labium majus"
  },
  {
    "code" : "C51.1",
    "display" : "Labium minus"
  },
  {
    "code" : "C51.2",
    "display" : "Clitoris"
  },
  {
    "code" : "C51.8",
    "display" : "Overlapping lesion of vulva"
  },
  {
    "code" : "C51.9",
    "display" : "Vulva, NOS"
  },
  {
    "code" : "C52",
    "display" : "VAGINA"
  },
  {
    "code" : "C52.9",
    "display" : "Vagina, NOS"
  },
  {
    "code" : "C53",
    "display" : "CERVIX UTERI"
  },
  {
    "code" : "C53.0",
    "display" : "Endocervix"
  },
  {
    "code" : "C53.1",
    "display" : "Exocervix"
  },
  {
    "code" : "C53.8",
    "display" : "Overlapping lesion of cervix uteri"
  },
  {
    "code" : "C53.9",
    "display" : "Cervix uteri"
  },
  {
    "code" : "C54",
    "display" : "CORPUS UTERI"
  },
  {
    "code" : "C54.0",
    "display" : "Isthmus uteri"
  },
  {
    "code" : "C54.1",
    "display" : "Endometrium"
  },
  {
    "code" : "C54.2",
    "display" : "Myometrium"
  },
  {
    "code" : "C54.3",
    "display" : "Fundus uteri"
  },
  {
    "code" : "C54.8",
    "display" : "Overlapping lesion of corpus uteri"
  },
  {
    "code" : "C54.9",
    "display" : "Corpus uteri"
  },
  {
    "code" : "C55",
    "display" : "UTERUS, NOS"
  },
  {
    "code" : "C55.9",
    "display" : "Uterus, NOS"
  },
  {
    "code" : "C56",
    "display" : "OVARY"
  },
  {
    "code" : "C56.9",
    "display" : "Ovary"
  },
  {
    "code" : "C57",
    "display" : "OTHER AND UNSPECIFIED FEMALE GENITAL ORGANS"
  },
  {
    "code" : "C57.0",
    "display" : "Fallopian tube"
  },
  {
    "code" : "C57.1",
    "display" : "Broad ligament"
  },
  {
    "code" : "C57.2",
    "display" : "Round ligament"
  },
  {
    "code" : "C57.3",
    "display" : "Parametrium"
  },
  {
    "code" : "C57.4",
    "display" : "Uterine adnexa"
  },
  {
    "code" : "C57.7",
    "display" : "Other specified parts of female genital organs"
  },
  {
    "code" : "C57.8",
    "display" : "Overlapping lesion of female genital organs"
  },
  {
    "code" : "C57.9",
    "display" : "Female genital tract, NOS"
  },
  {
    "code" : "C58",
    "display" : "PLACENTA"
  },
  {
    "code" : "C58.9",
    "display" : "Placenta"
  },
  {
    "code" : "C60",
    "display" : "PENIS"
  },
  {
    "code" : "C60.0",
    "display" : "Prepuce"
  },
  {
    "code" : "C60.1",
    "display" : "Glans penis"
  },
  {
    "code" : "C60.2",
    "display" : "Body of penis"
  },
  {
    "code" : "C60.8",
    "display" : "Overlapping lesion of penis"
  },
  {
    "code" : "C60.9",
    "display" : "Penis, NOS"
  },
  {
    "code" : "C61",
    "display" : "PROSTATE GLAND"
  },
  {
    "code" : "C61.9",
    "display" : "Prostate gland"
  },
  {
    "code" : "C62",
    "display" : "TESTIS"
  },
  {
    "code" : "C62.0",
    "display" : "Undescended testis"
  },
  {
    "code" : "C62.1",
    "display" : "Descended testis"
  },
  {
    "code" : "C62.9",
    "display" : "Testis, NOS"
  },
  {
    "code" : "C63",
    "display" : "OTHER AND UNSPECIFIED MALE GENITAL ORGANS"
  },
  {
    "code" : "C63.0",
    "display" : "Epididymis"
  },
  {
    "code" : "C63.1",
    "display" : "Spermatic cord"
  },
  {
    "code" : "C63.2",
    "display" : "Scrotum, NOS"
  },
  {
    "code" : "C63.7",
    "display" : "Other specified parts of male genital organs"
  },
  {
    "code" : "C63.8",
    "display" : "Overlapping lesion of male genital organs"
  },
  {
    "code" : "C63.9",
    "display" : "Male genital organs, NOS"
  },
  {
    "code" : "C64",
    "display" : "KIDNEY"
  },
  {
    "code" : "C64.9",
    "display" : "Kidney, NOS"
  },
  {
    "code" : "C65",
    "display" : "RENAL PELVIS"
  },
  {
    "code" : "C65.9",
    "display" : "Renal pelvis"
  },
  {
    "code" : "C66",
    "display" : "URETER"
  },
  {
    "code" : "C66.9",
    "display" : "Ureter"
  },
  {
    "code" : "C67",
    "display" : "BLADDER"
  },
  {
    "code" : "C67.0",
    "display" : "Trigone of bladder"
  },
  {
    "code" : "C67.1",
    "display" : "Dome of bladder"
  },
  {
    "code" : "C67.2",
    "display" : "Lateral wall of bladder"
  },
  {
    "code" : "C67.3",
    "display" : "Anterior wall of bladder"
  },
  {
    "code" : "C67.4",
    "display" : "Posterior wall of bladder"
  },
  {
    "code" : "C67.5",
    "display" : "Bladder neck"
  },
  {
    "code" : "C67.6",
    "display" : "Ureteric orifice"
  },
  {
    "code" : "C67.7",
    "display" : "Urachus"
  },
  {
    "code" : "C67.8",
    "display" : "Overlapping lesion of bladder"
  },
  {
    "code" : "C67.9",
    "display" : "Bladder, NOS"
  },
  {
    "code" : "C68",
    "display" : "OTHER AND UNSPECIFIED URINARY ORGANS"
  },
  {
    "code" : "C68.0",
    "display" : "Urethra"
  },
  {
    "code" : "C68.1",
    "display" : "Paraurethral gland"
  },
  {
    "code" : "C68.8",
    "display" : "Overlapping lesion of urinary organs"
  },
  {
    "code" : "C68.9",
    "display" : "Urinary system, NOS"
  },
  {
    "code" : "C69",
    "display" : "EYE AND ADNEXA"
  },
  {
    "code" : "C69.0",
    "display" : "Conjunctiva"
  },
  {
    "code" : "C69.1",
    "display" : "Cornea, NOS"
  },
  {
    "code" : "C69.2",
    "display" : "Retina"
  },
  {
    "code" : "C69.3",
    "display" : "Choroid"
  },
  {
    "code" : "C69.4",
    "display" : "Ciliary body"
  },
  {
    "code" : "C69.5",
    "display" : "Lacrimal gland"
  },
  {
    "code" : "C69.6",
    "display" : "Orbit, NOS"
  },
  {
    "code" : "C69.8",
    "display" : "Overlapping lesion of eye and adnexa"
  },
  {
    "code" : "C69.9",
    "display" : "Eye, NOS"
  },
  {
    "code" : "C70",
    "display" : "MENINGES"
  },
  {
    "code" : "C70.0",
    "display" : "Cerebral meninges"
  },
  {
    "code" : "C70.1",
    "display" : "Spinal meninges"
  },
  {
    "code" : "C70.9",
    "display" : "Meninges, NOS"
  },
  {
    "code" : "C71",
    "display" : "BRAIN"
  },
  {
    "code" : "C71.0",
    "display" : "Cerebrum"
  },
  {
    "code" : "C71.1",
    "display" : "Frontal lobe"
  },
  {
    "code" : "C71.2",
    "display" : "Temporal lobe"
  },
  {
    "code" : "C71.3",
    "display" : "Parietal lobe"
  },
  {
    "code" : "C71.4",
    "display" : "Occipital lobe"
  },
  {
    "code" : "C71.5",
    "display" : "Ventricle, NOS"
  },
  {
    "code" : "C71.6",
    "display" : "Cerebellum, NOS"
  },
  {
    "code" : "C71.7",
    "display" : "Brain stem"
  },
  {
    "code" : "C71.8",
    "display" : "Overlapping lesion of brain"
  },
  {
    "code" : "C71.9",
    "display" : "Brain, NOS"
  },
  {
    "code" : "C72",
    "display" : "SPINAL CORD, CRANIAL NERVES, AND OTHER PARTS OF CENTRAL NERVOUS SYSTEM"
  },
  {
    "code" : "C72.0",
    "display" : "Spinal cord"
  },
  {
    "code" : "C72.1",
    "display" : "Cauda equina"
  },
  {
    "code" : "C72.2",
    "display" : "Olfactory nerve"
  },
  {
    "code" : "C72.3",
    "display" : "Optic nerve"
  },
  {
    "code" : "C72.4",
    "display" : "Acoustic nerve"
  },
  {
    "code" : "C72.5",
    "display" : "Cranial nerve, NOS"
  },
  {
    "code" : "C72.8",
    "display" : "Overlapping lesion of brain and central nervous system"
  },
  {
    "code" : "C72.9",
    "display" : "Nervous system, NOS"
  },
  {
    "code" : "C73",
    "display" : "THYROID GLAND"
  },
  {
    "code" : "C73.9",
    "display" : "Thyroid gland"
  },
  {
    "code" : "C74",
    "display" : "ADRENAL GLAND"
  },
  {
    "code" : "C74.0",
    "display" : "Cortex of adrenal gland"
  },
  {
    "code" : "C74.1",
    "display" : "Medulla of adrenal gland"
  },
  {
    "code" : "C74.9",
    "display" : "Adrenal gland, NOS"
  },
  {
    "code" : "C75",
    "display" : "OTHER ENDOCRINE GLANDS AND RELATED STRUCTURES"
  },
  {
    "code" : "C75.0",
    "display" : "Parathyroid gland"
  },
  {
    "code" : "C75.1",
    "display" : "Pituitary gland"
  },
  {
    "code" : "C75.2",
    "display" : "Craniopharyngeal duct"
  },
  {
    "code" : "C75.3",
    "display" : "Pineal gland"
  },
  {
    "code" : "C75.4",
    "display" : "Carotid body"
  },
  {
    "code" : "C75.5",
    "display" : "Aortic body and other paraganglia"
  },
  {
    "code" : "C75.8",
    "display" : "Overlapping lesion of endocrine glands and related structures"
  },
  {
    "code" : "C75.9",
    "display" : "Endocrine gland, NOS"
  },
  {
    "code" : "C76",
    "display" : "OTHER AND ILL-DEFINED SITES"
  },
  {
    "code" : "C76.0",
    "display" : "Head, face or neck, NOS"
  },
  {
    "code" : "C76.1",
    "display" : "Thorax, NOS"
  },
  {
    "code" : "C76.2",
    "display" : "Abdomen, NOS"
  },
  {
    "code" : "C76.3",
    "display" : "Pelvis, NOS"
  },
  {
    "code" : "C76.4",
    "display" : "Upper limb, NOS"
  },
  {
    "code" : "C76.5",
    "display" : "Lower limb, NOS"
  },
  {
    "code" : "C76.7",
    "display" : "Other ill-defined sites"
  },
  {
    "code" : "C76.8",
    "display" : "Overlapping lesion of ill-defined sites"
  },
  {
    "code" : "C77",
    "display" : "LYMPH NODES"
  },
  {
    "code" : "C77.0",
    "display" : "Lymph nodes of head, face and neck"
  },
  {
    "code" : "C77.1",
    "display" : "Intrathoracic lymph nodes"
  },
  {
    "code" : "C77.2",
    "display" : "Intra-abdominal lymph nodes"
  },
  {
    "code" : "C77.3",
    "display" : "Lymph nodes of axilla or arm"
  },
  {
    "code" : "C77.4",
    "display" : "Lymph nodes of inguinal region or leg"
  },
  {
    "code" : "C77.5",
    "display" : "Pelvic lymph nodes"
  },
  {
    "code" : "C77.8",
    "display" : "Lymph nodes of multiple regions"
  },
  {
    "code" : "C77.9",
    "display" : "Lymph node, NOS"
  },
  {
    "code" : "C80",
    "display" : "UNKNOWN PRIMARY SITE"
  },
  {
    "code" : "C80.9",
    "display" : "Unknown primary site"
  }]
}