{
  "resourceType" : "CodeSystem",
  "id" : "KemkesClinicalTermCS",
  "meta" : {
    "versionId" : "2",
    "lastUpdated" : "2023-11-09T13:31:14.515+07:00"
  },
  "language" : "Indonesia",
  "text" : {
    "status" : "generated",
    "div" : "<div xmlns=\"http://www.w3.org/1999/xhtml\" xml:lang=\"Indonesia\" lang=\"Indonesia\"><p>This case-sensitive code system <code>http://terminology.kemkes.go.id/CodeSystem/clinical-term</code> defines the following codes in a Is-A heirarchy:</p><table class=\"codes\"><tr><td style=\"white-space:nowrap\"><b>Code</b></td><td><b>Display</b></td></tr><tr><td style=\"white-space:nowrap\">AL000001<a name=\"KemkesClinicalTermCS-AL000001\"> </a></td><td>Rumput bermuda</td></tr><tr><td style=\"white-space:nowrap\">AL000002<a name=\"KemkesClinicalTermCS-AL000002\"> </a></td><td>Rumput timotius</td></tr><tr><td style=\"white-space:nowrap\">AL000003<a name=\"KemkesClinicalTermCS-AL000003\"> </a></td><td>Akasia</td></tr><tr><td style=\"white-space:nowrap\">AL000004<a name=\"KemkesClinicalTermCS-AL000004\"> </a></td><td>Minyak kelapa sawit</td></tr><tr><td style=\"white-space:nowrap\">AL000005<a name=\"KemkesClinicalTermCS-AL000005\"> </a></td><td>Tungau debu</td></tr><tr><td style=\"white-space:nowrap\">AL000006<a name=\"KemkesClinicalTermCS-AL000006\"> </a></td><td>Tungau bahan pangan</td></tr><tr><td style=\"white-space:nowrap\">AL000007<a name=\"KemkesClinicalTermCS-AL000007\"> </a></td><td>Tungau Perabotan Rumah</td></tr><tr><td style=\"white-space:nowrap\">AL000008<a name=\"KemkesClinicalTermCS-AL000008\"> </a></td><td>Tungau tepung, beras</td></tr><tr><td style=\"white-space:nowrap\">AL000009<a name=\"KemkesClinicalTermCS-AL000009\"> </a></td><td>Kapuk</td></tr><tr><td style=\"white-space:nowrap\">AL000010<a name=\"KemkesClinicalTermCS-AL000010\"> </a></td><td>Racun lebah madu</td></tr><tr><td style=\"white-space:nowrap\">AL000011<a name=\"KemkesClinicalTermCS-AL000011\"> </a></td><td>Kecoa jerman</td></tr><tr><td style=\"white-space:nowrap\">AL000012<a name=\"KemkesClinicalTermCS-AL000012\"> </a></td><td>Candida albicans</td></tr><tr><td style=\"white-space:nowrap\">AL000013<a name=\"KemkesClinicalTermCS-AL000013\"> </a></td><td>Tepung terigu</td></tr><tr><td style=\"white-space:nowrap\">AL000014<a name=\"KemkesClinicalTermCS-AL000014\"> </a></td><td>Ragi</td></tr><tr><td style=\"white-space:nowrap\">AL000015<a name=\"KemkesClinicalTermCS-AL000015\"> </a></td><td>Ikan kod</td></tr><tr><td style=\"white-space:nowrap\">AL000016<a name=\"KemkesClinicalTermCS-AL000016\"> </a></td><td>Salmon</td></tr><tr><td style=\"white-space:nowrap\">AL000017<a name=\"KemkesClinicalTermCS-AL000017\"> </a></td><td>Daging bebek</td></tr><tr><td style=\"white-space:nowrap\">AL000018<a name=\"KemkesClinicalTermCS-AL000018\"> </a></td><td>Daging sapi</td></tr><tr><td style=\"white-space:nowrap\">AL000019<a name=\"KemkesClinicalTermCS-AL000019\"> </a></td><td>Daging ayam</td></tr><tr><td style=\"white-space:nowrap\">AL000020<a name=\"KemkesClinicalTermCS-AL000020\"> </a></td><td>Daging domba</td></tr><tr><td style=\"white-space:nowrap\">AL000021<a name=\"KemkesClinicalTermCS-AL000021\"> </a></td><td>Keju cheedar</td></tr><tr><td style=\"white-space:nowrap\">AL000022<a name=\"KemkesClinicalTermCS-AL000022\"> </a></td><td>Kopi</td></tr><tr><td style=\"white-space:nowrap\">AL000023<a name=\"KemkesClinicalTermCS-AL000023\"> </a></td><td>Nasi putih</td></tr><tr><td style=\"white-space:nowrap\">AL000024<a name=\"KemkesClinicalTermCS-AL000024\"> </a></td><td>Kuning telur</td></tr><tr><td style=\"white-space:nowrap\">AL000025<a name=\"KemkesClinicalTermCS-AL000025\"> </a></td><td>Kerang</td></tr><tr><td style=\"white-space:nowrap\">AL000026<a name=\"KemkesClinicalTermCS-AL000026\"> </a></td><td>Kacang merah</td></tr><tr><td style=\"white-space:nowrap\">AL000027<a name=\"KemkesClinicalTermCS-AL000027\"> </a></td><td>Kacang hijau</td></tr><tr><td style=\"white-space:nowrap\">AL000028<a name=\"KemkesClinicalTermCS-AL000028\"> </a></td><td>Bulu ayam</td></tr><tr><td style=\"white-space:nowrap\">AL000029<a name=\"KemkesClinicalTermCS-AL000029\"> </a></td><td>Kacang polong</td></tr><tr><td style=\"white-space:nowrap\">AL000030<a name=\"KemkesClinicalTermCS-AL000030\"> </a></td><td>Tepung gandum</td></tr><tr><td style=\"white-space:nowrap\">AL000031<a name=\"KemkesClinicalTermCS-AL000031\"> </a></td><td>Makerel</td></tr><tr><td style=\"white-space:nowrap\">AL000032<a name=\"KemkesClinicalTermCS-AL000032\"> </a></td><td>Kerang simping</td></tr><tr><td style=\"white-space:nowrap\">AL000033<a name=\"KemkesClinicalTermCS-AL000033\"> </a></td><td>Susu kambing</td></tr><tr><td style=\"white-space:nowrap\">AL000034<a name=\"KemkesClinicalTermCS-AL000034\"> </a></td><td>Paprika</td></tr><tr><td style=\"white-space:nowrap\">AL000035<a name=\"KemkesClinicalTermCS-AL000035\"> </a></td><td>Kubis</td></tr><tr><td style=\"white-space:nowrap\">AL000036<a name=\"KemkesClinicalTermCS-AL000036\"> </a></td><td>Adas</td></tr><tr><td style=\"white-space:nowrap\">AL000037<a name=\"KemkesClinicalTermCS-AL000037\"> </a></td><td>Selada</td></tr><tr><td style=\"white-space:nowrap\">AL000038<a name=\"KemkesClinicalTermCS-AL000038\"> </a></td><td>Labu</td></tr><tr><td style=\"white-space:nowrap\">AL000039<a name=\"KemkesClinicalTermCS-AL000039\"> </a></td><td>Lobak</td></tr><tr><td style=\"white-space:nowrap\">AL000040<a name=\"KemkesClinicalTermCS-AL000040\"> </a></td><td>Timun jepang/Zucchini</td></tr><tr><td style=\"white-space:nowrap\">AL000041<a name=\"KemkesClinicalTermCS-AL000041\"> </a></td><td>Gandum kuda/buckwheat</td></tr><tr><td style=\"white-space:nowrap\">AL000042<a name=\"KemkesClinicalTermCS-AL000042\"> </a></td><td>Sarden</td></tr><tr><td style=\"white-space:nowrap\">AL000043<a name=\"KemkesClinicalTermCS-AL000043\"> </a></td><td>Debu rumah</td></tr><tr><td style=\"white-space:nowrap\">PR000001<a name=\"KemkesClinicalTermCS-PR000001\"> </a></td><td>Prognosis baik</td></tr><tr><td style=\"white-space:nowrap\">PR000002<a name=\"KemkesClinicalTermCS-PR000002\"> </a></td><td>Prognosis dubia et bonam / cenderung baik</td></tr><tr><td style=\"white-space:nowrap\">PR000003<a name=\"KemkesClinicalTermCS-PR000003\"> </a></td><td>Prognosis dubia et malam / cenderung tidak baik</td></tr><tr><td style=\"white-space:nowrap\">PR000004<a name=\"KemkesClinicalTermCS-PR000004\"> </a></td><td>Prognosis tidak baik</td></tr><tr><td style=\"white-space:nowrap\">OI000001<a name=\"KemkesClinicalTermCS-OI000001\"> </a></td><td>Gizi Buruk</td></tr><tr><td style=\"white-space:nowrap\">OI000002<a name=\"KemkesClinicalTermCS-OI000002\"> </a></td><td>Gizi Kurang</td></tr><tr><td style=\"white-space:nowrap\">OI000003<a name=\"KemkesClinicalTermCS-OI000003\"> </a></td><td>Gizi Baik</td></tr><tr><td style=\"white-space:nowrap\">OI000004<a name=\"KemkesClinicalTermCS-OI000004\"> </a></td><td>Risiko Gizi Lebih</td></tr><tr><td style=\"white-space:nowrap\">OI000005<a name=\"KemkesClinicalTermCS-OI000005\"> </a></td><td>Gizi Lebih</td></tr><tr><td style=\"white-space:nowrap\">OI000006<a name=\"KemkesClinicalTermCS-OI000006\"> </a></td><td>Obesitas</td></tr><tr><td style=\"white-space:nowrap\">OI000007<a name=\"KemkesClinicalTermCS-OI000007\"> </a></td><td>Berat Badan Sangat Kurang</td></tr><tr><td style=\"white-space:nowrap\">OI000008<a name=\"KemkesClinicalTermCS-OI000008\"> </a></td><td>Berat Badan Kurang</td></tr><tr><td style=\"white-space:nowrap\">OI000009<a name=\"KemkesClinicalTermCS-OI000009\"> </a></td><td>Berat Badan Normal</td></tr><tr><td style=\"white-space:nowrap\">OI000010<a name=\"KemkesClinicalTermCS-OI000010\"> </a></td><td>Risiko Berat Badan Lebih</td></tr><tr><td style=\"white-space:nowrap\">OI000011<a name=\"KemkesClinicalTermCS-OI000011\"> </a></td><td>Sangat Pendek</td></tr><tr><td style=\"white-space:nowrap\">OI000012<a name=\"KemkesClinicalTermCS-OI000012\"> </a></td><td>Pendek</td></tr><tr><td style=\"white-space:nowrap\">OI000013<a name=\"KemkesClinicalTermCS-OI000013\"> </a></td><td>Normal</td></tr><tr><td style=\"white-space:nowrap\">OI000014<a name=\"KemkesClinicalTermCS-OI000014\"> </a></td><td>Tinggi</td></tr><tr><td style=\"white-space:nowrap\">OI000015<a name=\"KemkesClinicalTermCS-OI000015\"> </a></td><td>Normocephaly</td></tr><tr><td style=\"white-space:nowrap\">OI000016<a name=\"KemkesClinicalTermCS-OI000016\"> </a></td><td>Sesuai Usia</td></tr><tr><td style=\"white-space:nowrap\">OI000017<a name=\"KemkesClinicalTermCS-OI000017\"> </a></td><td>Tidak Sesuai Usia</td></tr><tr><td style=\"white-space:nowrap\">OI000018<a name=\"KemkesClinicalTermCS-OI000018\"> </a></td><td>Kurang Energi Kronis (KEK)</td></tr><tr><td style=\"white-space:nowrap\">OC000001<a name=\"KemkesClinicalTermCS-OC000001\"> </a></td><td>Jarak kehamilan</td></tr><tr><td style=\"white-space:nowrap\">OC000002<a name=\"KemkesClinicalTermCS-OC000002\"> </a></td><td>Kepala Terhadap PAP</td></tr><tr><td style=\"white-space:nowrap\">OC000003<a name=\"KemkesClinicalTermCS-OC000003\"> </a></td><td>Jumlah Janin</td></tr><tr><td style=\"white-space:nowrap\">OC000004<a name=\"KemkesClinicalTermCS-OC000004\"> </a></td><td>Letak Janin (USG)</td></tr><tr><td style=\"white-space:nowrap\">OC000005<a name=\"KemkesClinicalTermCS-OC000005\"> </a></td><td>Indeks Berat Badan menurut Panjang Badan (z-score)</td></tr><tr><td style=\"white-space:nowrap\">OC000006<a name=\"KemkesClinicalTermCS-OC000006\"> </a></td><td>Indeks Berat Badan menurut Tinggi Badan (z-score)</td></tr><tr><td style=\"white-space:nowrap\">OC000007<a name=\"KemkesClinicalTermCS-OC000007\"> </a></td><td>Lama Perawatan</td></tr><tr><td style=\"white-space:nowrap\">OC000008<a name=\"KemkesClinicalTermCS-OC000008\"> </a></td><td>Status Pertumbuhan dan Perkembangan</td></tr><tr><td style=\"white-space:nowrap\">OC000009<a name=\"KemkesClinicalTermCS-OC000009\"> </a></td><td>Mendapatkan Makanan Pendamping ASI (MPASI)</td></tr><tr><td style=\"white-space:nowrap\">OC000010<a name=\"KemkesClinicalTermCS-OC000010\"> </a></td><td>Indeks Massa Tubuh Sebelum Hamil</td></tr><tr><td style=\"white-space:nowrap\">OC000011<a name=\"KemkesClinicalTermCS-OC000011\"> </a></td><td>Target Kenaikan Berat Badan</td></tr><tr><td style=\"white-space:nowrap\">OC000012<a name=\"KemkesClinicalTermCS-OC000012\"> </a></td><td>Kenaikan Berat Badan Adekuat</td></tr><tr><td style=\"white-space:nowrap\">OC000013<a name=\"KemkesClinicalTermCS-OC000013\"> </a></td><td>Penolong Persalinan</td></tr><tr><td style=\"white-space:nowrap\">OC000014<a name=\"KemkesClinicalTermCS-OC000014\"> </a></td><td>Memiliki Buku KIA</td></tr><tr><td style=\"white-space:nowrap\">OC000015<a name=\"KemkesClinicalTermCS-OC000015\"> </a></td><td>Konseling Perawatan Bayi Baru Lahir</td></tr><tr><td style=\"white-space:nowrap\">OC000016<a name=\"KemkesClinicalTermCS-OC000016\"> </a></td><td>Waktu Inisiasi Menyusui Dini</td></tr><tr><td style=\"white-space:nowrap\">OC000017<a name=\"KemkesClinicalTermCS-OC000017\"> </a></td><td>Produksi ASI</td></tr><tr><td style=\"white-space:nowrap\">OC000018<a name=\"KemkesClinicalTermCS-OC000018\"> </a></td><td>Onset Kala III</td></tr><tr><td style=\"white-space:nowrap\">OC000019<a name=\"KemkesClinicalTermCS-OC000019\"> </a></td><td>Onset Kala IV</td></tr><tr><td style=\"white-space:nowrap\">OC000020<a name=\"KemkesClinicalTermCS-OC000020\"> </a></td><td>Tanda Infeksi Perineum</td></tr><tr><td style=\"white-space:nowrap\">OC000021<a name=\"KemkesClinicalTermCS-OC000021\"> </a></td><td>WHODAS 2.0 Subacute ADL Score</td></tr><tr><td style=\"white-space:nowrap\">OC000022<a name=\"KemkesClinicalTermCS-OC000022\"> </a></td><td>WHODAS 2.0 Chronic ADL Score</td></tr><tr><td style=\"white-space:nowrap\">OC000023<a name=\"KemkesClinicalTermCS-OC000023\"> </a></td><td/></tr><tr><td style=\"white-space:nowrap\">OC000024<a name=\"KemkesClinicalTermCS-OC000024\"> </a></td><td>Kondisi Payudara</td></tr><tr><td style=\"white-space:nowrap\">OC000025<a name=\"KemkesClinicalTermCS-OC000025\"> </a></td><td>Tanda Infeksi Luka Jahitan Sectio Caesaria</td></tr><tr><td style=\"white-space:nowrap\">OC000026<a name=\"KemkesClinicalTermCS-OC000026\"> </a></td><td>Masa terjadi Kematian Ibu</td></tr><tr><td style=\"white-space:nowrap\">OC000027<a name=\"KemkesClinicalTermCS-OC000027\"> </a></td><td>Masa terjadi Kematian Anak</td></tr><tr><td style=\"white-space:nowrap\">OC000028<a name=\"KemkesClinicalTermCS-OC000028\"> </a></td><td>Jenis Tempat Tinggal</td></tr><tr><td style=\"white-space:nowrap\">OC000029<a name=\"KemkesClinicalTermCS-OC000029\"> </a></td><td>Urutan ke (untuk bayi kembar)</td></tr><tr><td style=\"white-space:nowrap\">OV000001<a name=\"KemkesClinicalTermCS-OV000001\"> </a></td><td>Masuk panggul</td></tr><tr><td style=\"white-space:nowrap\">OV000002<a name=\"KemkesClinicalTermCS-OV000002\"> </a></td><td>Belum masuk panggul</td></tr><tr><td style=\"white-space:nowrap\">OV000003<a name=\"KemkesClinicalTermCS-OV000003\"> </a></td><td>Presentasi Kepala</td></tr><tr><td style=\"white-space:nowrap\">OV000004<a name=\"KemkesClinicalTermCS-OV000004\"> </a></td><td>Presentasi Bokong</td></tr><tr><td style=\"white-space:nowrap\">OV000005<a name=\"KemkesClinicalTermCS-OV000005\"> </a></td><td>Letak Lintang</td></tr><tr><td style=\"white-space:nowrap\">OV000006<a name=\"KemkesClinicalTermCS-OV000006\"> </a></td><td>Intrauteri</td></tr><tr><td style=\"white-space:nowrap\">OV000007<a name=\"KemkesClinicalTermCS-OV000007\"> </a></td><td>Ekstrauteri</td></tr><tr><td style=\"white-space:nowrap\">OV000008<a name=\"KemkesClinicalTermCS-OV000008\"> </a></td><td>5–9 kg</td></tr><tr><td style=\"white-space:nowrap\">OV000009<a name=\"KemkesClinicalTermCS-OV000009\"> </a></td><td>7–11.5 kg</td></tr><tr><td style=\"white-space:nowrap\">OV000010<a name=\"KemkesClinicalTermCS-OV000010\"> </a></td><td>11.5–16 kg</td></tr><tr><td style=\"white-space:nowrap\">OV000011<a name=\"KemkesClinicalTermCS-OV000011\"> </a></td><td>12.5–18 kg</td></tr><tr><td style=\"white-space:nowrap\">OV000012<a name=\"KemkesClinicalTermCS-OV000012\"> </a></td><td>Dukun</td></tr><tr><td style=\"white-space:nowrap\">OV000013<a name=\"KemkesClinicalTermCS-OV000013\"> </a></td><td>Lebih dari Lima</td></tr><tr><td style=\"white-space:nowrap\">OV000014<a name=\"KemkesClinicalTermCS-OV000014\"> </a></td><td>Kurang dari 1 Jam</td></tr><tr><td style=\"white-space:nowrap\">OV000015<a name=\"KemkesClinicalTermCS-OV000015\"> </a></td><td>Lebih dari 1 Jam</td></tr><tr><td style=\"white-space:nowrap\">OV000016<a name=\"KemkesClinicalTermCS-OV000016\"> </a></td><td>Produksi ASI ada</td></tr><tr><td style=\"white-space:nowrap\">OV000017<a name=\"KemkesClinicalTermCS-OV000017\"> </a></td><td>Produksi ASI ada tapi sedikit</td></tr><tr><td style=\"white-space:nowrap\">OV000018<a name=\"KemkesClinicalTermCS-OV000018\"> </a></td><td>Produksi ASI tidak ada</td></tr><tr><td style=\"white-space:nowrap\">OV000019<a name=\"KemkesClinicalTermCS-OV000019\"> </a></td><td>Frekuensi his</td></tr><tr><td style=\"white-space:nowrap\">OV000020<a name=\"KemkesClinicalTermCS-OV000020\"> </a></td><td>Intensitas his</td></tr><tr><td style=\"white-space:nowrap\">OV000021<a name=\"KemkesClinicalTermCS-OV000021\"> </a></td><td>Durasi lama his</td></tr><tr><td style=\"white-space:nowrap\">OV000022<a name=\"KemkesClinicalTermCS-OV000022\"> </a></td><td>Interval his</td></tr><tr><td style=\"white-space:nowrap\">OV000023<a name=\"KemkesClinicalTermCS-OV000023\"> </a></td><td>Datangnya his</td></tr><tr><td style=\"white-space:nowrap\">OV000024<a name=\"KemkesClinicalTermCS-OV000024\"> </a></td><td>Lokia berbau normal</td></tr><tr><td style=\"white-space:nowrap\">OV000025<a name=\"KemkesClinicalTermCS-OV000025\"> </a></td><td>Lokia berbau amis/busuk</td></tr><tr><td style=\"white-space:nowrap\">OV000026<a name=\"KemkesClinicalTermCS-OV000026\"> </a></td><td>Laceration of perineum during delivery involving vaginal mucosa and perineal skin</td></tr><tr><td style=\"white-space:nowrap\">OV000027<a name=\"KemkesClinicalTermCS-OV000027\"> </a></td><td>Laceration of perineum during delivery involving perineum muscles</td></tr><tr><td style=\"white-space:nowrap\">OV000028<a name=\"KemkesClinicalTermCS-OV000028\"> </a></td><td>Laceration of perineum during delivery involving anal epithelium</td></tr><tr><td style=\"white-space:nowrap\">OI000019<a name=\"KemkesClinicalTermCS-OI000019\"> </a></td><td>Mild to No Pain</td></tr><tr><td style=\"white-space:nowrap\">OI000020<a name=\"KemkesClinicalTermCS-OI000020\"> </a></td><td>Mild to Moderate Pain</td></tr><tr><td style=\"white-space:nowrap\">OI000021<a name=\"KemkesClinicalTermCS-OI000021\"> </a></td><td>7 - 11 (Risiko rendah)</td></tr><tr><td style=\"white-space:nowrap\">OI000022<a name=\"KemkesClinicalTermCS-OI000022\"> </a></td><td>&gt; 12 (Risiko tinggi)</td></tr><tr><td style=\"white-space:nowrap\">OI000023<a name=\"KemkesClinicalTermCS-OI000023\"> </a></td><td>0 - 89 (Risiko rendah)</td></tr><tr><td style=\"white-space:nowrap\">OI000024<a name=\"KemkesClinicalTermCS-OI000024\"> </a></td><td>&gt; 90 (Risiko tinggi)</td></tr><tr><td style=\"white-space:nowrap\">OI000025<a name=\"KemkesClinicalTermCS-OI000025\"> </a></td><td>Tidak Normal</td></tr><tr><td style=\"white-space:nowrap\">OI000026<a name=\"KemkesClinicalTermCS-OI000026\"> </a></td><td>0 - 24 (Risiko rendah)</td></tr><tr><td style=\"white-space:nowrap\">OI000027<a name=\"KemkesClinicalTermCS-OI000027\"> </a></td><td>25 - 44 (Risiko sedang)</td></tr><tr><td style=\"white-space:nowrap\">OI000028<a name=\"KemkesClinicalTermCS-OI000028\"> </a></td><td>≥ 45 (Risiko tinggi)</td></tr><tr><td style=\"white-space:nowrap\">OC000030<a name=\"KemkesClinicalTermCS-OC000030\"> </a></td><td>Berat saat meninggal</td></tr><tr><td style=\"white-space:nowrap\">OC000031<a name=\"KemkesClinicalTermCS-OC000031\"> </a></td><td>Kondisi ibu sebelum janin meninggal (Penyulit Obstetrik)</td></tr><tr><td style=\"white-space:nowrap\">OC000032<a name=\"KemkesClinicalTermCS-OC000032\"> </a></td><td>Kondisi ibu sebelum janin meninggal (Penyulit Obstetrik)</td></tr><tr><td style=\"white-space:nowrap\">OC000033<a name=\"KemkesClinicalTermCS-OC000033\"> </a></td><td>Dugaan Sebab Kematian</td></tr><tr><td style=\"white-space:nowrap\">OC000034<a name=\"KemkesClinicalTermCS-OC000034\"> </a></td><td>Surat Pengantar Rujukan</td></tr><tr><td style=\"white-space:nowrap\">OC000035<a name=\"KemkesClinicalTermCS-OC000035\"> </a></td><td>Humpty Dumpty Scale</td></tr><tr><td style=\"white-space:nowrap\">OC000036<a name=\"KemkesClinicalTermCS-OC000036\"> </a></td><td>Edmonson Psychiatric Fall Risk Assessment</td></tr><tr><td style=\"white-space:nowrap\">OC000037<a name=\"KemkesClinicalTermCS-OC000037\"> </a></td><td>Jenis Tempat Bersalin</td></tr><tr><td style=\"white-space:nowrap\">OV000047<a name=\"KemkesClinicalTermCS-OV000047\"> </a></td><td>Tidak ada maserasi</td></tr><tr><td style=\"white-space:nowrap\">OV000048<a name=\"KemkesClinicalTermCS-OV000048\"> </a></td><td>Maserasi Tingkat Satu</td></tr><tr><td style=\"white-space:nowrap\">OV000049<a name=\"KemkesClinicalTermCS-OV000049\"> </a></td><td>Maserasi Tingkat Dua</td></tr><tr><td style=\"white-space:nowrap\">OV000050<a name=\"KemkesClinicalTermCS-OV000050\"> </a></td><td>Maserasi Tingkat Tiga</td></tr><tr><td style=\"white-space:nowrap\">OV000051<a name=\"KemkesClinicalTermCS-OV000051\"> </a></td><td>Belum Tahu Ada Tidaknya Maserasi</td></tr><tr><td style=\"white-space:nowrap\">OV000052<a name=\"KemkesClinicalTermCS-OV000052\"> </a></td><td>Sesuai</td></tr><tr><td style=\"white-space:nowrap\">OV000053<a name=\"KemkesClinicalTermCS-OV000053\"> </a></td><td>Tidak Sesuai</td></tr><tr><td style=\"white-space:nowrap\">OC000055<a name=\"KemkesClinicalTermCS-OC000055\"> </a></td><td>Kriteria Pasien yang dilakukan Rencana Pemulangan</td></tr><tr><td style=\"white-space:nowrap\">OV000072<a name=\"KemkesClinicalTermCS-OV000072\"> </a></td><td>Pasien dengan perawatan berkelanjutan atau panjang</td></tr><tr><td style=\"white-space:nowrap\">OV000073<a name=\"KemkesClinicalTermCS-OV000073\"> </a></td><td>Tidak masuk kriteria</td></tr><tr><td style=\"white-space:nowrap\">OC000056<a name=\"KemkesClinicalTermCS-OC000056\"> </a></td><td>Skor Total Debris Indeks</td></tr><tr><td style=\"white-space:nowrap\">OC000057<a name=\"KemkesClinicalTermCS-OC000057\"> </a></td><td>Skor Total Kalkulus Indeks</td></tr><tr><td style=\"white-space:nowrap\">OC000058<a name=\"KemkesClinicalTermCS-OC000058\"> </a></td><td>Skor Total Oral Hygiene Index Simplified (OHIS)</td></tr><tr><td style=\"white-space:nowrap\">OC000059<a name=\"KemkesClinicalTermCS-OC000059\"> </a></td><td>Gigi Anomali</td></tr><tr><td style=\"white-space:nowrap\">OC000060<a name=\"KemkesClinicalTermCS-OC000060\"> </a></td><td>Kondisi Gigi dan Mulut Lainnya</td></tr><tr><td style=\"white-space:nowrap\">OC000061<a name=\"KemkesClinicalTermCS-OC000061\"> </a></td><td>Pemeriksaan Odontogram</td></tr><tr><td style=\"white-space:nowrap\">OV000074<a name=\"KemkesClinicalTermCS-OV000074\"> </a></td><td>Tidak ada Torus Palatinus</td></tr><tr><td style=\"white-space:nowrap\">OV000075<a name=\"KemkesClinicalTermCS-OV000075\"> </a></td><td>Torus Palatinus Kecil</td></tr><tr><td style=\"white-space:nowrap\">OV000076<a name=\"KemkesClinicalTermCS-OV000076\"> </a></td><td>Torus Palatinus Sedang</td></tr><tr><td style=\"white-space:nowrap\">OV000077<a name=\"KemkesClinicalTermCS-OV000077\"> </a></td><td>Torus Palatinus Besar</td></tr><tr><td style=\"white-space:nowrap\">OV000078<a name=\"KemkesClinicalTermCS-OV000078\"> </a></td><td>Multiple Torus Palatinus</td></tr><tr><td style=\"white-space:nowrap\">OV000079<a name=\"KemkesClinicalTermCS-OV000079\"> </a></td><td>Tidak ada Torus Mandibularis</td></tr><tr><td style=\"white-space:nowrap\">OV000080<a name=\"KemkesClinicalTermCS-OV000080\"> </a></td><td>Torus Mandibularis Sisi Kiri</td></tr><tr><td style=\"white-space:nowrap\">OV000081<a name=\"KemkesClinicalTermCS-OV000081\"> </a></td><td>Torus Mandibularis Sisi Kanan</td></tr><tr><td style=\"white-space:nowrap\">OV000082<a name=\"KemkesClinicalTermCS-OV000082\"> </a></td><td>Torus Mandibularis pada Kedua Sisi</td></tr><tr><td style=\"white-space:nowrap\">OV000083<a name=\"KemkesClinicalTermCS-OV000083\"> </a></td><td>Palatum Dalam</td></tr><tr><td style=\"white-space:nowrap\">OV000084<a name=\"KemkesClinicalTermCS-OV000084\"> </a></td><td>Palatum Sedang</td></tr><tr><td style=\"white-space:nowrap\">OV000085<a name=\"KemkesClinicalTermCS-OV000085\"> </a></td><td>Palatum Rendah</td></tr><tr><td style=\"white-space:nowrap\">OV000086<a name=\"KemkesClinicalTermCS-OV000086\"> </a></td><td>Tidak Ada Diastema</td></tr><tr><td style=\"white-space:nowrap\">OV000087<a name=\"KemkesClinicalTermCS-OV000087\"> </a></td><td>Ada Diastema</td></tr><tr><td style=\"white-space:nowrap\">OV000088<a name=\"KemkesClinicalTermCS-OV000088\"> </a></td><td>Tidak Ada Gigi Anomali</td></tr><tr><td style=\"white-space:nowrap\">OV000089<a name=\"KemkesClinicalTermCS-OV000089\"> </a></td><td>Ada Gigi Anomali</td></tr><tr><td style=\"white-space:nowrap\">OV000090<a name=\"KemkesClinicalTermCS-OV000090\"> </a></td><td>Gigi tidak ada/ tidak diketahui</td></tr><tr><td style=\"white-space:nowrap\">OV000091<a name=\"KemkesClinicalTermCS-OV000091\"> </a></td><td>Gigi Anomali</td></tr><tr><td style=\"white-space:nowrap\">OV000092<a name=\"KemkesClinicalTermCS-OV000092\"> </a></td><td>Gigi Non-Vital</td></tr><tr><td style=\"white-space:nowrap\">OV000093<a name=\"KemkesClinicalTermCS-OV000093\"> </a></td><td>Sisa Akar</td></tr><tr><td style=\"white-space:nowrap\">OV000094<a name=\"KemkesClinicalTermCS-OV000094\"> </a></td><td>Metal Bridge</td></tr><tr><td style=\"white-space:nowrap\">OV000095<a name=\"KemkesClinicalTermCS-OV000095\"> </a></td><td>Porcelain Bridge</td></tr><tr><td style=\"white-space:nowrap\">OV000096<a name=\"KemkesClinicalTermCS-OV000096\"> </a></td><td>Frame</td></tr><tr><td style=\"white-space:nowrap\">OI000029<a name=\"KemkesClinicalTermCS-OI000029\"> </a></td><td>Kondisi Gigi Baik</td></tr><tr><td style=\"white-space:nowrap\">OI000030<a name=\"KemkesClinicalTermCS-OI000030\"> </a></td><td>Kondisi Gigi Cukup Baik</td></tr><tr><td style=\"white-space:nowrap\">OI000031<a name=\"KemkesClinicalTermCS-OI000031\"> </a></td><td>Kondisi Gigi Buruk</td></tr><tr><td style=\"white-space:nowrap\">OV000097<a name=\"KemkesClinicalTermCS-OV000097\"> </a></td><td>Terdapat debris pada 1/3 permukaan servikal gigi atau dijumpai stain ekstrinsik</td></tr><tr><td style=\"white-space:nowrap\">OV000098<a name=\"KemkesClinicalTermCS-OV000098\"> </a></td><td>Terdapat debris pada 1/3 – 2/3 permukaan gigi</td></tr><tr><td style=\"white-space:nowrap\">OV000099<a name=\"KemkesClinicalTermCS-OV000099\"> </a></td><td>Terdapat debris pada &gt; 2/3 permukaan gigi</td></tr><tr><td style=\"white-space:nowrap\">OV000100<a name=\"KemkesClinicalTermCS-OV000100\"> </a></td><td>Terdapat kalkulus supragingiva pada 1/3 permukaan servikal gigi tanpa kalkulus subgingiva</td></tr><tr><td style=\"white-space:nowrap\">OV000101<a name=\"KemkesClinicalTermCS-OV000101\"> </a></td><td>Terdapat kalkulus supragingiva pada 1/3 – 2/3 permukaan gigi dan/atau terdapat kalkulus subgingiva berupa titik-titik yang tidak melingkari leher gigi</td></tr><tr><td style=\"white-space:nowrap\">OV000102<a name=\"KemkesClinicalTermCS-OV000102\"> </a></td><td>Terdapat kalkulus supragingiva pada &gt; 2/3 permukaan gigi dan/atau terdapat kalkulus subgingiva yang melingkari leher gigi</td></tr><tr><td style=\"white-space:nowrap\">OC000062<a name=\"KemkesClinicalTermCS-OC000062\"> </a></td><td>Debris Indeks</td></tr><tr><td style=\"white-space:nowrap\">OC000063<a name=\"KemkesClinicalTermCS-OC000063\"> </a></td><td>Kalkulus Indeks</td></tr><tr><td style=\"white-space:nowrap\">OV000112<a name=\"KemkesClinicalTermCS-OV000112\"> </a></td><td>Diberikan ASI Eksklusif</td></tr><tr><td style=\"white-space:nowrap\">OV000113<a name=\"KemkesClinicalTermCS-OV000113\"> </a></td><td>Tidak Diberikan ASI Eksklusif</td></tr><tr><td style=\"white-space:nowrap\">OV000169<a name=\"KemkesClinicalTermCS-OV000169\"> </a></td><td>Sendiri</td></tr><tr><td style=\"white-space:nowrap\">OV000170<a name=\"KemkesClinicalTermCS-OV000170\"> </a></td><td>Dukun</td></tr><tr><td style=\"white-space:nowrap\">grup1-icdmm<a name=\"KemkesClinicalTermCS-grup1-icdmm\"> </a></td><td>Kehamilan dengan komplikasi abortus</td></tr><tr><td style=\"white-space:nowrap\">grup2-icdmm<a name=\"KemkesClinicalTermCS-grup2-icdmm\"> </a></td><td>Hipertensi dalam kehamilan, persalinan atau nifas</td></tr><tr><td style=\"white-space:nowrap\">grup3-icdmm<a name=\"KemkesClinicalTermCS-grup3-icdmm\"> </a></td><td>Perdarahan obstetrik</td></tr><tr><td style=\"white-space:nowrap\">grup4-icdmm<a name=\"KemkesClinicalTermCS-grup4-icdmm\"> </a></td><td>Infeksi terkait kehamilan</td></tr><tr><td style=\"white-space:nowrap\">grup5-icdmm<a name=\"KemkesClinicalTermCS-grup5-icdmm\"> </a></td><td>Komplikasi obstetrik lain</td></tr><tr><td style=\"white-space:nowrap\">grup6-icdmm<a name=\"KemkesClinicalTermCS-grup6-icdmm\"> </a></td><td>Komplikasi manajemen yang tidak terantisipasi</td></tr><tr><td style=\"white-space:nowrap\">grup7-icdmm<a name=\"KemkesClinicalTermCS-grup7-icdmm\"> </a></td><td>Komplikasi non obstetrik</td></tr><tr><td style=\"white-space:nowrap\">grup8-icdmm<a name=\"KemkesClinicalTermCS-grup8-icdmm\"> </a></td><td>Penyebab dasar tidak diketahui</td></tr><tr><td style=\"white-space:nowrap\">grup9-icdmm<a name=\"KemkesClinicalTermCS-grup9-icdmm\"> </a></td><td>Ko insiden</td></tr><tr><td style=\"white-space:nowrap\">ED000001<a name=\"KemkesClinicalTermCS-ED000001\"> </a></td><td>Edukasi Prognosis</td></tr><tr><td style=\"white-space:nowrap\">ED000002<a name=\"KemkesClinicalTermCS-ED000002\"> </a></td><td>Edukasi terkait Alternatif Tindakan dan Resikonya</td></tr><tr><td style=\"white-space:nowrap\">ED000003<a name=\"KemkesClinicalTermCS-ED000003\"> </a></td><td/></tr><tr><td style=\"white-space:nowrap\">ED000004<a name=\"KemkesClinicalTermCS-ED000004\"> </a></td><td/></tr><tr><td style=\"white-space:nowrap\">ED000005<a name=\"KemkesClinicalTermCS-ED000005\"> </a></td><td/></tr><tr><td style=\"white-space:nowrap\">ED000006<a name=\"KemkesClinicalTermCS-ED000006\"> </a></td><td/></tr><tr><td style=\"white-space:nowrap\">ED000007<a name=\"KemkesClinicalTermCS-ED000007\"> </a></td><td/></tr><tr><td style=\"white-space:nowrap\">ED000008<a name=\"KemkesClinicalTermCS-ED000008\"> </a></td><td>Edukasi Tanda Bahaya Kehamilan, Bersalin dan Nifas</td></tr><tr><td style=\"white-space:nowrap\">ED000009<a name=\"KemkesClinicalTermCS-ED000009\"> </a></td><td>Edukasi IMD dan ASI Eksklusif</td></tr><tr><td style=\"white-space:nowrap\">ED000010<a name=\"KemkesClinicalTermCS-ED000010\"> </a></td><td>Edukasi PHBS</td></tr><tr><td style=\"white-space:nowrap\">ED000011<a name=\"KemkesClinicalTermCS-ED000011\"> </a></td><td>Edukasi KB pasca salin</td></tr><tr><td style=\"white-space:nowrap\">ED000012<a name=\"KemkesClinicalTermCS-ED000012\"> </a></td><td>Edukasi lainnya</td></tr><tr><td style=\"white-space:nowrap\">PC000001<a name=\"KemkesClinicalTermCS-PC000001\"> </a></td><td>Perawatan Tali Pusat</td></tr><tr><td style=\"white-space:nowrap\">PC000002<a name=\"KemkesClinicalTermCS-PC000002\"> </a></td><td>Pemberian Salep Antibiotik Mata</td></tr><tr><td style=\"white-space:nowrap\">PC000003<a name=\"KemkesClinicalTermCS-PC000003\"> </a></td><td>Manajemen Terpadu Bayi Muda (MTBM)</td></tr><tr><td style=\"white-space:nowrap\">PC000004<a name=\"KemkesClinicalTermCS-PC000004\"> </a></td><td>KB Pasca Persalinan</td></tr><tr><td style=\"white-space:nowrap\">TL000001<a name=\"KemkesClinicalTermCS-TL000001\"> </a></td><td>Rawat inap</td></tr><tr><td style=\"white-space:nowrap\">FO000001<a name=\"KemkesClinicalTermCS-FO000001\"> </a></td><td>MT Lokal</td></tr><tr><td style=\"white-space:nowrap\">FO000002<a name=\"KemkesClinicalTermCS-FO000002\"> </a></td><td>MT Pabrikan</td></tr><tr><td style=\"white-space:nowrap\">LO000001<a name=\"KemkesClinicalTermCS-LO000001\"> </a></td><td>Puskesmas</td></tr><tr><td style=\"white-space:nowrap\">LO000002<a name=\"KemkesClinicalTermCS-LO000002\"> </a></td><td>Rumah Sakit</td></tr><tr><td style=\"white-space:nowrap\">LO000003<a name=\"KemkesClinicalTermCS-LO000003\"> </a></td><td>Klinik</td></tr><tr><td style=\"white-space:nowrap\">LO000004<a name=\"KemkesClinicalTermCS-LO000004\"> </a></td><td>Rumah</td></tr><tr><td style=\"white-space:nowrap\">SU000001<a name=\"KemkesClinicalTermCS-SU000001\"> </a></td><td>Keluarga</td></tr><tr><td style=\"white-space:nowrap\">SU000002<a name=\"KemkesClinicalTermCS-SU000002\"> </a></td><td>Tenaga kesehatan</td></tr><tr><td style=\"white-space:nowrap\">SU000003<a name=\"KemkesClinicalTermCS-SU000003\"> </a></td><td>Lainnya</td></tr></table></div>"
  },
  "url" : "http://terminology.kemkes.go.id/CodeSystem/clinical-term",
  "version" : "0.1.0",
  "name" : "KemkesClinicalTermCS",
  "title" : "Terminology Kemkes Clinical Term CodeSystem",
  "status" : "active",
  "experimental" : false,
  "date" : "2023-11-02T09:00:48.000Z",
  "publisher" : "Thomas Chaidir",
  "contact" : [{
    "name" : "Thomas Chaidir",
    "telecom" : [{
      "system" : "url",
      "value" : "https://satusehat.kemkes.go.id/"
    }]
  }],
  "description" : "Created by: Fadhil Muhammad",
  "caseSensitive" : true,
  "valueSet" : "http://terminology.kemkes.go.id/CodeSystem/clinical-term?vs",
  "hierarchyMeaning" : "is-a",
  "compositional" : false,
  "versionNeeded" : true,
  "content" : "complete",
  "count" : 229,
  "concept" : [{
    "code" : "AL000001",
    "display" : "Rumput bermuda"
  },
  {
    "code" : "AL000002",
    "display" : "Rumput timotius"
  },
  {
    "code" : "AL000003",
    "display" : "Akasia"
  },
  {
    "code" : "AL000004",
    "display" : "Minyak kelapa sawit"
  },
  {
    "code" : "AL000005",
    "display" : "Tungau debu"
  },
  {
    "code" : "AL000006",
    "display" : "Tungau bahan pangan"
  },
  {
    "code" : "AL000007",
    "display" : "Tungau Perabotan Rumah"
  },
  {
    "code" : "AL000008",
    "display" : "Tungau tepung, beras"
  },
  {
    "code" : "AL000009",
    "display" : "Kapuk"
  },
  {
    "code" : "AL000010",
    "display" : "Racun lebah madu"
  },
  {
    "code" : "AL000011",
    "display" : "Kecoa jerman"
  },
  {
    "code" : "AL000012",
    "display" : "Candida albicans"
  },
  {
    "code" : "AL000013",
    "display" : "Tepung terigu"
  },
  {
    "code" : "AL000014",
    "display" : "Ragi"
  },
  {
    "code" : "AL000015",
    "display" : "Ikan kod"
  },
  {
    "code" : "AL000016",
    "display" : "Salmon"
  },
  {
    "code" : "AL000017",
    "display" : "Daging bebek"
  },
  {
    "code" : "AL000018",
    "display" : "Daging sapi"
  },
  {
    "code" : "AL000019",
    "display" : "Daging ayam"
  },
  {
    "code" : "AL000020",
    "display" : "Daging domba"
  },
  {
    "code" : "AL000021",
    "display" : "Keju cheedar"
  },
  {
    "code" : "AL000022",
    "display" : "Kopi"
  },
  {
    "code" : "AL000023",
    "display" : "Nasi putih"
  },
  {
    "code" : "AL000024",
    "display" : "Kuning telur"
  },
  {
    "code" : "AL000025",
    "display" : "Kerang"
  },
  {
    "code" : "AL000026",
    "display" : "Kacang merah"
  },
  {
    "code" : "AL000027",
    "display" : "Kacang hijau"
  },
  {
    "code" : "AL000028",
    "display" : "Bulu ayam"
  },
  {
    "code" : "AL000029",
    "display" : "Kacang polong"
  },
  {
    "code" : "AL000030",
    "display" : "Tepung gandum"
  },
  {
    "code" : "AL000031",
    "display" : "Makerel"
  },
  {
    "code" : "AL000032",
    "display" : "Kerang simping"
  },
  {
    "code" : "AL000033",
    "display" : "Susu kambing"
  },
  {
    "code" : "AL000034",
    "display" : "Paprika"
  },
  {
    "code" : "AL000035",
    "display" : "Kubis"
  },
  {
    "code" : "AL000036",
    "display" : "Adas"
  },
  {
    "code" : "AL000037",
    "display" : "Selada"
  },
  {
    "code" : "AL000038",
    "display" : "Labu"
  },
  {
    "code" : "AL000039",
    "display" : "Lobak"
  },
  {
    "code" : "AL000040",
    "display" : "Timun jepang/Zucchini"
  },
  {
    "code" : "AL000041",
    "display" : "Gandum kuda/buckwheat"
  },
  {
    "code" : "AL000042",
    "display" : "Sarden"
  },
  {
    "code" : "AL000043",
    "display" : "Debu rumah"
  },
  {
    "code" : "PR000001",
    "display" : "Prognosis baik"
  },
  {
    "code" : "PR000002",
    "display" : "Prognosis dubia et bonam / cenderung baik"
  },
  {
    "code" : "PR000003",
    "display" : "Prognosis dubia et malam / cenderung tidak baik"
  },
  {
    "code" : "PR000004",
    "display" : "Prognosis tidak baik"
  },
  {
    "code" : "OI000001",
    "display" : "Gizi Buruk"
  },
  {
    "code" : "OI000002",
    "display" : "Gizi Kurang"
  },
  {
    "code" : "OI000003",
    "display" : "Gizi Baik"
  },
  {
    "code" : "OI000004",
    "display" : "Risiko Gizi Lebih"
  },
  {
    "code" : "OI000005",
    "display" : "Gizi Lebih"
  },
  {
    "code" : "OI000006",
    "display" : "Obesitas"
  },
  {
    "code" : "OI000007",
    "display" : "Berat Badan Sangat Kurang"
  },
  {
    "code" : "OI000008",
    "display" : "Berat Badan Kurang"
  },
  {
    "code" : "OI000009",
    "display" : "Berat Badan Normal"
  },
  {
    "code" : "OI000010",
    "display" : "Risiko Berat Badan Lebih"
  },
  {
    "code" : "OI000011",
    "display" : "Sangat Pendek"
  },
  {
    "code" : "OI000012",
    "display" : "Pendek"
  },
  {
    "code" : "OI000013",
    "display" : "Normal"
  },
  {
    "code" : "OI000014",
    "display" : "Tinggi"
  },
  {
    "code" : "OI000015",
    "display" : "Normocephaly"
  },
  {
    "code" : "OI000016",
    "display" : "Sesuai Usia"
  },
  {
    "code" : "OI000017",
    "display" : "Tidak Sesuai Usia"
  },
  {
    "code" : "OI000018",
    "display" : "Kurang Energi Kronis (KEK)"
  },
  {
    "code" : "OC000001",
    "display" : "Jarak kehamilan"
  },
  {
    "code" : "OC000002",
    "display" : "Kepala Terhadap PAP"
  },
  {
    "code" : "OC000003",
    "display" : "Jumlah Janin"
  },
  {
    "code" : "OC000004",
    "display" : "Letak Janin (USG)"
  },
  {
    "code" : "OC000005",
    "display" : "Indeks Berat Badan menurut Panjang Badan (z-score)"
  },
  {
    "code" : "OC000006",
    "display" : "Indeks Berat Badan menurut Tinggi Badan (z-score)"
  },
  {
    "code" : "OC000007",
    "display" : "Lama Perawatan"
  },
  {
    "code" : "OC000008",
    "display" : "Status Pertumbuhan dan Perkembangan"
  },
  {
    "code" : "OC000009",
    "display" : "Mendapatkan Makanan Pendamping ASI (MPASI)"
  },
  {
    "code" : "OC000010",
    "display" : "Indeks Massa Tubuh Sebelum Hamil"
  },
  {
    "code" : "OC000011",
    "display" : "Target Kenaikan Berat Badan"
  },
  {
    "code" : "OC000012",
    "display" : "Kenaikan Berat Badan Adekuat"
  },
  {
    "code" : "OC000013",
    "display" : "Penolong Persalinan"
  },
  {
    "code" : "OC000014",
    "display" : "Memiliki Buku KIA"
  },
  {
    "code" : "OC000015",
    "display" : "Konseling Perawatan Bayi Baru Lahir"
  },
  {
    "code" : "OC000016",
    "display" : "Waktu Inisiasi Menyusui Dini"
  },
  {
    "code" : "OC000017",
    "display" : "Produksi ASI"
  },
  {
    "code" : "OC000018",
    "display" : "Onset Kala III"
  },
  {
    "code" : "OC000019",
    "display" : "Onset Kala IV"
  },
  {
    "code" : "OC000020",
    "display" : "Tanda Infeksi Perineum"
  },
  {
    "code" : "OC000021",
    "display" : "WHODAS 2.0 Subacute ADL Score"
  },
  {
    "code" : "OC000022",
    "display" : "WHODAS 2.0 Chronic ADL Score"
  },
  {
    "code" : "OC000023"
  },
  {
    "code" : "OC000024",
    "display" : "Kondisi Payudara"
  },
  {
    "code" : "OC000025",
    "display" : "Tanda Infeksi Luka Jahitan Sectio Caesaria"
  },
  {
    "code" : "OC000026",
    "display" : "Masa terjadi Kematian Ibu"
  },
  {
    "code" : "OC000027",
    "display" : "Masa terjadi Kematian Anak"
  },
  {
    "code" : "OC000028",
    "display" : "Jenis Tempat Tinggal"
  },
  {
    "code" : "OC000029",
    "display" : "Urutan ke (untuk bayi kembar)"
  },
  {
    "code" : "OV000001",
    "display" : "Masuk panggul"
  },
  {
    "code" : "OV000002",
    "display" : "Belum masuk panggul"
  },
  {
    "code" : "OV000003",
    "display" : "Presentasi Kepala"
  },
  {
    "code" : "OV000004",
    "display" : "Presentasi Bokong"
  },
  {
    "code" : "OV000005",
    "display" : "Letak Lintang"
  },
  {
    "code" : "OV000006",
    "display" : "Intrauteri"
  },
  {
    "code" : "OV000007",
    "display" : "Ekstrauteri"
  },
  {
    "code" : "OV000008",
    "display" : "5–9 kg"
  },
  {
    "code" : "OV000009",
    "display" : "7–11.5 kg"
  },
  {
    "code" : "OV000010",
    "display" : "11.5–16 kg"
  },
  {
    "code" : "OV000011",
    "display" : "12.5–18 kg"
  },
  {
    "code" : "OV000012",
    "display" : "Dukun"
  },
  {
    "code" : "OV000013",
    "display" : "Lebih dari Lima"
  },
  {
    "code" : "OV000014",
    "display" : "Kurang dari 1 Jam"
  },
  {
    "code" : "OV000015",
    "display" : "Lebih dari 1 Jam"
  },
  {
    "code" : "OV000016",
    "display" : "Produksi ASI ada"
  },
  {
    "code" : "OV000017",
    "display" : "Produksi ASI ada tapi sedikit"
  },
  {
    "code" : "OV000018",
    "display" : "Produksi ASI tidak ada"
  },
  {
    "code" : "OV000019",
    "display" : "Frekuensi his"
  },
  {
    "code" : "OV000020",
    "display" : "Intensitas his"
  },
  {
    "code" : "OV000021",
    "display" : "Durasi lama his"
  },
  {
    "code" : "OV000022",
    "display" : "Interval his"
  },
  {
    "code" : "OV000023",
    "display" : "Datangnya his"
  },
  {
    "code" : "OV000024",
    "display" : "Lokia berbau normal"
  },
  {
    "code" : "OV000025",
    "display" : "Lokia berbau amis/busuk"
  },
  {
    "code" : "OV000026",
    "display" : "Laceration of perineum during delivery involving vaginal mucosa and perineal skin"
  },
  {
    "code" : "OV000027",
    "display" : "Laceration of perineum during delivery involving perineum muscles"
  },
  {
    "code" : "OV000028",
    "display" : "Laceration of perineum during delivery involving anal epithelium"
  },
  {
    "code" : "OI000019",
    "display" : "Mild to No Pain"
  },
  {
    "code" : "OI000020",
    "display" : "Mild to Moderate Pain"
  },
  {
    "code" : "OI000021",
    "display" : "7 - 11 (Risiko rendah)"
  },
  {
    "code" : "OI000022",
    "display" : "> 12 (Risiko tinggi)"
  },
  {
    "code" : "OI000023",
    "display" : "0 - 89 (Risiko rendah)"
  },
  {
    "code" : "OI000024",
    "display" : "> 90 (Risiko tinggi)"
  },
  {
    "code" : "OI000025",
    "display" : "Tidak Normal"
  },
  {
    "code" : "OI000026",
    "display" : "0 - 24 (Risiko rendah)"
  },
  {
    "code" : "OI000027",
    "display" : "25 - 44 (Risiko sedang)"
  },
  {
    "code" : "OI000028",
    "display" : "≥ 45 (Risiko tinggi)"
  },
  {
    "code" : "OC000030",
    "display" : "Berat saat meninggal"
  },
  {
    "code" : "OC000031",
    "display" : "Kondisi ibu sebelum janin meninggal (Penyulit Obstetrik)"
  },
  {
    "code" : "OC000032",
    "display" : "Kondisi ibu sebelum janin meninggal (Penyulit Obstetrik)"
  },
  {
    "code" : "OC000033",
    "display" : "Dugaan Sebab Kematian"
  },
  {
    "code" : "OC000034",
    "display" : "Surat Pengantar Rujukan"
  },
  {
    "code" : "OC000035",
    "display" : "Humpty Dumpty Scale"
  },
  {
    "code" : "OC000036",
    "display" : "Edmonson Psychiatric Fall Risk Assessment"
  },
  {
    "code" : "OC000037",
    "display" : "Jenis Tempat Bersalin"
  },
  {
    "code" : "OV000047",
    "display" : "Tidak ada maserasi"
  },
  {
    "code" : "OV000048",
    "display" : "Maserasi Tingkat Satu"
  },
  {
    "code" : "OV000049",
    "display" : "Maserasi Tingkat Dua"
  },
  {
    "code" : "OV000050",
    "display" : "Maserasi Tingkat Tiga"
  },
  {
    "code" : "OV000051",
    "display" : "Belum Tahu Ada Tidaknya Maserasi"
  },
  {
    "code" : "OV000052",
    "display" : "Sesuai"
  },
  {
    "code" : "OV000053",
    "display" : "Tidak Sesuai"
  },
  {
    "code" : "OC000055",
    "display" : "Kriteria Pasien yang dilakukan Rencana Pemulangan"
  },
  {
    "code" : "OV000072",
    "display" : "Pasien dengan perawatan berkelanjutan atau panjang"
  },
  {
    "code" : "OV000073",
    "display" : "Tidak masuk kriteria"
  },
  {
    "code" : "OC000056",
    "display" : "Skor Total Debris Indeks"
  },
  {
    "code" : "OC000057",
    "display" : "Skor Total Kalkulus Indeks"
  },
  {
    "code" : "OC000058",
    "display" : "Skor Total Oral Hygiene Index Simplified (OHIS)"
  },
  {
    "code" : "OC000059",
    "display" : "Gigi Anomali"
  },
  {
    "code" : "OC000060",
    "display" : "Kondisi Gigi dan Mulut Lainnya"
  },
  {
    "code" : "OC000061",
    "display" : "Pemeriksaan Odontogram"
  },
  {
    "code" : "OV000074",
    "display" : "Tidak ada Torus Palatinus"
  },
  {
    "code" : "OV000075",
    "display" : "Torus Palatinus Kecil"
  },
  {
    "code" : "OV000076",
    "display" : "Torus Palatinus Sedang"
  },
  {
    "code" : "OV000077",
    "display" : "Torus Palatinus Besar"
  },
  {
    "code" : "OV000078",
    "display" : "Multiple Torus Palatinus"
  },
  {
    "code" : "OV000079",
    "display" : "Tidak ada Torus Mandibularis"
  },
  {
    "code" : "OV000080",
    "display" : "Torus Mandibularis Sisi Kiri"
  },
  {
    "code" : "OV000081",
    "display" : "Torus Mandibularis Sisi Kanan"
  },
  {
    "code" : "OV000082",
    "display" : "Torus Mandibularis pada Kedua Sisi"
  },
  {
    "code" : "OV000083",
    "display" : "Palatum Dalam"
  },
  {
    "code" : "OV000084",
    "display" : "Palatum Sedang"
  },
  {
    "code" : "OV000085",
    "display" : "Palatum Rendah"
  },
  {
    "code" : "OV000086",
    "display" : "Tidak Ada Diastema"
  },
  {
    "code" : "OV000087",
    "display" : "Ada Diastema"
  },
  {
    "code" : "OV000088",
    "display" : "Tidak Ada Gigi Anomali"
  },
  {
    "code" : "OV000089",
    "display" : "Ada Gigi Anomali"
  },
  {
    "code" : "OV000090",
    "display" : "Gigi tidak ada/ tidak diketahui"
  },
  {
    "code" : "OV000091",
    "display" : "Gigi Anomali"
  },
  {
    "code" : "OV000092",
    "display" : "Gigi Non-Vital"
  },
  {
    "code" : "OV000093",
    "display" : "Sisa Akar"
  },
  {
    "code" : "OV000094",
    "display" : "Metal Bridge"
  },
  {
    "code" : "OV000095",
    "display" : "Porcelain Bridge"
  },
  {
    "code" : "OV000096",
    "display" : "Frame"
  },
  {
    "code" : "OI000029",
    "display" : "Kondisi Gigi Baik"
  },
  {
    "code" : "OI000030",
    "display" : "Kondisi Gigi Cukup Baik"
  },
  {
    "code" : "OI000031",
    "display" : "Kondisi Gigi Buruk"
  },
  {
    "code" : "OV000097",
    "display" : "Terdapat debris pada 1/3 permukaan servikal gigi atau dijumpai stain ekstrinsik"
  },
  {
    "code" : "OV000098",
    "display" : "Terdapat debris pada 1/3 – 2/3 permukaan gigi"
  },
  {
    "code" : "OV000099",
    "display" : "Terdapat debris pada > 2/3 permukaan gigi"
  },
  {
    "code" : "OV000100",
    "display" : "Terdapat kalkulus supragingiva pada 1/3 permukaan servikal gigi tanpa kalkulus subgingiva"
  },
  {
    "code" : "OV000101",
    "display" : "Terdapat kalkulus supragingiva pada 1/3 – 2/3 permukaan gigi dan/atau terdapat kalkulus subgingiva berupa titik-titik yang tidak melingkari leher gigi"
  },
  {
    "code" : "OV000102",
    "display" : "Terdapat kalkulus supragingiva pada > 2/3 permukaan gigi dan/atau terdapat kalkulus subgingiva yang melingkari leher gigi"
  },
  {
    "code" : "OC000062",
    "display" : "Debris Indeks"
  },
  {
    "code" : "OC000063",
    "display" : "Kalkulus Indeks"
  },
  {
    "code" : "OV000112",
    "display" : "Diberikan ASI Eksklusif"
  },
  {
    "code" : "OV000113",
    "display" : "Tidak Diberikan ASI Eksklusif"
  },
  {
    "code" : "OV000169",
    "display" : "Sendiri"
  },
  {
    "code" : "OV000170",
    "display" : "Dukun"
  },
  {
    "code" : "grup1-icdmm",
    "display" : "Kehamilan dengan komplikasi abortus"
  },
  {
    "code" : "grup2-icdmm",
    "display" : "Hipertensi dalam kehamilan, persalinan atau nifas"
  },
  {
    "code" : "grup3-icdmm",
    "display" : "Perdarahan obstetrik"
  },
  {
    "code" : "grup4-icdmm",
    "display" : "Infeksi terkait kehamilan"
  },
  {
    "code" : "grup5-icdmm",
    "display" : "Komplikasi obstetrik lain"
  },
  {
    "code" : "grup6-icdmm",
    "display" : "Komplikasi manajemen yang tidak terantisipasi"
  },
  {
    "code" : "grup7-icdmm",
    "display" : "Komplikasi non obstetrik"
  },
  {
    "code" : "grup8-icdmm",
    "display" : "Penyebab dasar tidak diketahui"
  },
  {
    "code" : "grup9-icdmm",
    "display" : "Ko insiden"
  },
  {
    "code" : "ED000001",
    "display" : "Edukasi Prognosis"
  },
  {
    "code" : "ED000002",
    "display" : "Edukasi terkait Alternatif Tindakan dan Resikonya"
  },
  {
    "code" : "ED000003"
  },
  {
    "code" : "ED000004"
  },
  {
    "code" : "ED000005"
  },
  {
    "code" : "ED000006"
  },
  {
    "code" : "ED000007"
  },
  {
    "code" : "ED000008",
    "display" : "Edukasi Tanda Bahaya Kehamilan, Bersalin dan Nifas"
  },
  {
    "code" : "ED000009",
    "display" : "Edukasi IMD dan ASI Eksklusif"
  },
  {
    "code" : "ED000010",
    "display" : "Edukasi PHBS"
  },
  {
    "code" : "ED000011",
    "display" : "Edukasi KB pasca salin"
  },
  {
    "code" : "ED000012",
    "display" : "Edukasi lainnya"
  },
  {
    "code" : "PC000001",
    "display" : "Perawatan Tali Pusat"
  },
  {
    "code" : "PC000002",
    "display" : "Pemberian Salep Antibiotik Mata"
  },
  {
    "code" : "PC000003",
    "display" : "Manajemen Terpadu Bayi Muda (MTBM)"
  },
  {
    "code" : "PC000004",
    "display" : "KB Pasca Persalinan"
  },
  {
    "code" : "TL000001",
    "display" : "Rawat inap"
  },
  {
    "code" : "FO000001",
    "display" : "MT Lokal"
  },
  {
    "code" : "FO000002",
    "display" : "MT Pabrikan"
  },
  {
    "code" : "LO000001",
    "display" : "Puskesmas"
  },
  {
    "code" : "LO000002",
    "display" : "Rumah Sakit"
  },
  {
    "code" : "LO000003",
    "display" : "Klinik"
  },
  {
    "code" : "LO000004",
    "display" : "Rumah"
  },
  {
    "code" : "SU000001",
    "display" : "Keluarga"
  },
  {
    "code" : "SU000002",
    "display" : "Tenaga kesehatan"
  },
  {
    "code" : "SU000003",
    "display" : "Lainnya"
  }]
}