{
  "codeSystems" : [
    {
      "url" : "http://hl7.org/fhir/encounter-location-status",
      "version" : "4.0.1",
      "status" : "draft",
      "name" : "EncounterLocationStatus",
      "title" : "EncounterLocationStatus",
      "description" : "The status of the location.",
      "oids" : ["2.16.840.1.113883.4.642.4.263"],
      "uses" : {
      },
      "ValueSet-EncounterLocationStatusVS.html" : "Encounter Location Status"
    },
    {
      "url" : "http://hl7.org/fhir/encounter-status",
      "version" : "4.0.1",
      "status" : "draft",
      "name" : "EncounterStatus",
      "title" : "EncounterStatus",
      "description" : "Current state of the encounter.",
      "oids" : ["2.16.840.1.113883.4.642.4.247"],
      "uses" : {
      },
      "ValueSet-EncounterStatusVS.html" : "EncounterStatus"
    },
    {
      "url" : "http://hl7.org/fhir/sid/icd-10",
      "version" : "2.1.1",
      "status" : "retired",
      "name" : "Icd10",
      "title" : "ICD-10",
      "description" : "International Classification of Diseases revision 10 (ICD 10)",
      "oids" : ["2.16.840.1.113883.6.3"],
      "uses" : {
      },
      "ValueSet-ConditionEvidenceCodeVS.html" : "Condition Evidence Code",
      "ValueSet-EncounterHospitalizationAdmitSourceVS.html" : "Admit Source",
      "ValueSet-EncounterReasonCodesVS.html" : "Reason Code",
      "ValueSet-ConditionCodeVS.html" : "Condition Code"
    },
    {
      "url" : "http://snomed.info/sct",
      "version" : null,
      "status" : "active",
      "name" : "SNOMED_CT",
      "title" : "SNOMED CT (all versions)",
      "description" : "SNOMED CT is the most comprehensive and precise clinical health terminology product in the world, owned and distributed around the world by The International Health Terminology Standards Development Organisation (IHTSDO).",
      "oids" : ["2.16.840.1.113883.6.96"],
      "uses" : {
      },
      "ValueSet-ConditionStageTypeVS.html" : "Condition Stage Type",
      "ValueSet-ConditionStageSummaryVS.html" : "Condition Stage Summary",
      "ValueSet-ConditionBodySiteVS.html" : "Condition BodySite",
      "ValueSet-ConditionEvidenceCodeVS.html" : "Condition Evidence Code",
      "ValueSet-ConditionSeverityVS.html" : "Condition Severity"
    },
    {
      "url" : "http://terminology.hl7.org/CodeSystem/admit-source",
      "version" : "0.1.0",
      "status" : "draft",
      "name" : "AdmitSource",
      "title" : "Admit source",
      "description" : "This value set defines a set of codes that can be used to indicate from where the patient came in.",
      "oids" : ["2.16.840.1.113883.4.642.1.1092"],
      "uses" : {
      },
      "ValueSet-EncounterHospitalizationAdmitSourceVS.html" : "Admit Source"
    },
    {
      "url" : "http://terminology.hl7.org/CodeSystem/condition-category",
      "version" : "0.5.0",
      "status" : "draft",
      "name" : "ConditionCategoryCodes",
      "title" : "Condition Category Codes",
      "description" : "Preferred value set for Condition Categories.",
      "oids" : ["2.16.840.1.113883.4.642.1.1073"],
      "uses" : {
      },
      "ValueSet-ConditionCategoryVS.html" : "Condition Category"
    },
    {
      "url" : "http://terminology.hl7.org/CodeSystem/condition-clinical",
      "version" : "2.0.0",
      "status" : "active",
      "name" : "ConditionClinicalStatusCodes",
      "title" : "Condition Clinical Status Codes",
      "description" : "Preferred value set for Condition Clinical Status.",
      "oids" : ["2.16.840.1.113883.4.642.1.1074"],
      "uses" : {
      },
      "ValueSet-ConditionClinicalStatusVS.html" : "Condition Clinical Status"
    },
    {
      "url" : "http://terminology.hl7.org/CodeSystem/condition-ver-status",
      "version" : "1.0.0",
      "status" : "draft",
      "name" : "ConditionVerificationStatus",
      "title" : "ConditionVerificationStatus",
      "description" : "The verification status to support or decline the clinical status of the condition or diagnosis.",
      "oids" : ["2.16.840.1.113883.4.642.1.1075"],
      "uses" : {
      },
      "ValueSet-ConditionVerificationStatusVS.html" : "Condition Verification Status"
    },
    {
      "url" : "http://terminology.hl7.org/CodeSystem/diagnosis-role",
      "version" : "0.1.1",
      "status" : "draft",
      "name" : "DiagnosisRole",
      "title" : "Diagnosis Role",
      "description" : "This value set defines a set of codes that can be used to express the role of a diagnosis on the Encounter or EpisodeOfCare record.",
      "oids" : ["2.16.840.1.113883.4.642.1.1054"],
      "uses" : {
      },
      "ValueSet-EncounterDiagnosisUseVS.html" : "DiagnosisRole"
    },
    {
      "url" : "http://terminology.hl7.org/CodeSystem/diet",
      "version" : "0.1.0",
      "status" : "draft",
      "name" : "Diet",
      "title" : "Diet",
      "description" : "This value set defines a set of codes that can be used to indicate dietary preferences or restrictions a patient may have.",
      "oids" : ["2.16.840.1.113883.4.642.1.1091"],
      "uses" : {
      },
      "ValueSet-EncounterHospitalizationreDietVS.html" : "Diet"
    },
    {
      "url" : "http://terminology.hl7.org/CodeSystem/discharge-disposition",
      "version" : "0.1.0",
      "status" : "draft",
      "name" : "DischargeDisposition",
      "title" : "Discharge disposition",
      "description" : "This value set defines a set of codes that can be used to where the patient left the hospital.",
      "oids" : ["2.16.840.1.113883.4.642.1.1093"],
      "uses" : {
      },
      "ValueSet-EncounterHospitalizationDischargeDispositionVS.html" : "Discharge disposition"
    },
    {
      "url" : "http://terminology.hl7.org/CodeSystem/encounter-special-arrangements",
      "version" : "0.1.0",
      "status" : "draft",
      "name" : "SpecialArrangements",
      "title" : "Special arrangements",
      "description" : "This value set defines a set of codes that can be used to indicate the kinds of special arrangements in place for a patients visit.",
      "oids" : ["2.16.840.1.113883.4.642.1.1090"],
      "uses" : {
      },
      "ValueSet-EncounterHospitalizationSpecialArrangementsVS.html" : "Special arrangements"
    },
    {
      "url" : "http://terminology.hl7.org/CodeSystem/encounter-type",
      "version" : "0.1.0",
      "status" : "draft",
      "name" : "EncounterType",
      "title" : "Encounter type",
      "description" : "This example value set defines a set of codes that can be used to indicate the type of encounter: a specific code indicating type of service provided.",
      "oids" : ["2.16.840.1.113883.4.642.1.1088"],
      "uses" : {
      },
      "ValueSet-EncounterTypeVS.html" : "Encounter type"
    },
    {
      "url" : "http://terminology.hl7.org/CodeSystem/location-physical-type",
      "version" : "1.0.0",
      "status" : "draft",
      "name" : "LocationType",
      "title" : "Location type",
      "description" : "This example value set defines a set of codes that can be used to indicate the physical form of the Location.\r\rThis includes several 'non physical' codes which are still considered a location.",
      "oids" : ["2.16.840.1.113883.4.642.1.1108"],
      "uses" : {
      },
      "ValueSet-EncounterLocationTypeVS.html" : "Encounter Location Type"
    },
    {
      "url" : "http://terminology.hl7.org/CodeSystem/participant-type",
      "version" : "0.5.0",
      "status" : "draft",
      "name" : "ParticipantType",
      "title" : "Participant type",
      "description" : "This value set defines a set of codes that can be used to indicate how an individual participates in an encounter.",
      "oids" : ["2.16.840.1.113883.4.642.1.1089"],
      "uses" : {
      },
      "ValueSet-ParticipationTypeVS.html" : "Participant type"
    },
    {
      "url" : "http://terminology.hl7.org/CodeSystem/service-type",
      "version" : "0.1.0",
      "status" : "draft",
      "name" : "ServiceType",
      "title" : "Service type",
      "description" : "This value set defines an example set of codes of service-types.",
      "oids" : ["2.16.840.1.113883.4.642.1.1145"],
      "uses" : {
      },
      "ValueSet-EncounterServiceTypeVS.html" : "Service type"
    },
    {
      "url" : "http://terminology.hl7.org/CodeSystem/v2-0092",
      "version" : "2.1.0",
      "status" : "active",
      "name" : "ReAdmissionIndicator",
      "title" : "re-admissionIndicator",
      "description" : "Code system of concepts which are used to specify that a patient is being re admitted to a healthcare facilityin from which they were discharged, and indicates the circumstances around such re-admission.  Used in HL7 Version 2.x messagine in the PV1 segment.",
      "oids" : ["2.16.840.1.113883.18.36"],
      "uses" : {
      },
      "ValueSet-EncounterHospitalizationreAdmitSourceVS.html" : "v2 RE-ADMISSION INDICATOR"
    },
    {
      "url" : "http://terminology.hl7.org/CodeSystem/v3-ActCode",
      "version" : "8.0.1",
      "status" : "active",
      "name" : "ActCode",
      "title" : "ActCode",
      "description" : "A code specifying the particular kind of Act that the Act-instance represents within its class.\r\n\r\n*Constraints:* The kind of Act (e.g. physical examination, serum potassium, inpatient encounter, charge financial transaction, etc.) is specified with a code from one of several, typically external, coding systems. The coding system will depend on the class of Act, such as LOINC for observations, etc.\r\n\r\nConceptually, the Act.code must be a specialization of the Act.classCode. This is why the structure of ActClass domain should be reflected in the superstructure of the ActCode domain and then individual codes or externally referenced vocabularies subordinated under these domains that reflect the ActClass structure.\r\n\r\nAct.classCode and Act.code are not modifiers of each other but the Act.code concept should really imply the Act.classCode concept. For a negative example, it is not appropriate to use an Act.code \"potassium\" together with and Act.classCode for \"laboratory observation\" to somehow mean \"potassium laboratory observation\" and then use the same Act.code for \"potassium\" together with Act.classCode for \"medication\" to mean \"substitution of potassium\". This mutually modifying use of Act.code and Act.classCode is not permitted.",
      "oids" : ["2.16.840.1.113883.5.4"],
      "uses" : {
      },
      "ValueSet-EncounterClassVS.html" : "V3 Value SetActEncounterCode"
    },
    {
      "url" : "http://terminology.hl7.org/CodeSystem/v3-ActPriority",
      "version" : "2.1.0",
      "status" : "active",
      "name" : "ActPriority",
      "title" : "ActPriority",
      "description" : "A set of codes (e.g., for routine, emergency), specifying the urgency under which the Act happened, can happen, is happening, is intended to happen, or is requested/demanded to happen.",
      "oids" : ["2.16.840.1.113883.5.7"],
      "uses" : {
      },
      "ValueSet-ActPriorityVS.html" : "v3 Code System ActPriority"
    },
    {
      "url" : "http://terminology.hl7.org/CodeSystem/v3-EncounterSpecialCourtesy",
      "version" : "2.1.0",
      "status" : "active",
      "name" : "EncounterSpecialCourtesy",
      "title" : "EncounterSpecialCourtesy",
      "description" : "**** MISSING DESCRIPTION ****",
      "oids" : ["2.16.840.1.113883.5.40"],
      "uses" : {
      },
      "ValueSet-EncounterHospitalizationreSpecialCourtesyVS.html" : "Special courtesy"
    },
    {
      "url" : "http://terminology.hl7.org/CodeSystem/v3-NullFlavor",
      "version" : "2.1.0",
      "status" : "active",
      "name" : "NullFlavor",
      "title" : "NullFlavor",
      "description" : "A collection of codes specifying why a valid value is not present.",
      "oids" : ["2.16.840.1.113883.5.1008"],
      "uses" : {
      },
      "ValueSet-EncounterHospitalizationreSpecialCourtesyVS.html" : "Special courtesy"
    },
    {
      "url" : "http://terminology.hl7.org/CodeSystem/v3-ParticipationType",
      "version" : "4.0.0",
      "status" : "active",
      "name" : "ParticipationType",
      "title" : "ParticipationType",
      "description" : "A code specifying the meaning and purpose of every Participation instance. Each of its values implies specific constraints on the Roles undertaking the participation.",
      "oids" : ["2.16.840.1.113883.5.90"],
      "uses" : {
      },
      "ValueSet-ParticipationTypeVS.html" : "Participant type"
    },
    {
      "url" : "http://terminology.kemkes.go.id/CodeSystem/cancer-m-category",
      "version" : "0.1.0",
      "status" : "active",
      "name" : "KemkesCancerMCategoryCS",
      "title" : "Kemkes Cancer M Category",
      "description" : null,
      "uses" : {
      },
      "ValueSet-ConditionCodeVS.html" : "Condition Code"
    },
    {
      "url" : "http://terminology.kemkes.go.id/CodeSystem/cancer-n-category",
      "version" : "0.1.0",
      "status" : "active",
      "name" : "KemkesCancerNCategory",
      "title" : "Kemkes Cancer N Category",
      "description" : null,
      "uses" : {
      },
      "ValueSet-ConditionCodeVS.html" : "Condition Code"
    },
    {
      "url" : "http://terminology.kemkes.go.id/CodeSystem/cancer-t-category",
      "version" : "0.1.0",
      "status" : "active",
      "name" : "KemkesCancerTCategoryCS",
      "title" : "Kemkes Cancer T Category",
      "description" : null,
      "uses" : {
      },
      "ValueSet-ConditionCodeVS.html" : "Condition Code"
    },
    {
      "url" : "http://terminology.kemkes.go.id/CodeSystem/clinical-term",
      "version" : "0.1.0",
      "status" : "active",
      "name" : "KemkesClinicalTermCS",
      "title" : "Terminology Kemkes Clinical Term CodeSystem",
      "description" : "Created by: Fadhil Muhammad",
      "uses" : {
      },
      "ValueSet-ConditionBodySiteVS.html" : "Condition BodySite",
      "ValueSet-ConditionEvidenceCodeVS.html" : "Condition Evidence Code",
      "ValueSet-ConditionCodeVS.html" : "Condition Code"
    },
    {
      "url" : "http://terminology.kemkes.go.id/CodeSystem/encounter-class",
      "version" : "0.1.0",
      "status" : "active",
      "name" : "EncounterClassCS",
      "title" : "Encounter Class",
      "description" : "Local ID encounter Class",
      "uses" : {
      },
      "ValueSet-EncounterClassVS.html" : "V3 Value SetActEncounterCode"
    },
    {
      "url" : "http://terminology.kemkes.go.id/CodeSystem/icd-o-morphology",
      "version" : "0.1.0",
      "status" : "active",
      "name" : "KemkesICDOMorphologyCS",
      "title" : "ICD-0 Morphology",
      "description" : "Created by: Fadhil Muhammad",
      "uses" : {
      },
      "ValueSet-ConditionCodeVS.html" : "Condition Code"
    },
    {
      "url" : "http://terminology.kemkes.go.id/CodeSystem/icd-o-topography",
      "version" : "0.1.0",
      "status" : "active",
      "name" : "KemkesICDOTopographyCS",
      "title" : "ICD-0 Topography",
      "description" : "Created by: Fadhil Muhammad",
      "uses" : {
      },
      "ValueSet-ConditionCodeVS.html" : "Condition Code"
    }
  ]
}
