<?xml version="1.0" encoding="UTF-8"?>

<CodeSystem xmlns="http://hl7.org/fhir">
  <id value="KemkesKPSP"/>
  <language value="Indonesia"/>
  <text>
    <status value="generated"/><div xmlns="http://www.w3.org/1999/xhtml" xml:lang="Indonesia" lang="Indonesia"><p>This case-sensitive code system <code>http://terminology.kemkes.go.id/Codesystem/kpsp</code> defines the following codes in a Is-A heirarchy:</p><table class="codes"><tr><td style="white-space:nowrap"><b>Code</b></td><td><b>Display</b></td></tr><tr><td style="white-space:nowrap">COM000001<a name="KemkesKPSP-COM000001"> </a></td><td>Form Kematian Ibu</td></tr><tr><td style="white-space:nowrap">COM000002<a name="KemkesKPSP-COM000002"> </a></td><td>Form Lahir Mati</td></tr><tr><td style="white-space:nowrap">COM000003<a name="KemkesKPSP-COM000003"> </a></td><td>Form Lahir Hidup</td></tr><tr><td style="white-space:nowrap">COM000004<a name="KemkesKPSP-COM000004"> </a></td><td>Kuesioner Kasus ILI</td></tr><tr><td style="white-space:nowrap">COM000005<a name="KemkesKPSP-COM000005"> </a></td><td>Kuesioner Kasus SARI</td></tr><tr><td style="white-space:nowrap">COM000006<a name="KemkesKPSP-COM000006"> </a></td><td>Form Skrining PTM</td></tr></table></div>
  </text>
  <url value="http://terminology.kemkes.go.id/Codesystem/kpsp"/>
  <version value="0.1.0"/>
  <name value="KemkesKPSP"/>
  <title value="Terminology Kemkes kpsp CodeSystem"/>
  <status value="active"/>
  <experimental value="false"/>
  <date value="2024-02-05T00:00:00.000Z"/>
  <publisher value="Thomas Chaidir"/>
  <contact>
    <name value="Thomas Chaidir"/>
    <telecom>
      <system value="url"/>
      <value value="https://satusehat.kemkes.go.id/"/>
    </telecom>
  </contact>
  <description value="Terminology Kemkes kpsp CodeSystem"/>
  <caseSensitive value="true"/>
  <valueSet value="http://terminology.kemkes.go.id/ValueSet/kpsp"/>
  <hierarchyMeaning value="is-a"/>
  <compositional value="false"/>
  <versionNeeded value="true"/>
  <content value="complete"/>
  <count value="6"/>
  <concept>
    <code value="COM000001"/>
    <display value="Form Kematian Ibu"/>
  </concept>
  <concept>
    <code value="COM000002"/>
    <display value="Form Lahir Mati"/>
  </concept>
  <concept>
    <code value="COM000003"/>
    <display value="Form Lahir Hidup"/>
  </concept>
  <concept>
    <code value="COM000004"/>
    <display value="Kuesioner Kasus ILI"/>
  </concept>
  <concept>
    <code value="COM000005"/>
    <display value="Kuesioner Kasus SARI"/>
  </concept>
  <concept>
    <code value="COM000006"/>
    <display value="Form Skrining PTM"/>
  </concept>
</CodeSystem>