{
  "resourceType" : "CodeSystem",
  "id" : "KemkesCancerMCategory",
  "language" : "English",
  "text" : {
    "status" : "generated",
    "div" : "<div xmlns=\"http://www.w3.org/1999/xhtml\" xml:lang=\"English\" lang=\"English\"><p>This case-sensitive code system <code>http://terminology.kemkes.go.id/CodeSystem/cancer-m-category</code> defines the following codes in a Is-A heirarchy:</p><table class=\"codes\"><tr><td style=\"white-space:nowrap\"><b>Code</b></td></tr><tr><td style=\"white-space:nowrap\">M0<a name=\"KemkesCancerMCategory-M0\"> </a></td></tr><tr><td style=\"white-space:nowrap\">M1<a name=\"KemkesCancerMCategory-M1\"> </a></td></tr><tr><td style=\"white-space:nowrap\">M1a<a name=\"KemkesCancerMCategory-M1a\"> </a></td></tr><tr><td style=\"white-space:nowrap\">M1b<a name=\"KemkesCancerMCategory-M1b\"> </a></td></tr><tr><td style=\"white-space:nowrap\">M1c<a name=\"KemkesCancerMCategory-M1c\"> </a></td></tr><tr><td style=\"white-space:nowrap\">MX<a name=\"KemkesCancerMCategory-MX\"> </a></td></tr></table></div>"
  },
  "url" : "http://terminology.kemkes.go.id/CodeSystem/cancer-m-category",
  "version" : "0.1.0",
  "name" : "KemkesCancerMCategoryCS",
  "title" : "Kemkes Cancer M Category",
  "status" : "active",
  "experimental" : false,
  "date" : "2024-02-05T00:00:00.000Z",
  "publisher" : "Thomas Chaidir",
  "contact" : [{
    "name" : "Thomas Chaidir",
    "telecom" : [{
      "system" : "url",
      "value" : "https://satusehat.kemkes.go.id/"
    }]
  }],
  "caseSensitive" : true,
  "valueSet" : "http://terminology.kemkes.go.id/ValueSet/cancer-m-category",
  "hierarchyMeaning" : "is-a",
  "compositional" : false,
  "versionNeeded" : true,
  "content" : "complete",
  "count" : 6,
  "concept" : [{
    "code" : "M0",
    "display" : "M0"
  },
  {
    "code" : "M1",
    "display" : "M1"
  },
  {
    "code" : "M1a",
    "display" : "M1a"
  },
  {
    "code" : "M1b",
    "display" : "M1b"
  },
  {
    "code" : "M1c",
    "display" : "M1c"
  },
  {
    "code" : "MX",
    "display" : "MX"
  }]
}