<?xml version="1.0" encoding="UTF-8"?>

<Condition xmlns="http://hl7.org/fhir">
  <id value="IDCoreCondition"/>
  <text>
    <status value="generated"/><div xmlns="http://www.w3.org/1999/xhtml"><p><b>Generated Narrative: Condition</b><a name="IDCoreCondition"> </a></p><div style="display: inline-block; background-color: #d9e0e7; padding: 6px; margin: 4px; border: 1px solid #8da1b4; border-radius: 5px; line-height: 60%"><p style="margin-bottom: 0px">Resource Condition &quot;IDCoreCondition&quot; </p></div><p><b>clinicalStatus</b>: Active <span style="background: LightGoldenRodYellow; margin: 4px; border: 1px solid khaki"> (<a href="http://terminology.hl7.org/5.3.0/CodeSystem-condition-clinical.html">Condition Clinical Status Codes</a>#active)</span></p><p><b>category</b>: Encounter Diagnosis <span style="background: LightGoldenRodYellow; margin: 4px; border: 1px solid khaki"> (<a href="http://terminology.hl7.org/5.3.0/CodeSystem-condition-category.html">Condition Category Codes</a>#encounter-diagnosis)</span></p><p><b>code</b>: Tuberculosis of lung, confirmed by sputum microscopy with or without culture <span style="background: LightGoldenRodYellow; margin: 4px; border: 1px solid khaki"> (<a href="http://terminology.hl7.org/5.3.0/CodeSystem-icd10.html">ICD-10</a>#A15.0)</span></p><p><b>subject</b>: <a href="Patient/100000030009">Patient/100000030009: Budi Santoso</a></p><p><b>encounter</b>: <a href="Encounter/2823ed1d-3e3e-434e-9a5b-9c579d192787">Encounter/2823ed1d-3e3e-434e-9a5b-9c579d192787</a></p><p><b>onset</b>: 2022-11-14 02:00:00+0000</p><p><b>recordedDate</b>: 2022-11-14 02:00:00+0000</p></div>
  </text>
  <clinicalStatus>
    <coding>
      <system value="http://terminology.hl7.org/CodeSystem/condition-clinical"/>
      <code value="active"/>
      <display value="Active"/>
    </coding>
  </clinicalStatus>
  <category>
    <coding>
      <system value="http://terminology.hl7.org/CodeSystem/condition-category"/>
      <code value="encounter-diagnosis"/>
      <display value="Encounter Diagnosis"/>
    </coding>
  </category>
  <code>
    <coding>
      <system value="http://hl7.org/fhir/sid/icd-10"/>
      <code value="A15.0"/>
      <display value="Tuberculosis of lung, confirmed by sputum microscopy with or without culture"/>
    </coding>
  </code>
  <subject>
    <reference value="Patient/100000030009"/>
    <display value="Budi Santoso"/>
  </subject>
  <encounter>
    <reference value="Encounter/2823ed1d-3e3e-434e-9a5b-9c579d192787"/>
  </encounter>
  <onsetDateTime value="2022-11-14T02:00:00+00:00"/>
  <recordedDate value="2022-11-14T02:00:00+00:00"/>
</Condition>