{
  "resourceType" : "Encounter",
  "id" : "IDCoreEncounterIMP",
  "meta" : {
    "profile" : ["https://fhir.kemkes.go.id/r4/StructureDefinition/IDCoreEncounter"]
  },
  "text" : {
    "status" : "generated",
    "div" : "<div xmlns=\"http://www.w3.org/1999/xhtml\"><p><b>Generated Narrative: Encounter</b><a name=\"IDCoreEncounterIMP\"> </a></p><div style=\"display: inline-block; background-color: #d9e0e7; padding: 6px; margin: 4px; border: 1px solid #8da1b4; border-radius: 5px; line-height: 60%\"><p style=\"margin-bottom: 0px\">Resource Encounter &quot;IDCoreEncounterIMP&quot; </p><p style=\"margin-bottom: 0px\">Profile: <a href=\"StructureDefinition-IDCoreEncounter.html\">IDCoreEncounter</a></p></div><p><b>identifier</b>: id:\u00a010085103</p><p><b>status</b>: in-progress</p><h3>StatusHistories</h3><table class=\"grid\"><tr><td style=\"display: none\">-</td><td><b>Status</b></td><td><b>Period</b></td></tr><tr><td style=\"display: none\">*</td><td>in-progress</td><td>2021-07-30 08:00:00+0000 --&gt; (ongoing)</td></tr></table><p><b>class</b>: inpatient encounter (Details: http://terminology.hl7.org/CodeSystem/v3-ActCode code IMP = 'inpatient encounter', stated as 'inpatient encounter')</p><p><b>subject</b>: <a href=\"Patient/100000030015\">Patient/100000030015: Diana Smith</a></p><p><b>basedOn</b>: <a href=\"ServiceRequest/1e1a260d-538f-4172-ad68-0aa5f8ccfc4a\">ServiceRequest/1e1a260d-538f-4172-ad68-0aa5f8ccfc4a</a></p><h3>Participants</h3><table class=\"grid\"><tr><td style=\"display: none\">-</td><td><b>Type</b></td><td><b>Individual</b></td></tr><tr><td style=\"display: none\">*</td><td>attender <span style=\"background: LightGoldenRodYellow; margin: 4px; border: 1px solid khaki\"> (<a href=\"http://terminology.hl7.org/5.5.0/CodeSystem-v3-ParticipationType.html\">ParticipationType</a>#ATND)</span></td><td><a href=\"Practitioner/N10000001\">Practitioner/N10000001: Dokter Bronsig</a></td></tr></table><p><b>period</b>: 2021-07-30 08:00:00+0000 --&gt; (ongoing)</p><h3>Locations</h3><table class=\"grid\"><tr><td style=\"display: none\">-</td><td><b>Extension</b></td><td><b>Location</b></td><td><b>Period</b></td></tr><tr><td style=\"display: none\">*</td><td/><td><a href=\"Location/cbc81aec-51fd-499f-854a-0964d077cf24\">Location/cbc81aec-51fd-499f-854a-0964d077cf24: Bed 3, Ruang 208, Bangsal Rawat Inap Kelas 2, Layanan Penyakit Dalam, Lantai 4, Gedung Utama</a></td><td>2021-07-30 08:00:00+0000 --&gt; (ongoing)</td></tr></table><p><b>serviceProvider</b>: <a href=\"Organization/10085103\">Organization/10085103</a></p></div>"
  },
  "identifier" : [{
    "system" : "http://sys-ids.kemkes.go.id/encounter/10085103",
    "value" : "10085103"
  }],
  "status" : "in-progress",
  "statusHistory" : [{
    "status" : "in-progress",
    "period" : {
      "start" : "2021-07-30T08:00:00+00:00"
    }
  }],
  "class" : {
    "system" : "http://terminology.hl7.org/CodeSystem/v3-ActCode",
    "code" : "IMP",
    "display" : "inpatient encounter"
  },
  "subject" : {
    "reference" : "Patient/100000030015",
    "display" : "Diana Smith"
  },
  "basedOn" : [{
    "reference" : "ServiceRequest/1e1a260d-538f-4172-ad68-0aa5f8ccfc4a"
  }],
  "participant" : [{
    "type" : [{
      "coding" : [{
        "system" : "http://terminology.hl7.org/CodeSystem/v3-ParticipationType",
        "code" : "ATND",
        "display" : "attender"
      }]
    }],
    "individual" : {
      "reference" : "Practitioner/N10000001",
      "display" : "Dokter Bronsig"
    }
  }],
  "period" : {
    "start" : "2021-07-30T08:00:00+00:00"
  },
  "location" : [{
    "extension" : [{
      "extension" : [{
        "url" : "value",
        "valueCodeableConcept" : {
          "coding" : [{
            "system" : "http://terminology.kemkes.go.id/CodeSystem/locationServiceClass-Inpatient",
            "code" : "2",
            "display" : "Kelas 2"
          }]
        }
      },
      {
        "url" : "upgradeClassIndicator",
        "valueCodeableConcept" : {
          "coding" : [{
            "system" : "http://terminology.kemkes.go.id/CodeSystem/locationUpgradeClass",
            "code" : "kelas-tetap",
            "display" : "Kelas Tetap Perawatan"
          }]
        }
      }],
      "url" : "https://fhir.kemkes.go.id/r4/StructureDefinition/ServiceClass"
    }],
    "location" : {
      "reference" : "Location/cbc81aec-51fd-499f-854a-0964d077cf24",
      "display" : "Bed 3, Ruang 208, Bangsal Rawat Inap Kelas 2, Layanan Penyakit Dalam, Lantai 4, Gedung Utama"
    },
    "period" : {
      "start" : "2021-07-30T08:00:00+00:00"
    }
  }],
  "serviceProvider" : {
    "reference" : "Organization/10085103"
  }
}