<?xml version="1.0" encoding="UTF-8"?>

<Encounter xmlns="http://hl7.org/fhir">
  <id value="IDCoreEncounterStatusFinished"/>
  <meta>
    <profile value="https://fhir.kemkes.go.id/r4/StructureDefinition/IDCoreEncounter"/>
  </meta>
  <text>
    <status value="generated"/><div xmlns="http://www.w3.org/1999/xhtml"><p><b>Generated Narrative: Encounter</b><a name="IDCoreEncounterStatusFinished"> </a></p><div style="display: inline-block; background-color: #d9e0e7; padding: 6px; margin: 4px; border: 1px solid #8da1b4; border-radius: 5px; line-height: 60%"><p style="margin-bottom: 0px">Resource Encounter &quot;IDCoreEncounterStatusFinished&quot; </p><p style="margin-bottom: 0px">Profile: <a href="StructureDefinition-IDCoreEncounter.html">IDCoreEncounter</a></p></div><p><b>identifier</b>: <code>http://sys-ids.kemkes.go.id/encounter/10085103</code>/100000030015</p><p><b>status</b>: finished</p><blockquote><p><b>statusHistory</b></p><p><b>status</b>: in-progress</p><p><b>period</b>: 2022-12-25 08:00:00+0000 --&gt; 2022-12-30 09:30:27+0700</p></blockquote><blockquote><p><b>statusHistory</b></p><p><b>status</b>: finished</p><p><b>period</b>: 2022-12-30 09:30:27+0700 --&gt; 2022-12-30 09:30:27+0700</p></blockquote><p><b>class</b>: inpatient encounter (Details: http://terminology.hl7.org/CodeSystem/v3-ActCode code IMP = 'inpatient encounter', stated as 'inpatient encounter')</p><p><b>subject</b>: <a href="Patient/100000030015">Patient/100000030015: Diana Smith</a></p><p><b>basedOn</b>: <a href="ServiceRequest/1e1a260d-538f-4172-ad68-0aa5f8ccfc4a">ServiceRequest/1e1a260d-538f-4172-ad68-0aa5f8ccfc4a</a></p><h3>Participants</h3><table class="grid"><tr><td style="display: none">-</td><td><b>Type</b></td><td><b>Individual</b></td></tr><tr><td style="display: none">*</td><td>attender <span style="background: LightGoldenRodYellow; margin: 4px; border: 1px solid khaki"> (<a href="http://terminology.hl7.org/5.3.0/CodeSystem-v3-ParticipationType.html">ParticipationType</a>#ATND)</span></td><td><a href="Practitioner/N10000001">Practitioner/N10000001: Dokter Bronsig</a></td></tr></table><p><b>period</b>: 2022-12-25 08:00:00+0000 --&gt; 2022-12-30 09:30:27+0700</p><blockquote><p><b>diagnosis</b></p><p><b>condition</b>: <a href="Condition/a734df17-84ca-4a09-998c-95442eba13d9">Condition/a734df17-84ca-4a09-998c-95442eba13d9: Chronic kidney disease, stage 5</a></p><p><b>use</b>: Discharge diagnosis <span style="background: LightGoldenRodYellow; margin: 4px; border: 1px solid khaki"> (<a href="http://terminology.hl7.org/5.3.0/CodeSystem-diagnosis-role.html">Diagnosis Role</a>#DD)</span></p><p><b>rank</b>: 1</p></blockquote><blockquote><p><b>diagnosis</b></p><p><b>condition</b>: <a href="Condition/23cc164d-9e49-4d6c-b46b-576efbb123fe">Condition/23cc164d-9e49-4d6c-b46b-576efbb123fe: Anemia in chronic kidney disease</a></p><p><b>use</b>: Discharge diagnosis <span style="background: LightGoldenRodYellow; margin: 4px; border: 1px solid khaki"> (<a href="http://terminology.hl7.org/5.3.0/CodeSystem-diagnosis-role.html">Diagnosis Role</a>#DD)</span></p><p><b>rank</b>: 2</p></blockquote><h3>Hospitalizations</h3><table class="grid"><tr><td style="display: none">-</td><td><b>DischargeDisposition</b></td></tr><tr><td style="display: none">*</td><td>Anjuran dokter untuk pulang dan kontrol kembali dan melakukan hemodialisis Rutin 1 Bulan Sekali <span style="background: LightGoldenRodYellow; margin: 4px; border: 1px solid khaki"> (<a href="http://terminology.hl7.org/5.3.0/CodeSystem-discharge-disposition.html">Discharge disposition</a>#home &quot;Home&quot;)</span></td></tr></table><h3>Locations</h3><table class="grid"><tr><td style="display: none">-</td><td><b>Extension</b></td><td><b>Location</b></td><td><b>Period</b></td></tr><tr><td style="display: none">*</td><td/><td><a href="Location/b29038d4-9ef0-4eb3-a2e9-3c02df668b07">Location/b29038d4-9ef0-4eb3-a2e9-3c02df668b07: Bed 2, Ruang 44, Bangsal Rawat Inap Kelas 1, Layanan Penyakit Dalam, Lantai 2, Gedung Utama</a></td><td>2022-12-25 08:00:00+0000 --&gt; 2022-12-30 09:30:27+0700</td></tr></table><p><b>serviceProvider</b>: <a href="Organization/10085103">Organization/10085103</a></p></div>
  </text>
  <identifier>
    <system value="http://sys-ids.kemkes.go.id/encounter/10085103"/>
    <value value="100000030015"/>
  </identifier>
  <status value="finished"/>
  <statusHistory>
    <status value="in-progress"/>
    <period>
      <start value="2022-12-25T08:00:00+00:00"/>
      <end value="2022-12-30T09:30:27+07:00"/>
    </period>
  </statusHistory>
  <statusHistory>
    <status value="finished"/>
    <period>
      <start value="2022-12-30T09:30:27+07:00"/>
      <end value="2022-12-30T09:30:27+07:00"/>
    </period>
  </statusHistory>
  <class>
    <system value="http://terminology.hl7.org/CodeSystem/v3-ActCode"/>
    <code value="IMP"/>
    <display value="inpatient encounter"/>
  </class>
  <subject>
    <reference value="Patient/100000030015"/>
    <display value="Diana Smith"/>
  </subject>
  <basedOn>
    <reference value="ServiceRequest/1e1a260d-538f-4172-ad68-0aa5f8ccfc4a"/>
  </basedOn>
  <participant>
    <type>
      <coding>
        <system value="http://terminology.hl7.org/CodeSystem/v3-ParticipationType"/>
        <code value="ATND"/>
        <display value="attender"/>
      </coding>
    </type>
    <individual>
      <reference value="Practitioner/N10000001"/>
      <display value="Dokter Bronsig"/>
    </individual>
  </participant>
  <period>
    <start value="2022-12-25T08:00:00+00:00"/>
    <end value="2022-12-30T09:30:27+07:00"/>
  </period>
  <diagnosis>
    <condition>
      <reference value="Condition/a734df17-84ca-4a09-998c-95442eba13d9"/>
      <display value="Chronic kidney disease, stage 5"/>
    </condition>
    <use>
      <coding>
        <system value="http://terminology.hl7.org/CodeSystem/diagnosis-role"/>
        <code value="DD"/>
        <display value="Discharge diagnosis"/>
      </coding>
    </use>
    <rank value="1"/>
  </diagnosis>
  <diagnosis>
    <condition>
      <reference value="Condition/23cc164d-9e49-4d6c-b46b-576efbb123fe"/>
      <display value="Anemia in chronic kidney disease"/>
    </condition>
    <use>
      <coding>
        <system value="http://terminology.hl7.org/CodeSystem/diagnosis-role"/>
        <code value="DD"/>
        <display value="Discharge diagnosis"/>
      </coding>
    </use>
    <rank value="2"/>
  </diagnosis>
  <hospitalization>
    <dischargeDisposition>
      <coding>
        <system value="http://terminology.hl7.org/CodeSystem/discharge-disposition"/>
        <code value="home"/>
        <display value="Home"/>
      </coding>
      <text value="Anjuran dokter untuk pulang dan kontrol kembali dan melakukan hemodialisis Rutin 1 Bulan Sekali"/>
    </dischargeDisposition>
  </hospitalization>
  <location>
    <extension url="https://fhir.kemkes.go.id/r4/StructureDefinition/ServiceClass">
      <extension url="value">
        <valueCodeableConcept>
          <coding>
            <system value="http://terminology.kemkes.go.id/CodeSystem/locationServiceClass-Inpatient"/>
            <code value="1"/>
            <display value="Kelas 1"/>
          </coding>
        </valueCodeableConcept>
      </extension>
      <extension url="upgradeClassIndicator">
        <valueCodeableConcept>
          <coding>
            <system value="http://terminology.kemkes.go.id/CodeSystem/locationUpgradeClass"/>
            <code value="kelas-tetap"/>
            <display value="Kelas Tetap Perawatan"/>
          </coding>
        </valueCodeableConcept>
      </extension>
    </extension>
    <location>
      <reference value="Location/b29038d4-9ef0-4eb3-a2e9-3c02df668b07"/>
      <display value="Bed 2, Ruang 44, Bangsal Rawat Inap Kelas 1, Layanan Penyakit Dalam, Lantai 2, Gedung Utama"/>
    </location>
    <period>
      <start value="2022-12-25T08:00:00+00:00"/>
      <end value="2022-12-30T09:30:27+07:00"/>
    </period>
  </location>
  <serviceProvider>
    <reference value="Organization/10085103"/>
  </serviceProvider>
</Encounter>