<?xml version="1.0" encoding="UTF-8"?>

<ImplementationGuide xmlns="http://hl7.org/fhir">
  <id value="hl7.fhir.id.core"/>
  <text>
    <status value="extensions"/><div xmlns="http://www.w3.org/1999/xhtml"><h2>IDCore</h2><p>The official URL for this implementation guide is: </p><pre>https://fhir.kemkes.go.id/r4/ImplementationGuide/hl7.fhir.id.core</pre></div>
  </text>
  <url value="https://fhir.kemkes.go.id/r4/ImplementationGuide/hl7.fhir.id.core"/>
  <version value="0.1.0"/>
  <name value="IDCore"/>
  <title value="ID Core Implementation Guide"/>
  <status value="active"/>
  <date value="2024-05-22T17:23:47+07:00"/>
  <publisher value="Thomas Chaidir"/>
  <contact>
    <name value="Thomas Chaidir"/>
    <telecom>
      <system value="url"/>
      <value value="https://satusehat.kemkes.go.id/"/>
    </telecom>
  </contact>
  <packageId value="hl7.fhir.id.core"/>
  <license value="CC0-1.0"/>
  <fhirVersion value="4.0.1"/>
  <dependsOn id="hl7tx">
    <extension url="http://hl7.org/fhir/tools/StructureDefinition/implementationguide-dependency-comment">
      <valueMarkdown value="Automatically added as a dependency - all IGs depend on HL7 Terminology"/>
    </extension>
    <uri value="http://terminology.hl7.org/ImplementationGuide/hl7.terminology"/>
    <packageId value="hl7.terminology.r4"/>
    <version value="5.5.0"/>
  </dependsOn>
  <dependsOn id="hl7ext">
    <extension url="http://hl7.org/fhir/tools/StructureDefinition/implementationguide-dependency-comment">
      <valueMarkdown value="Automatically added as a dependency - all IGs depend on the HL7 Extension Pack"/>
    </extension>
    <uri value="http://hl7.org/fhir/extensions/ImplementationGuide/hl7.fhir.uv.extensions"/>
    <packageId value="hl7.fhir.uv.extensions.r4"/>
    <version value="5.1.0"/>
  </dependsOn>
  <definition>
    <extension url="http://hl7.org/fhir/tools/StructureDefinition/ig-parameter">
      <extension url="code">
        <valueString value="copyrightyear"/>
      </extension>
      <extension url="value">
        <valueString value="2023+"/>
      </extension>
    </extension>
    <extension url="http://hl7.org/fhir/tools/StructureDefinition/ig-parameter">
      <extension url="code">
        <valueString value="releaselabel"/>
      </extension>
      <extension url="value">
        <valueString value="ci-build"/>
      </extension>
    </extension>
    <extension url="http://hl7.org/fhir/tools/StructureDefinition/ig-parameter">
      <extension url="code">
        <valueString value="autoload-resources"/>
      </extension>
      <extension url="value">
        <valueString value="true"/>
      </extension>
    </extension>
    <extension url="http://hl7.org/fhir/tools/StructureDefinition/ig-parameter">
      <extension url="code">
        <valueString value="path-liquid"/>
      </extension>
      <extension url="value">
        <valueString value="template/liquid"/>
      </extension>
    </extension>
    <extension url="http://hl7.org/fhir/tools/StructureDefinition/ig-parameter">
      <extension url="code">
        <valueString value="path-liquid"/>
      </extension>
      <extension url="value">
        <valueString value="input/liquid"/>
      </extension>
    </extension>
    <extension url="http://hl7.org/fhir/tools/StructureDefinition/ig-parameter">
      <extension url="code">
        <valueString value="path-qa"/>
      </extension>
      <extension url="value">
        <valueString value="temp/qa"/>
      </extension>
    </extension>
    <extension url="http://hl7.org/fhir/tools/StructureDefinition/ig-parameter">
      <extension url="code">
        <valueString value="path-temp"/>
      </extension>
      <extension url="value">
        <valueString value="temp/pages"/>
      </extension>
    </extension>
    <extension url="http://hl7.org/fhir/tools/StructureDefinition/ig-parameter">
      <extension url="code">
        <valueString value="path-output"/>
      </extension>
      <extension url="value">
        <valueString value="output"/>
      </extension>
    </extension>
    <extension url="http://hl7.org/fhir/tools/StructureDefinition/ig-parameter">
      <extension url="code">
        <valueString value="path-suppressed-warnings"/>
      </extension>
      <extension url="value">
        <valueString value="input/ignoreWarnings.txt"/>
      </extension>
    </extension>
    <extension url="http://hl7.org/fhir/tools/StructureDefinition/ig-parameter">
      <extension url="code">
        <valueString value="path-history"/>
      </extension>
      <extension url="value">
        <valueString value="https://fhir.kemkes.go.id/r4/history.html"/>
      </extension>
    </extension>
    <extension url="http://hl7.org/fhir/tools/StructureDefinition/ig-parameter">
      <extension url="code">
        <valueString value="template-html"/>
      </extension>
      <extension url="value">
        <valueString value="template-page.html"/>
      </extension>
    </extension>
    <extension url="http://hl7.org/fhir/tools/StructureDefinition/ig-parameter">
      <extension url="code">
        <valueString value="template-md"/>
      </extension>
      <extension url="value">
        <valueString value="template-page-md.html"/>
      </extension>
    </extension>
    <extension url="http://hl7.org/fhir/tools/StructureDefinition/ig-parameter">
      <extension url="code">
        <valueString value="apply-contact"/>
      </extension>
      <extension url="value">
        <valueString value="true"/>
      </extension>
    </extension>
    <extension url="http://hl7.org/fhir/tools/StructureDefinition/ig-parameter">
      <extension url="code">
        <valueString value="apply-context"/>
      </extension>
      <extension url="value">
        <valueString value="true"/>
      </extension>
    </extension>
    <extension url="http://hl7.org/fhir/tools/StructureDefinition/ig-parameter">
      <extension url="code">
        <valueString value="apply-copyright"/>
      </extension>
      <extension url="value">
        <valueString value="true"/>
      </extension>
    </extension>
    <extension url="http://hl7.org/fhir/tools/StructureDefinition/ig-parameter">
      <extension url="code">
        <valueString value="apply-jurisdiction"/>
      </extension>
      <extension url="value">
        <valueString value="true"/>
      </extension>
    </extension>
    <extension url="http://hl7.org/fhir/tools/StructureDefinition/ig-parameter">
      <extension url="code">
        <valueString value="apply-license"/>
      </extension>
      <extension url="value">
        <valueString value="true"/>
      </extension>
    </extension>
    <extension url="http://hl7.org/fhir/tools/StructureDefinition/ig-parameter">
      <extension url="code">
        <valueString value="apply-publisher"/>
      </extension>
      <extension url="value">
        <valueString value="true"/>
      </extension>
    </extension>
    <extension url="http://hl7.org/fhir/tools/StructureDefinition/ig-parameter">
      <extension url="code">
        <valueString value="apply-version"/>
      </extension>
      <extension url="value">
        <valueString value="true"/>
      </extension>
    </extension>
    <extension url="http://hl7.org/fhir/tools/StructureDefinition/ig-parameter">
      <extension url="code">
        <valueString value="apply-wg"/>
      </extension>
      <extension url="value">
        <valueString value="true"/>
      </extension>
    </extension>
    <extension url="http://hl7.org/fhir/tools/StructureDefinition/ig-parameter">
      <extension url="code">
        <valueString value="active-tables"/>
      </extension>
      <extension url="value">
        <valueString value="true"/>
      </extension>
    </extension>
    <extension url="http://hl7.org/fhir/tools/StructureDefinition/ig-parameter">
      <extension url="code">
        <valueString value="fmm-definition"/>
      </extension>
      <extension url="value">
        <valueString value="http://hl7.org/fhir/versions.html#maturity"/>
      </extension>
    </extension>
    <extension url="http://hl7.org/fhir/tools/StructureDefinition/ig-parameter">
      <extension url="code">
        <valueString value="propagate-status"/>
      </extension>
      <extension url="value">
        <valueString value="true"/>
      </extension>
    </extension>
    <extension url="http://hl7.org/fhir/tools/StructureDefinition/ig-parameter">
      <extension url="code">
        <valueString value="excludelogbinaryformat"/>
      </extension>
      <extension url="value">
        <valueString value="true"/>
      </extension>
    </extension>
    <extension url="http://hl7.org/fhir/tools/StructureDefinition/ig-parameter">
      <extension url="code">
        <valueString value="tabbed-snapshots"/>
      </extension>
      <extension url="value">
        <valueString value="true"/>
      </extension>
    </extension>
    <extension url="http://hl7.org/fhir/tools/StructureDefinition/ig-internal-dependency">
      <valueCode value="hl7.fhir.uv.tools#current"/>
    </extension>
    <extension url="http://hl7.org/fhir/tools/StructureDefinition/ig-parameter">
      <extension url="code">
        <valueCode value="copyrightyear"/>
      </extension>
      <extension url="value">
        <valueString value="2023+"/>
      </extension>
    </extension>
    <extension url="http://hl7.org/fhir/tools/StructureDefinition/ig-parameter">
      <extension url="code">
        <valueCode value="releaselabel"/>
      </extension>
      <extension url="value">
        <valueString value="ci-build"/>
      </extension>
    </extension>
    <extension url="http://hl7.org/fhir/tools/StructureDefinition/ig-parameter">
      <extension url="code">
        <valueCode value="autoload-resources"/>
      </extension>
      <extension url="value">
        <valueString value="true"/>
      </extension>
    </extension>
    <extension url="http://hl7.org/fhir/tools/StructureDefinition/ig-parameter">
      <extension url="code">
        <valueCode value="path-liquid"/>
      </extension>
      <extension url="value">
        <valueString value="template/liquid"/>
      </extension>
    </extension>
    <extension url="http://hl7.org/fhir/tools/StructureDefinition/ig-parameter">
      <extension url="code">
        <valueCode value="path-liquid"/>
      </extension>
      <extension url="value">
        <valueString value="input/liquid"/>
      </extension>
    </extension>
    <extension url="http://hl7.org/fhir/tools/StructureDefinition/ig-parameter">
      <extension url="code">
        <valueCode value="path-qa"/>
      </extension>
      <extension url="value">
        <valueString value="temp/qa"/>
      </extension>
    </extension>
    <extension url="http://hl7.org/fhir/tools/StructureDefinition/ig-parameter">
      <extension url="code">
        <valueCode value="path-temp"/>
      </extension>
      <extension url="value">
        <valueString value="temp/pages"/>
      </extension>
    </extension>
    <extension url="http://hl7.org/fhir/tools/StructureDefinition/ig-parameter">
      <extension url="code">
        <valueCode value="path-output"/>
      </extension>
      <extension url="value">
        <valueString value="output"/>
      </extension>
    </extension>
    <extension url="http://hl7.org/fhir/tools/StructureDefinition/ig-parameter">
      <extension url="code">
        <valueCode value="path-suppressed-warnings"/>
      </extension>
      <extension url="value">
        <valueString value="input/ignoreWarnings.txt"/>
      </extension>
    </extension>
    <extension url="http://hl7.org/fhir/tools/StructureDefinition/ig-parameter">
      <extension url="code">
        <valueCode value="path-history"/>
      </extension>
      <extension url="value">
        <valueString value="https://fhir.kemkes.go.id/r4/history.html"/>
      </extension>
    </extension>
    <extension url="http://hl7.org/fhir/tools/StructureDefinition/ig-parameter">
      <extension url="code">
        <valueCode value="template-html"/>
      </extension>
      <extension url="value">
        <valueString value="template-page.html"/>
      </extension>
    </extension>
    <extension url="http://hl7.org/fhir/tools/StructureDefinition/ig-parameter">
      <extension url="code">
        <valueCode value="template-md"/>
      </extension>
      <extension url="value">
        <valueString value="template-page-md.html"/>
      </extension>
    </extension>
    <extension url="http://hl7.org/fhir/tools/StructureDefinition/ig-parameter">
      <extension url="code">
        <valueCode value="apply-contact"/>
      </extension>
      <extension url="value">
        <valueString value="true"/>
      </extension>
    </extension>
    <extension url="http://hl7.org/fhir/tools/StructureDefinition/ig-parameter">
      <extension url="code">
        <valueCode value="apply-context"/>
      </extension>
      <extension url="value">
        <valueString value="true"/>
      </extension>
    </extension>
    <extension url="http://hl7.org/fhir/tools/StructureDefinition/ig-parameter">
      <extension url="code">
        <valueCode value="apply-copyright"/>
      </extension>
      <extension url="value">
        <valueString value="true"/>
      </extension>
    </extension>
    <extension url="http://hl7.org/fhir/tools/StructureDefinition/ig-parameter">
      <extension url="code">
        <valueCode value="apply-jurisdiction"/>
      </extension>
      <extension url="value">
        <valueString value="true"/>
      </extension>
    </extension>
    <extension url="http://hl7.org/fhir/tools/StructureDefinition/ig-parameter">
      <extension url="code">
        <valueCode value="apply-license"/>
      </extension>
      <extension url="value">
        <valueString value="true"/>
      </extension>
    </extension>
    <extension url="http://hl7.org/fhir/tools/StructureDefinition/ig-parameter">
      <extension url="code">
        <valueCode value="apply-publisher"/>
      </extension>
      <extension url="value">
        <valueString value="true"/>
      </extension>
    </extension>
    <extension url="http://hl7.org/fhir/tools/StructureDefinition/ig-parameter">
      <extension url="code">
        <valueCode value="apply-version"/>
      </extension>
      <extension url="value">
        <valueString value="true"/>
      </extension>
    </extension>
    <extension url="http://hl7.org/fhir/tools/StructureDefinition/ig-parameter">
      <extension url="code">
        <valueCode value="apply-wg"/>
      </extension>
      <extension url="value">
        <valueString value="true"/>
      </extension>
    </extension>
    <extension url="http://hl7.org/fhir/tools/StructureDefinition/ig-parameter">
      <extension url="code">
        <valueCode value="active-tables"/>
      </extension>
      <extension url="value">
        <valueString value="true"/>
      </extension>
    </extension>
    <extension url="http://hl7.org/fhir/tools/StructureDefinition/ig-parameter">
      <extension url="code">
        <valueCode value="fmm-definition"/>
      </extension>
      <extension url="value">
        <valueString value="http://hl7.org/fhir/versions.html#maturity"/>
      </extension>
    </extension>
    <extension url="http://hl7.org/fhir/tools/StructureDefinition/ig-parameter">
      <extension url="code">
        <valueCode value="propagate-status"/>
      </extension>
      <extension url="value">
        <valueString value="true"/>
      </extension>
    </extension>
    <extension url="http://hl7.org/fhir/tools/StructureDefinition/ig-parameter">
      <extension url="code">
        <valueCode value="excludelogbinaryformat"/>
      </extension>
      <extension url="value">
        <valueString value="true"/>
      </extension>
    </extension>
    <extension url="http://hl7.org/fhir/tools/StructureDefinition/ig-parameter">
      <extension url="code">
        <valueCode value="tabbed-snapshots"/>
      </extension>
      <extension url="value">
        <valueString value="true"/>
      </extension>
    </extension>
    <resource>
      <extension url="http://hl7.org/fhir/tools/StructureDefinition/resource-information">
        <valueString value="StructureDefinition:extension"/>
      </extension>
      <reference>
        <reference value="StructureDefinition/AddressExtension"/>
      </reference>
      <name value="Address administrative code extension"/>
      <exampleBoolean value="false"/>
    </resource>
    <resource>
      <extension url="http://hl7.org/fhir/tools/StructureDefinition/resource-information">
        <valueString value="StructureDefinition:resource"/>
      </extension>
      <reference>
        <reference value="StructureDefinition/IDCoreVSBPDiastolic"/>
      </reference>
      <name value="Diastolic Blood Pressure"/>
      <description value="Profile for diastolic blood pressure value."/>
      <exampleBoolean value="false"/>
    </resource>
    <resource>
      <extension url="http://hl7.org/fhir/tools/StructureDefinition/resource-information">
        <valueString value="ValueSet"/>
      </extension>
      <reference>
        <reference value="ValueSet/EncounterLocationServiceClassExtension"/>
      </reference>
      <name value="Encounter Location Extension"/>
      <description value="A set of codes, specifying location extension valueset."/>
      <exampleBoolean value="false"/>
    </resource>
    <resource>
      <extension url="http://hl7.org/fhir/tools/StructureDefinition/resource-information">
        <valueString value="StructureDefinition:extension"/>
      </extension>
      <reference>
        <reference value="StructureDefinition/EncounterLocation"/>
      </reference>
      <name value="Encounter Location Extention"/>
      <exampleBoolean value="false"/>
    </resource>
    <resource>
      <extension url="http://hl7.org/fhir/tools/StructureDefinition/resource-information">
        <valueString value="CodeSystem"/>
      </extension>
      <reference>
        <reference value="CodeSystem/EncounterLocationServiceClassInpatient"/>
      </reference>
      <name value="Encounter Location ServiceClass Inpatient"/>
      <description value="Local ID encounter location ServiceClass Inpatient"/>
      <exampleBoolean value="false"/>
    </resource>
    <resource>
      <extension url="http://hl7.org/fhir/tools/StructureDefinition/resource-information">
        <valueString value="CodeSystem"/>
      </extension>
      <reference>
        <reference value="CodeSystem/EncounterLocationServiceClassOutpatient"/>
      </reference>
      <name value="Encounter Location ServiceClass Outpatient"/>
      <description value="Local ID encounter location ServiceClass Outpatient"/>
      <exampleBoolean value="false"/>
    </resource>
    <resource>
      <extension url="http://hl7.org/fhir/tools/StructureDefinition/resource-information">
        <valueString value="ValueSet"/>
      </extension>
      <reference>
        <reference value="ValueSet/EncounterLocationServiceClassInpatient"/>
      </reference>
      <name value="Encounter Location ServiceClass-Inpatient"/>
      <description value="A set of codes, specifying location ServiceClass for inpatient patient."/>
      <exampleBoolean value="false"/>
    </resource>
    <resource>
      <extension url="http://hl7.org/fhir/tools/StructureDefinition/resource-information">
        <valueString value="ValueSet"/>
      </extension>
      <reference>
        <reference value="ValueSet/EncounterLocationServiceClassOutpatient"/>
      </reference>
      <name value="Encounter Location ServiceClass-Outpatient"/>
      <description value="A set of codes, specifying location ServiceClass for outpatient patient."/>
      <exampleBoolean value="false"/>
    </resource>
    <resource>
      <extension url="http://hl7.org/fhir/tools/StructureDefinition/resource-information">
        <valueString value="ValueSet"/>
      </extension>
      <reference>
        <reference value="ValueSet/EncounterLocationUpgradeClass"/>
      </reference>
      <name value="Encounter Location Upgrade Class"/>
      <description value="A set of codes, specifying location UpgradeClass."/>
      <exampleBoolean value="false"/>
    </resource>
    <resource>
      <extension url="http://hl7.org/fhir/tools/StructureDefinition/resource-information">
        <valueString value="CodeSystem"/>
      </extension>
      <reference>
        <reference value="CodeSystem/EncounterLocationUpgradeClass"/>
      </reference>
      <name value="Encounter Location UpgradeClass"/>
      <description value="Local ID encounter location UpgradeClass"/>
      <exampleBoolean value="false"/>
    </resource>
    <resource>
      <extension url="http://hl7.org/fhir/tools/StructureDefinition/resource-information">
        <valueString value="CodeSystem"/>
      </extension>
      <reference>
        <reference value="CodeSystem/KemkesICDOMorphologyCS"/>
      </reference>
      <name value="ICD-0 Morphology"/>
      <description value="Created by: Fadhil Muhammad"/>
      <exampleBoolean value="false"/>
    </resource>
    <resource>
      <extension url="http://hl7.org/fhir/tools/StructureDefinition/resource-information">
        <valueString value="CodeSystem"/>
      </extension>
      <reference>
        <reference value="CodeSystem/KemkesICDOTopographyCS"/>
      </reference>
      <name value="ICD-0 Topography"/>
      <description value="Created by: Fadhil Muhammad"/>
      <exampleBoolean value="false"/>
    </resource>
    <resource>
      <extension url="http://hl7.org/fhir/tools/StructureDefinition/resource-information">
        <valueString value="StructureDefinition:resource"/>
      </extension>
      <reference>
        <reference value="StructureDefinition/IDCoreCondition"/>
      </reference>
      <name value="IDCoreCondition"/>
      <description value="ID Core Condition profile"/>
      <exampleBoolean value="false"/>
    </resource>
    <resource>
      <extension url="http://hl7.org/fhir/tools/StructureDefinition/resource-information">
        <valueString value="Condition"/>
      </extension>
      <reference>
        <reference value="Condition/IDCoreCondition"/>
      </reference>
      <name value="IDCoreCondition"/>
      <exampleBoolean value="true"/>
    </resource>
    <resource>
      <extension url="http://hl7.org/fhir/tools/StructureDefinition/resource-information">
        <valueString value="StructureDefinition:resource"/>
      </extension>
      <reference>
        <reference value="StructureDefinition/IDCoreEncounter"/>
      </reference>
      <name value="IDCoreEncounter"/>
      <description value="ID Core Encounter profile"/>
      <exampleBoolean value="false"/>
    </resource>
    <resource>
      <extension url="http://hl7.org/fhir/tools/StructureDefinition/resource-information">
        <valueString value="Encounter"/>
      </extension>
      <reference>
        <reference value="Encounter/IDCoreEncounter"/>
      </reference>
      <name value="IDCoreEncounter"/>
      <exampleBoolean value="true"/>
    </resource>
    <resource>
      <extension url="http://hl7.org/fhir/tools/StructureDefinition/resource-information">
        <valueString value="StructureDefinition:resource"/>
      </extension>
      <reference>
        <reference value="StructureDefinition/IDCoreEncounterEMER"/>
      </reference>
      <name value="IDCoreEncounterEMER"/>
      <description value="Encounter profile for Emergency patient"/>
      <exampleBoolean value="false"/>
    </resource>
    <resource>
      <extension url="http://hl7.org/fhir/tools/StructureDefinition/resource-information">
        <valueString value="Encounter"/>
      </extension>
      <reference>
        <reference value="Encounter/IDCoreEncounterEMER"/>
      </reference>
      <name value="IDCoreEncounterEMER"/>
      <exampleCanonical value="https://fhir.kemkes.go.id/r4/StructureDefinition/IDCoreEncounter"/>
    </resource>
    <resource>
      <extension url="http://hl7.org/fhir/tools/StructureDefinition/resource-information">
        <valueString value="StructureDefinition:resource"/>
      </extension>
      <reference>
        <reference value="StructureDefinition/IDCoreEncounterIMP"/>
      </reference>
      <name value="IDCoreEncounterIMP"/>
      <description value="Encounter profile for inpatient patient"/>
      <exampleBoolean value="false"/>
    </resource>
    <resource>
      <extension url="http://hl7.org/fhir/tools/StructureDefinition/resource-information">
        <valueString value="Encounter"/>
      </extension>
      <reference>
        <reference value="Encounter/IDCoreEncounterIMP"/>
      </reference>
      <name value="IDCoreEncounterIMP"/>
      <exampleCanonical value="https://fhir.kemkes.go.id/r4/StructureDefinition/IDCoreEncounter"/>
    </resource>
    <resource>
      <extension url="http://hl7.org/fhir/tools/StructureDefinition/resource-information">
        <valueString value="StructureDefinition:resource"/>
      </extension>
      <reference>
        <reference value="StructureDefinition/IDCoreEncounterStatusFinished"/>
      </reference>
      <name value="IDCoreEncounterStatusFinished"/>
      <description value="Encounter profile when the Status is Finished"/>
      <exampleBoolean value="false"/>
    </resource>
    <resource>
      <extension url="http://hl7.org/fhir/tools/StructureDefinition/resource-information">
        <valueString value="StructureDefinition:resource"/>
      </extension>
      <reference>
        <reference value="StructureDefinition/IDCoreObservation"/>
      </reference>
      <name value="IDCoreObservation"/>
      <description value="ID Core Observation profile"/>
      <exampleBoolean value="false"/>
    </resource>
    <resource>
      <extension url="http://hl7.org/fhir/tools/StructureDefinition/resource-information">
        <valueString value="StructureDefinition:resource"/>
      </extension>
      <reference>
        <reference value="StructureDefinition/IDCorePatient"/>
      </reference>
      <name value="IDCorePatient"/>
      <description value="ID Core Patient profile"/>
      <exampleBoolean value="false"/>
    </resource>
    <resource>
      <extension url="http://hl7.org/fhir/tools/StructureDefinition/resource-information">
        <valueString value="StructureDefinition:resource"/>
      </extension>
      <reference>
        <reference value="StructureDefinition/IDCorePractitioner"/>
      </reference>
      <name value="IDCorePractitioner"/>
      <description value="ID Core Practitioner profile"/>
      <exampleBoolean value="false"/>
    </resource>
    <resource>
      <extension url="http://hl7.org/fhir/tools/StructureDefinition/resource-information">
        <valueString value="CodeSystem"/>
      </extension>
      <reference>
        <reference value="CodeSystem/KemkesCancerMCategory"/>
      </reference>
      <name value="Kemkes Cancer M Category"/>
      <exampleBoolean value="false"/>
    </resource>
    <resource>
      <extension url="http://hl7.org/fhir/tools/StructureDefinition/resource-information">
        <valueString value="CodeSystem"/>
      </extension>
      <reference>
        <reference value="CodeSystem/KemkesCancerNCategory"/>
      </reference>
      <name value="Kemkes Cancer N Category"/>
      <exampleBoolean value="false"/>
    </resource>
    <resource>
      <extension url="http://hl7.org/fhir/tools/StructureDefinition/resource-information">
        <valueString value="CodeSystem"/>
      </extension>
      <reference>
        <reference value="CodeSystem/KemkesCancerTCategoryCS"/>
      </reference>
      <name value="Kemkes Cancer T Category"/>
      <exampleBoolean value="false"/>
    </resource>
    <resource>
      <extension url="http://hl7.org/fhir/tools/StructureDefinition/resource-information">
        <valueString value="StructureDefinition:extension"/>
      </extension>
      <reference>
        <reference value="StructureDefinition/CitizenshipStatusExtension"/>
      </reference>
      <name value="Patient citizenship status extension"/>
      <exampleBoolean value="false"/>
    </resource>
    <resource>
      <extension url="http://hl7.org/fhir/tools/StructureDefinition/resource-information">
        <valueString value="StructureDefinition:resource"/>
      </extension>
      <reference>
        <reference value="StructureDefinition/IDCoreVSBPSystolic"/>
      </reference>
      <name value="Systolic Blood Pressure"/>
      <description value="Profile for systolic blood pressure value."/>
      <exampleBoolean value="false"/>
    </resource>
    <resource>
      <extension url="http://hl7.org/fhir/tools/StructureDefinition/resource-information">
        <valueString value="CodeSystem"/>
      </extension>
      <reference>
        <reference value="CodeSystem/KemkesCarePlanCategoryCS"/>
      </reference>
      <name value="Terminology Kemkes Clinical Term CodeSystem"/>
      <description value="Terminology Kemkes Clinical Speciality CodeSystem"/>
      <exampleBoolean value="false"/>
    </resource>
    <resource>
      <extension url="http://hl7.org/fhir/tools/StructureDefinition/resource-information">
        <valueString value="CodeSystem"/>
      </extension>
      <reference>
        <reference value="CodeSystem/KemkesClinicalSpecialityCS"/>
      </reference>
      <name value="Terminology Kemkes Clinical Term CodeSystem"/>
      <description value="Terminology Kemkes Clinical Speciality CodeSystem"/>
      <exampleBoolean value="false"/>
    </resource>
    <resource>
      <extension url="http://hl7.org/fhir/tools/StructureDefinition/resource-information">
        <valueString value="CodeSystem"/>
      </extension>
      <reference>
        <reference value="CodeSystem/KemkesClinicalTermCS"/>
      </reference>
      <name value="Terminology Kemkes Clinical Term CodeSystem"/>
      <description value="Terminology Kemkes Clinical Term CodeSystem"/>
      <exampleBoolean value="false"/>
    </resource>
    <resource>
      <extension url="http://hl7.org/fhir/tools/StructureDefinition/resource-information">
        <valueString value="CodeSystem"/>
      </extension>
      <reference>
        <reference value="CodeSystem/KemkesCompositionSectionCS"/>
      </reference>
      <name value="Terminology Kemkes composition section CodeSystem"/>
      <description value="Terminology Kemkes composition section CodeSystem"/>
      <exampleBoolean value="false"/>
    </resource>
    <resource>
      <extension url="http://hl7.org/fhir/tools/StructureDefinition/resource-information">
        <valueString value="CodeSystem"/>
      </extension>
      <reference>
        <reference value="CodeSystem/KemkesCompositionTypeCS"/>
      </reference>
      <name value="Terminology Kemkes composition type CodeSystem"/>
      <description value="Terminology Kemkes composition type CodeSystem"/>
      <exampleBoolean value="false"/>
    </resource>
    <resource>
      <extension url="http://hl7.org/fhir/tools/StructureDefinition/resource-information">
        <valueString value="CodeSystem"/>
      </extension>
      <reference>
        <reference value="CodeSystem/KemkesExaminationCS"/>
      </reference>
      <name value="Terminology Kemkes examination CodeSystem"/>
      <description value="Terminology Kemkes examination CodeSystem"/>
      <exampleBoolean value="false"/>
    </resource>
    <resource>
      <extension url="http://hl7.org/fhir/tools/StructureDefinition/resource-information">
        <valueString value="CodeSystem"/>
      </extension>
      <reference>
        <reference value="CodeSystem/KemkesHospitalClassCS"/>
      </reference>
      <name value="Terminology Kemkes Hospital Class CodeSystem"/>
      <description value="Terminology Kemkes Hospital Class CodeSystem"/>
      <exampleBoolean value="false"/>
    </resource>
    <resource>
      <extension url="http://hl7.org/fhir/tools/StructureDefinition/resource-information">
        <valueString value="CodeSystem"/>
      </extension>
      <reference>
        <reference value="CodeSystem/KemkesImmunizationProgramEligibilityCS"/>
      </reference>
      <name value="Terminology Kemkes immunization program eligibility CodeSystem"/>
      <description value="Terminology Kemkes immunization program eligibility CodeSystem"/>
      <exampleBoolean value="false"/>
    </resource>
    <resource>
      <extension url="http://hl7.org/fhir/tools/StructureDefinition/resource-information">
        <valueString value="CodeSystem"/>
      </extension>
      <reference>
        <reference value="CodeSystem/KemkesImmunizationReasonCS"/>
      </reference>
      <name value="Terminology Kemkes immunization reason CodeSystem"/>
      <description value="Terminology Kemkes immunization reason CodeSystem"/>
      <exampleBoolean value="false"/>
    </resource>
    <resource>
      <extension url="http://hl7.org/fhir/tools/StructureDefinition/resource-information">
        <valueString value="CodeSystem"/>
      </extension>
      <reference>
        <reference value="CodeSystem/KemkesImmunizationRoutineTimingCS"/>
      </reference>
      <name value="Terminology Kemkes immunization routine timing CodeSystem"/>
      <description value="Terminology Kemkes immunization routine timing CodeSystem"/>
      <exampleBoolean value="false"/>
    </resource>
    <resource>
      <extension url="http://hl7.org/fhir/tools/StructureDefinition/resource-information">
        <valueString value="CodeSystem"/>
      </extension>
      <reference>
        <reference value="CodeSystem/KemkesImmunizationStatusReasonCS"/>
      </reference>
      <name value="Terminology Kemkes immunization statusReason CodeSystem"/>
      <description value="Terminology Kemkes immunization statusReason  CodeSystem"/>
      <exampleBoolean value="false"/>
    </resource>
    <resource>
      <extension url="http://hl7.org/fhir/tools/StructureDefinition/resource-information">
        <valueString value="CodeSystem"/>
      </extension>
      <reference>
        <reference value="CodeSystem/KemkesImmunizationFundingSourceCS"/>
      </reference>
      <name value="Terminology Kemkes immunization- funding source CodeSystem"/>
      <description value="Terminology Kemkes immunization- funding source CodeSystem"/>
      <exampleBoolean value="false"/>
    </resource>
    <resource>
      <extension url="http://hl7.org/fhir/tools/StructureDefinition/resource-information">
        <valueString value="CodeSystem"/>
      </extension>
      <reference>
        <reference value="CodeSystem/KemkesKPSP"/>
      </reference>
      <name value="Terminology Kemkes kpsp CodeSystem"/>
      <description value="Terminology Kemkes kpsp CodeSystem"/>
      <exampleBoolean value="false"/>
    </resource>
    <resource>
      <extension url="http://hl7.org/fhir/tools/StructureDefinition/resource-information">
        <valueString value="CodeSystem"/>
      </extension>
      <reference>
        <reference value="CodeSystem/KemkesLocationUpgradeClass"/>
      </reference>
      <name value="Terminology Kemkes location upgrade class CodeSystem"/>
      <description value="Terminology Kemkes location upgrade class CodeSystem"/>
      <exampleBoolean value="false"/>
    </resource>
    <resource>
      <extension url="http://hl7.org/fhir/tools/StructureDefinition/resource-information">
        <valueString value="CodeSystem"/>
      </extension>
      <reference>
        <reference value="CodeSystem/KemkesLocationType"/>
      </reference>
      <name value="Terminology Kemkes location-type CodeSystem"/>
      <description value="Terminology Kemkes location-type CodeSystem"/>
      <exampleBoolean value="false"/>
    </resource>
    <resource>
      <extension url="http://hl7.org/fhir/tools/StructureDefinition/resource-information">
        <valueString value="CodeSystem"/>
      </extension>
      <reference>
        <reference value="CodeSystem/KemkesMedicationForm"/>
      </reference>
      <name value="Terminology Kemkes medication form CodeSystem"/>
      <description value="Terminology Kemkes medication form CodeSystem"/>
      <exampleBoolean value="false"/>
    </resource>
    <resource>
      <extension url="http://hl7.org/fhir/tools/StructureDefinition/resource-information">
        <valueString value="CodeSystem"/>
      </extension>
      <reference>
        <reference value="CodeSystem/KemkesMedicationType"/>
      </reference>
      <name value="Terminology Kemkes medication type CodeSystem"/>
      <description value="Terminology Kemkes medication type CodeSystem"/>
      <exampleBoolean value="false"/>
    </resource>
    <resource>
      <extension url="http://hl7.org/fhir/tools/StructureDefinition/resource-information">
        <valueString value="CodeSystem"/>
      </extension>
      <reference>
        <reference value="CodeSystem/KemkesObservationInterpretation"/>
      </reference>
      <name value="Terminology Kemkes ObservationInterpretation CodeSystem"/>
      <description value="Terminology Kemkes Observation Interpretation CodeSystem"/>
      <exampleBoolean value="false"/>
    </resource>
    <resource>
      <extension url="http://hl7.org/fhir/tools/StructureDefinition/resource-information">
        <valueString value="CodeSystem"/>
      </extension>
      <reference>
        <reference value="CodeSystem/KemkesOrganizationType"/>
      </reference>
      <name value="Terminology Kemkes organization type CodeSystem"/>
      <description value="Terminology Kemkes organization type CodeSystem"/>
      <exampleBoolean value="false"/>
    </resource>
    <resource>
      <extension url="http://hl7.org/fhir/tools/StructureDefinition/resource-information">
        <valueString value="CodeSystem"/>
      </extension>
      <reference>
        <reference value="CodeSystem/KemkesPrevTBTreatment"/>
      </reference>
      <name value="Terminology Kemkes prev-tb-treatment CodeSystem"/>
      <description value="Terminology Kemkes prev-tb-treatment CodeSystem"/>
      <exampleBoolean value="false"/>
    </resource>
    <resource>
      <extension url="http://hl7.org/fhir/tools/StructureDefinition/resource-information">
        <valueString value="CodeSystem"/>
      </extension>
      <reference>
        <reference value="CodeSystem/KemkesSmallestLogisticUnit"/>
      </reference>
      <name value="Terminology Kemkes smallest logistic unit CodeSystem"/>
      <description value="Terminology Kemkes smallest logistic unit CodeSystem"/>
      <exampleBoolean value="false"/>
    </resource>
    <resource>
      <extension url="http://hl7.org/fhir/tools/StructureDefinition/resource-information">
        <valueString value="ValueSet"/>
      </extension>
      <reference>
        <reference value="ValueSet/ObservationBodySite"/>
      </reference>
      <name value="Value set specific for Observation BodySite"/>
      <description value="Value set specific for Observation BodySite"/>
      <exampleBoolean value="false"/>
    </resource>
    <resource>
      <extension url="http://hl7.org/fhir/tools/StructureDefinition/resource-information">
        <valueString value="ValueSet"/>
      </extension>
      <reference>
        <reference value="ValueSet/Observationcode"/>
      </reference>
      <name value="Value set specific for Observation Code"/>
      <description value="Value set specific for Observation Code"/>
      <exampleBoolean value="false"/>
    </resource>
    <resource>
      <extension url="http://hl7.org/fhir/tools/StructureDefinition/resource-information">
        <valueString value="ValueSet"/>
      </extension>
      <reference>
        <reference value="ValueSet/Observation.interpretation"/>
      </reference>
      <name value="Value set specific for Observation Code"/>
      <description value="Value set specific for Observation Code"/>
      <exampleBoolean value="false"/>
    </resource>
    <resource>
      <extension url="http://hl7.org/fhir/tools/StructureDefinition/resource-information">
        <valueString value="ValueSet"/>
      </extension>
      <reference>
        <reference value="ValueSet/Observation.valueCodeableConceptSpecific"/>
      </reference>
      <name value="Value set specific for Observation specific value CodeableConcept"/>
      <description value="Value set specific for Observation specific value CodeableConcept"/>
      <exampleBoolean value="false"/>
    </resource>
    <resource>
      <extension url="http://hl7.org/fhir/tools/StructureDefinition/resource-information">
        <valueString value="ValueSet"/>
      </extension>
      <reference>
        <reference value="ValueSet/Observation.valueCodeableConcept"/>
      </reference>
      <name value="Value set specific for Observation value CodeableConcept"/>
      <description value="Value set specific for Observation value CodeableConcept"/>
      <exampleBoolean value="false"/>
    </resource>
    <resource>
      <extension url="http://hl7.org/fhir/tools/StructureDefinition/resource-information">
        <valueString value="StructureDefinition:resource"/>
      </extension>
      <reference>
        <reference value="StructureDefinition/IDCoreObservationVitalSigns"/>
      </reference>
      <name value="Vital Signs Profile"/>
      <description value="IDCore Vital Signs Profile"/>
      <exampleBoolean value="false"/>
    </resource>
    <page>
      <extension url="http://hl7.org/fhir/tools/StructureDefinition/ig-page-name">
        <valueUrl value="toc.html"/>
      </extension>
      <nameUrl value="toc.html"/>
      <title value="Table of Contents"/>
      <generation value="html"/>
      <page>
        <extension url="http://hl7.org/fhir/tools/StructureDefinition/ig-page-name">
          <valueUrl value="index.html"/>
        </extension>
        <nameUrl value="index.html"/>
        <title value="Home"/>
        <generation value="markdown"/>
      </page>
      <page>
        <extension url="http://hl7.org/fhir/tools/StructureDefinition/ig-page-name">
          <valueUrl value="modul-pelayanan.html"/>
        </extension>
        <nameUrl value="modul-pelayanan.html"/>
        <title value="Modul Pelayanan"/>
        <generation value="markdown"/>
        <page>
          <extension url="http://hl7.org/fhir/tools/StructureDefinition/ig-page-name">
            <valueUrl value="resume-medis-jilid1.html"/>
          </extension>
          <nameUrl value="resume-medis-jilid1.html"/>
          <title value="Resume Medis Jilid 1"/>
          <generation value="markdown"/>
        </page>
        <page>
          <extension url="http://hl7.org/fhir/tools/StructureDefinition/ig-page-name">
            <valueUrl value="resume-medis-jilid2.html"/>
          </extension>
          <nameUrl value="resume-medis-jilid2.html"/>
          <title value="Resume Medis Jilid 2"/>
          <generation value="markdown"/>
        </page>
        <page>
          <extension url="http://hl7.org/fhir/tools/StructureDefinition/ig-page-name">
            <valueUrl value="rawat-inap-fase1.html"/>
          </extension>
          <nameUrl value="rawat-inap-fase1.html"/>
          <title value="Rawat Inap Fase 1"/>
          <generation value="markdown"/>
        </page>
        <page>
          <extension url="http://hl7.org/fhir/tools/StructureDefinition/ig-page-name">
            <valueUrl value="rawat-inap-fase2.html"/>
          </extension>
          <nameUrl value="rawat-inap-fase2.html"/>
          <title value="Rawat Inap Fase 2"/>
          <generation value="markdown"/>
        </page>
        <page>
          <extension url="http://hl7.org/fhir/tools/StructureDefinition/ig-page-name">
            <valueUrl value="igd-fase1.html"/>
          </extension>
          <nameUrl value="igd-fase1.html"/>
          <title value="Igd Fase 1"/>
          <generation value="markdown"/>
        </page>
        <page>
          <extension url="http://hl7.org/fhir/tools/StructureDefinition/ig-page-name">
            <valueUrl value="igd-fase2.html"/>
          </extension>
          <nameUrl value="igd-fase2.html"/>
          <title value="Igd Fase 2"/>
          <generation value="markdown"/>
        </page>
      </page>
      <page>
        <extension url="http://hl7.org/fhir/tools/StructureDefinition/ig-page-name">
          <valueUrl value="useCase.html"/>
        </extension>
        <nameUrl value="useCase.html"/>
        <title value="Penerapan (Use Case)"/>
        <generation value="markdown"/>
        <page>
          <extension url="http://hl7.org/fhir/tools/StructureDefinition/ig-page-name">
            <valueUrl value="imunisasi.html"/>
          </extension>
          <nameUrl value="imunisasi.html"/>
          <title value="Imunisasi"/>
          <generation value="markdown"/>
        </page>
        <page>
          <extension url="http://hl7.org/fhir/tools/StructureDefinition/ig-page-name">
            <valueUrl value="gizi-tumbang.html"/>
          </extension>
          <nameUrl value="gizi-tumbang.html"/>
          <title value="Gizi Tumbang"/>
          <generation value="markdown"/>
        </page>
        <page>
          <extension url="http://hl7.org/fhir/tools/StructureDefinition/ig-page-name">
            <valueUrl value="shk.html"/>
          </extension>
          <nameUrl value="shk.html"/>
          <title value="Shk"/>
          <generation value="markdown"/>
        </page>
        <page>
          <extension url="http://hl7.org/fhir/tools/StructureDefinition/ig-page-name">
            <valueUrl value="anc.html"/>
          </extension>
          <nameUrl value="anc.html"/>
          <title value="Anc"/>
          <generation value="markdown"/>
        </page>
        <page>
          <extension url="http://hl7.org/fhir/tools/StructureDefinition/ig-page-name">
            <valueUrl value="inc.html"/>
          </extension>
          <nameUrl value="inc.html"/>
          <title value="Inc"/>
          <generation value="markdown"/>
        </page>
        <page>
          <extension url="http://hl7.org/fhir/tools/StructureDefinition/ig-page-name">
            <valueUrl value="pnc.html"/>
          </extension>
          <nameUrl value="pnc.html"/>
          <title value="Pnc"/>
          <generation value="markdown"/>
        </page>
      </page>
      <page>
        <extension url="http://hl7.org/fhir/tools/StructureDefinition/ig-page-name">
          <valueUrl value="dicom.html"/>
        </extension>
        <nameUrl value="dicom.html"/>
        <title value="Sistem DICOM"/>
        <generation value="markdown"/>
        <page>
          <extension url="http://hl7.org/fhir/tools/StructureDefinition/ig-page-name">
            <valueUrl value="architecture.html"/>
          </extension>
          <nameUrl value="architecture.html"/>
          <title value="Architecture"/>
          <generation value="markdown"/>
        </page>
        <page>
          <extension url="http://hl7.org/fhir/tools/StructureDefinition/ig-page-name">
            <valueUrl value="dicom-requirement.html"/>
          </extension>
          <nameUrl value="dicom-requirement.html"/>
          <title value="Dicom Requirement"/>
          <generation value="markdown"/>
        </page>
        <page>
          <extension url="http://hl7.org/fhir/tools/StructureDefinition/ig-page-name">
            <valueUrl value="dicom-router.html"/>
          </extension>
          <nameUrl value="dicom-router.html"/>
          <title value="Dicom Router"/>
          <generation value="markdown"/>
        </page>
      </page>
    </page>
    <parameter>
      <code value="path-resource"/>
      <value value="input/includes"/>
    </parameter>
    <parameter>
      <code value="path-resource"/>
      <value value="fsh-generated/resources"/>
    </parameter>
    <parameter>
      <code value="path-pages"/>
      <value value="input/pagecontent/valueset"/>
    </parameter>
    <parameter>
      <code value="path-pages"/>
      <value value="input/pagecontent/codesystem"/>
    </parameter>
    <parameter>
      <code value="path-pages"/>
      <value value="fsh-generated/includes"/>
    </parameter>
    <parameter>
      <code value="path-resource"/>
      <value value="input/capabilities"/>
    </parameter>
    <parameter>
      <code value="path-resource"/>
      <value value="input/examples"/>
    </parameter>
    <parameter>
      <code value="path-resource"/>
      <value value="input/extensions"/>
    </parameter>
    <parameter>
      <code value="path-resource"/>
      <value value="input/models"/>
    </parameter>
    <parameter>
      <code value="path-resource"/>
      <value value="input/operations"/>
    </parameter>
    <parameter>
      <code value="path-resource"/>
      <value value="input/profiles"/>
    </parameter>
    <parameter>
      <code value="path-resource"/>
      <value value="input/resources"/>
    </parameter>
    <parameter>
      <code value="path-resource"/>
      <value value="input/vocabulary"/>
    </parameter>
    <parameter>
      <code value="path-resource"/>
      <value value="input/testing"/>
    </parameter>
    <parameter>
      <code value="path-resource"/>
      <value value="input/history"/>
    </parameter>
    <parameter>
      <code value="path-pages"/>
      <value value="template/config"/>
    </parameter>
    <parameter>
      <code value="path-pages"/>
      <value value="input/images"/>
    </parameter>
    <parameter>
      <code value="path-tx-cache"/>
      <value value="input-cache/txcache"/>
    </parameter>
  </definition>
</ImplementationGuide>