<!-- menu.xml {% comment %}
*****************************************************************************************************
*                                  WARNING: DO NOT EDIT THIS FILE                                   *
*                                                                                                   *
* This file is generated by SUSHI. Any edits you make to this file will be overwritten.             *
*                                                                                                   *
* To change the contents of this file, edit the "menu" attribute in the tank sushi-config.yaml file *
* or provide your own menu.xml in the input\includes folder                                         *
*****************************************************************************************************
{% endcomment %} -->

<ul xmlns="http://www.w3.org/1999/xhtml" class="nav navbar-nav">
  <li>
    <a href="index.html">Home</a>
  </li>
  <li class="dropdown">
    <a data-toggle="dropdown" href="#" class="dropdown-toggle">Modul Pelayanan
      <b class="caret"></b>
    </a>
    <ul class="dropdown-menu">
      <li>
        <a href="resume-medis-jilid1.html">Resume Medis Jilid 1</a>
      </li>
      <li>
        <a href="resume-medis-jilid2.html">Resume Medis Jilid 2</a>
      </li>
      <li>
        <a href="rawat-inap-fase1.html">Rawat Jalan Fase 1</a>
      </li>
      <li>
        <a href="rawat-inap-fase2.html">Rawat Jalan Fase 2</a>
      </li>
      <li>
        <a href="igd-fase1.html">IGD Fase 1</a>
      </li>
      <li>
        <a href="igd-fase2.html">IGD Fase 2</a>
      </li>
    </ul>
  </li>
  <li class="dropdown">
    <a data-toggle="dropdown" href="#" class="dropdown-toggle">Penerapan (Use Case)
      <b class="caret"></b>
    </a>
    <ul class="dropdown-menu">
      <li>
        <a href="imunisasi.html">Imunisasi</a>
      </li>
      <li>
        <a href="gizi-tumbang.html">Gizi &amp; Tumbuh Kembang</a>
      </li>
      <li>
        <a href="shk.html">Skrining Hipotiroid Kongenital (SHK)</a>
      </li>
      <li>
        <a href="anc.html">Antenatal Care (ANC)</a>
      </li>
      <li>
        <a href="inc.html">Intranatal Care (INC)</a>
      </li>
      <li>
        <a href="pnc.html">Postnatal Care (PNC)</a>
      </li>
    </ul>
  </li>
  <li class="dropdown">
    <a data-toggle="dropdown" href="#" class="dropdown-toggle">Sistem DICOM
      <b class="caret"></b>
    </a>
    <ul class="dropdown-menu">
      <li>
        <a href="architecture.html">Arsitektur</a>
      </li>
      <li>
        <a href="dicom-requirement.html">Kebutuhan Sistem dan Instalasi Router</a>
      </li>
      <li>
        <a href="dicom-router.html">DICOM Router</a>
      </li>
    </ul>
  </li>
</ul>