{
  "package": "hl7.fhir.id.core",
  "version": "0.1.0",
  "fhirVersion": "4.0.1",
  "extensions": [
    {
      "url": "https://fhir.kemkes.go.id/r4/StructureDefinition/AddressExtension",
      "title": "Address administrative code extension",
      "types": [
        "code",
        "code",
        "code",
        "code",
        "code",
        "code",
        "base64Binary",
        "boolean",
        "canonical",
        "code",
        "date",
        "dateTime",
        "decimal",
        "id",
        "instant",
        "integer",
        "markdown",
        "oid",
        "positiveInt",
        "string",
        "time",
        "unsignedInt",
        "uri",
        "url",
        "uuid",
        "Address",
        "Age",
        "Annotation",
        "Attachment",
        "CodeableConcept",
        "Coding",
        "ContactPoint",
        "Count",
        "Distance",
        "Duration",
        "HumanName",
        "Identifier",
        "Money",
        "Period",
        "Quantity",
        "Range",
        "Ratio",
        "Reference",
        "SampledData",
        "Signature",
        "Timing",
        "ContactDetail",
        "Contributor",
        "DataRequirement",
        "Expression",
        "ParameterDefinition",
        "RelatedArtifact",
        "TriggerDefinition",
        "UsageContext",
        "Dosage",
        "Meta"
      ]
    },
    {
      "url": "https://fhir.kemkes.go.id/r4/StructureDefinition/CitizenshipStatusExtension",
      "title": "Patient citizenship status extension",
      "types": [
        "code",
        "base64Binary",
        "boolean",
        "canonical",
        "code",
        "date",
        "dateTime",
        "decimal",
        "id",
        "instant",
        "integer",
        "markdown",
        "oid",
        "positiveInt",
        "string",
        "time",
        "unsignedInt",
        "uri",
        "url",
        "uuid",
        "Address",
        "Age",
        "Annotation",
        "Attachment",
        "CodeableConcept",
        "Coding",
        "ContactPoint",
        "Count",
        "Distance",
        "Duration",
        "HumanName",
        "Identifier",
        "Money",
        "Period",
        "Quantity",
        "Range",
        "Ratio",
        "Reference",
        "SampledData",
        "Signature",
        "Timing",
        "ContactDetail",
        "Contributor",
        "DataRequirement",
        "Expression",
        "ParameterDefinition",
        "RelatedArtifact",
        "TriggerDefinition",
        "UsageContext",
        "Dosage",
        "Meta"
      ]
    },
    {
      "url": "https://fhir.kemkes.go.id/r4/StructureDefinition/EncounterLocation",
      "title": "Encounter Location Extention",
      "types": [
        "CodeableConcept",
        "CodeableConcept",
        "base64Binary",
        "boolean",
        "canonical",
        "code",
        "date",
        "dateTime",
        "decimal",
        "id",
        "instant",
        "integer",
        "markdown",
        "oid",
        "positiveInt",
        "string",
        "time",
        "unsignedInt",
        "uri",
        "url",
        "uuid",
        "Address",
        "Age",
        "Annotation",
        "Attachment",
        "CodeableConcept",
        "Coding",
        "ContactPoint",
        "Count",
        "Distance",
        "Duration",
        "HumanName",
        "Identifier",
        "Money",
        "Period",
        "Quantity",
        "Range",
        "Ratio",
        "Reference",
        "SampledData",
        "Signature",
        "Timing",
        "ContactDetail",
        "Contributor",
        "DataRequirement",
        "Expression",
        "ParameterDefinition",
        "RelatedArtifact",
        "TriggerDefinition",
        "UsageContext",
        "Dosage",
        "Meta",
        "base64Binary",
        "boolean",
        "canonical",
        "code",
        "date",
        "dateTime",
        "decimal",
        "id",
        "instant",
        "integer",
        "markdown",
        "oid",
        "positiveInt",
        "string",
        "time",
        "unsignedInt",
        "uri",
        "url",
        "uuid",
        "Address",
        "Age",
        "Annotation",
        "Attachment",
        "CodeableConcept",
        "Coding",
        "ContactPoint",
        "Count",
        "Distance",
        "Duration",
        "HumanName",
        "Identifier",
        "Money",
        "Period",
        "Quantity",
        "Range",
        "Ratio",
        "Reference",
        "SampledData",
        "Signature",
        "Timing",
        "ContactDetail",
        "Contributor",
        "DataRequirement",
        "Expression",
        "ParameterDefinition",
        "RelatedArtifact",
        "TriggerDefinition",
        "UsageContext",
        "Dosage",
        "Meta"
      ]
    }
  ],
  "profiles": {
    "Observation": [
      {
        "url": "https://fhir.kemkes.go.id/r4/StructureDefinition/IDCoreObservation",
        "title": "IDCoreObservation"
      }
    ],
    "Condition": [
      {
        "url": "https://fhir.kemkes.go.id/r4/StructureDefinition/IDCoreCondition",
        "title": "IDCoreCondition"
      }
    ],
    "Encounter": [
      {
        "url": "https://fhir.kemkes.go.id/r4/StructureDefinition/IDCoreEncounter",
        "title": "IDCoreEncounter"
      },
      {
        "url": "https://fhir.kemkes.go.id/r4/StructureDefinition/IDCoreEncounterEMER",
        "title": "IDCoreEncounterEMER"
      },
      {
        "url": "https://fhir.kemkes.go.id/r4/StructureDefinition/IDCoreEncounterIMP",
        "title": "IDCoreEncounterIMP"
      },
      {
        "url": "https://fhir.kemkes.go.id/r4/StructureDefinition/IDCoreEncounterStatusFinished",
        "title": "IDCoreEncounterStatusFinished"
      }
    ],
    "Patient": [
      {
        "url": "https://fhir.kemkes.go.id/r4/StructureDefinition/IDCorePatient",
        "title": "IDCorePatient"
      }
    ],
    "Practitioner": [
      {
        "url": "https://fhir.kemkes.go.id/r4/StructureDefinition/IDCorePractitioner",
        "title": "IDCorePractitioner"
      }
    ]
  },
  "usage": {
    "http://hl7.org/fhir/StructureDefinition/elementdefinition-bestpractice": [
      "StructureDefinition.snapshot.element.constraint"
    ],
    "http://hl7.org/fhir/StructureDefinition/elementdefinition-bestpractice-explanation": [
      "StructureDefinition.snapshot.element.constraint"
    ],
    "http://hl7.org/fhir/StructureDefinition/elementdefinition-bindingName": [
      "StructureDefinition.snapshot.element.binding"
    ],
    "http://hl7.org/fhir/StructureDefinition/elementdefinition-maxValueSet": [
      "StructureDefinition.snapshot.element.binding"
    ],
    "http://hl7.org/fhir/StructureDefinition/elementdefinition-translatable": [
      "StructureDefinition.snapshot.element"
    ],
    "http://hl7.org/fhir/StructureDefinition/structuredefinition-display-hint": [
      "StructureDefinition.snapshot.element"
    ],
    "http://hl7.org/fhir/StructureDefinition/structuredefinition-fhir-type": [
      "StructureDefinition.snapshot.element.type"
    ],
    "http://hl7.org/fhir/StructureDefinition/structuredefinition-hierarchy": [
      "StructureDefinition.snapshot.element.type"
    ],
    "http://hl7.org/fhir/tools/StructureDefinition/ig-internal-dependency": [
      "ImplementationGuide.definition"
    ],
    "http://hl7.org/fhir/tools/StructureDefinition/ig-page-name": [
      "ImplementationGuide.definition.page",
      "ImplementationGuide.definition.page.page",
      "ImplementationGuide.definition.page.page.page"
    ],
    "http://hl7.org/fhir/tools/StructureDefinition/ig-parameter": [
      "ImplementationGuide.definition"
    ],
    "http://hl7.org/fhir/tools/StructureDefinition/implementationguide-dependency-comment": [
      "ImplementationGuide.dependsOn"
    ],
    "http://hl7.org/fhir/tools/StructureDefinition/resource-information": [
      "ImplementationGuide.definition.resource"
    ],
    "https://fhir.kemkes.go.id/r4/StructureDefinition/AddressExtension": [
      "Patient.address",
      "Practitioner.address"
    ],
    "https://fhir.kemkes.go.id/r4/StructureDefinition/CitizenshipStatusExtension": [
      "Patient",
      "Practitioner"
    ],
    "https://fhir.kemkes.go.id/r4/StructureDefinition/EncounterLocation": [
      "Encounter.location"
    ],
    "https://fhir.kemkes.go.id/r4/StructureDefinition/ServiceClass": [
      "Encounter.location",
      "StructureDefinition",
      "StructureDefinition.differential.element",
      "StructureDefinition.snapshot.element"
    ],
    "https://fhir.kemkes.go.id/r4/StructureDefinition/administrativeCode": [
      "StructureDefinition",
      "StructureDefinition.differential.element",
      "StructureDefinition.snapshot.element"
    ],
    "https://fhir.kemkes.go.id/r4/StructureDefinition/citizenshipStatus": [
      "StructureDefinition"
    ],
    "value": [
      "StructureDefinition.differential.element",
      "StructureDefinition.snapshot.element"
    ]
  }
}