<?xml version="1.0" encoding="UTF-8"?>

<ValueSet xmlns="http://hl7.org/fhir">
  <id value="EncounterLocationTypeVS"/>
  <text>
    <status value="generated"/><div xmlns="http://www.w3.org/1999/xhtml"><ul><li>Include all codes defined in <a href="http://terminology.hl7.org/5.3.0/CodeSystem-location-physical-type.html"><code>http://terminology.hl7.org/CodeSystem/location-physical-type</code></a></li></ul></div>
  </text>
  <url value="https://fhir.kemkes.go.id/r4/ValueSet/EncounterLocationTypeVS"/>
  <version value="0.1.0"/>
  <name value="EncounterLocationTypeVS"/>
  <title value="Encounter Location Type"/>
  <status value="active"/>
  <date value="2024-02-15T12:08:26+07:00"/>
  <publisher value="Thomas Chaidir"/>
  <contact>
    <name value="Thomas Chaidir"/>
    <telecom>
      <system value="url"/>
      <value value="https://satusehat.kemkes.go.id/"/>
    </telecom>
  </contact>
  <description value="This example value set defines a set of codes that can be used to indicate the physical form of the Location."/>
  <compose>
    <include>
      <system value="http://terminology.hl7.org/CodeSystem/location-physical-type"/>
    </include>
  </compose>
</ValueSet>