{
  "resourceType" : "ValueSet",
  "id" : "ParticipationTypeVS",
  "text" : {
    "status" : "generated",
    "div" : "<div xmlns=\"http://www.w3.org/1999/xhtml\"><p>This value set includes codes based on the following rules:</p><ul><li>Include all codes defined in <a href=\"http://terminology.hl7.org/5.3.0/CodeSystem-v3-ParticipationType.html\"><code>http://terminology.hl7.org/CodeSystem/v3-ParticipationType</code></a></li><li>Include all codes defined in <a href=\"http://terminology.hl7.org/5.3.0/CodeSystem-participant-type.html\"><code>http://terminology.hl7.org/CodeSystem/participant-type</code></a></li></ul></div>"
  },
  "url" : "https://fhir.kemkes.go.id/r4/ValueSet/ParticipationTypeVS",
  "version" : "0.1.0",
  "name" : "ParticipationTypeVS",
  "title" : "Participant type",
  "status" : "active",
  "date" : "2024-02-04T23:26:43+07:00",
  "publisher" : "Thomas Chaidir",
  "contact" : [{
    "name" : "Thomas Chaidir",
    "telecom" : [{
      "system" : "url",
      "value" : "https://satusehat.kemkes.go.id/"
    }]
  }],
  "description" : "This value set defines a set of codes that can be used to indicate how an individual participates in an encounter",
  "compose" : {
    "include" : [{
      "system" : "http://terminology.hl7.org/CodeSystem/v3-ParticipationType"
    },
    {
      "system" : "http://terminology.hl7.org/CodeSystem/participant-type"
    }]
  }
}