{
  "resourceType" : "ValueSet",
  "id" : "EncounterHospitalizationreAdmitSourceVS",
  "text" : {
    "status" : "generated",
    "div" : "<div xmlns=\"http://www.w3.org/1999/xhtml\"><ul><li>Include all codes defined in <a href=\"http://terminology.hl7.org/5.3.0/CodeSystem-v2-0092.html\"><code>http://terminology.hl7.org/CodeSystem/v2-0092</code></a></li></ul></div>"
  },
  "url" : "https://fhir.kemkes.go.id/r4/ValueSet/EncounterHospitalizationreAdmitSourceVS",
  "version" : "0.1.0",
  "name" : "EncounterHospitalizationreAdmitSourceVS",
  "title" : "v2 RE-ADMISSION INDICATOR",
  "status" : "active",
  "date" : "2024-02-15T12:08:26+07:00",
  "publisher" : "Thomas Chaidir",
  "contact" : [{
    "name" : "Thomas Chaidir",
    "telecom" : [{
      "system" : "url",
      "value" : "https://satusehat.kemkes.go.id/"
    }]
  }],
  "description" : "FHIR Value set/code system definition for HL7 v2 table 0092 ( RE-ADMISSION INDICATOR)",
  "compose" : {
    "include" : [{
      "system" : "http://terminology.hl7.org/CodeSystem/v2-0092"
    }]
  }
}