<?xml version="1.0" encoding="UTF-8"?>

<ValueSet xmlns="http://hl7.org/fhir">
  <id value="EncounterHospitalizationreAdmitSourceVS"/>
  <text>
    <status value="generated"/><div xmlns="http://www.w3.org/1999/xhtml"><ul><li>Include all codes defined in <a href="http://terminology.hl7.org/5.3.0/CodeSystem-v2-0092.html"><code>http://terminology.hl7.org/CodeSystem/v2-0092</code></a></li></ul></div>
  </text>
  <url value="https://fhir.kemkes.go.id/r4/ValueSet/EncounterHospitalizationreAdmitSourceVS"/>
  <version value="0.1.0"/>
  <name value="EncounterHospitalizationreAdmitSourceVS"/>
  <title value="v2 RE-ADMISSION INDICATOR"/>
  <status value="active"/>
  <date value="2024-02-04T23:26:43+07:00"/>
  <publisher value="Thomas Chaidir"/>
  <contact>
    <name value="Thomas Chaidir"/>
    <telecom>
      <system value="url"/>
      <value value="https://satusehat.kemkes.go.id/"/>
    </telecom>
  </contact>
  <description value="FHIR Value set/code system definition for HL7 v2 table 0092 ( RE-ADMISSION INDICATOR)"/>
  <compose>
    <include>
      <system value="http://terminology.hl7.org/CodeSystem/v2-0092"/>
    </include>
  </compose>
</ValueSet>