{
  "resourceType" : "ValueSet",
  "id" : "EncounterHospitalizationAdmitSourceVS",
  "text" : {
    "status" : "generated",
    "div" : "<div xmlns=\"http://www.w3.org/1999/xhtml\"><p>This value set includes codes based on the following rules:</p><ul><li>Include all codes defined in <a href=\"http://terminology.hl7.org/5.3.0/CodeSystem-admit-source.html\"><code>http://terminology.hl7.org/CodeSystem/admit-source</code></a></li><li>Include all codes defined in <a href=\"http://terminology.hl7.org/5.3.0/CodeSystem-icd10.html\"><code>http://hl7.org/fhir/sid/icd-10</code></a></li></ul></div>"
  },
  "url" : "https://fhir.kemkes.go.id/r4/ValueSet/EncounterHospitalizationAdmitSourceVS",
  "version" : "0.1.0",
  "name" : "EncounterHospitalizationAdmitSourceVS",
  "title" : "Admit Source",
  "status" : "active",
  "date" : "2024-02-04T23:26:43+07:00",
  "publisher" : "Thomas Chaidir",
  "contact" : [{
    "name" : "Thomas Chaidir",
    "telecom" : [{
      "system" : "url",
      "value" : "https://satusehat.kemkes.go.id/"
    }]
  }],
  "description" : "This value set defines a set of codes that can be used to indicate from where the patient came in.",
  "compose" : {
    "include" : [{
      "system" : "http://terminology.hl7.org/CodeSystem/admit-source"
    },
    {
      "system" : "http://hl7.org/fhir/sid/icd-10"
    }]
  }
}