{
  "resourceType" : "ValueSet",
  "id" : "ConditionEvidenceCodeVS",
  "meta" : {
    "versionId" : "2",
    "lastUpdated" : "2024-02-05T13:20:02.421+07:00"
  },
  "language" : "English",
  "text" : {
    "status" : "generated",
    "div" : "<div xmlns=\"http://www.w3.org/1999/xhtml\" xml:lang=\"English\" lang=\"English\"><p>This value set includes codes based on the following rules:</p><ul><li>Include all codes defined in <a href=\"http://terminology.hl7.org/5.3.0/CodeSystem-icd10.html\"><code>http://hl7.org/fhir/sid/icd-10</code></a></li><li>Include all codes defined in <a href=\"http://www.snomed.org/\"><code>http://snomed.info/sct</code></a></li><li>Include all codes defined in <a href=\"CodeSystem-KemkesClinicalTermCS.html\"><code>http://terminology.kemkes.go.id/CodeSystem/clinical-term</code></a></li></ul></div>"
  },
  "url" : "http://dto.kemkes.go.id//VS/Condition.evidence.code",
  "version" : "0.1.0",
  "name" : "ConditionEvidenceCodeVS",
  "title" : "Condition Evidence Code",
  "status" : "active",
  "experimental" : false,
  "date" : "2023-11-02T09:00:46.000Z",
  "publisher" : "Thomas Chaidir",
  "contact" : [{
    "name" : "Thomas Chaidir",
    "telecom" : [{
      "system" : "url",
      "value" : "https://satusehat.kemkes.go.id/"
    }]
  }],
  "description" : "Created by: Fadhil Muhammad",
  "compose" : {
    "include" : [{
      "system" : "http://hl7.org/fhir/sid/icd-10"
    },
    {
      "system" : "http://snomed.info/sct",
      "version" : "http://snomed.info/sct/900000000000207008/version/20221231"
    },
    {
      "system" : "http://terminology.kemkes.go.id/CodeSystem/clinical-term"
    }]
  }
}