<?xml version="1.0" encoding="UTF-8"?>

<ValueSet xmlns="http://hl7.org/fhir">
  <id value="ParticipationTypeVS"/>
  <text>
    <status value="generated"/><div xmlns="http://www.w3.org/1999/xhtml"><p>This value set includes codes based on the following rules:</p><ul><li>Include all codes defined in <a href="http://terminology.hl7.org/5.3.0/CodeSystem-v3-ParticipationType.html"><code>http://terminology.hl7.org/CodeSystem/v3-ParticipationType</code></a></li><li>Include all codes defined in <a href="http://terminology.hl7.org/5.3.0/CodeSystem-participant-type.html"><code>http://terminology.hl7.org/CodeSystem/participant-type</code></a></li></ul></div>
  </text>
  <url value="https://fhir.kemkes.go.id/r4/ValueSet/ParticipationTypeVS"/>
  <version value="0.1.0"/>
  <name value="ParticipationTypeVS"/>
  <title value="Participant type"/>
  <status value="active"/>
  <date value="2024-02-15T12:08:26+07:00"/>
  <publisher value="Thomas Chaidir"/>
  <contact>
    <name value="Thomas Chaidir"/>
    <telecom>
      <system value="url"/>
      <value value="https://satusehat.kemkes.go.id/"/>
    </telecom>
  </contact>
  <description value="This value set defines a set of codes that can be used to indicate how an individual participates in an encounter"/>
  <compose>
    <include>
      <system value="http://terminology.hl7.org/CodeSystem/v3-ParticipationType"/>
    </include>
    <include>
      <system value="http://terminology.hl7.org/CodeSystem/participant-type"/>
    </include>
  </compose>
</ValueSet>