URL,Version,Status,OIDs,Name,Title,Descriptino,Used
hhttp://terminology.kemkes.go.id/CodeSystem/locationServiceClass-Inpatient,0.1.0,active,,EncounterLocationServiceClassInpatientCS,Encounter Location ServiceClass Inpatient,"Local ID encounter location ServiceClass Inpatient",
hhttp://terminology.kemkes.go.id/CodeSystem/locationServiceClass-Outpatient,0.1.0,active,,EncounterLocationServiceClassOutpatientCS,Encounter Location ServiceClass Outpatient,"Local ID encounter location ServiceClass Outpatient",
hhttp://terminology.kemkes.go.id/CodeSystem/locationUpgradeClass,0.1.0,active,,EncounterLocationUpgradeClass,Encounter Location UpgradeClass,"Local ID encounter location UpgradeClass",
http://terminology.kemkes.go.id/CodeSystem/encounter-class,0.1.0,active,,EncounterClassCS,Encounter Class,"Local ID encounter Class",
