URL,Version,Status,OIDs,Name,Title,Descriptino,Uses,Used,Sources
http://dto.kemkes.go.id//VS/Condition.bodySite,0.1.0,active,,ConditionBodySiteVS,Condition BodySite,"Created by: Fadhil Muhammad",,"SCT,Internal"
http://dto.kemkes.go.id//VS/Condition.category,0.1.0,active,,ConditionCategoryVS,Condition Category,"Created by: Fadhil Muhammad",,"THO"
http://dto.kemkes.go.id//VS/Condition.evidence.code,0.1.0,active,,ConditionEvidenceCodeVS,Condition Evidence Code,"Created by: Fadhil Muhammad",,"SCT,Internal,hl7.terminology.r4"
http://dto.kemkes.go.id//VS/Condition.severity,0.1.0,active,,ConditionSeverityVS,Condition Severity,"Created by: Fadhil Muhammad",,"SCT"
http://dto.kemkes.go.id//VS/Condition.stage.summary,0.1.0,active,,ConditionStageSummaryVS,Condition Stage Summary,"Created by: Fadhil Muhammad",,"SCT"
http://dto.kemkes.go.id//VS/Condition.stage.type,0.1.0,active,,ConditionStageTypeVS,Condition Stage Type,"Created by: Fadhil Muhammad",,"SCT"
http://dto.kemkes.go.id//VS/Condition.verificationStatus,0.1.0,active,,ConditionVerificationStatusVS,Condition Verification Status,"Created by: Fadhil Muhammad",,"THO"
https://fhir.kemkes.go.id/r4/ValueSet/ActPriorityVS,0.1.0,active,,ActPriorityVS,v3 Code System ActPriority,"A set of codes (e.g., for routine, emergency), specifying the urgency under which the Act happened, can happen, is happening, is intended to happen, or is requested/demanded to happen.",,"THO (V3)"
https://fhir.kemkes.go.id/r4/ValueSet/ConditionClinicalStatusVS,0.1.0,active,,ConditionClinicalStatusVS,Condition Clinical Status,"This defines a set of codes for Condition Clinical Status.",,"THO"
https://fhir.kemkes.go.id/r4/ValueSet/ConditionCodeVS,0.1.0,active,,ConditionCodeVS,Condition Code,"This value set defines set of codes for Condition Code.",,"Internal,hl7.terminology.r4,Other"
https://fhir.kemkes.go.id/r4/ValueSet/EncounterClassVS,0.1.0,active,,EncounterClassVS,V3 Value SetActEncounterCode,"Domain provides codes that qualify the ActEncounterClass (ENC)",,"THO (V3),Internal"
https://fhir.kemkes.go.id/r4/ValueSet/EncounterDiagnosisUseVS,0.1.0,active,,EncounterDiagnosisUseVS,DiagnosisRole,"This value set defines a set of codes that can be used to express the role of a diagnosis on the Encounter or EpisodeOfCare record.",,"THO"
https://fhir.kemkes.go.id/r4/ValueSet/EncounterHospitalizationAdmitSourceVS,0.1.0,active,,EncounterHospitalizationAdmitSourceVS,Admit Source,"This value set defines a set of codes that can be used to indicate from where the patient came in.",,"THO,hl7.terminology.r4"
https://fhir.kemkes.go.id/r4/ValueSet/EncounterHospitalizationDischargeDispositionVS,0.1.0,active,,EncounterHospitalizationDischargeDispositionVS,Discharge disposition,"This value set defines a set of codes that can be used to where the patient left the hospital.",,"THO"
https://fhir.kemkes.go.id/r4/ValueSet/EncounterHospitalizationSpecialArrangementsVS,0.1.0,active,,EncounterHospitalizationSpecialArrangementsVS,Special arrangements,"This value set defines a set of codes that can be used to indicate the kinds of special arrangements in place for a patients visit.",,"THO"
https://fhir.kemkes.go.id/r4/ValueSet/EncounterHospitalizationreAdmitSourceVS,0.1.0,active,,EncounterHospitalizationreAdmitSourceVS,v2 RE-ADMISSION INDICATOR,"FHIR Value set/code system definition for HL7 v2 table 0092 ( RE-ADMISSION INDICATOR)",,"THO (V2)"
https://fhir.kemkes.go.id/r4/ValueSet/EncounterHospitalizationreDietVS,0.1.0,active,,EncounterHospitalizationreDietVS,Diet,"This value set defines a set of codes that can be used to indicate dietary preferences or restrictions a patient may have.",,"THO"
https://fhir.kemkes.go.id/r4/ValueSet/EncounterHospitalizationreSpecialCourtesyVS,0.1.0,active,,EncounterHospitalizationreSpecialCourtesyVS,Special courtesy,"This value set defines a set of codes that can be used to indicate special courtesies provided to the patient.",,"THO (V3)"
https://fhir.kemkes.go.id/r4/ValueSet/EncounterLocationServiceClassInpatientVS,0.1.0,active,,EncounterLocationServiceClassInpatientVS,Encounter Location ServiceClass-Inpatient,"A set of codes, specifying location ServiceClass for inpatient patient.",,"Other"
https://fhir.kemkes.go.id/r4/ValueSet/EncounterLocationServiceClassOutpatientVS,0.1.0,active,,EncounterLocationServiceClassOutpatientVS,Encounter Location ServiceClass-Outpatient,"A set of codes, specifying location ServiceClass for outpatient patient.",,"Other"
https://fhir.kemkes.go.id/r4/ValueSet/EncounterLocationStatusVS,0.1.0,active,,EncounterLocationStatusVS,Encounter Location Status,"The status of the location.",,"hl7.fhir.r4.core"
https://fhir.kemkes.go.id/r4/ValueSet/EncounterLocationTypeVS,0.1.0,active,,EncounterLocationTypeVS,Encounter Location Type,"This example value set defines a set of codes that can be used to indicate the physical form of the Location.",,"THO"
https://fhir.kemkes.go.id/r4/ValueSet/EncounterLocationUpgradeClassVS,0.1.0,active,,EncounterLocationUpgradeClassVS,Encounter Location Upgrade Class,"A set of codes, specifying location UpgradeClass.",,"Other"
https://fhir.kemkes.go.id/r4/ValueSet/EncounterReasonCodesVS,0.1.0,active,,EncounterReasonCodesVS,Reason Code,"This examples value set defines the set of codes that can be used to indicate reasons for an encounter.",,"hl7.terminology.r4"
https://fhir.kemkes.go.id/r4/ValueSet/EncounterServiceTypeVS,0.1.0,active,,EncounterServiceTypeVS,Service type,"This value set defines an example set of codes of service-types.",,"THO"
https://fhir.kemkes.go.id/r4/ValueSet/EncounterStatusVS,0.1.0,active,,EncounterStatusVS,EncounterStatus,"Current state of the encounter.",,"hl7.fhir.r4.core"
https://fhir.kemkes.go.id/r4/ValueSet/EncounterTypeVS,0.1.0,active,,EncounterTypeVS,Encounter type,"This example value set defines a set of codes that can be used to indicate the type of encounter: a specific code indicating type of service provided.",,"THO"
https://fhir.kemkes.go.id/r4/ValueSet/ParticipationTypeVS,0.1.0,active,,ParticipationTypeVS,Participant type,"This value set defines a set of codes that can be used to indicate how an individual participates in an encounter",,"THO (V3),THO"
