URL,Version,Status,OIDs,Name,Title,Descriptino,Uses,Used,Sources
http://terminology.kemkes.go.id/ValueSet/EncounterLocationServiceClassExtension,0.1.0,active,,EncounterLocationServiceClassExtension,Encounter Location Extension,"A set of codes, specifying location extension valueset.",,
http://terminology.kemkes.go.id/ValueSet/Observation.bodysite,0.1.0,active,,ObservationBodySite,Value set specific for Observation BodySite,"Value set specific for Observation BodySite",,"SCT"
http://terminology.kemkes.go.id/ValueSet/Observation.code,0.1.0,active,,Observationcode,Value set specific for Observation Code,"Value set specific for Observation Code",,"SCT,Internal,LOINC,Other"
http://terminology.kemkes.go.id/ValueSet/Observation.interpretation,0.1.0,active,,Observation.interpretation,Value set specific for Observation Code,"Value set specific for Observation Code",,"SCT,Internal"
http://terminology.kemkes.go.id/ValueSet/Observation.valueCodeableConcept,0.1.0,active,,Observation.valueCodeableConcept,Value set specific for Observation value CodeableConcept,"Value set specific for Observation value CodeableConcept",,"SCT,Internal,LOINC"
http://terminology.kemkes.go.id/ValueSet/Observation.valueCodeableConceptSpecific,0.1.0,active,,Observation.valueCodeableConceptSpecific,Value set specific for Observation specific value CodeableConcept,"Value set specific for Observation specific value CodeableConcept",,"SCT,Internal,LOINC"
http://terminology.kemkes.go.id/ValueSet/locationServiceClass-Inpatient,0.1.0,active,,EncounterLocationServiceClassInpatient,Encounter Location ServiceClass-Inpatient,"A set of codes, specifying location ServiceClass for inpatient patient.",,"Internal"
http://terminology.kemkes.go.id/ValueSet/locationServiceClass-Outpatient,0.1.0,active,,EncounterLocationServiceClassOutpatient,Encounter Location ServiceClass-Outpatient,"A set of codes, specifying location ServiceClass for outpatient patient.",,"Internal"
http://terminology.kemkes.go.id/ValueSet/locationUpgradeClass,0.1.0,active,,EncounterLocationUpgradeClass,Encounter Location Upgrade Class,"A set of codes, specifying location UpgradeClass.",,"Internal"
