{"resourceType":"CodeSystem","id":"naics","text":{"status":"generated","div":"<div xmlns=\"http://www.w3.org/1999/xhtml\"><p>This case-sensitive code system <code>http://terminology.hl7.org/CodeSystem/naics</code> defines codes, but no codes are represented here</p></div>"},"url":"http://terminology.hl7.org/CodeSystem/naics","identifier":[{"system":"urn:ietf:rfc:3986","value":"urn:oid:2.16.840.1.113883.6.85"}],"version":"0.1.0","name":"Naics","title":"North American Industry Classification System","status":"retired","experimental":false,"date":"2021-11-09T10:00:00+10:00","publisher":"SatuSehat","contact":[{"name":"SatuSehat","telecom":[{"system":"url","value":"https://satusehat.kemkes.go.id/"},{"system":"email","value":"fhir@dto.kemkes.go.id"}]}],"description":"North American Industry Classification System(NAICS) for the United States, a new economic classification system that replaces the 1987 Standard Industrial Classification (SIC) for statistical purposes. NAICS is a system for classifying establishments by type of economic activity. Its purposes are: (1) to facilitate the collection, tabulation, presentation, and analysis of data relating to establishments, and (2) to promote uniformity and comparability in the presentation of statistical data describing the economy. NAICS will be used by Federal statistical agencies that collect or publish data by industry.","caseSensitive":true,"content":"not-present"}