{"resourceType":"CodeSystem","id":"v3-IdentifierReliability","language":"en","text":{"status":"generated","div":"<div xml:lang=\"en\" xmlns=\"http://www.w3.org/1999/xhtml\" lang=\"en\"><p><b>Properties</b></p><p><b>This code system  defines the following properties for its concepts</b></p><table class=\"grid\"><tr><td><b>Code</b></td><td><b>URI</b></td><td><b>Type</b></td><td><b>Description</b></td></tr><tr><td>Specializes</td><td/><td>Coding</td><td>The child code is a more narrow version of the concept represented by the parent code.  I.e. Every child concept is also a valid parent concept.  Used to allow determination of subsumption.  Must be transitive, irreflexive, antisymmetric.</td></tr><tr><td>Generalizes</td><td/><td>Coding</td><td>Inverse of Specializes.  Only included as a derived relationship.</td></tr><tr><td>internalId</td><td>http://terminology.hl7.org/CodeSystem/utg-concept-properties#v3-internal-id</td><td>code</td><td>The internal identifier for the concept in the HL7 Access database repository.</td></tr><tr><td>status</td><td>http://hl7.org/fhir/concept-properties#status</td><td>code</td><td>Designation of a concept's state. Normally is not populated unless the state is retired.</td></tr><tr><td>synonymCode</td><td>http://hl7.org/fhir/concept-properties#synonym</td><td>code</td><td>An additional concept code that was also attributed to a concept</td></tr></table><p><b>Concepts</b></p><p>This case-sensitive code system <code>http://terminology.hl7.org/CodeSystem/v3-IdentifierReliability</code> defines the following codes in a Is-A heirarchy:</p><table class=\"codes\"><tr><td style=\"white-space:nowrap\"><b>Code</b></td><td><b>Display</b></td><td><b>Definition</b></td><td><b>internalId</b></td><td><b>status</b></td><td><b>synonymCode</b></td></tr><tr><td style=\"white-space:nowrap\">ISS<a name=\"v3-IdentifierReliability-ISS\"> </a></td><td>Issued by System</td><td>**Description:** The identifier was issued by the system responsible for constructing the instance.</td><td>22614</td><td>active</td><td/></tr><tr><td style=\"white-space:nowrap\">UNV<a name=\"v3-IdentifierReliability-UNV\"> </a></td><td>Unverified by system</td><td>**Description:** The identifier was provided to the system that constructed the instance, but has not been verified. e.g. a Drivers license entered manually into a system by a user.</td><td>22653</td><td>active</td><td/></tr><tr><td style=\"white-space:nowrap\">VRF<a name=\"v3-IdentifierReliability-VRF\"> </a></td><td>Verified by system</td><td>**Description:** The identifier was not issued by the system responsible for constructing the instance, but the system that captured the id has verified the identifier with the issuing authority, or with another system that has verified the identifier.</td><td>22652</td><td>active</td><td>VER</td></tr><tr style=\"background-color: #ffeeee\"><td style=\"white-space:nowrap\">VER<a name=\"v3-IdentifierReliability-VER\"> </a></td><td>Verified by system</td><td>**Description:** The identifier was not issued by the system responsible for constructing the instance, but the system that captured the id has verified the identifier with the issuing authority, or with another system that has verified the identifier.</td><td>22652</td><td>retired</td><td>VRF</td></tr></table></div>"},"url":"http://terminology.hl7.org/CodeSystem/v3-IdentifierReliability","identifier":[{"system":"urn:ietf:rfc:3986","value":"urn:oid:2.16.840.1.113883.5.1117"}],"version":"0.1.0","name":"IdentifierReliability","title":"IdentifierReliability","status":"active","experimental":false,"date":"2019-03-20","publisher":"SatuSehat","contact":[{"name":"SatuSehat","telecom":[{"system":"url","value":"https://satusehat.kemkes.go.id/"},{"system":"email","value":"fhir@dto.kemkes.go.id"}]}],"description":"Specifies the reliability with which the identifier is known. This attribute MAY be used to assist with identifier matching algorithms.","copyright":"This material derives from the HL7 Terminology THO. THO is copyright ©1989+ Health Level Seven International and is made available under the CC0 designation. For more licensing information see: https://terminology.hl7.org/license","caseSensitive":true,"hierarchyMeaning":"is-a","content":"complete","property":[{"extension":[{"url":"http://terminology.hl7.org/StructureDefinition/ext-mif-relationship-symmetry","valueCode":"antisymmetric"},{"url":"http://terminology.hl7.org/StructureDefinition/ext-mif-relationship-transitivity","valueCode":"transitive"},{"url":"http://terminology.hl7.org/StructureDefinition/ext-mif-relationship-reflexivity","valueCode":"irreflexive"},{"url":"http://terminology.hl7.org/StructureDefinition/ext-mif-relationship-isNavigable","valueBoolean":true},{"url":"http://terminology.hl7.org/StructureDefinition/ext-mif-relationship-relationshipKind","valueCode":"Specializes"},{"url":"http://terminology.hl7.org/StructureDefinition/ext-mif-relationship-inverseName","valueString":"Generalizes"}],"code":"Specializes","description":"The child code is a more narrow version of the concept represented by the parent code.  I.e. Every child concept is also a valid parent concept.  Used to allow determination of subsumption.  Must be transitive, irreflexive, antisymmetric.","type":"Coding"},{"extension":[{"url":"http://terminology.hl7.org/StructureDefinition/ext-mif-relationship-symmetry","valueCode":"antisymmetric"},{"url":"http://terminology.hl7.org/StructureDefinition/ext-mif-relationship-transitivity","valueCode":"transitive"},{"url":"http://terminology.hl7.org/StructureDefinition/ext-mif-relationship-reflexivity","valueCode":"irreflexive"},{"url":"http://terminology.hl7.org/StructureDefinition/ext-mif-relationship-isNavigable","valueBoolean":true},{"url":"http://terminology.hl7.org/StructureDefinition/ext-mif-relationship-relationshipKind","valueCode":"Generalizes"},{"url":"http://terminology.hl7.org/StructureDefinition/ext-mif-relationship-inverseName","valueString":"Specializes"}],"code":"Generalizes","description":"Inverse of Specializes.  Only included as a derived relationship.","type":"Coding"},{"code":"internalId","uri":"http://terminology.hl7.org/CodeSystem/utg-concept-properties#v3-internal-id","description":"The internal identifier for the concept in the HL7 Access database repository.","type":"code"},{"code":"status","uri":"http://hl7.org/fhir/concept-properties#status","description":"Designation of a concept's state. Normally is not populated unless the state is retired.","type":"code"},{"code":"synonymCode","uri":"http://hl7.org/fhir/concept-properties#synonym","description":"An additional concept code that was also attributed to a concept","type":"code"}],"concept":[{"code":"ISS","display":"Issued by System","definition":"**Description:** The identifier was issued by the system responsible for constructing the instance.","property":[{"code":"status","valueCode":"active"},{"code":"internalId","valueCode":"22614"}]},{"code":"UNV","display":"Unverified by system","definition":"**Description:** The identifier was provided to the system that constructed the instance, but has not been verified. e.g. a Drivers license entered manually into a system by a user.","property":[{"code":"status","valueCode":"active"},{"code":"internalId","valueCode":"22653"}]},{"code":"VRF","display":"Verified by system","definition":"**Description:** The identifier was not issued by the system responsible for constructing the instance, but the system that captured the id has verified the identifier with the issuing authority, or with another system that has verified the identifier.","property":[{"code":"status","valueCode":"active"},{"code":"synonymCode","valueCode":"VER"},{"code":"internalId","valueCode":"22652"}]},{"code":"VER","display":"Verified by system","definition":"**Description:** The identifier was not issued by the system responsible for constructing the instance, but the system that captured the id has verified the identifier with the issuing authority, or with another system that has verified the identifier.","property":[{"code":"status","valueCode":"retired"},{"code":"synonymCode","valueCode":"VRF"},{"code":"internalId","valueCode":"22652"}]}]}