{"resourceType":"CodeSystem","id":"v3-EntityNamePartTypeR2","language":"en","text":{"status":"generated","div":"<div xml:lang=\"en\" xmlns=\"http://www.w3.org/1999/xhtml\" lang=\"en\"><p><b>Properties</b></p><p><b>This code system  defines the following properties for its concepts</b></p><table class=\"grid\"><tr><td><b>Code</b></td><td><b>URI</b></td><td><b>Type</b></td><td><b>Description</b></td></tr><tr><td>Specializes</td><td/><td>Coding</td><td>The child code is a more narrow version of the concept represented by the parent code.  I.e. Every child concept is also a valid parent concept.  Used to allow determination of subsumption.  Must be transitive, irreflexive, antisymmetric.</td></tr><tr><td>Generalizes</td><td/><td>Coding</td><td>Inverse of Specializes.  Only included as a derived relationship.</td></tr><tr><td>MayBeQualifiedBy</td><td>http://terminology.hl7.org/CodeSystem/utg-concept-properties#MayBeQualifiedBy</td><td>Coding</td><td>Relationship points from a concept in EntityNamePartType to a concept in  EntityNamePartQualifier and indicates that the former concept may be qualified by the latter.</td></tr><tr><td>internalId</td><td>http://terminology.hl7.org/CodeSystem/utg-concept-properties#v3-internal-id</td><td>code</td><td>The internal identifier for the concept in the HL7 Access database repository.</td></tr><tr><td>status</td><td>http://hl7.org/fhir/concept-properties#status</td><td>code</td><td>Designation of a concept's state. Normally is not populated unless the state is retired.</td></tr></table><p><b>Concepts</b></p><p>This case-sensitive code system <code>http://terminology.hl7.org/CodeSystem/v3-EntityNamePartTypeR2</code> defines the following codes in a Is-A heirarchy:</p><table class=\"codes\"><tr><td style=\"white-space:nowrap\"><b>Code</b></td><td><b>Display</b></td><td><b>Definition</b></td><td><b>Qualifier relationship</b></td><td><b>internalId</b></td><td><b>status</b></td></tr><tr><td style=\"white-space:nowrap\">DEL<a name=\"v3-EntityNamePartTypeR2-DEL\"> </a></td><td>delimiter</td><td><div><p>**Description:**A delimiter has no meaning other than being literally printed in this name representation. A delimiter has no implicit leading and trailing white space.</p>\n</div></td><td/><td>22786</td><td>active</td></tr><tr><td style=\"white-space:nowrap\">FAM<a name=\"v3-EntityNamePartTypeR2-FAM\"> </a></td><td>family</td><td><div><p>**Description:**Family name, this is the name that links to the genealogy. In some cultures (e.g. Eritrea) the family name of a son is the first name of his father.</p>\n</div></td><td>AD, BR, CL, IN, MID, PFX, SP</td><td>22784</td><td>active</td></tr><tr><td style=\"white-space:nowrap\">GIV<a name=\"v3-EntityNamePartTypeR2-GIV\"> </a></td><td>given</td><td><div><p>**Description:**Given name. Note: don't call it &quot;first name&quot; since the given names do not always come first.</p>\n</div></td><td>AD, BR, CL, IN, PFX, SFX, SP</td><td>22785</td><td>active</td></tr><tr><td style=\"white-space:nowrap\">TITLE<a name=\"v3-EntityNamePartTypeR2-TITLE\"> </a></td><td>title</td><td><div><p>**Description:**Part of the name that is acquired as a title due to academic, legal, employment or nobility status etc.</p>\n<p>**Note:**Title name parts include name parts that come after the name such as qualifications, even if they are not always considered to be titles.</p>\n</div></td><td>AC, LS, NB, PFX, PR, SFX</td><td>22787</td><td>active</td></tr></table></div>"},"url":"http://terminology.hl7.org/CodeSystem/v3-EntityNamePartTypeR2","identifier":[{"system":"urn:ietf:rfc:3986","value":"urn:oid:2.16.840.1.113883.5.1121"}],"version":"0.1.0","name":"EntityNamePartTypeR2","title":"EntityNamePartTypeR2","status":"active","experimental":false,"date":"2019-03-20","publisher":"SatuSehat","contact":[{"name":"SatuSehat","telecom":[{"system":"url","value":"https://satusehat.kemkes.go.id/"},{"system":"email","value":"fhir@dto.kemkes.go.id"}]}],"description":"**Description:**Indicates whether the name part is a given name, family name, prefix, suffix, etc.","copyright":"This material derives from the HL7 Terminology THO. THO is copyright ©1989+ Health Level Seven International and is made available under the CC0 designation. For more licensing information see: https://terminology.hl7.org/license","caseSensitive":true,"hierarchyMeaning":"is-a","content":"complete","property":[{"extension":[{"url":"http://terminology.hl7.org/StructureDefinition/ext-mif-relationship-symmetry","valueCode":"antisymmetric"},{"url":"http://terminology.hl7.org/StructureDefinition/ext-mif-relationship-transitivity","valueCode":"transitive"},{"url":"http://terminology.hl7.org/StructureDefinition/ext-mif-relationship-reflexivity","valueCode":"irreflexive"},{"url":"http://terminology.hl7.org/StructureDefinition/ext-mif-relationship-isNavigable","valueBoolean":true},{"url":"http://terminology.hl7.org/StructureDefinition/ext-mif-relationship-relationshipKind","valueCode":"Specializes"},{"url":"http://terminology.hl7.org/StructureDefinition/ext-mif-relationship-inverseName","valueString":"Generalizes"}],"code":"Specializes","description":"The child code is a more narrow version of the concept represented by the parent code.  I.e. Every child concept is also a valid parent concept.  Used to allow determination of subsumption.  Must be transitive, irreflexive, antisymmetric.","type":"Coding"},{"extension":[{"url":"http://terminology.hl7.org/StructureDefinition/ext-mif-relationship-symmetry","valueCode":"antisymmetric"},{"url":"http://terminology.hl7.org/StructureDefinition/ext-mif-relationship-transitivity","valueCode":"transitive"},{"url":"http://terminology.hl7.org/StructureDefinition/ext-mif-relationship-reflexivity","valueCode":"irreflexive"},{"url":"http://terminology.hl7.org/StructureDefinition/ext-mif-relationship-isNavigable","valueBoolean":true},{"url":"http://terminology.hl7.org/StructureDefinition/ext-mif-relationship-relationshipKind","valueCode":"Generalizes"},{"url":"http://terminology.hl7.org/StructureDefinition/ext-mif-relationship-inverseName","valueString":"Specializes"}],"code":"Generalizes","description":"Inverse of Specializes.  Only included as a derived relationship.","type":"Coding"},{"extension":[{"url":"http://terminology.hl7.org/StructureDefinition/ext-mif-relationship-relationshipKind","valueCode":"NonDefinitionallyQualifiedBy"}],"code":"MayBeQualifiedBy","uri":"http://terminology.hl7.org/CodeSystem/utg-concept-properties#MayBeQualifiedBy","description":"Relationship points from a concept in EntityNamePartType to a concept in  EntityNamePartQualifier and indicates that the former concept may be qualified by the latter.","type":"Coding"},{"code":"internalId","uri":"http://terminology.hl7.org/CodeSystem/utg-concept-properties#v3-internal-id","description":"The internal identifier for the concept in the HL7 Access database repository.","type":"code"},{"code":"status","uri":"http://hl7.org/fhir/concept-properties#status","description":"Designation of a concept's state. Normally is not populated unless the state is retired.","type":"code"}],"concept":[{"code":"DEL","display":"delimiter","definition":"**Description:**A delimiter has no meaning other than being literally printed in this name representation. A delimiter has no implicit leading and trailing white space.","property":[{"code":"status","valueCode":"active"},{"code":"internalId","valueCode":"22786"}]},{"code":"FAM","display":"family","definition":"**Description:**Family name, this is the name that links to the genealogy. In some cultures (e.g. Eritrea) the family name of a son is the first name of his father.","property":[{"code":"status","valueCode":"active"},{"code":"MayBeQualifiedBy","valueCoding":{"system":"http://terminology.hl7.org/CodeSystem/v3-EntityNamePartQualifierR2","code":"AD"}},{"code":"MayBeQualifiedBy","valueCoding":{"system":"http://terminology.hl7.org/CodeSystem/v3-EntityNamePartQualifierR2","code":"BR"}},{"code":"MayBeQualifiedBy","valueCoding":{"system":"http://terminology.hl7.org/CodeSystem/v3-EntityNamePartQualifierR2","code":"CL"}},{"code":"MayBeQualifiedBy","valueCoding":{"system":"http://terminology.hl7.org/CodeSystem/v3-EntityNamePartQualifierR2","code":"IN"}},{"code":"MayBeQualifiedBy","valueCoding":{"system":"http://terminology.hl7.org/CodeSystem/v3-EntityNamePartQualifierR2","code":"MID"}},{"code":"MayBeQualifiedBy","valueCoding":{"system":"http://terminology.hl7.org/CodeSystem/v3-EntityNamePartQualifierR2","code":"PFX"}},{"code":"MayBeQualifiedBy","valueCoding":{"system":"http://terminology.hl7.org/CodeSystem/v3-EntityNamePartQualifierR2","code":"SP"}},{"code":"internalId","valueCode":"22784"}]},{"code":"GIV","display":"given","definition":"**Description:**Given name. Note: don't call it \"first name\" since the given names do not always come first.","property":[{"code":"status","valueCode":"active"},{"code":"MayBeQualifiedBy","valueCoding":{"system":"http://terminology.hl7.org/CodeSystem/v3-EntityNamePartQualifierR2","code":"AD"}},{"code":"MayBeQualifiedBy","valueCoding":{"system":"http://terminology.hl7.org/CodeSystem/v3-EntityNamePartQualifierR2","code":"BR"}},{"code":"MayBeQualifiedBy","valueCoding":{"system":"http://terminology.hl7.org/CodeSystem/v3-EntityNamePartQualifierR2","code":"CL"}},{"code":"MayBeQualifiedBy","valueCoding":{"system":"http://terminology.hl7.org/CodeSystem/v3-EntityNamePartQualifierR2","code":"IN"}},{"code":"MayBeQualifiedBy","valueCoding":{"system":"http://terminology.hl7.org/CodeSystem/v3-EntityNamePartQualifierR2","code":"PFX"}},{"code":"MayBeQualifiedBy","valueCoding":{"system":"http://terminology.hl7.org/CodeSystem/v3-EntityNamePartQualifierR2","code":"SFX"}},{"code":"MayBeQualifiedBy","valueCoding":{"system":"http://terminology.hl7.org/CodeSystem/v3-EntityNamePartQualifierR2","code":"SP"}},{"code":"internalId","valueCode":"22785"}]},{"code":"TITLE","display":"title","definition":"**Description:**Part of the name that is acquired as a title due to academic, legal, employment or nobility status etc.\r\n\r\n**Note:**Title name parts include name parts that come after the name such as qualifications, even if they are not always considered to be titles.","property":[{"code":"status","valueCode":"active"},{"code":"MayBeQualifiedBy","valueCoding":{"system":"http://terminology.hl7.org/CodeSystem/v3-EntityNamePartQualifierR2","code":"AC"}},{"code":"MayBeQualifiedBy","valueCoding":{"system":"http://terminology.hl7.org/CodeSystem/v3-EntityNamePartQualifierR2","code":"LS"}},{"code":"MayBeQualifiedBy","valueCoding":{"system":"http://terminology.hl7.org/CodeSystem/v3-EntityNamePartQualifierR2","code":"NB"}},{"code":"MayBeQualifiedBy","valueCoding":{"system":"http://terminology.hl7.org/CodeSystem/v3-EntityNamePartQualifierR2","code":"PFX"}},{"code":"MayBeQualifiedBy","valueCoding":{"system":"http://terminology.hl7.org/CodeSystem/v3-EntityNamePartQualifierR2","code":"PR"}},{"code":"MayBeQualifiedBy","valueCoding":{"system":"http://terminology.hl7.org/CodeSystem/v3-EntityNamePartQualifierR2","code":"SFX"}},{"code":"internalId","valueCode":"22787"}]}]}