{"resourceType":"CodeSystem","id":"action-type","meta":{"lastUpdated":"2020-04-09T21:10:28.568+00:00"},"text":{"status":"generated","div":"<div xmlns=\"http://www.w3.org/1999/xhtml\"><p>This case-sensitive code system <code>http://terminology.hl7.org/CodeSystem/action-type</code> defines the following codes:</p><table class=\"codes\"><tr><td style=\"white-space:nowrap\"><b>Code</b></td><td><b>Display</b></td><td><b>Definition</b></td></tr><tr><td style=\"white-space:nowrap\">create<a name=\"action-type-create\"> </a></td><td>Create</td><td>The action is to create a new resource.</td></tr><tr><td style=\"white-space:nowrap\">update<a name=\"action-type-update\"> </a></td><td>Update</td><td>The action is to update an existing resource.</td></tr><tr><td style=\"white-space:nowrap\">remove<a name=\"action-type-remove\"> </a></td><td>Remove</td><td>The action is to remove an existing resource.</td></tr><tr><td style=\"white-space:nowrap\">fire-event<a name=\"action-type-fire-event\"> </a></td><td>Fire Event</td><td>The action is to fire a specific event.</td></tr></table></div>"},"extension":[{"url":"http://hl7.org/fhir/StructureDefinition/structuredefinition-wg","valueCode":"cds"},{"url":"http://hl7.org/fhir/StructureDefinition/structuredefinition-fmm","valueInteger":2}],"url":"http://terminology.hl7.org/CodeSystem/action-type","identifier":[{"system":"urn:ietf:rfc:3986","value":"urn:oid:2.16.840.1.113883.4.642.1.1246"}],"version":"0.1.0","name":"ActionType","title":"ActionType","status":"draft","experimental":false,"date":"2020-04-09T21:10:28+00:00","publisher":"SatuSehat","contact":[{"name":"SatuSehat","telecom":[{"system":"url","value":"https://satusehat.kemkes.go.id/"},{"system":"email","value":"fhir@dto.kemkes.go.id"}]}],"description":"The type of action to be performed.","copyright":"This material derives from the HL7 Terminology (THO). THO is copyright ©1989+ Health Level Seven International and is made available under the CC0 designation. For more licensing information see: https://terminology.hl7.org/license","caseSensitive":true,"valueSet":"http://terminology.hl7.org/ValueSet/action-type","content":"complete","concept":[{"code":"create","display":"Create","definition":"The action is to create a new resource."},{"code":"update","display":"Update","definition":"The action is to update an existing resource."},{"code":"remove","display":"Remove","definition":"The action is to remove an existing resource."},{"code":"fire-event","display":"Fire Event","definition":"The action is to fire a specific event."}]}