{"resourceType":"CodeSystem","id":"audit-entity-type","meta":{"lastUpdated":"2020-04-09T21:10:28.568+00:00","profile":["http://hl7.org/fhir/StructureDefinition/shareablecodesystem"]},"text":{"status":"generated","div":"<div xmlns=\"http://www.w3.org/1999/xhtml\"><p>This case-sensitive code system <code>http://terminology.hl7.org/CodeSystem/audit-entity-type</code> defines the following codes:</p><table class=\"codes\"><tr><td style=\"white-space:nowrap\"><b>Code</b></td><td><b>Display</b></td><td><b>Definition</b></td></tr><tr><td style=\"white-space:nowrap\">1<a name=\"audit-entity-type-1\"> </a></td><td>Person</td><td>Person</td></tr><tr><td style=\"white-space:nowrap\">2<a name=\"audit-entity-type-2\"> </a></td><td>System Object</td><td>System Object</td></tr><tr><td style=\"white-space:nowrap\">3<a name=\"audit-entity-type-3\"> </a></td><td>Organization</td><td>Organization</td></tr><tr><td style=\"white-space:nowrap\">4<a name=\"audit-entity-type-4\"> </a></td><td>Other</td><td>Other</td></tr></table></div>"},"extension":[{"url":"http://hl7.org/fhir/StructureDefinition/structuredefinition-wg","valueCode":"sec"},{"url":"http://hl7.org/fhir/StructureDefinition/structuredefinition-fmm","valueInteger":3}],"url":"http://terminology.hl7.org/CodeSystem/audit-entity-type","identifier":[{"system":"urn:ietf:rfc:3986","value":"urn:oid:2.16.840.1.113883.4.642.1.1134"}],"version":"0.1.0","name":"AuditEventEntityType","title":"Audit event entity type","status":"draft","experimental":false,"date":"2017-03-10T09:44:54+11:00","publisher":"SatuSehat","contact":[{"name":"SatuSehat","telecom":[{"system":"url","value":"https://satusehat.kemkes.go.id/"},{"system":"email","value":"fhir@dto.kemkes.go.id"}]}],"description":"Code for the entity type involved in the audit event.","copyright":"This material derives from the HL7 Terminology (THO). THO is copyright ©1989+ Health Level Seven International and is made available under the CC0 designation. For more licensing information see: https://terminology.hl7.org/license","caseSensitive":true,"content":"complete","concept":[{"code":"1","display":"Person","definition":"Person"},{"code":"2","display":"System Object","definition":"System Object"},{"code":"3","display":"Organization","definition":"Organization"},{"code":"4","display":"Other","definition":"Other"}]}