{"resourceType":"CodeSystem","id":"icpc-SPA","text":{"status":"generated","div":"<div xmlns=\"http://www.w3.org/1999/xhtml\"><p>This case-sensitive code system <code>http://terminology.hl7.org/CodeSystem/icpc-SPA</code> defines codes, but no codes are represented here</p></div>"},"url":"http://terminology.hl7.org/CodeSystem/icpc-SPA","identifier":[{"system":"urn:ietf:rfc:3986","value":"urn:oid:2.16.840.1.113883.6.138.12"}],"version":"0.1.0","name":"IcpcSPA","title":"International Classification of Primary Care 1993 Spanish","status":"retired","experimental":false,"date":"2021-11-09T10:00:00+10:00","publisher":"SatuSehat","contact":[{"name":"SatuSehat","telecom":[{"system":"url","value":"https://satusehat.kemkes.go.id/"},{"system":"email","value":"fhir@dto.kemkes.go.id"}]}],"description":"The International Classification of Primary Care (ICPC). Spanish Translation. Denmark: World Organisation of Family Doctors, 1993.","caseSensitive":true,"content":"not-present"}