{"resourceType":"CodeSystem","id":"observation-status","text":{"status":"generated","div":"<div xmlns=\"http://www.w3.org/1999/xhtml\"><h2>ObservationStatus</h2><div><p>Codes providing the status of an observation.</p>\n</div><p>This code system http://hl7.org/fhir/observation-status defines the following codes:</p><table class=\"codes\"><tr><td><b>Lvl</b></td><td style=\"white-space:nowrap\"><b>Code</b></td><td><b>Display</b></td><td><b>Definition</b></td></tr><tr><td>1</td><td style=\"white-space:nowrap\">registered<a name=\"observation-status-registered\"> </a></td><td>Registered</td><td>The existence of the observation is registered, but there is no result yet available.</td></tr><tr><td>1</td><td style=\"white-space:nowrap\">preliminary<a name=\"observation-status-preliminary\"> </a></td><td>Preliminary</td><td>This is an initial or interim observation: data may be incomplete or unverified.</td></tr><tr><td>1</td><td style=\"white-space:nowrap\">final<a name=\"observation-status-final\"> </a></td><td>Final</td><td>The observation is complete and there are no further actions needed. Additional information such &quot;released&quot;, &quot;signed&quot;, etc would be represented using [Provenance](provenance.html) which provides not only the act but also the actors and dates and other related data. These act states would be associated with an observation status of `preliminary` until they are all completed and then a status of `final` would be applied.</td></tr><tr><td>1</td><td style=\"white-space:nowrap\">amended<a name=\"observation-status-amended\"> </a></td><td>Amended</td><td>Subsequent to being Final, the observation has been modified subsequent.  This includes updates/new information and corrections.</td></tr><tr><td>2</td><td style=\"white-space:nowrap\">  corrected<a name=\"observation-status-corrected\"> </a></td><td>Corrected</td><td>Subsequent to being Final, the observation has been modified to correct an error in the test result.</td></tr><tr><td>1</td><td style=\"white-space:nowrap\">cancelled<a name=\"observation-status-cancelled\"> </a></td><td>Cancelled</td><td>The observation is unavailable because the measurement was not started or not completed (also sometimes called &quot;aborted&quot;).</td></tr><tr><td>1</td><td style=\"white-space:nowrap\">entered-in-error<a name=\"observation-status-entered-in-error\"> </a></td><td>Entered in Error</td><td>The observation has been withdrawn following previous final release.  This electronic record should never have existed, though it is possible that real-world decisions were based on it. (If real-world activity has occurred, the status should be &quot;cancelled&quot; rather than &quot;entered-in-error&quot;.).</td></tr><tr><td>1</td><td style=\"white-space:nowrap\">unknown<a name=\"observation-status-unknown\"> </a></td><td>Unknown</td><td>The authoring/source system does not know which of the status values currently applies for this observation. Note: This concept is not to be used for &quot;other&quot; - one of the listed statuses is presumed to apply, but the authoring/source system does not know which.</td></tr></table></div>"},"extension":[{"url":"http://hl7.org/fhir/StructureDefinition/structuredefinition-wg","valueCode":"cds"},{"url":"http://hl7.org/fhir/StructureDefinition/structuredefinition-standards-status","valueCode":"normative"},{"url":"http://hl7.org/fhir/StructureDefinition/structuredefinition-fmm","valueInteger":5},{"url":"http://hl7.org/fhir/StructureDefinition/structuredefinition-normative-version","valueCode":"4.0.0"}],"url":"http://hl7.org/fhir/observation-status","identifier":[{"system":"urn:ietf:rfc:3986","value":"urn:oid:2.16.840.1.113883.4.642.4.401"}],"version":"0.1.0","name":"ObservationStatus","title":"ObservationStatus","status":"active","experimental":false,"date":"2019-11-01T09:29:23+11:00","publisher":"SatuSehat","contact":[{"name":"SatuSehat","telecom":[{"system":"url","value":"https://satusehat.kemkes.go.id/"},{"system":"email","value":"fhir@dto.kemkes.go.id"}]}],"description":"Codes providing the status of an observation.","caseSensitive":true,"valueSet":"http://hl7.org/fhir/ValueSet/observation-status","content":"complete","concept":[{"code":"registered","display":"Registered","definition":"The existence of the observation is registered, but there is no result yet available."},{"code":"preliminary","display":"Preliminary","definition":"This is an initial or interim observation: data may be incomplete or unverified."},{"code":"final","display":"Final","definition":"The observation is complete and there are no further actions needed. Additional information such \"released\", \"signed\", etc would be represented using [Provenance](provenance.html) which provides not only the act but also the actors and dates and other related data. These act states would be associated with an observation status of `preliminary` until they are all completed and then a status of `final` would be applied."},{"code":"amended","display":"Amended","definition":"Subsequent to being Final, the observation has been modified subsequent.  This includes updates/new information and corrections.","concept":[{"code":"corrected","display":"Corrected","definition":"Subsequent to being Final, the observation has been modified to correct an error in the test result."}]},{"code":"cancelled","display":"Cancelled","definition":"The observation is unavailable because the measurement was not started or not completed (also sometimes called \"aborted\")."},{"code":"entered-in-error","display":"Entered in Error","definition":"The observation has been withdrawn following previous final release.  This electronic record should never have existed, though it is possible that real-world decisions were based on it. (If real-world activity has occurred, the status should be \"cancelled\" rather than \"entered-in-error\".)."},{"code":"unknown","display":"Unknown","definition":"The authoring/source system does not know which of the status values currently applies for this observation. Note: This concept is not to be used for \"other\" - one of the listed statuses is presumed to apply, but the authoring/source system does not know which."}]}