{"resourceType":"CodeSystem","id":"NHSNVocabulary","text":{"status":"generated","div":"<div xmlns=\"http://www.w3.org/1999/xhtml\"><p>This case-sensitive code system <code>http://terminology.hl7.org/CodeSystem/NHSNVocabulary</code> defines codes, but no codes are represented here</p></div>"},"url":"http://terminology.hl7.org/CodeSystem/NHSNVocabulary","identifier":[{"system":"urn:ietf:rfc:3986","value":"urn:oid:2.16.840.1.113883.6.274"}],"version":"0.1.0","name":"NHSNVocabulary","title":"NHSN HAI Vocabulary","status":"retired","experimental":false,"date":"2021-11-09T10:00:00+10:00","publisher":"SatuSehat","contact":[{"name":"SatuSehat","telecom":[{"system":"url","value":"https://satusehat.kemkes.go.id/"},{"system":"email","value":"fhir@dto.kemkes.go.id"}]}],"description":"NHSN HAI Vocabulary used for Single Value bindingsto Observation Identifier","caseSensitive":true,"content":"not-present"}