{"resourceType":"CodeSystem","id":"processpriority","meta":{"lastUpdated":"2020-04-09T21:10:28.568+00:00","profile":["http://hl7.org/fhir/StructureDefinition/shareablecodesystem"]},"text":{"status":"generated","div":"<div xmlns=\"http://www.w3.org/1999/xhtml\"><p>This case-sensitive code system <code>http://terminology.hl7.org/CodeSystem/processpriority</code> defines the following codes:</p><table class=\"codes\"><tr><td style=\"white-space:nowrap\"><b>Code</b></td><td><b>Display</b></td><td><b>Definition</b></td></tr><tr><td style=\"white-space:nowrap\">stat<a name=\"processpriority-stat\"> </a></td><td>Immediate</td><td>Immediately in real time.</td></tr><tr><td style=\"white-space:nowrap\">normal<a name=\"processpriority-normal\"> </a></td><td>Normal</td><td>With best effort.</td></tr><tr><td style=\"white-space:nowrap\">deferred<a name=\"processpriority-deferred\"> </a></td><td>Deferred</td><td>Later, when possible.</td></tr></table></div>"},"extension":[{"url":"http://hl7.org/fhir/StructureDefinition/structuredefinition-wg","valueCode":"fm"},{"url":"http://hl7.org/fhir/StructureDefinition/structuredefinition-fmm","valueInteger":1}],"url":"http://terminology.hl7.org/CodeSystem/processpriority","identifier":[{"system":"urn:ietf:rfc:3986","value":"urn:oid:2.16.840.1.113883.4.642.1.1155"}],"version":"0.1.0","name":"ProcessPriorityCodes","title":"Process Priority Codes","status":"draft","experimental":false,"date":"2024-03-09T14:36:19-07:00","publisher":"SatuSehat","contact":[{"name":"SatuSehat","telecom":[{"system":"url","value":"https://satusehat.kemkes.go.id/"},{"system":"email","value":"fhir@dto.kemkes.go.id"}]}],"description":"This value set includes the financial processing priority codes.","copyright":"This material derives from the HL7 Terminology (THO). THO is copyright ©1989+ Health Level Seven International and is made available under the CC0 designation. For more licensing information see: https://terminology.hl7.org/license","caseSensitive":true,"valueSet":"http://terminology.hl7.org/ValueSet/process-priority","content":"complete","concept":[{"code":"stat","display":"Immediate","definition":"Immediately in real time."},{"code":"normal","display":"Normal","definition":"With best effort."},{"code":"deferred","display":"Deferred","definition":"Later, when possible."}]}