{"resourceType":"CodeSystem","id":"v3-nciThesaurus","text":{"status":"generated","div":"<div xmlns=\"http://www.w3.org/1999/xhtml\"><p>This case-sensitive code system <code>http://ncicb.nci.nih.gov/xml/owl/EVS/Thesaurus.owl</code> defines codes, but no codes are represented here</p></div>"},"url":"http://ncicb.nci.nih.gov/xml/owl/EVS/Thesaurus.owl","identifier":[{"system":"urn:ietf:rfc:3986","value":"urn:oid:2.16.840.1.113883.3.26.1.1"}],"version":"0.1.0","name":"NciThesaurus","title":"NCI Thesaurus","status":"active","experimental":false,"date":"2022-10-13T00:00:00-04:00","publisher":"SatuSehat","contact":[{"name":"SatuSehat","telecom":[{"system":"url","value":"https://satusehat.kemkes.go.id/"},{"system":"email","value":"fhir@dto.kemkes.go.id"}]}],"description":"NCI Thesaurus NCI Thesaurus is a biomedical thesaurus created specifically to meet the needs of the cancer research community, especially those engaged in translational research NCI Thesaurus is produced by the NCI Enterprise Vocabulary Services project. The NCI Thesaurus is provided under an open content license.","caseSensitive":true,"content":"not-present"}