{"resourceType":"CodeSystem","id":"oms","text":{"status":"generated","div":"<div xmlns=\"http://www.w3.org/1999/xhtml\"><p>This case-sensitive code system <code>http://terminology.hl7.org/CodeSystem/oms</code> defines codes, but no codes are represented here</p></div>"},"url":"http://terminology.hl7.org/CodeSystem/oms","identifier":[{"system":"urn:ietf:rfc:3986","value":"urn:oid:2.16.840.1.113883.6.98"}],"version":"0.1.0","name":"Oms","title":"Omaha System","status":"active","experimental":false,"date":"2019-03-20T00:00:00-04:00","publisher":"SatuSehat","contact":[{"name":"SatuSehat","telecom":[{"system":"url","value":"https://satusehat.kemkes.go.id/"},{"system":"email","value":"fhir@dto.kemkes.go.id"}]}],"description":"The Omaha System provides standardized terms, definitions, and codes for observations and procedures, specifically for client problems, multidisciplinary interventions including those focusing on assessment and care, and problem-specific client outcomes.","caseSensitive":true,"content":"not-present"}