{"resourceType":"CodeSystem","id":"v3-Ethnicity","language":"en","text":{"status":"generated","div":"<div xml:lang=\"en\" xmlns=\"http://www.w3.org/1999/xhtml\" lang=\"en\"><p><b>Properties</b></p><p><b>This code system  defines the following properties for its concepts</b></p><table class=\"grid\"><tr><td><b>Code</b></td><td><b>URI</b></td><td><b>Type</b></td><td><b>Description</b></td></tr><tr><td>Specializes</td><td/><td>Coding</td><td>The child code is a more narrow version of the concept represented by the parent code.  I.e. Every child concept is also a valid parent concept.  Used to allow determination of subsumption.  Must be transitive, irreflexive, antisymmetric.</td></tr><tr><td>Generalizes</td><td/><td>Coding</td><td>Inverse of Specializes.  Only included as a derived relationship.</td></tr><tr><td>internalId</td><td>http://terminology.hl7.org/CodeSystem/utg-concept-properties#v3-internal-id</td><td>code</td><td>The internal identifier for the concept in the HL7 Access database repository.</td></tr><tr><td>status</td><td>http://hl7.org/fhir/concept-properties#status</td><td>code</td><td>Designation of a concept's state. Normally is not populated unless the state is retired.</td></tr></table><p><b>Concepts</b></p><p>This case-sensitive code system <code>http://terminology.hl7.org/CodeSystem/v3-Ethnicity</code> defines the following codes in a Is-A heirarchy:</p><table class=\"codes\"><tr><td><b>Lvl</b></td><td style=\"white-space:nowrap\"><b>Code</b></td><td><b>Display</b></td><td><b>Definition</b></td><td><b>internalId</b></td><td><b>status</b></td></tr><tr><td>1</td><td style=\"white-space:nowrap\">2135-2<a name=\"v3-Ethnicity-2135-2\"> </a></td><td>Hispanic or Latino</td><td/><td>15837</td><td>active</td></tr><tr><td>2</td><td style=\"white-space:nowrap\">\u00a0\u00a02137-8<a name=\"v3-Ethnicity-2137-8\"> </a></td><td>Spaniard</td><td/><td>15838</td><td>active</td></tr><tr><td>3</td><td style=\"white-space:nowrap\">\u00a0\u00a0\u00a0\u00a02138-6<a name=\"v3-Ethnicity-2138-6\"> </a></td><td>Andalusian</td><td/><td>15839</td><td>active</td></tr><tr><td>3</td><td style=\"white-space:nowrap\">\u00a0\u00a0\u00a0\u00a02139-4<a name=\"v3-Ethnicity-2139-4\"> </a></td><td>Asturian</td><td/><td>15840</td><td>active</td></tr><tr><td>3</td><td style=\"white-space:nowrap\">\u00a0\u00a0\u00a0\u00a02140-2<a name=\"v3-Ethnicity-2140-2\"> </a></td><td>Castillian</td><td/><td>15841</td><td>active</td></tr><tr><td>3</td><td style=\"white-space:nowrap\">\u00a0\u00a0\u00a0\u00a02141-0<a name=\"v3-Ethnicity-2141-0\"> </a></td><td>Catalonian</td><td/><td>15842</td><td>active</td></tr><tr><td>3</td><td style=\"white-space:nowrap\">\u00a0\u00a0\u00a0\u00a02142-8<a name=\"v3-Ethnicity-2142-8\"> </a></td><td>Belearic Islander</td><td/><td>15843</td><td>active</td></tr><tr><td>3</td><td style=\"white-space:nowrap\">\u00a0\u00a0\u00a0\u00a02143-6<a name=\"v3-Ethnicity-2143-6\"> </a></td><td>Gallego</td><td/><td>15844</td><td>active</td></tr><tr><td>3</td><td style=\"white-space:nowrap\">\u00a0\u00a0\u00a0\u00a02144-4<a name=\"v3-Ethnicity-2144-4\"> </a></td><td>Valencian</td><td/><td>15845</td><td>active</td></tr><tr><td>3</td><td style=\"white-space:nowrap\">\u00a0\u00a0\u00a0\u00a02145-1<a name=\"v3-Ethnicity-2145-1\"> </a></td><td>Canarian</td><td/><td>15846</td><td>active</td></tr><tr><td>3</td><td style=\"white-space:nowrap\">\u00a0\u00a0\u00a0\u00a02146-9<a name=\"v3-Ethnicity-2146-9\"> </a></td><td>Spanish Basque</td><td/><td>15847</td><td>active</td></tr><tr><td>2</td><td style=\"white-space:nowrap\">\u00a0\u00a02148-5<a name=\"v3-Ethnicity-2148-5\"> </a></td><td>Mexican</td><td/><td>15848</td><td>active</td></tr><tr><td>3</td><td style=\"white-space:nowrap\">\u00a0\u00a0\u00a0\u00a02149-3<a name=\"v3-Ethnicity-2149-3\"> </a></td><td>Mexican American</td><td/><td>15849</td><td>active</td></tr><tr><td>3</td><td style=\"white-space:nowrap\">\u00a0\u00a0\u00a0\u00a02150-1<a name=\"v3-Ethnicity-2150-1\"> </a></td><td>Mexicano</td><td/><td>15850</td><td>active</td></tr><tr><td>3</td><td style=\"white-space:nowrap\">\u00a0\u00a0\u00a0\u00a02151-9<a name=\"v3-Ethnicity-2151-9\"> </a></td><td>Chicano</td><td/><td>15851</td><td>active</td></tr><tr><td>3</td><td style=\"white-space:nowrap\">\u00a0\u00a0\u00a0\u00a02152-7<a name=\"v3-Ethnicity-2152-7\"> </a></td><td>La Raza</td><td/><td>15852</td><td>active</td></tr><tr><td>3</td><td style=\"white-space:nowrap\">\u00a0\u00a0\u00a0\u00a02153-5<a name=\"v3-Ethnicity-2153-5\"> </a></td><td>Mexican American Indian</td><td/><td>15853</td><td>active</td></tr><tr><td>2</td><td style=\"white-space:nowrap\">\u00a0\u00a02155-0<a name=\"v3-Ethnicity-2155-0\"> </a></td><td>Central American</td><td/><td>15854</td><td>active</td></tr><tr><td>3</td><td style=\"white-space:nowrap\">\u00a0\u00a0\u00a0\u00a02156-8<a name=\"v3-Ethnicity-2156-8\"> </a></td><td>Costa Rican</td><td/><td>15855</td><td>active</td></tr><tr><td>3</td><td style=\"white-space:nowrap\">\u00a0\u00a0\u00a0\u00a02157-6<a name=\"v3-Ethnicity-2157-6\"> </a></td><td>Guatemalan</td><td/><td>15856</td><td>active</td></tr><tr><td>3</td><td style=\"white-space:nowrap\">\u00a0\u00a0\u00a0\u00a02158-4<a name=\"v3-Ethnicity-2158-4\"> </a></td><td>Honduran</td><td/><td>15857</td><td>active</td></tr><tr><td>3</td><td style=\"white-space:nowrap\">\u00a0\u00a0\u00a0\u00a02159-2<a name=\"v3-Ethnicity-2159-2\"> </a></td><td>Nicaraguan</td><td/><td>15858</td><td>active</td></tr><tr><td>3</td><td style=\"white-space:nowrap\">\u00a0\u00a0\u00a0\u00a02160-0<a name=\"v3-Ethnicity-2160-0\"> </a></td><td>Panamanian</td><td/><td>15859</td><td>active</td></tr><tr><td>3</td><td style=\"white-space:nowrap\">\u00a0\u00a0\u00a0\u00a02161-8<a name=\"v3-Ethnicity-2161-8\"> </a></td><td>Salvadoran</td><td/><td>15860</td><td>active</td></tr><tr><td>3</td><td style=\"white-space:nowrap\">\u00a0\u00a0\u00a0\u00a02162-6<a name=\"v3-Ethnicity-2162-6\"> </a></td><td>Central American Indian</td><td/><td>15861</td><td>active</td></tr><tr><td>3</td><td style=\"white-space:nowrap\">\u00a0\u00a0\u00a0\u00a02163-4<a name=\"v3-Ethnicity-2163-4\"> </a></td><td>Canal Zone</td><td/><td>15862</td><td>active</td></tr><tr><td>2</td><td style=\"white-space:nowrap\">\u00a0\u00a02165-9<a name=\"v3-Ethnicity-2165-9\"> </a></td><td>South American</td><td/><td>15863</td><td>active</td></tr><tr><td>3</td><td style=\"white-space:nowrap\">\u00a0\u00a0\u00a0\u00a02166-7<a name=\"v3-Ethnicity-2166-7\"> </a></td><td>Argentinean</td><td/><td>15864</td><td>active</td></tr><tr><td>3</td><td style=\"white-space:nowrap\">\u00a0\u00a0\u00a0\u00a02167-5<a name=\"v3-Ethnicity-2167-5\"> </a></td><td>Bolivian</td><td/><td>15865</td><td>active</td></tr><tr><td>3</td><td style=\"white-space:nowrap\">\u00a0\u00a0\u00a0\u00a02168-3<a name=\"v3-Ethnicity-2168-3\"> </a></td><td>Chilean</td><td/><td>15866</td><td>active</td></tr><tr><td>3</td><td style=\"white-space:nowrap\">\u00a0\u00a0\u00a0\u00a02169-1<a name=\"v3-Ethnicity-2169-1\"> </a></td><td>Colombian</td><td/><td>15867</td><td>active</td></tr><tr><td>3</td><td style=\"white-space:nowrap\">\u00a0\u00a0\u00a0\u00a02170-9<a name=\"v3-Ethnicity-2170-9\"> </a></td><td>Ecuadorian</td><td/><td>15868</td><td>active</td></tr><tr><td>3</td><td style=\"white-space:nowrap\">\u00a0\u00a0\u00a0\u00a02171-7<a name=\"v3-Ethnicity-2171-7\"> </a></td><td>Paraguayan</td><td/><td>15869</td><td>active</td></tr><tr><td>3</td><td style=\"white-space:nowrap\">\u00a0\u00a0\u00a0\u00a02172-5<a name=\"v3-Ethnicity-2172-5\"> </a></td><td>Peruvian</td><td/><td>15870</td><td>active</td></tr><tr><td>3</td><td style=\"white-space:nowrap\">\u00a0\u00a0\u00a0\u00a02173-3<a name=\"v3-Ethnicity-2173-3\"> </a></td><td>Uruguayan</td><td/><td>15871</td><td>active</td></tr><tr><td>3</td><td style=\"white-space:nowrap\">\u00a0\u00a0\u00a0\u00a02174-1<a name=\"v3-Ethnicity-2174-1\"> </a></td><td>Venezuelan</td><td/><td>15872</td><td>active</td></tr><tr><td>3</td><td style=\"white-space:nowrap\">\u00a0\u00a0\u00a0\u00a02175-8<a name=\"v3-Ethnicity-2175-8\"> </a></td><td>South American Indian</td><td/><td>15873</td><td>active</td></tr><tr><td>3</td><td style=\"white-space:nowrap\">\u00a0\u00a0\u00a0\u00a02176-6<a name=\"v3-Ethnicity-2176-6\"> </a></td><td>Criollo</td><td/><td>15874</td><td>active</td></tr><tr><td>2</td><td style=\"white-space:nowrap\">\u00a0\u00a02178-2<a name=\"v3-Ethnicity-2178-2\"> </a></td><td>Latin American</td><td/><td>15875</td><td>active</td></tr><tr><td>2</td><td style=\"white-space:nowrap\">\u00a0\u00a02180-8<a name=\"v3-Ethnicity-2180-8\"> </a></td><td>Puerto Rican</td><td/><td>15876</td><td>active</td></tr><tr><td>2</td><td style=\"white-space:nowrap\">\u00a0\u00a02182-4<a name=\"v3-Ethnicity-2182-4\"> </a></td><td>Cuban</td><td/><td>15877</td><td>active</td></tr><tr><td>2</td><td style=\"white-space:nowrap\">\u00a0\u00a02184-0<a name=\"v3-Ethnicity-2184-0\"> </a></td><td>Dominican</td><td/><td>15878</td><td>active</td></tr><tr><td>1</td><td style=\"white-space:nowrap\">2186-5<a name=\"v3-Ethnicity-2186-5\"> </a></td><td>Not Hispanic or Latino</td><td>Note that this term remains in the table for completeness, even though within HL7, the notion of &quot;not otherwise coded&quot; term is deprecated.</td><td>15879</td><td>active</td></tr></table></div>"},"url":"http://terminology.hl7.org/CodeSystem/v3-Ethnicity","identifier":[{"system":"urn:ietf:rfc:3986","value":"urn:oid:2.16.840.1.113883.5.50"}],"version":"0.1.0","name":"Ethnicity","title":"Ethnicity","status":"active","experimental":false,"date":"2022-01-30","publisher":"SatuSehat","contact":[{"name":"SatuSehat","telecom":[{"system":"url","value":"https://satusehat.kemkes.go.id/"},{"system":"email","value":"fhir@dto.kemkes.go.id"}]}],"description":"**Deprecation Information:** Deprecated due to UP-265. This code system in NOT the acknowledged source of truth for Ethnicity concepts and codes. It should no longer be used. https://terminology.hl7.org/CodeSystem-CDCREC.html should be used in its place. In the United States, federal standards for classifying data on ethnicity determine the categories used by federal agencies and exert a strong influence on categorization by state and local agencies and private sector organizations. The federal standards do not conceptually define ethnicity, and they recognize the absence of an anthropological or scientific basis for ethnicity classification. Instead, the federal standards acknowledge that ethnicity is a social-political construct in which an individual's own identification with a particular ethnicity is preferred to observer identification. The standards specify two minimum ethnicity categories: Hispanic or Latino, and Not Hispanic or Latino. The standards define a Hispanic or Latino as a person of \"Mexican, Puerto Rican, Cuban, South or Central America, or other Spanish culture or origin, regardless of race.\" The standards stipulate that ethnicity data need not be limited to the two minimum categories, but any expansion must be collapsible to those categories. In addition, the standards stipulate that an individual can be Hispanic or Latino or can be Not Hispanic or Latino, but cannot be both.","copyright":"This material derives from the HL7 Terminology THO. THO is copyright ©1989+ Health Level Seven International and is made available under the CC0 designation. For more licensing information see: https://terminology.hl7.org/license","caseSensitive":true,"hierarchyMeaning":"is-a","content":"complete","property":[{"extension":[{"url":"http://terminology.hl7.org/StructureDefinition/ext-mif-relationship-symmetry","valueCode":"antisymmetric"},{"url":"http://terminology.hl7.org/StructureDefinition/ext-mif-relationship-transitivity","valueCode":"transitive"},{"url":"http://terminology.hl7.org/StructureDefinition/ext-mif-relationship-reflexivity","valueCode":"irreflexive"},{"url":"http://terminology.hl7.org/StructureDefinition/ext-mif-relationship-isNavigable","valueBoolean":true},{"url":"http://terminology.hl7.org/StructureDefinition/ext-mif-relationship-relationshipKind","valueCode":"Specializes"},{"url":"http://terminology.hl7.org/StructureDefinition/ext-mif-relationship-inverseName","valueString":"Generalizes"}],"code":"Specializes","description":"The child code is a more narrow version of the concept represented by the parent code.  I.e. Every child concept is also a valid parent concept.  Used to allow determination of subsumption.  Must be transitive, irreflexive, antisymmetric.","type":"Coding"},{"extension":[{"url":"http://terminology.hl7.org/StructureDefinition/ext-mif-relationship-symmetry","valueCode":"antisymmetric"},{"url":"http://terminology.hl7.org/StructureDefinition/ext-mif-relationship-transitivity","valueCode":"transitive"},{"url":"http://terminology.hl7.org/StructureDefinition/ext-mif-relationship-reflexivity","valueCode":"irreflexive"},{"url":"http://terminology.hl7.org/StructureDefinition/ext-mif-relationship-isNavigable","valueBoolean":true},{"url":"http://terminology.hl7.org/StructureDefinition/ext-mif-relationship-relationshipKind","valueCode":"Generalizes"},{"url":"http://terminology.hl7.org/StructureDefinition/ext-mif-relationship-inverseName","valueString":"Specializes"}],"code":"Generalizes","description":"Inverse of Specializes.  Only included as a derived relationship.","type":"Coding"},{"code":"internalId","uri":"http://terminology.hl7.org/CodeSystem/utg-concept-properties#v3-internal-id","description":"The internal identifier for the concept in the HL7 Access database repository.","type":"code"},{"code":"status","uri":"http://hl7.org/fhir/concept-properties#status","description":"Designation of a concept's state. Normally is not populated unless the state is retired.","type":"code"}],"concept":[{"code":"2135-2","display":"Hispanic or Latino","property":[{"code":"status","valueCode":"active"},{"code":"internalId","valueCode":"15837"}],"concept":[{"code":"2137-8","display":"Spaniard","property":[{"code":"status","valueCode":"active"},{"code":"internalId","valueCode":"15838"}],"concept":[{"code":"2138-6","display":"Andalusian","property":[{"code":"status","valueCode":"active"},{"code":"internalId","valueCode":"15839"}]},{"code":"2139-4","display":"Asturian","property":[{"code":"status","valueCode":"active"},{"code":"internalId","valueCode":"15840"}]},{"code":"2140-2","display":"Castillian","property":[{"code":"status","valueCode":"active"},{"code":"internalId","valueCode":"15841"}]},{"code":"2141-0","display":"Catalonian","property":[{"code":"status","valueCode":"active"},{"code":"internalId","valueCode":"15842"}]},{"code":"2142-8","display":"Belearic Islander","property":[{"code":"status","valueCode":"active"},{"code":"internalId","valueCode":"15843"}]},{"code":"2143-6","display":"Gallego","property":[{"code":"status","valueCode":"active"},{"code":"internalId","valueCode":"15844"}]},{"code":"2144-4","display":"Valencian","property":[{"code":"status","valueCode":"active"},{"code":"internalId","valueCode":"15845"}]},{"code":"2145-1","display":"Canarian","property":[{"code":"status","valueCode":"active"},{"code":"internalId","valueCode":"15846"}]},{"code":"2146-9","display":"Spanish Basque","property":[{"code":"status","valueCode":"active"},{"code":"internalId","valueCode":"15847"}]}]},{"code":"2148-5","display":"Mexican","property":[{"code":"status","valueCode":"active"},{"code":"internalId","valueCode":"15848"}],"concept":[{"code":"2149-3","display":"Mexican American","property":[{"code":"status","valueCode":"active"},{"code":"internalId","valueCode":"15849"}]},{"code":"2150-1","display":"Mexicano","property":[{"code":"status","valueCode":"active"},{"code":"internalId","valueCode":"15850"}]},{"code":"2151-9","display":"Chicano","property":[{"code":"status","valueCode":"active"},{"code":"internalId","valueCode":"15851"}]},{"code":"2152-7","display":"La Raza","property":[{"code":"status","valueCode":"active"},{"code":"internalId","valueCode":"15852"}]},{"code":"2153-5","display":"Mexican American Indian","property":[{"code":"status","valueCode":"active"},{"code":"internalId","valueCode":"15853"}]}]},{"code":"2155-0","display":"Central American","property":[{"code":"status","valueCode":"active"},{"code":"internalId","valueCode":"15854"}],"concept":[{"code":"2156-8","display":"Costa Rican","property":[{"code":"status","valueCode":"active"},{"code":"internalId","valueCode":"15855"}]},{"code":"2157-6","display":"Guatemalan","property":[{"code":"status","valueCode":"active"},{"code":"internalId","valueCode":"15856"}]},{"code":"2158-4","display":"Honduran","property":[{"code":"status","valueCode":"active"},{"code":"internalId","valueCode":"15857"}]},{"code":"2159-2","display":"Nicaraguan","property":[{"code":"status","valueCode":"active"},{"code":"internalId","valueCode":"15858"}]},{"code":"2160-0","display":"Panamanian","property":[{"code":"status","valueCode":"active"},{"code":"internalId","valueCode":"15859"}]},{"code":"2161-8","display":"Salvadoran","property":[{"code":"status","valueCode":"active"},{"code":"internalId","valueCode":"15860"}]},{"code":"2162-6","display":"Central American Indian","property":[{"code":"status","valueCode":"active"},{"code":"internalId","valueCode":"15861"}]},{"code":"2163-4","display":"Canal Zone","property":[{"code":"status","valueCode":"active"},{"code":"internalId","valueCode":"15862"}]}]},{"code":"2165-9","display":"South American","property":[{"code":"status","valueCode":"active"},{"code":"internalId","valueCode":"15863"}],"concept":[{"code":"2166-7","display":"Argentinean","property":[{"code":"status","valueCode":"active"},{"code":"internalId","valueCode":"15864"}]},{"code":"2167-5","display":"Bolivian","property":[{"code":"status","valueCode":"active"},{"code":"internalId","valueCode":"15865"}]},{"code":"2168-3","display":"Chilean","property":[{"code":"status","valueCode":"active"},{"code":"internalId","valueCode":"15866"}]},{"code":"2169-1","display":"Colombian","property":[{"code":"status","valueCode":"active"},{"code":"internalId","valueCode":"15867"}]},{"code":"2170-9","display":"Ecuadorian","property":[{"code":"status","valueCode":"active"},{"code":"internalId","valueCode":"15868"}]},{"code":"2171-7","display":"Paraguayan","property":[{"code":"status","valueCode":"active"},{"code":"internalId","valueCode":"15869"}]},{"code":"2172-5","display":"Peruvian","property":[{"code":"status","valueCode":"active"},{"code":"internalId","valueCode":"15870"}]},{"code":"2173-3","display":"Uruguayan","property":[{"code":"status","valueCode":"active"},{"code":"internalId","valueCode":"15871"}]},{"code":"2174-1","display":"Venezuelan","property":[{"code":"status","valueCode":"active"},{"code":"internalId","valueCode":"15872"}]},{"code":"2175-8","display":"South American Indian","property":[{"code":"status","valueCode":"active"},{"code":"internalId","valueCode":"15873"}]},{"code":"2176-6","display":"Criollo","property":[{"code":"status","valueCode":"active"},{"code":"internalId","valueCode":"15874"}]}]},{"code":"2178-2","display":"Latin American","property":[{"code":"status","valueCode":"active"},{"code":"internalId","valueCode":"15875"}]},{"code":"2180-8","display":"Puerto Rican","property":[{"code":"status","valueCode":"active"},{"code":"internalId","valueCode":"15876"}]},{"code":"2182-4","display":"Cuban","property":[{"code":"status","valueCode":"active"},{"code":"internalId","valueCode":"15877"}]},{"code":"2184-0","display":"Dominican","property":[{"code":"status","valueCode":"active"},{"code":"internalId","valueCode":"15878"}]}]},{"code":"2186-5","display":"Not Hispanic or Latino","definition":"Note that this term remains in the table for completeness, even though within HL7, the notion of \"not otherwise coded\" term is deprecated.","property":[{"code":"status","valueCode":"active"},{"code":"internalId","valueCode":"15879"}]}]}