{"resourceType":"CodeSystem","id":"KemkesPrevTBTreatment","meta":{"versionId":"2","lastUpdated":"2023-11-09T13:31:14.515+07:00"},"language":"Indonesia","text":{"status":"generated","div":"<div xmlns=\"http://www.w3.org/1999/xhtml\" xml:lang=\"Indonesia\" lang=\"Indonesia\"><p>This case-sensitive code system <code>http://terminology.kemkes.go.id/CodeSystem/prev-tb-treatment</code> defines the following codes in a Is-A hierarchy:</p><table class=\"codes\"><tr><td style=\"white-space:nowrap\"><b>Code</b></td><td><b>Display</b></td></tr><tr><td style=\"white-space:nowrap\">not-eval<a name=\"KemkesPrevTBTreatment-not-eval\"> </a></td><td>Pernah diobati tidak diketahui hasilnya</td></tr><tr><td style=\"white-space:nowrap\">non-standard-treatment<a name=\"KemkesPrevTBTreatment-non-standard-treatment\"> </a></td><td>Pasien TB yang mempunyai riwayat pengobatan TB yang tidak standar</td></tr><tr><td style=\"white-space:nowrap\">treatment-non-conversion-1<a name=\"KemkesPrevTBTreatment-treatment-non-conversion-1\"> </a></td><td>Pasien TB pengobatan kategori 1 yang tidak konversi</td></tr><tr><td style=\"white-space:nowrap\">history-of-close-contact-with-TB-DR<a name=\"KemkesPrevTBTreatment-history-of-close-contact-with-TB-DR\"> </a></td><td>Terduga TB yang mempunyai riwayat kontak erat dengan pasien TB RO</td></tr><tr><td style=\"white-space:nowrap\">TB-DR-relapse<a name=\"KemkesPrevTBTreatment-TB-DR-relapse\"> </a></td><td>Pasien TB RO kasus kambuh</td></tr><tr><td style=\"white-space:nowrap\">TB-DR-returns<a name=\"KemkesPrevTBTreatment-TB-DR-returns\"> </a></td><td>Pasien TB RO yang kembali setelah putus berobat</td></tr><tr><td style=\"white-space:nowrap\">treatment-non-conversion-2<a name=\"KemkesPrevTBTreatment-treatment-non-conversion-2\"> </a></td><td>Pasien TB pengobatan kategori 2 yang tidak konversi setelah 3 bulan pengobatan</td></tr><tr><td style=\"white-space:nowrap\">co-infected-TBHIV<a name=\"KemkesPrevTBTreatment-co-infected-TBHIV\"> </a></td><td>Pasien ko-infeksi TB-HIV yang tidak respons secara klinis maupun bakteriologis terhadap pemberian OAT</td></tr></table></div>"},"url":"http://terminology.kemkes.go.id/CodeSystem/prev-tb-treatment","version":"0.1.0","name":"KemkesPrevTBTreatment","title":"Terminology Kemkes prev-tb-treatment CodeSystem","status":"active","experimental":false,"date":"2024-02-05T00:00:00.000Z","publisher":"SatuSehat","contact":[{"name":"SatuSehat","telecom":[{"system":"url","value":"https://satusehat.kemkes.go.id/"},{"system":"email","value":"fhir@dto.kemkes.go.id"}]}],"description":"Terminology Kemkes prev-tb-treatment CodeSystem","caseSensitive":true,"valueSet":"http://terminology.kemkes.go.id/ValueSet/prev-tb-treatment","hierarchyMeaning":"is-a","compositional":false,"versionNeeded":true,"content":"complete","count":8,"concept":[{"code":"not-eval","display":"Pernah diobati tidak diketahui hasilnya"},{"code":"non-standard-treatment","display":"Pasien TB yang mempunyai riwayat pengobatan TB yang tidak standar"},{"code":"treatment-non-conversion-1","display":"Pasien TB pengobatan kategori 1 yang tidak konversi"},{"code":"history-of-close-contact-with-TB-DR","display":"Terduga TB yang mempunyai riwayat kontak erat dengan pasien TB RO"},{"code":"TB-DR-relapse","display":"Pasien TB RO kasus kambuh"},{"code":"TB-DR-returns","display":"Pasien TB RO yang kembali setelah putus berobat"},{"code":"treatment-non-conversion-2","display":"Pasien TB pengobatan kategori 2 yang tidak konversi setelah 3 bulan pengobatan"},{"code":"co-infected-TBHIV","display":"Pasien ko-infeksi TB-HIV yang tidak respons secara klinis maupun bakteriologis terhadap pemberian OAT"}]}