{"resourceType":"CodeSystem","id":"icpc2E-DUT","text":{"status":"generated","div":"<div xmlns=\"http://www.w3.org/1999/xhtml\"><p>This case-sensitive code system <code>http://terminology.hl7.org/CodeSystem/icpc2E-DUT</code> defines codes, but no codes are represented here</p></div>"},"url":"http://terminology.hl7.org/CodeSystem/icpc2E-DUT","identifier":[{"system":"urn:ietf:rfc:3986","value":"urn:oid:2.16.840.1.113883.6.139.2"}],"version":"0.1.0","name":"Icpc2EDUT","title":"ICPC2E, Dutch Translation","status":"retired","experimental":false,"date":"2021-11-09T10:00:00+10:00","publisher":"SatuSehat","contact":[{"name":"SatuSehat","telecom":[{"system":"url","value":"https://satusehat.kemkes.go.id/"},{"system":"email","value":"fhir@dto.kemkes.go.id"}]}],"description":"Hirs, W., H.W. Becker, C. van Boven, S.K. Oskam, I.M. Okkes, H. Lamberts. International Classification of Primary Care 2E: 2nd ed. electronic. Dutch Translation. Amsterdam: Department of General Practice, Academic Medical Center/University of Amsterdam, D","caseSensitive":true,"content":"not-present"}