{"resourceType":"CodeSystem","id":"ex-coverage-financial-exception","meta":{"lastUpdated":"2020-04-09T21:10:28.568+00:00","profile":["http://hl7.org/fhir/StructureDefinition/shareablecodesystem"]},"text":{"status":"generated","div":"<div xmlns=\"http://www.w3.org/1999/xhtml\"><p>This case-sensitive code system <code>http://terminology.hl7.org/CodeSystem/ex-coverage-financial-exception</code> defines the following codes:</p><table class=\"codes\"><tr><td style=\"white-space:nowrap\"><b>Code</b></td><td><b>Display</b></td><td><b>Definition</b></td></tr><tr><td style=\"white-space:nowrap\">retired<a name=\"ex-coverage-financial-exception-retired\"> </a></td><td>Retired</td><td>Retired persons have all copays and deductibles reduced.</td></tr><tr><td style=\"white-space:nowrap\">foster<a name=\"ex-coverage-financial-exception-foster\"> </a></td><td>Foster child</td><td>Children in the foster care have all copays and deductibles waived.</td></tr></table></div>"},"extension":[{"url":"http://hl7.org/fhir/StructureDefinition/structuredefinition-wg","valueCode":"fm"},{"url":"http://hl7.org/fhir/StructureDefinition/structuredefinition-fmm","valueInteger":1}],"url":"http://terminology.hl7.org/CodeSystem/ex-coverage-financial-exception","identifier":[{"system":"urn:ietf:rfc:3986","value":"urn:oid:2.16.840.1.113883.4.642.1.1329"}],"version":"0.1.0","name":"ExampleCoverageFinancialExceptionCodes","title":"Example Coverage Financial Exception Codes","status":"draft","experimental":false,"date":"2024-03-09T14:36:19-07:00","publisher":"SatuSehat","contact":[{"name":"SatuSehat","telecom":[{"system":"url","value":"https://satusehat.kemkes.go.id/"},{"system":"email","value":"fhir@dto.kemkes.go.id"}]}],"description":"This value set includes Example Coverage Financial Exception Codes.","copyright":"This material derives from the HL7 Terminology (THO). THO is copyright ©1989+ Health Level Seven International and is made available under the CC0 designation. For more licensing information see: https://terminology.hl7.org/license","caseSensitive":true,"valueSet":"http://terminology.hl7.org/ValueSet/coverage-financial-exception","content":"complete","concept":[{"code":"retired","display":"Retired","definition":"Retired persons have all copays and deductibles reduced."},{"code":"foster","display":"Foster child","definition":"Children in the foster care have all copays and deductibles waived."}]}