{"resourceType":"CodeSystem","id":"PHIndustryCDCCensus2010","text":{"status":"generated","div":"<div xmlns=\"http://www.w3.org/1999/xhtml\"><p>This case-sensitive code system <code>http://terminology.hl7.org/CodeSystem/PHIndustryCDCCensus2010</code> defines codes, but no codes are represented here</p></div>"},"url":"http://terminology.hl7.org/CodeSystem/PHIndustryCDCCensus2010","identifier":[{"system":"urn:ietf:rfc:3986","value":"urn:oid:2.16.840.1.114222.4.5.315"}],"version":"0.1.0","name":"PHIndustryCDCCensus2010","title":"Industry CDC Census 2010","status":"active","experimental":false,"date":"2019-03-20T00:00:00-04:00","publisher":"SatuSehat","contact":[{"name":"SatuSehat","telecom":[{"system":"url","value":"https://satusehat.kemkes.go.id/"},{"system":"email","value":"fhir@dto.kemkes.go.id"}]}],"description":"2010 Industry coding system used by CDC (NIOSH and NCHS) for coding industry text. Industry describes an economic/business sector comprised of businesses/ enterprises concerned with the output of a specified category of products or services.","caseSensitive":true,"content":"not-present"}