{"resourceType":"CodeSystem","id":"KemkesSmallestLogisticUnit","meta":{"versionId":"2","lastUpdated":"2023-11-09T13:31:14.515+07:00"},"language":"Indonesia","text":{"status":"generated","div":"<div xmlns=\"http://www.w3.org/1999/xhtml\" xml:lang=\"Indonesia\" lang=\"Indonesia\"><p>This case-sensitive code system <code>http://terminology.kemkes.go.id/CodeSystem/smallest-logistic-unit</code> defines the following codes in a Is-A heirarchy:</p><table class=\"codes\"><tr><td style=\"white-space:nowrap\"><b>Code</b></td><td><b>Display</b></td></tr><tr><td style=\"white-space:nowrap\">MRD000001<a name=\"KemkesSmallestLogisticUnit-MRD000001\"> </a></td><td>Botol Plastik</td></tr><tr><td style=\"white-space:nowrap\">MRD000002<a name=\"KemkesSmallestLogisticUnit-MRD000002\"> </a></td><td>Flexy Bag</td></tr><tr><td style=\"white-space:nowrap\">MRD000003<a name=\"KemkesSmallestLogisticUnit-MRD000003\"> </a></td><td>Ovula</td></tr><tr><td style=\"white-space:nowrap\">MRD000004<a name=\"KemkesSmallestLogisticUnit-MRD000004\"> </a></td><td>Pasang</td></tr><tr><td style=\"white-space:nowrap\">MRD000005<a name=\"KemkesSmallestLogisticUnit-MRD000005\"> </a></td><td>Pieces</td></tr><tr><td style=\"white-space:nowrap\">MRD000006<a name=\"KemkesSmallestLogisticUnit-MRD000006\"> </a></td><td>Pot</td></tr><tr><td style=\"white-space:nowrap\">MRD000007<a name=\"KemkesSmallestLogisticUnit-MRD000007\"> </a></td><td>Prefilled pen</td></tr><tr><td style=\"white-space:nowrap\">MRD000008<a name=\"KemkesSmallestLogisticUnit-MRD000008\"> </a></td><td>Prefilled Syringe</td></tr><tr><td style=\"white-space:nowrap\">MRD000009<a name=\"KemkesSmallestLogisticUnit-MRD000009\"> </a></td><td>Respules</td></tr><tr><td style=\"white-space:nowrap\">MRD000010<a name=\"KemkesSmallestLogisticUnit-MRD000010\"> </a></td><td>Set</td></tr><tr><td style=\"white-space:nowrap\">MRD000011<a name=\"KemkesSmallestLogisticUnit-MRD000011\"> </a></td><td>Turbuhaler</td></tr><tr><td style=\"white-space:nowrap\">MRD000012<a name=\"KemkesSmallestLogisticUnit-MRD000012\"> </a></td><td>Vial + Ampul Pelarut</td></tr><tr><td style=\"white-space:nowrap\">MRD000013<a name=\"KemkesSmallestLogisticUnit-MRD000013\"> </a></td><td>Vial + Prefilled Syringe</td></tr><tr><td style=\"white-space:nowrap\">MRD000014<a name=\"KemkesSmallestLogisticUnit-MRD000014\"> </a></td><td>Blister + Inhaler</td></tr></table></div>"},"url":"http://terminology.kemkes.go.id/CodeSystem/smallest-logistic-unit","version":"0.1.0","name":"KemkesSmallestLogisticUnit","title":"Terminology Kemkes smallest logistic unit CodeSystem","status":"active","experimental":false,"date":"2024-02-05T00:00:00.000Z","publisher":"Thomas Chaidir","contact":[{"name":"Thomas Chaidir","telecom":[{"system":"url","value":"https://satusehat.kemkes.go.id/"}]}],"description":"Terminology Kemkes smallest logistic unit CodeSystem","caseSensitive":true,"valueSet":"http://terminology.kemkes.go.id/ValueSet/smallest-logistic-unit","hierarchyMeaning":"is-a","compositional":false,"versionNeeded":true,"content":"complete","count":14,"concept":[{"code":"MRD000001","display":"Botol Plastik"},{"code":"MRD000002","display":"Flexy Bag"},{"code":"MRD000003","display":"Ovula"},{"code":"MRD000004","display":"Pasang"},{"code":"MRD000005","display":"Pieces"},{"code":"MRD000006","display":"Pot"},{"code":"MRD000007","display":"Prefilled pen"},{"code":"MRD000008","display":"Prefilled Syringe"},{"code":"MRD000009","display":"Respules"},{"code":"MRD000010","display":"Set"},{"code":"MRD000011","display":"Turbuhaler"},{"code":"MRD000012","display":"Vial + Ampul Pelarut"},{"code":"MRD000013","display":"Vial + Prefilled Syringe"},{"code":"MRD000014","display":"Blister + Inhaler"}]}