{"resourceType":"CodeSystem","id":"v3-EntityNamePartQualifierR2","language":"en","text":{"status":"generated","div":"<div xml:lang=\"en\" xmlns=\"http://www.w3.org/1999/xhtml\" lang=\"en\"><p><b>Properties</b></p><p><b>This code system  defines the following properties for its concepts</b></p><table class=\"grid\"><tr><td><b>Code</b></td><td><b>URI</b></td><td><b>Type</b></td><td><b>Description</b></td></tr><tr><td>Specializes</td><td/><td>Coding</td><td>The child code is a more narrow version of the concept represented by the parent code.  I.e. Every child concept is also a valid parent concept.  Used to allow determination of subsumption.  Must be transitive, irreflexive, antisymmetric.</td></tr><tr><td>Generalizes</td><td/><td>Coding</td><td>Inverse of Specializes.  Only included as a derived relationship.</td></tr><tr><td>internalId</td><td>http://terminology.hl7.org/CodeSystem/utg-concept-properties#v3-internal-id</td><td>code</td><td>The internal identifier for the concept in the HL7 Access database repository.</td></tr><tr><td>status</td><td>http://hl7.org/fhir/concept-properties#status</td><td>code</td><td>Designation of a concept's state. Normally is not populated unless the state is retired.</td></tr><tr><td>HL7usageNotes</td><td>http://terminology.hl7.org/CodeSystem/utg-concept-properties#HL7usageNotes</td><td>string</td><td>HL7 Concept Usage Notes</td></tr><tr><td>notSelectable</td><td>http://hl7.org/fhir/concept-properties#notSelectable</td><td>boolean</td><td>Indicates that the code is abstract - only intended to be used as a selector for other concepts</td></tr><tr><td>synonymCode</td><td>http://hl7.org/fhir/concept-properties#synonym</td><td>code</td><td>An additional concept code that was also attributed to a concept</td></tr></table><p><b>Concepts</b></p><p>This case-sensitive code system <code>http://terminology.hl7.org/CodeSystem/v3-EntityNamePartQualifierR2</code> defines the following codes in a Is-A heirarchy:</p><table class=\"codes\"><tr><td><b>Lvl</b></td><td style=\"white-space:nowrap\"><b>Code</b></td><td><b>Display</b></td><td><b>Definition</b></td><td><b>internalId</b></td><td><b>status</b></td><td><b>HL7 Concept Usage Notes</b></td><td><b>Not Selectable</b></td><td><b>synonymCode</b></td></tr><tr><td>1</td><td style=\"white-space:nowrap\">AD<a name=\"v3-EntityNamePartQualifierR2-AD\"> </a></td><td>acquired</td><td><div><p>**Description:**A name part a person acquired. The name part may be acquired by adoption, or the person may have chosen to use the name part for some other reason.</p>\n<p><strong>Note:</strong> this differs from an Other/Psuedonym/Alias in that an acquired name part is acquired on a formal basis rather than an informal one (e.g. registered as part of the official name).</p>\n</div></td><td>22791</td><td>active</td><td/><td/><td/></tr><tr><td>2</td><td style=\"white-space:nowrap\">\u00a0\u00a0SP<a name=\"v3-EntityNamePartQualifierR2-SP\"> </a></td><td>spouse</td><td><div><p>**Description:**The name assumed from the partner in a marital relationship. Usually the spouse's family name. Note that no inference about gender can be made from the existence of spouse names.</p>\n</div></td><td>22792</td><td>active</td><td/><td/><td/></tr><tr><td>1</td><td style=\"white-space:nowrap\">BR<a name=\"v3-EntityNamePartQualifierR2-BR\"> </a></td><td>birth</td><td><div><p>**Description:**A name that a person was given at birth or established as a consequence of adoption.</p>\n<p><strong>Note:</strong> This is not used for temporary names assigned at birth such as &quot;Baby of Smith&quot; a&quot; which is just a name with a use code of &quot;TEMP&quot;.</p>\n</div></td><td>22790</td><td>active</td><td/><td/><td/></tr><tr><td>1</td><td style=\"white-space:nowrap\">CL<a name=\"v3-EntityNamePartQualifierR2-CL\"> </a></td><td>callme</td><td><div><p>**Description:**Used to indicate which of the various name parts is used when interacting with the person.</p>\n</div></td><td>22794</td><td>active</td><td/><td/><td/></tr><tr><td>1</td><td style=\"white-space:nowrap\">IN<a name=\"v3-EntityNamePartQualifierR2-IN\"> </a></td><td>initial</td><td><div><p>**Description:**Indicates that a name part is just an initial. Initials do not imply a trailing period since this would not work with non-Latin scripts. In some languages, initials may consist of more than one letter, e.g., &quot;Ph&quot; could stand for &quot;Philippe&quot; or &quot;Th&quot; For &quot;Thomas&quot;.</p>\n</div></td><td>22795</td><td>active</td><td/><td/><td/></tr><tr><td>1</td><td style=\"white-space:nowrap\">LS<a name=\"v3-EntityNamePartQualifierR2-LS\"> </a></td><td>legal status</td><td><div><p>**Description:**For organizations a suffix indicating the legal status, e.g., &quot;Inc.&quot;, &quot;Co.&quot;, &quot;AG&quot;, &quot;GmbH&quot;, &quot;B.V.&quot; &quot;S.A.&quot;, &quot;Ltd.&quot; etc.</p>\n</div></td><td>22789</td><td>active</td><td/><td/><td/></tr><tr><td>1</td><td style=\"white-space:nowrap\">MID<a name=\"v3-EntityNamePartQualifierR2-MID\"> </a></td><td>middle name</td><td><div><p>**Description:**Indicates that the name part is a middle name.</p>\n<p><strong>Usage Notes:</strong> In general, the english &quot;middle name&quot; concept is all of the given names after the first. This qualifier may be used to explicitly indicate which given names are considered to be middle names. The middle name qualifier may also be used with family names. This is a Scandinavian use case, matching the concept of &quot;mellomnavn&quot;,&quot;mellannamn&quot;. Note that there are specific rules that indicate what names may be taken as a mellannamn in different Scandinavian countries.</p>\n</div></td><td>22793</td><td>active</td><td>In general, the english &quot;middle name&quot; concept is all of the given names after the first. This qualifier may be used to explicitly indicate which given names are considered to be middle names. The middle name qualifier may also be used with family names. This is a Scandinavian use case, matching the concept of &quot;mellomnavn&quot;,&quot;mellannamn&quot;. Note that there are specific rules that indicate what names may be taken as a mellannamn in different Scandinavian countries.</td><td/><td/></tr><tr><td>1</td><td style=\"white-space:nowrap\">PFX<a name=\"v3-EntityNamePartQualifierR2-PFX\"> </a></td><td>prefix</td><td><div><p>**Description:**A prefix has a strong association to the immediately following name part. A prefix has no implicit trailing white space (it has implicit leading white space though).</p>\n</div></td><td>22796</td><td>active</td><td/><td/><td/></tr><tr><td>1</td><td style=\"white-space:nowrap\">PharmaceuticalEntityNamePartQualifiers<a name=\"v3-EntityNamePartQualifierR2-PharmaceuticalEntityNamePartQualifiers\"> </a></td><td>PharmaceuticalEntityNamePartQualifiers</td><td><div><p><strong>Description:</strong> Medication Name Parts are a means of specifying a range of acceptable &quot;official&quot; forms of the name of a product. They are used as patterns against which input name strings may be matched for automatic identification of products from input text reports. While they cover the concepts held under &quot;doseForm&quot; or &quot;route&quot; or &quot;strength&quot; the name parts are not the same and do not fit into a controlled vocabulary in the same way. By specifying up to 8 name parts a much larger range of possible names can be generated.</p>\n</div></td><td>22988</td><td>active</td><td/><td>true</td><td/></tr><tr><td>2</td><td style=\"white-space:nowrap\">\u00a0\u00a0CON<a name=\"v3-EntityNamePartQualifierR2-CON\"> </a></td><td>container name</td><td><div><p><strong>Description:</strong> This refers to the container if present in the medicinal product name.</p>\n<p>EXAMPLES:</p>\n<ul>\n<li>For Optaflu suspension for injection in pre-filled syringe Influenza vaccine (surface antigen, inactivated, prepared in cell culture) (2007/2008 season): pre-filled syringe</li>\n</ul>\n</div></td><td>22994</td><td>active</td><td/><td/><td/></tr><tr><td>2</td><td style=\"white-space:nowrap\">\u00a0\u00a0DEV<a name=\"v3-EntityNamePartQualifierR2-DEV\"> </a></td><td>device name</td><td><div><p><strong>Description:</strong> This refers to the qualifiers in the name for devices and is at the moment mainly applicable to insulins and inhalation products.</p>\n<p>EXAMPLES:</p>\n<ul>\n<li>For the medicinal product Actrapid FlexPen 100 IU/ml Solution for injection Subcutaneous use: FlexPen.</li>\n</ul>\n</div></td><td>22995</td><td>active</td><td/><td/><td/></tr><tr><td>2</td><td style=\"white-space:nowrap\">\u00a0\u00a0FLAV<a name=\"v3-EntityNamePartQualifierR2-FLAV\"> </a></td><td>FlavorName</td><td><div><p><strong>Description:</strong> This refers to a flavor of the medicinal product if present in the medicinal product name.</p>\n<p><strong>Examples:</strong></p>\n<ul>\n<li>For 'CoughCure Linctus Orange Flavor', the flavor part is &quot;Orange&quot;</li>\n<li>For 'Wonderdrug Syrup Cherry Flavor', the flavor part is &quot;Cherry&quot;</li>\n</ul>\n</div></td><td>23318</td><td>active</td><td/><td/><td/></tr><tr><td>2</td><td style=\"white-space:nowrap\">\u00a0\u00a0FORMUL<a name=\"v3-EntityNamePartQualifierR2-FORMUL\"> </a></td><td>FormulationPartName</td><td><div><p><strong>Description:</strong> This refers to the formulation of the medicinal product if present in the medicinal product name.</p>\n<p><strong>Examples:</strong></p>\n<ul>\n<li>For 'SpecialMed Sugar Free Cough Syrup', the formulation name part is &quot;Sugar Free&quot;</li>\n<li>For 'QuickCure Gluten-free Bulk Fibre', the formulation name part is &quot;gluten-free&quot;</li>\n</ul>\n</div></td><td>23316</td><td>active</td><td/><td/><td/></tr><tr><td>2</td><td style=\"white-space:nowrap\">\u00a0\u00a0FRM<a name=\"v3-EntityNamePartQualifierR2-FRM\"> </a></td><td>form name</td><td><div><p><strong>Description:</strong> This refers to the pharmaceutical form/ if present in the medicinal product name.</p>\n<p>EXAMPLES:</p>\n<ul>\n<li>For Agenerase 50 mg soft capsules: Soft Capsules</li>\n<li>For Ludiomil 25mg-Filmtabletten: Filmtabletten</li>\n<li>For Optaflu suspension for injection in pre-filled syringe Influenza vaccine (surface antigen, inactivated, prepared in cell culture) (2007/2008 season): suspension for injection</li>\n</ul>\n</div></td><td>22992</td><td>active</td><td/><td/><td/></tr><tr><td>2</td><td style=\"white-space:nowrap\">\u00a0\u00a0INV<a name=\"v3-EntityNamePartQualifierR2-INV\"> </a></td><td>invented name</td><td><div><p><strong>Description:</strong> This refers to the product name without the trademark or the name of the marketing authorization holder or any other descriptor reflected in the product name and, if appropriate, whether it is intended e.g. for babies, children or adults.</p>\n<p>EXAMPLES:</p>\n<ul>\n<li>Agenerase</li>\n<li>Optaflu</li>\n<li>Ludiomil</li>\n</ul>\n</div></td><td>22989</td><td>active</td><td/><td/><td/></tr><tr><td>2</td><td style=\"white-space:nowrap\">\u00a0\u00a0POPUL<a name=\"v3-EntityNamePartQualifierR2-POPUL\"> </a></td><td>TargetPopulationName</td><td><div><p><strong>Description:</strong> This refers to the target population for the medicinal product if present in the medicinal product name</p>\n<p><strong>Examples:</strong></p>\n<ul>\n<li>For 'Broncho-Drug 3.5 mg-capsules for children', the target population part is &quot;children&quot;</li>\n<li>For 'Adult Chesty Cough Syrup', the target population part is &quot;adult&quot;</li>\n</ul>\n</div></td><td>23315</td><td>active</td><td/><td/><td/></tr><tr><td>2</td><td style=\"white-space:nowrap\">\u00a0\u00a0SCI<a name=\"v3-EntityNamePartQualifierR2-SCI\"> </a></td><td>scientific name</td><td><div><p><strong>Description:</strong> This refers to the product common or scientific name without the trademark or the name of the marketing authorization holder or any other descriptor reflected in the product name.</p>\n<p>EXAMPLES:</p>\n<ul>\n<li>For Agenerase: N/A</li>\n<li>For Optaflu: Influenza vaccine (surface antigen, inactivated, prepared in cell culture) (2007/2008 season)</li>\n<li>For Ludiomil: N/A</li>\n</ul>\n</div></td><td>22990</td><td>active</td><td/><td/><td/></tr><tr><td>2</td><td style=\"white-space:nowrap\">\u00a0\u00a0STR<a name=\"v3-EntityNamePartQualifierR2-STR\"> </a></td><td>strength name</td><td><div><p><strong>Description:</strong> This refers to the strength if present in the medicinal product name. The use of decimal points should be accommodated if required.</p>\n<p>EXAMPLES:</p>\n<ul>\n<li>For Agenerase 50 mg soft capsules: 50mg</li>\n<li>For Ludiomil 25mg-Filmtabletten: 25 mg</li>\n<li>For Optaflu suspension for injection in pre-filled syringe Influenza vaccine (surface antigen, inactivated, prepared in cell culture) (2007/2008 season): N/A</li>\n</ul>\n</div></td><td>22991</td><td>active</td><td/><td/><td/></tr><tr><td>2</td><td style=\"white-space:nowrap\">\u00a0\u00a0TIME<a name=\"v3-EntityNamePartQualifierR2-TIME\"> </a></td><td>TimeOrPeriodName</td><td><div><p><strong>Description:</strong> This refers to a time or time period that may be specified in the text of the medicinal product name</p>\n<p><strong>Example:</strong></p>\n<ul>\n<li>For an influenza vaccine 'Drug-FLU season 2008/2009', the time/period part is &quot;2008/2009 season&quot;</li>\n</ul>\n</div></td><td>23317</td><td>active</td><td/><td/><td/></tr><tr><td>2</td><td style=\"white-space:nowrap\">\u00a0\u00a0TMK<a name=\"v3-EntityNamePartQualifierR2-TMK\"> </a></td><td>trademark name</td><td><div><p><strong>Description:</strong> This refers to trademark/company element if present in the medicinal product name.</p>\n<p>EXAMPLES:</p>\n<ul>\n<li>for Insulin Human Winthrop Comb 15: Winthrop</li>\n</ul>\n</div></td><td>22996</td><td>active</td><td/><td/><td/></tr><tr><td>2</td><td style=\"white-space:nowrap\">\u00a0\u00a0USE<a name=\"v3-EntityNamePartQualifierR2-USE\"> </a></td><td>intended use name</td><td><div><p><strong>Description:</strong> This refers to the intended use if present in the medicinal product name without the trademark or the name of the marketing authorization holder or any other descriptor reflected in the product name.</p>\n<p><strong>Examples:</strong></p>\n<ul>\n<li>For 'Drug-BI Caplets - Heartburn Relief', the intended use part is: &quot;Heartburn Relief&quot;</li>\n<li>For 'Medicine Honey Syrup for Soothing Coughs' the intended use part is &quot;Soothing Coughs&quot;</li>\n</ul>\n</div></td><td>22993</td><td>active</td><td/><td/><td/></tr><tr><td>1</td><td style=\"white-space:nowrap\">SFX<a name=\"v3-EntityNamePartQualifierR2-SFX\"> </a></td><td>suffix</td><td><div><p>**Description:**A suffix has a strong association to the immediately preceding name part. A suffix has no implicit leading white space (it has implicit trailing white space though).</p>\n</div></td><td>22797</td><td>active</td><td/><td/><td/></tr><tr><td>1</td><td style=\"white-space:nowrap\">TitleStyles<a name=\"v3-EntityNamePartQualifierR2-TitleStyles\"> </a></td><td>TitleStyles</td><td><div><p>**Description:**Extra information about the style of a title</p>\n</div></td><td>22798</td><td>active</td><td/><td>true</td><td/></tr><tr><td>2</td><td style=\"white-space:nowrap\">\u00a0\u00a0AC<a name=\"v3-EntityNamePartQualifierR2-AC\"> </a></td><td>academic</td><td><div><p>**Description:**Indicates that a title like &quot;Dr.&quot;, &quot;M.D.&quot; or &quot;Ph.D.&quot; is an academic title.</p>\n</div></td><td>22799</td><td>active</td><td/><td/><td/></tr><tr><td>2</td><td style=\"white-space:nowrap\">\u00a0\u00a0HON<a name=\"v3-EntityNamePartQualifierR2-HON\"> </a></td><td>honorific</td><td><div><p>**Description:**A honorific such as &quot;The Right Honourable&quot; or &quot;Weledelgeleerde Heer&quot;.</p>\n</div></td><td>22802</td><td>active</td><td/><td/><td>HOM</td></tr><tr style=\"background-color: #ffeeee\"><td>2</td><td style=\"white-space:nowrap\">\u00a0\u00a0HOM<a name=\"v3-EntityNamePartQualifierR2-HOM\"> </a></td><td>honorific</td><td><div><p>**Description:**A honorific such as &quot;The Right Honourable&quot; or &quot;Weledelgeleerde Heer&quot;.</p>\n</div></td><td>22802</td><td>retired</td><td/><td/><td>HON</td></tr><tr><td>2</td><td style=\"white-space:nowrap\">\u00a0\u00a0NB<a name=\"v3-EntityNamePartQualifierR2-NB\"> </a></td><td>nobility</td><td><div><p>**Description:**A nobility title such as Sir, Count, Grafin.</p>\n</div></td><td>22801</td><td>active</td><td/><td/><td/></tr><tr><td>2</td><td style=\"white-space:nowrap\">\u00a0\u00a0PR<a name=\"v3-EntityNamePartQualifierR2-PR\"> </a></td><td>professional</td><td><div><p>**Description:**Primarily in the British Imperial culture people tend to have an abbreviation of their professional organization as part of their credential titles.</p>\n</div></td><td>22800</td><td>active</td><td/><td/><td/></tr></table></div>"},"url":"http://terminology.hl7.org/CodeSystem/v3-EntityNamePartQualifierR2","identifier":[{"system":"urn:ietf:rfc:3986","value":"urn:oid:2.16.840.1.113883.5.1122"}],"version":"0.1.0","name":"EntityNamePartQualifierR2","title":"EntityNamePartQualifierR2","status":"active","experimental":false,"date":"2019-03-20","publisher":"SatuSehat","contact":[{"name":"SatuSehat","telecom":[{"system":"url","value":"https://satusehat.kemkes.go.id/"},{"system":"email","value":"fhir@dto.kemkes.go.id"}]}],"description":"**Description:**The qualifier is a set of codes each of which specifies a certain subcategory of the name part in addition to the main name part type. For example, a given name may be flagged as a nickname, a family name may be a pseudonym or a name of public records.","copyright":"This material derives from the HL7 Terminology THO. THO is copyright ©1989+ Health Level Seven International and is made available under the CC0 designation. For more licensing information see: https://terminology.hl7.org/license","caseSensitive":true,"hierarchyMeaning":"is-a","content":"complete","property":[{"extension":[{"url":"http://terminology.hl7.org/StructureDefinition/ext-mif-relationship-symmetry","valueCode":"antisymmetric"},{"url":"http://terminology.hl7.org/StructureDefinition/ext-mif-relationship-transitivity","valueCode":"transitive"},{"url":"http://terminology.hl7.org/StructureDefinition/ext-mif-relationship-reflexivity","valueCode":"irreflexive"},{"url":"http://terminology.hl7.org/StructureDefinition/ext-mif-relationship-isNavigable","valueBoolean":true},{"url":"http://terminology.hl7.org/StructureDefinition/ext-mif-relationship-relationshipKind","valueCode":"Specializes"},{"url":"http://terminology.hl7.org/StructureDefinition/ext-mif-relationship-inverseName","valueString":"Generalizes"}],"code":"Specializes","description":"The child code is a more narrow version of the concept represented by the parent code.  I.e. Every child concept is also a valid parent concept.  Used to allow determination of subsumption.  Must be transitive, irreflexive, antisymmetric.","type":"Coding"},{"extension":[{"url":"http://terminology.hl7.org/StructureDefinition/ext-mif-relationship-symmetry","valueCode":"antisymmetric"},{"url":"http://terminology.hl7.org/StructureDefinition/ext-mif-relationship-transitivity","valueCode":"transitive"},{"url":"http://terminology.hl7.org/StructureDefinition/ext-mif-relationship-reflexivity","valueCode":"irreflexive"},{"url":"http://terminology.hl7.org/StructureDefinition/ext-mif-relationship-isNavigable","valueBoolean":true},{"url":"http://terminology.hl7.org/StructureDefinition/ext-mif-relationship-relationshipKind","valueCode":"Generalizes"},{"url":"http://terminology.hl7.org/StructureDefinition/ext-mif-relationship-inverseName","valueString":"Specializes"}],"code":"Generalizes","description":"Inverse of Specializes.  Only included as a derived relationship.","type":"Coding"},{"code":"internalId","uri":"http://terminology.hl7.org/CodeSystem/utg-concept-properties#v3-internal-id","description":"The internal identifier for the concept in the HL7 Access database repository.","type":"code"},{"code":"status","uri":"http://hl7.org/fhir/concept-properties#status","description":"Designation of a concept's state. Normally is not populated unless the state is retired.","type":"code"},{"code":"HL7usageNotes","uri":"http://terminology.hl7.org/CodeSystem/utg-concept-properties#HL7usageNotes","description":"HL7 Concept Usage Notes","type":"string"},{"code":"notSelectable","uri":"http://hl7.org/fhir/concept-properties#notSelectable","description":"Indicates that the code is abstract - only intended to be used as a selector for other concepts","type":"boolean"},{"code":"synonymCode","uri":"http://hl7.org/fhir/concept-properties#synonym","description":"An additional concept code that was also attributed to a concept","type":"code"}],"concept":[{"code":"AD","display":"acquired","definition":"**Description:**A name part a person acquired. The name part may be acquired by adoption, or the person may have chosen to use the name part for some other reason.\r\n\r\n**Note:** this differs from an Other/Psuedonym/Alias in that an acquired name part is acquired on a formal basis rather than an informal one (e.g. registered as part of the official name).","property":[{"code":"status","valueCode":"active"},{"code":"internalId","valueCode":"22791"}],"concept":[{"code":"SP","display":"spouse","definition":"**Description:**The name assumed from the partner in a marital relationship. Usually the spouse's family name. Note that no inference about gender can be made from the existence of spouse names.","property":[{"code":"status","valueCode":"active"},{"code":"internalId","valueCode":"22792"}]}]},{"code":"BR","display":"birth","definition":"**Description:**A name that a person was given at birth or established as a consequence of adoption.\r\n\r\n**Note:** This is not used for temporary names assigned at birth such as \"Baby of Smith\" a\" which is just a name with a use code of \"TEMP\".","property":[{"code":"status","valueCode":"active"},{"code":"internalId","valueCode":"22790"}]},{"code":"CL","display":"callme","definition":"**Description:**Used to indicate which of the various name parts is used when interacting with the person.","property":[{"code":"status","valueCode":"active"},{"code":"internalId","valueCode":"22794"}]},{"code":"IN","display":"initial","definition":"**Description:**Indicates that a name part is just an initial. Initials do not imply a trailing period since this would not work with non-Latin scripts. In some languages, initials may consist of more than one letter, e.g., \"Ph\" could stand for \"Philippe\" or \"Th\" For \"Thomas\".","property":[{"code":"status","valueCode":"active"},{"code":"internalId","valueCode":"22795"}]},{"code":"LS","display":"legal status","definition":"**Description:**For organizations a suffix indicating the legal status, e.g., \"Inc.\", \"Co.\", \"AG\", \"GmbH\", \"B.V.\" \"S.A.\", \"Ltd.\" etc.","property":[{"code":"status","valueCode":"active"},{"code":"internalId","valueCode":"22789"}]},{"code":"MID","display":"middle name","definition":"**Description:**Indicates that the name part is a middle name.\r\n\r\n**Usage Notes:** In general, the english \"middle name\" concept is all of the given names after the first. This qualifier may be used to explicitly indicate which given names are considered to be middle names. The middle name qualifier may also be used with family names. This is a Scandinavian use case, matching the concept of \"mellomnavn\",\"mellannamn\". Note that there are specific rules that indicate what names may be taken as a mellannamn in different Scandinavian countries.","property":[{"code":"status","valueCode":"active"},{"code":"HL7usageNotes","valueString":"In general, the english \"middle name\" concept is all of the given names after the first. This qualifier may be used to explicitly indicate which given names are considered to be middle names. The middle name qualifier may also be used with family names. This is a Scandinavian use case, matching the concept of \"mellomnavn\",\"mellannamn\". Note that there are specific rules that indicate what names may be taken as a mellannamn in different Scandinavian countries."},{"code":"internalId","valueCode":"22793"}]},{"code":"PFX","display":"prefix","definition":"**Description:**A prefix has a strong association to the immediately following name part. A prefix has no implicit trailing white space (it has implicit leading white space though).","property":[{"code":"status","valueCode":"active"},{"code":"internalId","valueCode":"22796"}]},{"code":"PharmaceuticalEntityNamePartQualifiers","display":"PharmaceuticalEntityNamePartQualifiers","definition":"**Description:** Medication Name Parts are a means of specifying a range of acceptable \"official\" forms of the name of a product. They are used as patterns against which input name strings may be matched for automatic identification of products from input text reports. While they cover the concepts held under \"doseForm\" or \"route\" or \"strength\" the name parts are not the same and do not fit into a controlled vocabulary in the same way. By specifying up to 8 name parts a much larger range of possible names can be generated.","property":[{"code":"notSelectable","valueBoolean":true},{"code":"status","valueCode":"active"},{"code":"internalId","valueCode":"22988"}],"concept":[{"code":"CON","display":"container name","definition":"**Description:** This refers to the container if present in the medicinal product name.\r\n\r\nEXAMPLES:\r\n\r\n *  For Optaflu suspension for injection in pre-filled syringe Influenza vaccine (surface antigen, inactivated, prepared in cell culture) (2007/2008 season): pre-filled syringe","property":[{"code":"status","valueCode":"active"},{"code":"internalId","valueCode":"22994"}]},{"code":"DEV","display":"device name","definition":"**Description:** This refers to the qualifiers in the name for devices and is at the moment mainly applicable to insulins and inhalation products.\r\n\r\nEXAMPLES:\r\n\r\n *  For the medicinal product Actrapid FlexPen 100 IU/ml Solution for injection Subcutaneous use: FlexPen.","property":[{"code":"status","valueCode":"active"},{"code":"internalId","valueCode":"22995"}]},{"code":"FLAV","display":"FlavorName","definition":"**Description:** This refers to a flavor of the medicinal product if present in the medicinal product name.\r\n\r\n**Examples:**\r\n\r\n *  For 'CoughCure Linctus Orange Flavor', the flavor part is \"Orange\"\r\n *  For 'Wonderdrug Syrup Cherry Flavor', the flavor part is \"Cherry\"","property":[{"code":"status","valueCode":"active"},{"code":"internalId","valueCode":"23318"}]},{"code":"FORMUL","display":"FormulationPartName","definition":"**Description:** This refers to the formulation of the medicinal product if present in the medicinal product name.\r\n\r\n**Examples:**\r\n\r\n *  For 'SpecialMed Sugar Free Cough Syrup', the formulation name part is \"Sugar Free\"\r\n *  For 'QuickCure Gluten-free Bulk Fibre', the formulation name part is \"gluten-free\"","property":[{"code":"status","valueCode":"active"},{"code":"internalId","valueCode":"23316"}]},{"code":"FRM","display":"form name","definition":"**Description:** This refers to the pharmaceutical form/ if present in the medicinal product name.\r\n\r\nEXAMPLES:\r\n\r\n *  For Agenerase 50 mg soft capsules: Soft Capsules\r\n *  For Ludiomil 25mg-Filmtabletten: Filmtabletten\r\n *  For Optaflu suspension for injection in pre-filled syringe Influenza vaccine (surface antigen, inactivated, prepared in cell culture) (2007/2008 season): suspension for injection","property":[{"code":"status","valueCode":"active"},{"code":"internalId","valueCode":"22992"}]},{"code":"INV","display":"invented name","definition":"**Description:** This refers to the product name without the trademark or the name of the marketing authorization holder or any other descriptor reflected in the product name and, if appropriate, whether it is intended e.g. for babies, children or adults.\r\n\r\nEXAMPLES:\r\n\r\n *  Agenerase\r\n *  Optaflu\r\n *  Ludiomil","property":[{"code":"status","valueCode":"active"},{"code":"internalId","valueCode":"22989"}]},{"code":"POPUL","display":"TargetPopulationName","definition":"**Description:** This refers to the target population for the medicinal product if present in the medicinal product name\r\n\r\n**Examples:**\r\n\r\n *  For 'Broncho-Drug 3.5 mg-capsules for children', the target population part is \"children\"\r\n *  For 'Adult Chesty Cough Syrup', the target population part is \"adult\"","property":[{"code":"status","valueCode":"active"},{"code":"internalId","valueCode":"23315"}]},{"code":"SCI","display":"scientific name","definition":"**Description:** This refers to the product common or scientific name without the trademark or the name of the marketing authorization holder or any other descriptor reflected in the product name.\r\n\r\nEXAMPLES:\r\n\r\n *  For Agenerase: N/A\r\n *  For Optaflu: Influenza vaccine (surface antigen, inactivated, prepared in cell culture) (2007/2008 season)\r\n *  For Ludiomil: N/A","property":[{"code":"status","valueCode":"active"},{"code":"internalId","valueCode":"22990"}]},{"code":"STR","display":"strength name","definition":"**Description:** This refers to the strength if present in the medicinal product name. The use of decimal points should be accommodated if required.\r\n\r\nEXAMPLES:\r\n\r\n *  For Agenerase 50 mg soft capsules: 50mg\r\n *  For Ludiomil 25mg-Filmtabletten: 25 mg\r\n *  For Optaflu suspension for injection in pre-filled syringe Influenza vaccine (surface antigen, inactivated, prepared in cell culture) (2007/2008 season): N/A","property":[{"code":"status","valueCode":"active"},{"code":"internalId","valueCode":"22991"}]},{"code":"TIME","display":"TimeOrPeriodName","definition":"**Description:** This refers to a time or time period that may be specified in the text of the medicinal product name\r\n\r\n**Example:**\r\n\r\n *  For an influenza vaccine 'Drug-FLU season 2008/2009', the time/period part is \"2008/2009 season\"","property":[{"code":"status","valueCode":"active"},{"code":"internalId","valueCode":"23317"}]},{"code":"TMK","display":"trademark name","definition":"**Description:** This refers to trademark/company element if present in the medicinal product name.\r\n\r\nEXAMPLES:\r\n\r\n *  for Insulin Human Winthrop Comb 15: Winthrop","property":[{"code":"status","valueCode":"active"},{"code":"internalId","valueCode":"22996"}]},{"code":"USE","display":"intended use name","definition":"**Description:** This refers to the intended use if present in the medicinal product name without the trademark or the name of the marketing authorization holder or any other descriptor reflected in the product name.\r\n\r\n**Examples:**\r\n\r\n *  For 'Drug-BI Caplets - Heartburn Relief', the intended use part is: \"Heartburn Relief\"\r\n *  For 'Medicine Honey Syrup for Soothing Coughs' the intended use part is \"Soothing Coughs\"","property":[{"code":"status","valueCode":"active"},{"code":"internalId","valueCode":"22993"}]}]},{"code":"SFX","display":"suffix","definition":"**Description:**A suffix has a strong association to the immediately preceding name part. A suffix has no implicit leading white space (it has implicit trailing white space though).","property":[{"code":"status","valueCode":"active"},{"code":"internalId","valueCode":"22797"}]},{"code":"TitleStyles","display":"TitleStyles","definition":"**Description:**Extra information about the style of a title","property":[{"code":"notSelectable","valueBoolean":true},{"code":"status","valueCode":"active"},{"code":"internalId","valueCode":"22798"}],"concept":[{"code":"AC","display":"academic","definition":"**Description:**Indicates that a title like \"Dr.\", \"M.D.\" or \"Ph.D.\" is an academic title.","property":[{"code":"status","valueCode":"active"},{"code":"internalId","valueCode":"22799"}]},{"code":"HON","display":"honorific","definition":"**Description:**A honorific such as \"The Right Honourable\" or \"Weledelgeleerde Heer\".","property":[{"code":"status","valueCode":"active"},{"code":"synonymCode","valueCode":"HOM"},{"code":"internalId","valueCode":"22802"}]},{"code":"HOM","display":"honorific","definition":"**Description:**A honorific such as \"The Right Honourable\" or \"Weledelgeleerde Heer\".","property":[{"code":"status","valueCode":"retired"},{"code":"synonymCode","valueCode":"HON"},{"code":"internalId","valueCode":"22802"}]},{"code":"NB","display":"nobility","definition":"**Description:**A nobility title such as Sir, Count, Grafin.","property":[{"code":"status","valueCode":"active"},{"code":"internalId","valueCode":"22801"}]},{"code":"PR","display":"professional","definition":"**Description:**Primarily in the British Imperial culture people tend to have an abbreviation of their professional organization as part of their credential titles.","property":[{"code":"status","valueCode":"active"},{"code":"internalId","valueCode":"22800"}]}]}]}