{"resourceType":"CodeSystem","id":"icd9cm","text":{"status":"generated","div":"<div xmlns=\"http://www.w3.org/1999/xhtml\"><p>This case-sensitive code system <code>http://terminology.hl7.org/CodeSystem/icd9cm</code> defines codes, but no codes are represented here</p></div>"},"url":"http://terminology.hl7.org/CodeSystem/icd9cm","identifier":[{"system":"urn:ietf:rfc:3986","value":"urn:oid:2.16.840.1.113883.6.2"}],"version":"0.1.0","name":"Icd9cm","title":"ICD-9CM","status":"retired","experimental":false,"date":"2023-08-22T00:00:00-04:00","publisher":"SatuSehat","contact":[{"name":"SatuSehat","telecom":[{"system":"url","value":"https://satusehat.kemkes.go.id/"},{"system":"email","value":"fhir@dto.kemkes.go.id"}]}],"description":"International Classification of Diseases revision 9, with Clinical Modifications (ICD 9 CM)","caseSensitive":true,"content":"not-present"}