{"resourceType":"CodeSystem","id":"rcFB","text":{"status":"generated","div":"<div xmlns=\"http://www.w3.org/1999/xhtml\"><p>This case-sensitive code system <code>http://terminology.hl7.org/CodeSystem/rcFB</code> defines codes, but no codes are represented here</p></div>"},"url":"http://terminology.hl7.org/CodeSystem/rcFB","identifier":[{"system":"urn:ietf:rfc:3986","value":"urn:oid:2.16.840.1.113883.6.28"}],"version":"0.1.0","name":"RcFB","title":"The Read Codes Four Byte Set:","status":"retired","experimental":false,"date":"2021-11-09T10:00:00+10:00","publisher":"SatuSehat","contact":[{"name":"SatuSehat","telecom":[{"system":"url","value":"https://satusehat.kemkes.go.id/"},{"system":"email","value":"fhir@dto.kemkes.go.id"}]}],"description":"The Read Codes Four Byte Set consists of 4 alphanumeric characters. This version contains approximately 40,000 codes arranged in a hierarchical structure.\r\n\r\nTop level hierarchy sections: Disorders Findings Surgical procedures Investigations Occupations Drugs","caseSensitive":true,"content":"not-present"}