{"resourceType":"CodeSystem","id":"v3-mediaType","language":"en","text":{"status":"generated","div":"<div xml:lang=\"en\" xmlns=\"http://www.w3.org/1999/xhtml\" lang=\"en\"><p><b>Properties</b></p><p><b>This code system  defines the following properties for its concepts</b></p><table class=\"grid\"><tr><td><b>Code</b></td><td><b>URI</b></td><td><b>Type</b></td><td><b>Description</b></td></tr><tr><td>Specializes</td><td/><td>Coding</td><td>The child code is a more narrow version of the concept represented by the parent code.  I.e. Every child concept is also a valid parent concept.  Used to allow determination of subsumption.  Must be transitive, irreflexive, antisymmetric.</td></tr><tr><td>Generalizes</td><td/><td>Coding</td><td>Inverse of Specializes.  Only included as a derived relationship.</td></tr><tr><td>internalId</td><td>http://terminology.hl7.org/CodeSystem/utg-concept-properties#v3-internal-id</td><td>code</td><td>The internal identifier for the concept in the HL7 Access database repository.</td></tr><tr><td>status</td><td>http://hl7.org/fhir/concept-properties#status</td><td>code</td><td>Designation of a concept's state. Normally is not populated unless the state is retired.</td></tr><tr><td>synonymCode</td><td>http://hl7.org/fhir/concept-properties#synonym</td><td>code</td><td>An additional concept code that was also attributed to a concept</td></tr></table><p><b>Concepts</b></p><p>This case-sensitive code system <code>http://terminology.hl7.org/CodeSystem/v3-mediaType</code> provides <b>a fragment</b> that includes following codes in a Is-A heirarchy:</p><table class=\"codes\"><tr><td><b>Lvl</b></td><td style=\"white-space:nowrap\"><b>Code</b></td><td><b>Display</b></td><td><b>Definition</b></td><td><b>internalId</b></td><td><b>status</b></td><td><b>synonymCode</b></td></tr><tr><td>1</td><td style=\"white-space:nowrap\">application<a name=\"v3-mediaType-application\"> </a></td><td>ApplicationMediaType</td><td>Application specific media type.</td><td>21083</td><td>active</td><td/></tr><tr><td>2</td><td style=\"white-space:nowrap\">\u00a0\u00a0application/dicom<a name=\"v3-mediaType-application.47dicom\"> </a></td><td>DICOM</td><td>Digital Imaging and Communications in Medicine (DICOM) MIME type defined in RFC3240 \\[http://ietf.org/rfc/rfc3240.txt\\].</td><td>21460</td><td>active</td><td/></tr><tr><td>2</td><td style=\"white-space:nowrap\">\u00a0\u00a0application/msword<a name=\"v3-mediaType-application.47msword\"> </a></td><td>MSWORD</td><td>This format is very prone to compatibility problems. If sharing of edit-able text is required, text/plain, text/html or text/rtf should be used instead.</td><td>14834</td><td>active</td><td/></tr><tr><td>2</td><td style=\"white-space:nowrap\">\u00a0\u00a0application/pdf<a name=\"v3-mediaType-application.47pdf\"> </a></td><td>PDF</td><td>The Portable Document Format is recommended for written text that is completely laid out and read-only. PDF is a platform independent, widely deployed, and open specification with freely available creation and rendering tools.</td><td>14833</td><td>active</td><td/></tr><tr><td>1</td><td style=\"white-space:nowrap\">audio<a name=\"v3-mediaType-audio\"> </a></td><td>AudioMediaType</td><td>Audio media type.</td><td>21084</td><td>active</td><td/></tr><tr><td>2</td><td style=\"white-space:nowrap\">\u00a0\u00a0audio/basic<a name=\"v3-mediaType-audio.47basic\"> </a></td><td>Basic Audio</td><td>This is a format for single channel audio, encoded using 8bit ISDN mu-law \\[PCM\\] at a sample rate of 8000 Hz. This format is standardized by: CCITT, Fascicle III.4 -Recommendation G.711. Pulse Code Modulation (PCM) of Voice Frequencies. Geneva, 1972.</td><td>14836</td><td>active</td><td/></tr><tr><td>2</td><td style=\"white-space:nowrap\">\u00a0\u00a0audio/k32adpcm<a name=\"v3-mediaType-audio.47k32adpcm\"> </a></td><td>K32ADPCM Audio</td><td>ADPCM allows compressing audio data. It is defined in the Internet specification RFC 2421 \\[ftp://ftp.isi.edu/in-notes/rfc2421.txt\\]. Its implementation base is unclear.</td><td>14838</td><td>active</td><td/></tr><tr><td>2</td><td style=\"white-space:nowrap\">\u00a0\u00a0audio/mpeg<a name=\"v3-mediaType-audio.47mpeg\"> </a></td><td>MPEG audio layer 3</td><td>MPEG-1 Audio layer-3 is an audio compression algorithm and file format defined in ISO 11172-3 and ISO 13818-3. MP3 has an adjustable sampling frequency for highly compressed telephone to CD quality audio.</td><td>14837</td><td>active</td><td/></tr><tr><td>1</td><td style=\"white-space:nowrap\">image<a name=\"v3-mediaType-image\"> </a></td><td>ImageMediaType</td><td>Image media type.</td><td>21085</td><td>active</td><td/></tr><tr><td>2</td><td style=\"white-space:nowrap\">\u00a0\u00a0image/g3fax<a name=\"v3-mediaType-image.47g3fax\"> </a></td><td>G3Fax Image</td><td>This is recommended only for fax applications.</td><td>14843</td><td>active</td><td/></tr><tr><td>2</td><td style=\"white-space:nowrap\">\u00a0\u00a0image/gif<a name=\"v3-mediaType-image.47gif\"> </a></td><td>GIF Image</td><td>GIF is a popular format that is universally well supported. However GIF is patent encumbered and should therefore be used with caution.</td><td>14841</td><td>active</td><td/></tr><tr><td>2</td><td style=\"white-space:nowrap\">\u00a0\u00a0image/jpeg<a name=\"v3-mediaType-image.47jpeg\"> </a></td><td>JPEG Image</td><td>This format is required for high compression of high color photographs. It is a &quot;lossy&quot; compression, but the difference to lossless compression is almost unnoticeable to the human vision.</td><td>14842</td><td>active</td><td/></tr><tr><td>2</td><td style=\"white-space:nowrap\">\u00a0\u00a0image/png<a name=\"v3-mediaType-image.47png\"> </a></td><td>PNG Image</td><td>Portable Network Graphics (PNG) \\[http://www.cdrom.com/pub/png\\] is a widely supported lossless image compression standard with open source code available.</td><td>14840</td><td>active</td><td/></tr><tr><td>2</td><td style=\"white-space:nowrap\">\u00a0\u00a0image/tiff<a name=\"v3-mediaType-image.47tiff\"> </a></td><td>TIFF Image</td><td>Although TIFF (Tag Image File Format) is an international standard it has many interoperability problems in practice. Too many different versions that are not handled by all software alike.</td><td>14844</td><td>active</td><td/></tr><tr><td>1</td><td style=\"white-space:nowrap\">model<a name=\"v3-mediaType-model\"> </a></td><td>ModelMediaType</td><td>Model media type.</td><td>21086</td><td>active</td><td/></tr><tr><td>2</td><td style=\"white-space:nowrap\">\u00a0\u00a0model/vrml<a name=\"v3-mediaType-model.47vrml\"> </a></td><td>VRML Model</td><td>This is an openly standardized format for 3D models that can be useful for virtual reality applications such as anatomy or biochemical research (visualization of the steric structure of macromolecules)</td><td>14849</td><td>active</td><td/></tr><tr><td>1</td><td style=\"white-space:nowrap\">multipart<a name=\"v3-mediaType-multipart\"> </a></td><td>MultipartMediaType</td><td>Multipart Media Type</td><td>21087</td><td>active</td><td/></tr><tr><td>2</td><td style=\"white-space:nowrap\">\u00a0\u00a0multipart/x-hl7-cda-level-one<a name=\"v3-mediaType-multipart.47x-hl7-cda-level-one\"> </a></td><td>CDA Level 1 Multipart</td><td>The HL7 clinical document Architecture, Level 1 MIME package.</td><td>14851</td><td>active</td><td>multipart/x-hl7-cda-level1</td></tr><tr style=\"background-color: #ffeeee\"><td>2</td><td style=\"white-space:nowrap\">\u00a0\u00a0multipart/x-hl7-cda-level1<a name=\"v3-mediaType-multipart.47x-hl7-cda-level1\"> </a></td><td>CDA Level 1 Multipart</td><td>The HL7 clinical document Architecture, Level 1 MIME package.</td><td>14851</td><td>retired</td><td>multipart/x-hl7-cda-level-one</td></tr><tr><td>1</td><td style=\"white-space:nowrap\">text<a name=\"v3-mediaType-text\"> </a></td><td>TextMediaType</td><td>For any text</td><td>21088</td><td>active</td><td/></tr><tr><td>2</td><td style=\"white-space:nowrap\">\u00a0\u00a0text/html<a name=\"v3-mediaType-text.47html\"> </a></td><td>HTML Text</td><td>For marked-up text according to the Hypertext Mark-up Language. HTML markup is sufficient for typographically marking-up most written-text documents. HTML is platform independent and widely deployed.</td><td>14828</td><td>active</td><td/></tr><tr><td>2</td><td style=\"white-space:nowrap\">\u00a0\u00a0text/plain<a name=\"v3-mediaType-text.47plain\"> </a></td><td>Plain Text</td><td>**Description:**For any plain text. This is the default and is used for a character string (ST) data type.</td><td>14826</td><td>active</td><td/></tr><tr><td>2</td><td style=\"white-space:nowrap\">\u00a0\u00a0text/rtf<a name=\"v3-mediaType-text.47rtf\"> </a></td><td>RTF Text</td><td>The Rich Text Format is widely used to share word-processor documents. However, RTF does have compatibility problems, as it is quite dependent on the word processor. May be useful if word processor edit-able text should be shared.</td><td>14831</td><td>active</td><td/></tr><tr><td>2</td><td style=\"white-space:nowrap\">\u00a0\u00a0text/sgml<a name=\"v3-mediaType-text.47sgml\"> </a></td><td>SGML Text</td><td>For structured character based data. There is a risk that general SGML/XML is too powerful to allow a sharing of general SGML/XML documents between different applications.</td><td>14829</td><td>active</td><td/></tr><tr><td>2</td><td style=\"white-space:nowrap\">\u00a0\u00a0text/x-hl7-ft<a name=\"v3-mediaType-text.47x-hl7-ft\"> </a></td><td>HL7 Text</td><td>For compatibility, this represents the HL7 v2.x FT data type. Its use is recommended only for backward compatibility with HL7 v2.x systems.</td><td>14827</td><td>active</td><td/></tr><tr><td>2</td><td style=\"white-space:nowrap\">\u00a0\u00a0text/x-hl7-text+xml<a name=\"v3-mediaType-text.47x-hl7-text.43xml\"> </a></td><td>HL7 Structured Narrative</td><td>**Description:**  The content described by the CDA Narrative Block (not just used by CDA).</td><td>22607</td><td>active</td><td/></tr><tr><td>2</td><td style=\"white-space:nowrap\">\u00a0\u00a0text/xml<a name=\"v3-mediaType-text.47xml\"> </a></td><td>XML Text</td><td>For structured character based data. There is a risk that general SGML/XML is too powerful to allow a sharing of general SGML/XML documents between different applications.</td><td>14830</td><td>active</td><td/></tr><tr><td>1</td><td style=\"white-space:nowrap\">video<a name=\"v3-mediaType-video\"> </a></td><td>VideoMediaType</td><td>Video media type.</td><td>21089</td><td>active</td><td/></tr><tr><td>2</td><td style=\"white-space:nowrap\">\u00a0\u00a0video/mp4<a name=\"v3-mediaType-video.47mp4\"> </a></td><td>MP4 Video</td><td>Video format by the Motion Picture Experts Group under ISO/IEC 14496</td><td>24125</td><td>active</td><td/></tr><tr><td>2</td><td style=\"white-space:nowrap\">\u00a0\u00a0video/mpeg<a name=\"v3-mediaType-video.47mpeg\"> </a></td><td>MPEG Video</td><td>MPEG is an international standard, widely deployed, highly efficient for high color video; open source code exists; highly interoperable.</td><td>14846</td><td>active</td><td/></tr><tr><td>2</td><td style=\"white-space:nowrap\">\u00a0\u00a0video/quicktime<a name=\"v3-mediaType-video.47quicktime\"> </a></td><td>QuickTime Video</td><td>Proprietary video format from Apple, Inc.</td><td>24127</td><td>active</td><td/></tr><tr><td>2</td><td style=\"white-space:nowrap\">\u00a0\u00a0video/webm<a name=\"v3-mediaType-video.47webm\"> </a></td><td>WebM Video</td><td>A royalty-free audiovisual media file format.</td><td>24128</td><td>active</td><td/></tr><tr><td>2</td><td style=\"white-space:nowrap\">\u00a0\u00a0video/x-avi<a name=\"v3-mediaType-video.47x-avi\"> </a></td><td>X-AVI Video</td><td>The AVI file format is just a wrapper for many different codecs; it is a source of many interoperability problems.</td><td>14847</td><td>active</td><td/></tr><tr><td>2</td><td style=\"white-space:nowrap\">\u00a0\u00a0video/x-ms-wmv<a name=\"v3-mediaType-video.47x-ms-wmv\"> </a></td><td>Windows Media Video</td><td>Proprietary video format from Microsoft, Inc.</td><td>24126</td><td>active</td><td/></tr></table></div>"},"url":"http://terminology.hl7.org/CodeSystem/v3-mediaType","identifier":[{"system":"urn:ietf:rfc:3986","value":"urn:oid:2.16.840.1.113883.5.79"}],"version":"0.1.0","name":"MediaType","title":"Media Type","status":"active","experimental":false,"date":"2019-03-20","publisher":"SatuSehat","contact":[{"name":"SatuSehat","telecom":[{"system":"url","value":"https://satusehat.kemkes.go.id/"},{"system":"email","value":"fhir@dto.kemkes.go.id"}]}],"description":"Internet Assigned Numbers Authority (IANA) Mime Media Types. Identifies the type of the encapsulated data and identifies a method to interpret or render the data. The IANA defined domain of media types is established by the Internet standard RFC 2045 \\[http://www.ietf.org/rfc/rfc2045.txt\\] and 2046 \\[http://www.ietf.org/rfc/rfc2046.txt\\]. RFC 2046 defines the media type to consist of two parts:\r\n\r\n1.  top level media type, and\r\n2.  media subtype\r\n\r\nHowever, this HL7 datatypes specification treats the entire media type as one atomic code symbol in the form defined by IANA, i.e., top level type followed by a slash \"/\" followed by media subtype. Currently defined media types are registered in a database \\[http://www.iana.org/assignments/media-types/index.html\\] maintained by IANA. Currently several hundred different MIME media types are defined, with the list growing rapidly. In general, all those types defined by the IANA MAY be used.","copyright":"This material derives from the HL7 Terminology THO. THO is copyright ©1989+ Health Level Seven International and is made available under the CC0 designation. For more licensing information see: https://terminology.hl7.org/license","caseSensitive":true,"hierarchyMeaning":"is-a","content":"fragment","property":[{"extension":[{"url":"http://terminology.hl7.org/StructureDefinition/ext-mif-relationship-symmetry","valueCode":"antisymmetric"},{"url":"http://terminology.hl7.org/StructureDefinition/ext-mif-relationship-transitivity","valueCode":"transitive"},{"url":"http://terminology.hl7.org/StructureDefinition/ext-mif-relationship-reflexivity","valueCode":"irreflexive"},{"url":"http://terminology.hl7.org/StructureDefinition/ext-mif-relationship-isNavigable","valueBoolean":true},{"url":"http://terminology.hl7.org/StructureDefinition/ext-mif-relationship-relationshipKind","valueCode":"Specializes"},{"url":"http://terminology.hl7.org/StructureDefinition/ext-mif-relationship-inverseName","valueString":"Generalizes"}],"code":"Specializes","description":"The child code is a more narrow version of the concept represented by the parent code.  I.e. Every child concept is also a valid parent concept.  Used to allow determination of subsumption.  Must be transitive, irreflexive, antisymmetric.","type":"Coding"},{"extension":[{"url":"http://terminology.hl7.org/StructureDefinition/ext-mif-relationship-symmetry","valueCode":"antisymmetric"},{"url":"http://terminology.hl7.org/StructureDefinition/ext-mif-relationship-transitivity","valueCode":"transitive"},{"url":"http://terminology.hl7.org/StructureDefinition/ext-mif-relationship-reflexivity","valueCode":"irreflexive"},{"url":"http://terminology.hl7.org/StructureDefinition/ext-mif-relationship-isNavigable","valueBoolean":true},{"url":"http://terminology.hl7.org/StructureDefinition/ext-mif-relationship-relationshipKind","valueCode":"Generalizes"},{"url":"http://terminology.hl7.org/StructureDefinition/ext-mif-relationship-inverseName","valueString":"Specializes"}],"code":"Generalizes","description":"Inverse of Specializes.  Only included as a derived relationship.","type":"Coding"},{"code":"internalId","uri":"http://terminology.hl7.org/CodeSystem/utg-concept-properties#v3-internal-id","description":"The internal identifier for the concept in the HL7 Access database repository.","type":"code"},{"code":"status","uri":"http://hl7.org/fhir/concept-properties#status","description":"Designation of a concept's state. Normally is not populated unless the state is retired.","type":"code"},{"code":"synonymCode","uri":"http://hl7.org/fhir/concept-properties#synonym","description":"An additional concept code that was also attributed to a concept","type":"code"}],"concept":[{"code":"application","display":"ApplicationMediaType","definition":"Application specific media type.","property":[{"code":"status","valueCode":"active"},{"code":"internalId","valueCode":"21083"}],"concept":[{"code":"application/dicom","display":"DICOM","definition":"Digital Imaging and Communications in Medicine (DICOM) MIME type defined in RFC3240 \\[http://ietf.org/rfc/rfc3240.txt\\].","property":[{"code":"status","valueCode":"active"},{"code":"internalId","valueCode":"21460"}]},{"code":"application/msword","display":"MSWORD","definition":"This format is very prone to compatibility problems. If sharing of edit-able text is required, text/plain, text/html or text/rtf should be used instead.","property":[{"code":"status","valueCode":"active"},{"code":"internalId","valueCode":"14834"}]},{"code":"application/pdf","display":"PDF","definition":"The Portable Document Format is recommended for written text that is completely laid out and read-only. PDF is a platform independent, widely deployed, and open specification with freely available creation and rendering tools.","property":[{"code":"status","valueCode":"active"},{"code":"internalId","valueCode":"14833"}]}]},{"code":"audio","display":"AudioMediaType","definition":"Audio media type.","property":[{"code":"status","valueCode":"active"},{"code":"internalId","valueCode":"21084"}],"concept":[{"code":"audio/basic","display":"Basic Audio","definition":"This is a format for single channel audio, encoded using 8bit ISDN mu-law \\[PCM\\] at a sample rate of 8000 Hz. This format is standardized by: CCITT, Fascicle III.4 -Recommendation G.711. Pulse Code Modulation (PCM) of Voice Frequencies. Geneva, 1972.","property":[{"code":"status","valueCode":"active"},{"code":"internalId","valueCode":"14836"}]},{"code":"audio/k32adpcm","display":"K32ADPCM Audio","definition":"ADPCM allows compressing audio data. It is defined in the Internet specification RFC 2421 \\[ftp://ftp.isi.edu/in-notes/rfc2421.txt\\]. Its implementation base is unclear.","property":[{"code":"status","valueCode":"active"},{"code":"internalId","valueCode":"14838"}]},{"code":"audio/mpeg","display":"MPEG audio layer 3","definition":"MPEG-1 Audio layer-3 is an audio compression algorithm and file format defined in ISO 11172-3 and ISO 13818-3. MP3 has an adjustable sampling frequency for highly compressed telephone to CD quality audio.","designation":[{"language":"en","use":{"system":"http://snomed.info/sct","code":"900000000000013009"},"value":"MP3 Audio"}],"property":[{"code":"status","valueCode":"active"},{"code":"internalId","valueCode":"14837"}]}]},{"code":"image","display":"ImageMediaType","definition":"Image media type.","property":[{"code":"status","valueCode":"active"},{"code":"internalId","valueCode":"21085"}],"concept":[{"code":"image/g3fax","display":"G3Fax Image","definition":"This is recommended only for fax applications.","property":[{"code":"status","valueCode":"active"},{"code":"internalId","valueCode":"14843"}]},{"code":"image/gif","display":"GIF Image","definition":"GIF is a popular format that is universally well supported. However GIF is patent encumbered and should therefore be used with caution.","property":[{"code":"status","valueCode":"active"},{"code":"internalId","valueCode":"14841"}]},{"code":"image/jpeg","display":"JPEG Image","definition":"This format is required for high compression of high color photographs. It is a \"lossy\" compression, but the difference to lossless compression is almost unnoticeable to the human vision.","property":[{"code":"status","valueCode":"active"},{"code":"internalId","valueCode":"14842"}]},{"code":"image/png","display":"PNG Image","definition":"Portable Network Graphics (PNG) \\[http://www.cdrom.com/pub/png\\] is a widely supported lossless image compression standard with open source code available.","property":[{"code":"status","valueCode":"active"},{"code":"internalId","valueCode":"14840"}]},{"code":"image/tiff","display":"TIFF Image","definition":"Although TIFF (Tag Image File Format) is an international standard it has many interoperability problems in practice. Too many different versions that are not handled by all software alike.","property":[{"code":"status","valueCode":"active"},{"code":"internalId","valueCode":"14844"}]}]},{"code":"model","display":"ModelMediaType","definition":"Model media type.","property":[{"code":"status","valueCode":"active"},{"code":"internalId","valueCode":"21086"}],"concept":[{"code":"model/vrml","display":"VRML Model","definition":"This is an openly standardized format for 3D models that can be useful for virtual reality applications such as anatomy or biochemical research (visualization of the steric structure of macromolecules)","property":[{"code":"status","valueCode":"active"},{"code":"internalId","valueCode":"14849"}]}]},{"code":"multipart","display":"MultipartMediaType","definition":"Multipart Media Type","property":[{"code":"status","valueCode":"active"},{"code":"internalId","valueCode":"21087"}],"concept":[{"code":"multipart/x-hl7-cda-level-one","display":"CDA Level 1 Multipart","definition":"The HL7 clinical document Architecture, Level 1 MIME package.","property":[{"code":"status","valueCode":"active"},{"code":"synonymCode","valueCode":"multipart/x-hl7-cda-level1"},{"code":"internalId","valueCode":"14851"}]},{"code":"multipart/x-hl7-cda-level1","display":"CDA Level 1 Multipart","definition":"The HL7 clinical document Architecture, Level 1 MIME package.","property":[{"code":"status","valueCode":"retired"},{"code":"synonymCode","valueCode":"multipart/x-hl7-cda-level-one"},{"code":"internalId","valueCode":"14851"}]}]},{"code":"text","display":"TextMediaType","definition":"For any text","property":[{"code":"status","valueCode":"active"},{"code":"internalId","valueCode":"21088"}],"concept":[{"code":"text/html","display":"HTML Text","definition":"For marked-up text according to the Hypertext Mark-up Language. HTML markup is sufficient for typographically marking-up most written-text documents. HTML is platform independent and widely deployed.","property":[{"code":"status","valueCode":"active"},{"code":"internalId","valueCode":"14828"}]},{"code":"text/plain","display":"Plain Text","definition":"**Description:**For any plain text. This is the default and is used for a character string (ST) data type.","property":[{"code":"status","valueCode":"active"},{"code":"internalId","valueCode":"14826"}]},{"code":"text/rtf","display":"RTF Text","definition":"The Rich Text Format is widely used to share word-processor documents. However, RTF does have compatibility problems, as it is quite dependent on the word processor. May be useful if word processor edit-able text should be shared.","property":[{"code":"status","valueCode":"active"},{"code":"internalId","valueCode":"14831"}]},{"code":"text/sgml","display":"SGML Text","definition":"For structured character based data. There is a risk that general SGML/XML is too powerful to allow a sharing of general SGML/XML documents between different applications.","property":[{"code":"status","valueCode":"active"},{"code":"internalId","valueCode":"14829"}]},{"code":"text/x-hl7-ft","display":"HL7 Text","definition":"For compatibility, this represents the HL7 v2.x FT data type. Its use is recommended only for backward compatibility with HL7 v2.x systems.","property":[{"code":"status","valueCode":"active"},{"code":"internalId","valueCode":"14827"}]},{"code":"text/x-hl7-text+xml","display":"HL7 Structured Narrative","definition":"**Description:**  The content described by the CDA Narrative Block (not just used by CDA).","property":[{"code":"status","valueCode":"active"},{"code":"internalId","valueCode":"22607"}]},{"code":"text/xml","display":"XML Text","definition":"For structured character based data. There is a risk that general SGML/XML is too powerful to allow a sharing of general SGML/XML documents between different applications.","property":[{"code":"status","valueCode":"active"},{"code":"internalId","valueCode":"14830"}]}]},{"code":"video","display":"VideoMediaType","definition":"Video media type.","property":[{"code":"status","valueCode":"active"},{"code":"internalId","valueCode":"21089"}],"concept":[{"code":"video/mp4","display":"MP4 Video","definition":"Video format by the Motion Picture Experts Group under ISO/IEC 14496","property":[{"code":"status","valueCode":"active"},{"code":"internalId","valueCode":"24125"}]},{"code":"video/mpeg","display":"MPEG Video","definition":"MPEG is an international standard, widely deployed, highly efficient for high color video; open source code exists; highly interoperable.","property":[{"code":"status","valueCode":"active"},{"code":"internalId","valueCode":"14846"}]},{"code":"video/quicktime","display":"QuickTime Video","definition":"Proprietary video format from Apple, Inc.","property":[{"code":"status","valueCode":"active"},{"code":"internalId","valueCode":"24127"}]},{"code":"video/webm","display":"WebM Video","definition":"A royalty-free audiovisual media file format.","property":[{"code":"status","valueCode":"active"},{"code":"internalId","valueCode":"24128"}]},{"code":"video/x-avi","display":"X-AVI Video","definition":"The AVI file format is just a wrapper for many different codecs; it is a source of many interoperability problems.","property":[{"code":"status","valueCode":"active"},{"code":"internalId","valueCode":"14847"}]},{"code":"video/x-ms-wmv","display":"Windows Media Video","definition":"Proprietary video format from Microsoft, Inc.","property":[{"code":"status","valueCode":"active"},{"code":"internalId","valueCode":"24126"}]}]}]}