{"resourceType":"CodeSystem","id":"KemkesClinicalSpecialityCS","meta":{"versionId":"2","lastUpdated":"2023-11-09T13:31:14.515+07:00"},"language":"Indonesia","text":{"status":"generated","div":"<div xmlns=\"http://www.w3.org/1999/xhtml\" xml:lang=\"Indonesia\" lang=\"Indonesia\"><p>This case-sensitive code system <code>http://terminology.kemkes.go.id/CodeSystem/clinical-speciality</code> defines the following codes in a Is-A heirarchy:</p><table class=\"codes\"><tr><td style=\"white-space:nowrap\"><b>Code</b></td><td><b>Display</b></td></tr><tr><td style=\"white-space:nowrap\">1001<a name=\"KemkesClinicalSpecialityCS-1001\"> </a></td><td>Saraf</td></tr><tr><td style=\"white-space:nowrap\">1002<a name=\"KemkesClinicalSpecialityCS-1002\"> </a></td><td>Stroke dan neurovaskular</td></tr><tr><td style=\"white-space:nowrap\">1003<a name=\"KemkesClinicalSpecialityCS-1003\"> </a></td><td>Fungsi luhur (neurobehaviour)</td></tr><tr><td style=\"white-space:nowrap\">1004<a name=\"KemkesClinicalSpecialityCS-1004\"> </a></td><td>Neuroinfeksi dan imunologi</td></tr><tr><td style=\"white-space:nowrap\">1005<a name=\"KemkesClinicalSpecialityCS-1005\"> </a></td><td>Neuro onkologi</td></tr><tr><td style=\"white-space:nowrap\">1006<a name=\"KemkesClinicalSpecialityCS-1006\"> </a></td><td>Neurofisiologi dan neuromuskular</td></tr><tr><td style=\"white-space:nowrap\">1007<a name=\"KemkesClinicalSpecialityCS-1007\"> </a></td><td>Epilepsi</td></tr><tr><td style=\"white-space:nowrap\">1008<a name=\"KemkesClinicalSpecialityCS-1008\"> </a></td><td>Neuropediatri</td></tr><tr><td style=\"white-space:nowrap\">1009<a name=\"KemkesClinicalSpecialityCS-1009\"> </a></td><td>Nyeri</td></tr><tr><td style=\"white-space:nowrap\">1010<a name=\"KemkesClinicalSpecialityCS-1010\"> </a></td><td>Nyeri kepala</td></tr><tr><td style=\"white-space:nowrap\">1011<a name=\"KemkesClinicalSpecialityCS-1011\"> </a></td><td>Movement disorder/gangguan gerak</td></tr><tr><td style=\"white-space:nowrap\">1012<a name=\"KemkesClinicalSpecialityCS-1012\"> </a></td><td>Sleep disorder</td></tr><tr><td style=\"white-space:nowrap\">1013<a name=\"KemkesClinicalSpecialityCS-1013\"> </a></td><td>Neuro-otologi dan vertigo</td></tr><tr><td style=\"white-space:nowrap\">1014<a name=\"KemkesClinicalSpecialityCS-1014\"> </a></td><td>Neurorestorasi</td></tr><tr><td style=\"white-space:nowrap\">1015<a name=\"KemkesClinicalSpecialityCS-1015\"> </a></td><td>Neurotrauma</td></tr><tr><td style=\"white-space:nowrap\">1016<a name=\"KemkesClinicalSpecialityCS-1016\"> </a></td><td>Neurointensif</td></tr><tr><td style=\"white-space:nowrap\">1017<a name=\"KemkesClinicalSpecialityCS-1017\"> </a></td><td>Neuroimaging</td></tr><tr><td style=\"white-space:nowrap\">1018<a name=\"KemkesClinicalSpecialityCS-1018\"> </a></td><td>Neurogeriatri</td></tr><tr><td style=\"white-space:nowrap\">1019<a name=\"KemkesClinicalSpecialityCS-1019\"> </a></td><td>Neurointervensi</td></tr><tr><td style=\"white-space:nowrap\">1020<a name=\"KemkesClinicalSpecialityCS-1020\"> </a></td><td>Neurofisiologi Klinis</td></tr><tr><td style=\"white-space:nowrap\">1021<a name=\"KemkesClinicalSpecialityCS-1021\"> </a></td><td>Neuromuskular, Saraf Perifer</td></tr><tr><td style=\"white-space:nowrap\">1022<a name=\"KemkesClinicalSpecialityCS-1022\"> </a></td><td>Neuropsikiatri dan Psikometri</td></tr><tr><td style=\"white-space:nowrap\">1023<a name=\"KemkesClinicalSpecialityCS-1023\"> </a></td><td>Mata</td></tr><tr><td style=\"white-space:nowrap\">1024<a name=\"KemkesClinicalSpecialityCS-1024\"> </a></td><td>Mata infeksi imunologi</td></tr><tr><td style=\"white-space:nowrap\">1025<a name=\"KemkesClinicalSpecialityCS-1025\"> </a></td><td>Glaukoma</td></tr><tr><td style=\"white-space:nowrap\">1026<a name=\"KemkesClinicalSpecialityCS-1026\"> </a></td><td>Kornea, lensa, dan bedah refraktif</td></tr><tr><td style=\"white-space:nowrap\">1027<a name=\"KemkesClinicalSpecialityCS-1027\"> </a></td><td>Neuro oftalmologi</td></tr><tr><td style=\"white-space:nowrap\">1028<a name=\"KemkesClinicalSpecialityCS-1028\"> </a></td><td>Pediatri onkologi strabismus</td></tr><tr><td style=\"white-space:nowrap\">1029<a name=\"KemkesClinicalSpecialityCS-1029\"> </a></td><td>Refraksi lensa kontak</td></tr><tr><td style=\"white-space:nowrap\">1030<a name=\"KemkesClinicalSpecialityCS-1030\"> </a></td><td>Rekonstruksi okuloplasti dan onkologi</td></tr><tr><td style=\"white-space:nowrap\">1031<a name=\"KemkesClinicalSpecialityCS-1031\"> </a></td><td>Vitreo retina</td></tr><tr><td style=\"white-space:nowrap\">1032<a name=\"KemkesClinicalSpecialityCS-1032\"> </a></td><td>Onkologi Mata</td></tr><tr><td style=\"white-space:nowrap\">1033<a name=\"KemkesClinicalSpecialityCS-1033\"> </a></td><td>Strabismus</td></tr><tr><td style=\"white-space:nowrap\">1034<a name=\"KemkesClinicalSpecialityCS-1034\"> </a></td><td>Telinga hidung tenggorok dan bedah kepala leher (THT-KL)</td></tr><tr><td style=\"white-space:nowrap\">1035<a name=\"KemkesClinicalSpecialityCS-1035\"> </a></td><td>Otologi</td></tr><tr><td style=\"white-space:nowrap\">1036<a name=\"KemkesClinicalSpecialityCS-1036\"> </a></td><td>Rinologi</td></tr><tr><td style=\"white-space:nowrap\">1037<a name=\"KemkesClinicalSpecialityCS-1037\"> </a></td><td>Onkologi bedah kepala leher</td></tr><tr><td style=\"white-space:nowrap\">1038<a name=\"KemkesClinicalSpecialityCS-1038\"> </a></td><td>Laring faring</td></tr><tr><td style=\"white-space:nowrap\">1039<a name=\"KemkesClinicalSpecialityCS-1039\"> </a></td><td>Neurotologi</td></tr><tr><td style=\"white-space:nowrap\">1040<a name=\"KemkesClinicalSpecialityCS-1040\"> </a></td><td>Endoskopi bronkoesofagologi</td></tr><tr><td style=\"white-space:nowrap\">1041<a name=\"KemkesClinicalSpecialityCS-1041\"> </a></td><td>THT-KL alergi imunologi</td></tr><tr><td style=\"white-space:nowrap\">1042<a name=\"KemkesClinicalSpecialityCS-1042\"> </a></td><td>THT-KL plastik rekonstruksi</td></tr><tr><td style=\"white-space:nowrap\">1043<a name=\"KemkesClinicalSpecialityCS-1043\"> </a></td><td>THT komunitas</td></tr><tr><td style=\"white-space:nowrap\">1044<a name=\"KemkesClinicalSpecialityCS-1044\"> </a></td><td>Gigi</td></tr><tr><td style=\"white-space:nowrap\">1045<a name=\"KemkesClinicalSpecialityCS-1045\"> </a></td><td>Gigi radiologi</td></tr><tr><td style=\"white-space:nowrap\">1046<a name=\"KemkesClinicalSpecialityCS-1046\"> </a></td><td>Bedah mulut</td></tr><tr><td style=\"white-space:nowrap\">1047<a name=\"KemkesClinicalSpecialityCS-1047\"> </a></td><td>Konservasi/endodonsi</td></tr><tr><td style=\"white-space:nowrap\">1048<a name=\"KemkesClinicalSpecialityCS-1048\"> </a></td><td>Ortodontik</td></tr><tr><td style=\"white-space:nowrap\">1049<a name=\"KemkesClinicalSpecialityCS-1049\"> </a></td><td>Periodonti</td></tr><tr><td style=\"white-space:nowrap\">1050<a name=\"KemkesClinicalSpecialityCS-1050\"> </a></td><td>Prosthodonti</td></tr><tr><td style=\"white-space:nowrap\">1051<a name=\"KemkesClinicalSpecialityCS-1051\"> </a></td><td>Pedodonti</td></tr><tr><td style=\"white-space:nowrap\">1052<a name=\"KemkesClinicalSpecialityCS-1052\"> </a></td><td>Penyakit mulut</td></tr><tr><td style=\"white-space:nowrap\">1053<a name=\"KemkesClinicalSpecialityCS-1053\"> </a></td><td>Paru</td></tr><tr><td style=\"white-space:nowrap\">1054<a name=\"KemkesClinicalSpecialityCS-1054\"> </a></td><td>Infeksi paru</td></tr><tr><td style=\"white-space:nowrap\">1055<a name=\"KemkesClinicalSpecialityCS-1055\"> </a></td><td>Onkologi toraks</td></tr><tr><td style=\"white-space:nowrap\">1056<a name=\"KemkesClinicalSpecialityCS-1056\"> </a></td><td>Paru intervensi dan gawat nafas</td></tr><tr><td style=\"white-space:nowrap\">1057<a name=\"KemkesClinicalSpecialityCS-1057\"> </a></td><td>Asma penyakit paru obstruktif kronis</td></tr><tr><td style=\"white-space:nowrap\">1058<a name=\"KemkesClinicalSpecialityCS-1058\"> </a></td><td>Paru kerja dan lingkungan</td></tr><tr><td style=\"white-space:nowrap\">1059<a name=\"KemkesClinicalSpecialityCS-1059\"> </a></td><td>Imunologi paru</td></tr><tr><td style=\"white-space:nowrap\">1060<a name=\"KemkesClinicalSpecialityCS-1060\"> </a></td><td>Faal Paru Klinik</td></tr><tr><td style=\"white-space:nowrap\">1061<a name=\"KemkesClinicalSpecialityCS-1061\"> </a></td><td>Jantung dan pembuluh darah</td></tr><tr><td style=\"white-space:nowrap\">1062<a name=\"KemkesClinicalSpecialityCS-1062\"> </a></td><td>Aritmia</td></tr><tr><td style=\"white-space:nowrap\">1063<a name=\"KemkesClinicalSpecialityCS-1063\"> </a></td><td>Ekokardiografi</td></tr><tr><td style=\"white-space:nowrap\">1064<a name=\"KemkesClinicalSpecialityCS-1064\"> </a></td><td>Kardiologi intervensi</td></tr><tr><td style=\"white-space:nowrap\">1065<a name=\"KemkesClinicalSpecialityCS-1065\"> </a></td><td>Kardiologi pediatrik dan penyakit jantung bawaan</td></tr><tr><td style=\"white-space:nowrap\">1066<a name=\"KemkesClinicalSpecialityCS-1066\"> </a></td><td>Kedokteran vaskular</td></tr><tr><td style=\"white-space:nowrap\">1067<a name=\"KemkesClinicalSpecialityCS-1067\"> </a></td><td>Pencitraan kardiovaskular</td></tr><tr><td style=\"white-space:nowrap\">1068<a name=\"KemkesClinicalSpecialityCS-1068\"> </a></td><td>Perawatan intensif dan kegawatan kardiovaskular</td></tr><tr><td style=\"white-space:nowrap\">1069<a name=\"KemkesClinicalSpecialityCS-1069\"> </a></td><td>Prevensi dan rehabilitasi kardiovaskular</td></tr><tr><td style=\"white-space:nowrap\">1070<a name=\"KemkesClinicalSpecialityCS-1070\"> </a></td><td>Umum</td></tr><tr><td style=\"white-space:nowrap\">1071<a name=\"KemkesClinicalSpecialityCS-1071\"> </a></td><td>Penyakit dalam</td></tr><tr><td style=\"white-space:nowrap\">1072<a name=\"KemkesClinicalSpecialityCS-1072\"> </a></td><td>Penyakit dalam gastroenterologi hepatologi</td></tr><tr><td style=\"white-space:nowrap\">1073<a name=\"KemkesClinicalSpecialityCS-1073\"> </a></td><td>Penyakit dalam tropik infeksi</td></tr><tr><td style=\"white-space:nowrap\">1074<a name=\"KemkesClinicalSpecialityCS-1074\"> </a></td><td>Penyakit dalam ginjal hipertensi</td></tr><tr><td style=\"white-space:nowrap\">1075<a name=\"KemkesClinicalSpecialityCS-1075\"> </a></td><td>Penyakit dalam rematologi</td></tr><tr><td style=\"white-space:nowrap\">1076<a name=\"KemkesClinicalSpecialityCS-1076\"> </a></td><td>Penyakit dalam endokrin metabolik</td></tr><tr><td style=\"white-space:nowrap\">1077<a name=\"KemkesClinicalSpecialityCS-1077\"> </a></td><td>Penyakit dalam alergi imunologi</td></tr><tr><td style=\"white-space:nowrap\">1078<a name=\"KemkesClinicalSpecialityCS-1078\"> </a></td><td>Penyakit dalam psikosomatis</td></tr><tr><td style=\"white-space:nowrap\">1079<a name=\"KemkesClinicalSpecialityCS-1079\"> </a></td><td>Penyakit dalam geriatri</td></tr><tr><td style=\"white-space:nowrap\">1080<a name=\"KemkesClinicalSpecialityCS-1080\"> </a></td><td>Penyakit dalam kardiovaskular</td></tr><tr><td style=\"white-space:nowrap\">1081<a name=\"KemkesClinicalSpecialityCS-1081\"> </a></td><td>Penyakit dalam pulmonologi</td></tr><tr><td style=\"white-space:nowrap\">1082<a name=\"KemkesClinicalSpecialityCS-1082\"> </a></td><td>Penyakit dalam hematoonkologi</td></tr><tr><td style=\"white-space:nowrap\">1083<a name=\"KemkesClinicalSpecialityCS-1083\"> </a></td><td>Hepatologi</td></tr><tr><td style=\"white-space:nowrap\">1084<a name=\"KemkesClinicalSpecialityCS-1084\"> </a></td><td>Reumatologi</td></tr><tr><td style=\"white-space:nowrap\">1085<a name=\"KemkesClinicalSpecialityCS-1085\"> </a></td><td>Hemodialisa</td></tr><tr><td style=\"white-space:nowrap\">1086<a name=\"KemkesClinicalSpecialityCS-1086\"> </a></td><td>Kulit dan kelamin</td></tr><tr><td style=\"white-space:nowrap\">1087<a name=\"KemkesClinicalSpecialityCS-1087\"> </a></td><td>Dermatologi tropis</td></tr><tr><td style=\"white-space:nowrap\">1088<a name=\"KemkesClinicalSpecialityCS-1088\"> </a></td><td>Venereologi</td></tr><tr><td style=\"white-space:nowrap\">1089<a name=\"KemkesClinicalSpecialityCS-1089\"> </a></td><td>Dermato alergi imunologi</td></tr><tr><td style=\"white-space:nowrap\">1090<a name=\"KemkesClinicalSpecialityCS-1090\"> </a></td><td>Dermatologi anak</td></tr><tr><td style=\"white-space:nowrap\">1091<a name=\"KemkesClinicalSpecialityCS-1091\"> </a></td><td>Dermatologi kosmetik dan estetik</td></tr><tr><td style=\"white-space:nowrap\">1092<a name=\"KemkesClinicalSpecialityCS-1092\"> </a></td><td>Onkologi dan bedah kulit</td></tr><tr><td style=\"white-space:nowrap\">1093<a name=\"KemkesClinicalSpecialityCS-1093\"> </a></td><td>Dermatologi Geriatrik</td></tr><tr><td style=\"white-space:nowrap\">1094<a name=\"KemkesClinicalSpecialityCS-1094\"> </a></td><td>Dermatopatologi</td></tr><tr><td style=\"white-space:nowrap\">1095<a name=\"KemkesClinicalSpecialityCS-1095\"> </a></td><td>Anak</td></tr><tr><td style=\"white-space:nowrap\">1096<a name=\"KemkesClinicalSpecialityCS-1096\"> </a></td><td>Anak respirologi</td></tr><tr><td style=\"white-space:nowrap\">1097<a name=\"KemkesClinicalSpecialityCS-1097\"> </a></td><td>Anak neurologi</td></tr><tr><td style=\"white-space:nowrap\">1098<a name=\"KemkesClinicalSpecialityCS-1098\"> </a></td><td>Anak hematoonkologi</td></tr><tr><td style=\"white-space:nowrap\">1099<a name=\"KemkesClinicalSpecialityCS-1099\"> </a></td><td>Anak nefrologi</td></tr><tr><td style=\"white-space:nowrap\">1100<a name=\"KemkesClinicalSpecialityCS-1100\"> </a></td><td>Emergensi dan rawat intensif anak</td></tr><tr><td style=\"white-space:nowrap\">1101<a name=\"KemkesClinicalSpecialityCS-1101\"> </a></td><td>Neonatologi</td></tr><tr><td style=\"white-space:nowrap\">1102<a name=\"KemkesClinicalSpecialityCS-1102\"> </a></td><td>Perinatologi</td></tr><tr><td style=\"white-space:nowrap\">1103<a name=\"KemkesClinicalSpecialityCS-1103\"> </a></td><td>Anak endokrinologi</td></tr><tr><td style=\"white-space:nowrap\">1104<a name=\"KemkesClinicalSpecialityCS-1104\"> </a></td><td>Anak kardiologi</td></tr><tr><td style=\"white-space:nowrap\">1105<a name=\"KemkesClinicalSpecialityCS-1105\"> </a></td><td>Anak alergi imunologi</td></tr><tr><td style=\"white-space:nowrap\">1106<a name=\"KemkesClinicalSpecialityCS-1106\"> </a></td><td>Pediatri sosial tumbuh kembang</td></tr><tr><td style=\"white-space:nowrap\">1107<a name=\"KemkesClinicalSpecialityCS-1107\"> </a></td><td>Pencitraan pediatri</td></tr><tr><td style=\"white-space:nowrap\">1108<a name=\"KemkesClinicalSpecialityCS-1108\"> </a></td><td>Pediatrik Oftalmologi</td></tr><tr><td style=\"white-space:nowrap\">1109<a name=\"KemkesClinicalSpecialityCS-1109\"> </a></td><td>Anak nutrisi dan penyakit metabolik</td></tr><tr><td style=\"white-space:nowrap\">1110<a name=\"KemkesClinicalSpecialityCS-1110\"> </a></td><td>Anak infeksi dan penyakit tropik</td></tr><tr><td style=\"white-space:nowrap\">1111<a name=\"KemkesClinicalSpecialityCS-1111\"> </a></td><td>Anak Gastro-Hepatologi</td></tr><tr><td style=\"white-space:nowrap\">1112<a name=\"KemkesClinicalSpecialityCS-1112\"> </a></td><td>Kesehatan Remaja</td></tr><tr><td style=\"white-space:nowrap\">1113<a name=\"KemkesClinicalSpecialityCS-1113\"> </a></td><td>Bedah</td></tr><tr><td style=\"white-space:nowrap\">1114<a name=\"KemkesClinicalSpecialityCS-1114\"> </a></td><td>Bedah digestif</td></tr><tr><td style=\"white-space:nowrap\">1115<a name=\"KemkesClinicalSpecialityCS-1115\"> </a></td><td>Bedah onkologi</td></tr><tr><td style=\"white-space:nowrap\">1116<a name=\"KemkesClinicalSpecialityCS-1116\"> </a></td><td>Bedah vaskular</td></tr><tr><td style=\"white-space:nowrap\">1117<a name=\"KemkesClinicalSpecialityCS-1117\"> </a></td><td>Bedah kepala leher</td></tr><tr><td style=\"white-space:nowrap\">1118<a name=\"KemkesClinicalSpecialityCS-1118\"> </a></td><td>Bedah toraks kardiak dan vaskular</td></tr><tr><td style=\"white-space:nowrap\">1119<a name=\"KemkesClinicalSpecialityCS-1119\"> </a></td><td>Obstetri dan ginekologi</td></tr><tr><td style=\"white-space:nowrap\">1120<a name=\"KemkesClinicalSpecialityCS-1120\"> </a></td><td>Fetomaternal</td></tr><tr><td style=\"white-space:nowrap\">1121<a name=\"KemkesClinicalSpecialityCS-1121\"> </a></td><td>Fertilitas dan endokrinologi reproduksi</td></tr><tr><td style=\"white-space:nowrap\">1122<a name=\"KemkesClinicalSpecialityCS-1122\"> </a></td><td>Onkologi ginekologi</td></tr><tr><td style=\"white-space:nowrap\">1123<a name=\"KemkesClinicalSpecialityCS-1123\"> </a></td><td>Uroginekologi dan rekonstruksi</td></tr><tr><td style=\"white-space:nowrap\">1124<a name=\"KemkesClinicalSpecialityCS-1124\"> </a></td><td>Ginekologi sosial</td></tr><tr><td style=\"white-space:nowrap\">1125<a name=\"KemkesClinicalSpecialityCS-1125\"> </a></td><td>Urologi</td></tr><tr><td style=\"white-space:nowrap\">1126<a name=\"KemkesClinicalSpecialityCS-1126\"> </a></td><td>Urologi onkologi</td></tr><tr><td style=\"white-space:nowrap\">1127<a name=\"KemkesClinicalSpecialityCS-1127\"> </a></td><td>Urologi pediatri</td></tr><tr><td style=\"white-space:nowrap\">1128<a name=\"KemkesClinicalSpecialityCS-1128\"> </a></td><td>Urologi wanita dan neuro-urologi</td></tr><tr><td style=\"white-space:nowrap\">1129<a name=\"KemkesClinicalSpecialityCS-1129\"> </a></td><td>Urologi rekonstruksi</td></tr><tr><td style=\"white-space:nowrap\">1130<a name=\"KemkesClinicalSpecialityCS-1130\"> </a></td><td>Urologi andrologi</td></tr><tr><td style=\"white-space:nowrap\">1131<a name=\"KemkesClinicalSpecialityCS-1131\"> </a></td><td>Kedokteran jiwa</td></tr><tr><td style=\"white-space:nowrap\">1132<a name=\"KemkesClinicalSpecialityCS-1132\"> </a></td><td>Kesehatan jiwa anak dan remaja</td></tr><tr><td style=\"white-space:nowrap\">1133<a name=\"KemkesClinicalSpecialityCS-1133\"> </a></td><td>Psikiatri adiksi</td></tr><tr><td style=\"white-space:nowrap\">1134<a name=\"KemkesClinicalSpecialityCS-1134\"> </a></td><td>Psikoterapi</td></tr><tr><td style=\"white-space:nowrap\">1135<a name=\"KemkesClinicalSpecialityCS-1135\"> </a></td><td>Psikiatri forensik</td></tr><tr><td style=\"white-space:nowrap\">1136<a name=\"KemkesClinicalSpecialityCS-1136\"> </a></td><td>Psikogeriatri</td></tr><tr><td style=\"white-space:nowrap\">1137<a name=\"KemkesClinicalSpecialityCS-1137\"> </a></td><td>Psikiatri komunitas</td></tr><tr><td style=\"white-space:nowrap\">1138<a name=\"KemkesClinicalSpecialityCS-1138\"> </a></td><td>Orthopedi dan traumatologi</td></tr><tr><td style=\"white-space:nowrap\">1139<a name=\"KemkesClinicalSpecialityCS-1139\"> </a></td><td>Orthopedic spine</td></tr><tr><td style=\"white-space:nowrap\">1140<a name=\"KemkesClinicalSpecialityCS-1140\"> </a></td><td>Hip and knee</td></tr><tr><td style=\"white-space:nowrap\">1141<a name=\"KemkesClinicalSpecialityCS-1141\"> </a></td><td>Hand, upper limb and microsurgery</td></tr><tr><td style=\"white-space:nowrap\">1142<a name=\"KemkesClinicalSpecialityCS-1142\"> </a></td><td>Orthopedic oncology</td></tr><tr><td style=\"white-space:nowrap\">1143<a name=\"KemkesClinicalSpecialityCS-1143\"> </a></td><td>Pediatric orthopedic</td></tr><tr><td style=\"white-space:nowrap\">1144<a name=\"KemkesClinicalSpecialityCS-1144\"> </a></td><td>Foot and ankle</td></tr><tr><td style=\"white-space:nowrap\">1145<a name=\"KemkesClinicalSpecialityCS-1145\"> </a></td><td>Shoulder and elbow</td></tr><tr><td style=\"white-space:nowrap\">1146<a name=\"KemkesClinicalSpecialityCS-1146\"> </a></td><td>Advance orthopedic trauma</td></tr><tr><td style=\"white-space:nowrap\">1147<a name=\"KemkesClinicalSpecialityCS-1147\"> </a></td><td>Orthopedic sports injury</td></tr><tr><td style=\"white-space:nowrap\">1148<a name=\"KemkesClinicalSpecialityCS-1148\"> </a></td><td>Bio Orthopedic</td></tr><tr><td style=\"white-space:nowrap\">1149<a name=\"KemkesClinicalSpecialityCS-1149\"> </a></td><td>Bedah saraf</td></tr><tr><td style=\"white-space:nowrap\">1150<a name=\"KemkesClinicalSpecialityCS-1150\"> </a></td><td>Bedah saraf neurotrauma</td></tr><tr><td style=\"white-space:nowrap\">1151<a name=\"KemkesClinicalSpecialityCS-1151\"> </a></td><td>Bedah saraf neuro onkologi</td></tr><tr><td style=\"white-space:nowrap\">1152<a name=\"KemkesClinicalSpecialityCS-1152\"> </a></td><td>Bedah saraf neurospine</td></tr><tr><td style=\"white-space:nowrap\">1153<a name=\"KemkesClinicalSpecialityCS-1153\"> </a></td><td>Bedah saraf neurofungsional</td></tr><tr><td style=\"white-space:nowrap\">1154<a name=\"KemkesClinicalSpecialityCS-1154\"> </a></td><td>Bedah saraf neuropediatri</td></tr><tr><td style=\"white-space:nowrap\">1155<a name=\"KemkesClinicalSpecialityCS-1155\"> </a></td><td>Bedah saraf neurovaskular</td></tr><tr><td style=\"white-space:nowrap\">1156<a name=\"KemkesClinicalSpecialityCS-1156\"> </a></td><td>Bedah plastik rekonstruksi dan estetika</td></tr><tr><td style=\"white-space:nowrap\">1157<a name=\"KemkesClinicalSpecialityCS-1157\"> </a></td><td>Bedah plastik rekonstruksi dan estetika kraniomaksilofasial</td></tr><tr><td style=\"white-space:nowrap\">1158<a name=\"KemkesClinicalSpecialityCS-1158\"> </a></td><td>Bedah plastik rekonstruksi dan estetika luka bakar dan luka</td></tr><tr><td style=\"white-space:nowrap\">1159<a name=\"KemkesClinicalSpecialityCS-1159\"> </a></td><td>Bedah plastik rekonstruksi dan estetika rekonstruksi bedah mikro dan onkoplasti</td></tr><tr><td style=\"white-space:nowrap\">1160<a name=\"KemkesClinicalSpecialityCS-1160\"> </a></td><td>Bedah plastik rekonstruksi dan estetika bedah tangan</td></tr><tr><td style=\"white-space:nowrap\">1161<a name=\"KemkesClinicalSpecialityCS-1161\"> </a></td><td>Bedah plastik rekonstruksi dan estetika genitalia eksterna</td></tr><tr><td style=\"white-space:nowrap\">1162<a name=\"KemkesClinicalSpecialityCS-1162\"> </a></td><td>Bedah plastik rekonstruksi dan estetika bedah estetik lanjut</td></tr><tr><td style=\"white-space:nowrap\">1163<a name=\"KemkesClinicalSpecialityCS-1163\"> </a></td><td>Rekonstruksi</td></tr><tr><td style=\"white-space:nowrap\">1164<a name=\"KemkesClinicalSpecialityCS-1164\"> </a></td><td>Trauma dan Rekonstruksi</td></tr><tr><td style=\"white-space:nowrap\">1165<a name=\"KemkesClinicalSpecialityCS-1165\"> </a></td><td>Bedah anak</td></tr><tr><td style=\"white-space:nowrap\">1166<a name=\"KemkesClinicalSpecialityCS-1166\"> </a></td><td>Bedah digestif anak</td></tr><tr><td style=\"white-space:nowrap\">1167<a name=\"KemkesClinicalSpecialityCS-1167\"> </a></td><td>Urogenital anak</td></tr><tr><td style=\"white-space:nowrap\">1168<a name=\"KemkesClinicalSpecialityCS-1168\"> </a></td><td>Kedokteran forensik dan medikolegal</td></tr><tr><td style=\"white-space:nowrap\">1169<a name=\"KemkesClinicalSpecialityCS-1169\"> </a></td><td>Anestesi dan terapi intensif</td></tr><tr><td style=\"white-space:nowrap\">1170<a name=\"KemkesClinicalSpecialityCS-1170\"> </a></td><td>Intensive care</td></tr><tr><td style=\"white-space:nowrap\">1171<a name=\"KemkesClinicalSpecialityCS-1171\"> </a></td><td>Regional anestesi</td></tr><tr><td style=\"white-space:nowrap\">1172<a name=\"KemkesClinicalSpecialityCS-1172\"> </a></td><td>Kardiovaskular anestesi</td></tr><tr><td style=\"white-space:nowrap\">1173<a name=\"KemkesClinicalSpecialityCS-1173\"> </a></td><td>Terapi nyeri</td></tr><tr><td style=\"white-space:nowrap\">1174<a name=\"KemkesClinicalSpecialityCS-1174\"> </a></td><td>Pediatrik anestesi</td></tr><tr><td style=\"white-space:nowrap\">1175<a name=\"KemkesClinicalSpecialityCS-1175\"> </a></td><td>Neuroanestesi</td></tr><tr><td style=\"white-space:nowrap\">1176<a name=\"KemkesClinicalSpecialityCS-1176\"> </a></td><td>Obstetrik anestesi</td></tr><tr><td style=\"white-space:nowrap\">1177<a name=\"KemkesClinicalSpecialityCS-1177\"> </a></td><td>Kedokteran fisik dan rehabilitasi</td></tr><tr><td style=\"white-space:nowrap\">1178<a name=\"KemkesClinicalSpecialityCS-1178\"> </a></td><td>Kedokteran fisik dan rehabilitasi pediatri</td></tr><tr><td style=\"white-space:nowrap\">1179<a name=\"KemkesClinicalSpecialityCS-1179\"> </a></td><td>Kedokteran fisik dan rehabilitasi geriatri</td></tr><tr><td style=\"white-space:nowrap\">1180<a name=\"KemkesClinicalSpecialityCS-1180\"> </a></td><td>Kedokteran fisik dan rehabilitasi muskuloskeletal</td></tr><tr><td style=\"white-space:nowrap\">1181<a name=\"KemkesClinicalSpecialityCS-1181\"> </a></td><td>Kedokteran fisik dan rehabilitasi neomuskuler</td></tr><tr><td style=\"white-space:nowrap\">1182<a name=\"KemkesClinicalSpecialityCS-1182\"> </a></td><td>Kedokteran fisik dan rehabilitasi kardiorespirasi</td></tr><tr><td style=\"white-space:nowrap\">1183<a name=\"KemkesClinicalSpecialityCS-1183\"> </a></td><td>Radiologi</td></tr><tr><td style=\"white-space:nowrap\">1184<a name=\"KemkesClinicalSpecialityCS-1184\"> </a></td><td>Neuroradiologi kepala leher</td></tr><tr><td style=\"white-space:nowrap\">1185<a name=\"KemkesClinicalSpecialityCS-1185\"> </a></td><td>Radiologi abdomen</td></tr><tr><td style=\"white-space:nowrap\">1186<a name=\"KemkesClinicalSpecialityCS-1186\"> </a></td><td>Radiologi intervensi</td></tr><tr><td style=\"white-space:nowrap\">1187<a name=\"KemkesClinicalSpecialityCS-1187\"> </a></td><td>Radiologi anak</td></tr><tr><td style=\"white-space:nowrap\">1188<a name=\"KemkesClinicalSpecialityCS-1188\"> </a></td><td>Radiologi toraks</td></tr><tr><td style=\"white-space:nowrap\">1189<a name=\"KemkesClinicalSpecialityCS-1189\"> </a></td><td>Pencitraan payudara dan reproduksi perempuan</td></tr><tr><td style=\"white-space:nowrap\">1190<a name=\"KemkesClinicalSpecialityCS-1190\"> </a></td><td>Radiologi muskuloskeletal</td></tr><tr><td style=\"white-space:nowrap\">1191<a name=\"KemkesClinicalSpecialityCS-1191\"> </a></td><td>Kedokteran nuklir dan pencitraan molekuler</td></tr><tr><td style=\"white-space:nowrap\">1192<a name=\"KemkesClinicalSpecialityCS-1192\"> </a></td><td>Radiologi Tr Urinariusgenitalia</td></tr><tr><td style=\"white-space:nowrap\">1193<a name=\"KemkesClinicalSpecialityCS-1193\"> </a></td><td>Radiologi Tr Digestivus</td></tr><tr><td style=\"white-space:nowrap\">1194<a name=\"KemkesClinicalSpecialityCS-1194\"> </a></td><td>Pencitraan Kepala Leher</td></tr><tr><td style=\"white-space:nowrap\">1195<a name=\"KemkesClinicalSpecialityCS-1195\"> </a></td><td>Patologi klinik</td></tr><tr><td style=\"white-space:nowrap\">1196<a name=\"KemkesClinicalSpecialityCS-1196\"> </a></td><td>Patologi klinik mikrobiologi klinik dan penyakit infeksi</td></tr><tr><td style=\"white-space:nowrap\">1197<a name=\"KemkesClinicalSpecialityCS-1197\"> </a></td><td>Patologi klinik hematologi</td></tr><tr><td style=\"white-space:nowrap\">1198<a name=\"KemkesClinicalSpecialityCS-1198\"> </a></td><td>Patologi klinik metabolik endokrinologi</td></tr><tr><td style=\"white-space:nowrap\">1199<a name=\"KemkesClinicalSpecialityCS-1199\"> </a></td><td>Patologi klinik gastroenterohepatologi</td></tr><tr><td style=\"white-space:nowrap\">1200<a name=\"KemkesClinicalSpecialityCS-1200\"> </a></td><td>Patologi klinik imunologi</td></tr><tr><td style=\"white-space:nowrap\">1201<a name=\"KemkesClinicalSpecialityCS-1201\"> </a></td><td>Patologi klinik penyakit infeksi</td></tr><tr><td style=\"white-space:nowrap\">1202<a name=\"KemkesClinicalSpecialityCS-1202\"> </a></td><td>Patologi klinik nefrologi gastroenterohepatologi</td></tr><tr><td style=\"white-space:nowrap\">1203<a name=\"KemkesClinicalSpecialityCS-1203\"> </a></td><td>Patologi klinik hematologi onkologi</td></tr><tr><td style=\"white-space:nowrap\">1204<a name=\"KemkesClinicalSpecialityCS-1204\"> </a></td><td>Patologi klinik penyakit tropik dan Infeksi</td></tr><tr><td style=\"white-space:nowrap\">1205<a name=\"KemkesClinicalSpecialityCS-1205\"> </a></td><td>Patologi klinik endokrinologi</td></tr><tr><td style=\"white-space:nowrap\">1206<a name=\"KemkesClinicalSpecialityCS-1206\"> </a></td><td>Patologi anatomi</td></tr><tr><td style=\"white-space:nowrap\">1207<a name=\"KemkesClinicalSpecialityCS-1207\"> </a></td><td>Mikrobiologi klinik</td></tr><tr><td style=\"white-space:nowrap\">1208<a name=\"KemkesClinicalSpecialityCS-1208\"> </a></td><td>Parasitologi klinik</td></tr><tr><td style=\"white-space:nowrap\">1209<a name=\"KemkesClinicalSpecialityCS-1209\"> </a></td><td>Akupuntur</td></tr><tr><td style=\"white-space:nowrap\">1210<a name=\"KemkesClinicalSpecialityCS-1210\"> </a></td><td>Radioterapi</td></tr><tr><td style=\"white-space:nowrap\">1211<a name=\"KemkesClinicalSpecialityCS-1211\"> </a></td><td>Kedokteran nuklir</td></tr><tr><td style=\"white-space:nowrap\">1212<a name=\"KemkesClinicalSpecialityCS-1212\"> </a></td><td>Kedokteran nuklir onkologi</td></tr><tr><td style=\"white-space:nowrap\">1213<a name=\"KemkesClinicalSpecialityCS-1213\"> </a></td><td>Kedokteran nuklir kardiologi nuklir</td></tr><tr><td style=\"white-space:nowrap\">1214<a name=\"KemkesClinicalSpecialityCS-1214\"> </a></td><td>Kedokteran nuklir pediatrik</td></tr><tr><td style=\"white-space:nowrap\">1215<a name=\"KemkesClinicalSpecialityCS-1215\"> </a></td><td>Gizi klinik</td></tr><tr><td style=\"white-space:nowrap\">1216<a name=\"KemkesClinicalSpecialityCS-1216\"> </a></td><td>Nutrisi pada kelainan metabolisme gizi</td></tr><tr><td style=\"white-space:nowrap\">1217<a name=\"KemkesClinicalSpecialityCS-1217\"> </a></td><td>Nutrisi pada Critical Care</td></tr><tr><td style=\"white-space:nowrap\">1218<a name=\"KemkesClinicalSpecialityCS-1218\"> </a></td><td>Andrologi</td></tr><tr><td style=\"white-space:nowrap\">1219<a name=\"KemkesClinicalSpecialityCS-1219\"> </a></td><td>Emergensi</td></tr><tr><td style=\"white-space:nowrap\">1220<a name=\"KemkesClinicalSpecialityCS-1220\"> </a></td><td>Farmakologi klinik</td></tr><tr><td style=\"white-space:nowrap\">1221<a name=\"KemkesClinicalSpecialityCS-1221\"> </a></td><td>Kedokteran kelautan</td></tr><tr><td style=\"white-space:nowrap\">1222<a name=\"KemkesClinicalSpecialityCS-1222\"> </a></td><td>Kedokteran okupasi</td></tr><tr><td style=\"white-space:nowrap\">1223<a name=\"KemkesClinicalSpecialityCS-1223\"> </a></td><td>Kedokteran olahraga</td></tr><tr><td style=\"white-space:nowrap\">1224<a name=\"KemkesClinicalSpecialityCS-1224\"> </a></td><td>Onkologi radiasi</td></tr><tr><td style=\"white-space:nowrap\">1225<a name=\"KemkesClinicalSpecialityCS-1225\"> </a></td><td>Kedokteran Keluarga</td></tr><tr><td style=\"white-space:nowrap\">1226<a name=\"KemkesClinicalSpecialityCS-1226\"> </a></td><td>Kedokteran Penerbangan</td></tr><tr><td style=\"white-space:nowrap\">1227<a name=\"KemkesClinicalSpecialityCS-1227\"> </a></td><td>Lainnya</td></tr><tr><td style=\"white-space:nowrap\">1228<a name=\"KemkesClinicalSpecialityCS-1228\"> </a></td><td>Radiologi Onkologi</td></tr><tr><td style=\"white-space:nowrap\">1229<a name=\"KemkesClinicalSpecialityCS-1229\"> </a></td><td>HIV-ODHA</td></tr><tr><td style=\"white-space:nowrap\">1230<a name=\"KemkesClinicalSpecialityCS-1230\"> </a></td><td>Infeksi</td></tr><tr><td style=\"white-space:nowrap\">1231<a name=\"KemkesClinicalSpecialityCS-1231\"> </a></td><td>Neuroinfeksi</td></tr><tr><td style=\"white-space:nowrap\">1232<a name=\"KemkesClinicalSpecialityCS-1232\"> </a></td><td>Infeksi dan Immunologi</td></tr><tr><td style=\"white-space:nowrap\">1233<a name=\"KemkesClinicalSpecialityCS-1233\"> </a></td><td>Infeksi Menular Seksual</td></tr><tr><td style=\"white-space:nowrap\">1234<a name=\"KemkesClinicalSpecialityCS-1234\"> </a></td><td>Imunologi Klinik</td></tr><tr><td style=\"white-space:nowrap\">1235<a name=\"KemkesClinicalSpecialityCS-1235\"> </a></td><td>Sarana Kemoterapi</td></tr><tr><td style=\"white-space:nowrap\">1236<a name=\"KemkesClinicalSpecialityCS-1236\"> </a></td><td>Sarana Radioterapi</td></tr><tr><td style=\"white-space:nowrap\">1237<a name=\"KemkesClinicalSpecialityCS-1237\"> </a></td><td>Consultation-Liaison Psychiatri</td></tr><tr><td style=\"white-space:nowrap\">1238<a name=\"KemkesClinicalSpecialityCS-1238\"> </a></td><td>Instalasi Gawat Darurat</td></tr></table></div>"},"url":"http://terminology.kemkes.go.id/CodeSystem/clinical-speciality","version":"0.1.0","name":"KemkesClinicalSpecialityCS","title":"Terminology Kemkes Clinical Term CodeSystem","status":"active","experimental":false,"date":"2024-02-05T00:00:00.000Z","publisher":"Thomas Chaidir","contact":[{"name":"Thomas Chaidir","telecom":[{"system":"url","value":"https://satusehat.kemkes.go.id/"}]}],"description":"Terminology Kemkes Clinical Speciality CodeSystem","caseSensitive":true,"valueSet":"http://terminology.kemkes.go.id/ValueSet/clinical-speciality","hierarchyMeaning":"is-a","compositional":false,"versionNeeded":true,"content":"complete","count":238,"concept":[{"code":"1001","display":"Saraf"},{"code":"1002","display":"Stroke dan neurovaskular"},{"code":"1003","display":"Fungsi luhur (neurobehaviour)"},{"code":"1004","display":"Neuroinfeksi dan imunologi"},{"code":"1005","display":"Neuro onkologi"},{"code":"1006","display":"Neurofisiologi dan neuromuskular"},{"code":"1007","display":"Epilepsi"},{"code":"1008","display":"Neuropediatri"},{"code":"1009","display":"Nyeri"},{"code":"1010","display":"Nyeri kepala"},{"code":"1011","display":"Movement disorder/gangguan gerak"},{"code":"1012","display":"Sleep disorder"},{"code":"1013","display":"Neuro-otologi dan vertigo"},{"code":"1014","display":"Neurorestorasi"},{"code":"1015","display":"Neurotrauma"},{"code":"1016","display":"Neurointensif"},{"code":"1017","display":"Neuroimaging"},{"code":"1018","display":"Neurogeriatri"},{"code":"1019","display":"Neurointervensi"},{"code":"1020","display":"Neurofisiologi Klinis"},{"code":"1021","display":"Neuromuskular, Saraf Perifer"},{"code":"1022","display":"Neuropsikiatri dan Psikometri"},{"code":"1023","display":"Mata"},{"code":"1024","display":"Mata infeksi imunologi"},{"code":"1025","display":"Glaukoma"},{"code":"1026","display":"Kornea, lensa, dan bedah refraktif"},{"code":"1027","display":"Neuro oftalmologi"},{"code":"1028","display":"Pediatri onkologi strabismus"},{"code":"1029","display":"Refraksi lensa kontak"},{"code":"1030","display":"Rekonstruksi okuloplasti dan onkologi"},{"code":"1031","display":"Vitreo retina"},{"code":"1032","display":"Onkologi Mata"},{"code":"1033","display":"Strabismus"},{"code":"1034","display":"Telinga hidung tenggorok dan bedah kepala leher (THT-KL)"},{"code":"1035","display":"Otologi"},{"code":"1036","display":"Rinologi"},{"code":"1037","display":"Onkologi bedah kepala leher"},{"code":"1038","display":"Laring faring"},{"code":"1039","display":"Neurotologi"},{"code":"1040","display":"Endoskopi bronkoesofagologi"},{"code":"1041","display":"THT-KL alergi imunologi"},{"code":"1042","display":"THT-KL plastik rekonstruksi"},{"code":"1043","display":"THT komunitas"},{"code":"1044","display":"Gigi"},{"code":"1045","display":"Gigi radiologi"},{"code":"1046","display":"Bedah mulut"},{"code":"1047","display":"Konservasi/endodonsi"},{"code":"1048","display":"Ortodontik"},{"code":"1049","display":"Periodonti"},{"code":"1050","display":"Prosthodonti"},{"code":"1051","display":"Pedodonti"},{"code":"1052","display":"Penyakit mulut"},{"code":"1053","display":"Paru"},{"code":"1054","display":"Infeksi paru"},{"code":"1055","display":"Onkologi toraks"},{"code":"1056","display":"Paru intervensi dan gawat nafas"},{"code":"1057","display":"Asma penyakit paru obstruktif kronis"},{"code":"1058","display":"Paru kerja dan lingkungan"},{"code":"1059","display":"Imunologi paru"},{"code":"1060","display":"Faal Paru Klinik"},{"code":"1061","display":"Jantung dan pembuluh darah"},{"code":"1062","display":"Aritmia"},{"code":"1063","display":"Ekokardiografi"},{"code":"1064","display":"Kardiologi intervensi"},{"code":"1065","display":"Kardiologi pediatrik dan penyakit jantung bawaan"},{"code":"1066","display":"Kedokteran vaskular"},{"code":"1067","display":"Pencitraan kardiovaskular"},{"code":"1068","display":"Perawatan intensif dan kegawatan kardiovaskular"},{"code":"1069","display":"Prevensi dan rehabilitasi kardiovaskular"},{"code":"1070","display":"Umum"},{"code":"1071","display":"Penyakit dalam"},{"code":"1072","display":"Penyakit dalam gastroenterologi hepatologi"},{"code":"1073","display":"Penyakit dalam tropik infeksi"},{"code":"1074","display":"Penyakit dalam ginjal hipertensi"},{"code":"1075","display":"Penyakit dalam rematologi"},{"code":"1076","display":"Penyakit dalam endokrin metabolik"},{"code":"1077","display":"Penyakit dalam alergi imunologi"},{"code":"1078","display":"Penyakit dalam psikosomatis"},{"code":"1079","display":"Penyakit dalam geriatri"},{"code":"1080","display":"Penyakit dalam kardiovaskular"},{"code":"1081","display":"Penyakit dalam pulmonologi"},{"code":"1082","display":"Penyakit dalam hematoonkologi"},{"code":"1083","display":"Hepatologi"},{"code":"1084","display":"Reumatologi"},{"code":"1085","display":"Hemodialisa"},{"code":"1086","display":"Kulit dan kelamin"},{"code":"1087","display":"Dermatologi tropis"},{"code":"1088","display":"Venereologi"},{"code":"1089","display":"Dermato alergi imunologi"},{"code":"1090","display":"Dermatologi anak"},{"code":"1091","display":"Dermatologi kosmetik dan estetik"},{"code":"1092","display":"Onkologi dan bedah kulit"},{"code":"1093","display":"Dermatologi Geriatrik"},{"code":"1094","display":"Dermatopatologi"},{"code":"1095","display":"Anak"},{"code":"1096","display":"Anak respirologi"},{"code":"1097","display":"Anak neurologi"},{"code":"1098","display":"Anak hematoonkologi"},{"code":"1099","display":"Anak nefrologi"},{"code":"1100","display":"Emergensi dan rawat intensif anak"},{"code":"1101","display":"Neonatologi"},{"code":"1102","display":"Perinatologi"},{"code":"1103","display":"Anak endokrinologi"},{"code":"1104","display":"Anak kardiologi"},{"code":"1105","display":"Anak alergi imunologi"},{"code":"1106","display":"Pediatri sosial tumbuh kembang"},{"code":"1107","display":"Pencitraan pediatri"},{"code":"1108","display":"Pediatrik Oftalmologi"},{"code":"1109","display":"Anak nutrisi dan penyakit metabolik"},{"code":"1110","display":"Anak infeksi dan penyakit tropik"},{"code":"1111","display":"Anak Gastro-Hepatologi"},{"code":"1112","display":"Kesehatan Remaja"},{"code":"1113","display":"Bedah"},{"code":"1114","display":"Bedah digestif"},{"code":"1115","display":"Bedah onkologi"},{"code":"1116","display":"Bedah vaskular"},{"code":"1117","display":"Bedah kepala leher"},{"code":"1118","display":"Bedah toraks kardiak dan vaskular"},{"code":"1119","display":"Obstetri dan ginekologi"},{"code":"1120","display":"Fetomaternal"},{"code":"1121","display":"Fertilitas dan endokrinologi reproduksi"},{"code":"1122","display":"Onkologi ginekologi"},{"code":"1123","display":"Uroginekologi dan rekonstruksi"},{"code":"1124","display":"Ginekologi sosial"},{"code":"1125","display":"Urologi"},{"code":"1126","display":"Urologi onkologi"},{"code":"1127","display":"Urologi pediatri"},{"code":"1128","display":"Urologi wanita dan neuro-urologi"},{"code":"1129","display":"Urologi rekonstruksi"},{"code":"1130","display":"Urologi andrologi"},{"code":"1131","display":"Kedokteran jiwa"},{"code":"1132","display":"Kesehatan jiwa anak dan remaja"},{"code":"1133","display":"Psikiatri adiksi"},{"code":"1134","display":"Psikoterapi"},{"code":"1135","display":"Psikiatri forensik"},{"code":"1136","display":"Psikogeriatri"},{"code":"1137","display":"Psikiatri komunitas"},{"code":"1138","display":"Orthopedi dan traumatologi"},{"code":"1139","display":"Orthopedic spine"},{"code":"1140","display":"Hip and knee"},{"code":"1141","display":"Hand, upper limb and microsurgery"},{"code":"1142","display":"Orthopedic oncology"},{"code":"1143","display":"Pediatric orthopedic"},{"code":"1144","display":"Foot and ankle"},{"code":"1145","display":"Shoulder and elbow"},{"code":"1146","display":"Advance orthopedic trauma"},{"code":"1147","display":"Orthopedic sports injury"},{"code":"1148","display":"Bio Orthopedic"},{"code":"1149","display":"Bedah saraf"},{"code":"1150","display":"Bedah saraf neurotrauma"},{"code":"1151","display":"Bedah saraf neuro onkologi"},{"code":"1152","display":"Bedah saraf neurospine"},{"code":"1153","display":"Bedah saraf neurofungsional"},{"code":"1154","display":"Bedah saraf neuropediatri"},{"code":"1155","display":"Bedah saraf neurovaskular"},{"code":"1156","display":"Bedah plastik rekonstruksi dan estetika"},{"code":"1157","display":"Bedah plastik rekonstruksi dan estetika kraniomaksilofasial"},{"code":"1158","display":"Bedah plastik rekonstruksi dan estetika luka bakar dan luka"},{"code":"1159","display":"Bedah plastik rekonstruksi dan estetika rekonstruksi bedah mikro dan onkoplasti"},{"code":"1160","display":"Bedah plastik rekonstruksi dan estetika bedah tangan"},{"code":"1161","display":"Bedah plastik rekonstruksi dan estetika genitalia eksterna"},{"code":"1162","display":"Bedah plastik rekonstruksi dan estetika bedah estetik lanjut"},{"code":"1163","display":"Rekonstruksi"},{"code":"1164","display":"Trauma dan Rekonstruksi"},{"code":"1165","display":"Bedah anak"},{"code":"1166","display":"Bedah digestif anak"},{"code":"1167","display":"Urogenital anak"},{"code":"1168","display":"Kedokteran forensik dan medikolegal"},{"code":"1169","display":"Anestesi dan terapi intensif"},{"code":"1170","display":"Intensive care"},{"code":"1171","display":"Regional anestesi"},{"code":"1172","display":"Kardiovaskular anestesi"},{"code":"1173","display":"Terapi nyeri"},{"code":"1174","display":"Pediatrik anestesi"},{"code":"1175","display":"Neuroanestesi"},{"code":"1176","display":"Obstetrik anestesi"},{"code":"1177","display":"Kedokteran fisik dan rehabilitasi"},{"code":"1178","display":"Kedokteran fisik dan rehabilitasi pediatri"},{"code":"1179","display":"Kedokteran fisik dan rehabilitasi geriatri"},{"code":"1180","display":"Kedokteran fisik dan rehabilitasi muskuloskeletal"},{"code":"1181","display":"Kedokteran fisik dan rehabilitasi neomuskuler"},{"code":"1182","display":"Kedokteran fisik dan rehabilitasi kardiorespirasi"},{"code":"1183","display":"Radiologi"},{"code":"1184","display":"Neuroradiologi kepala leher"},{"code":"1185","display":"Radiologi abdomen"},{"code":"1186","display":"Radiologi intervensi"},{"code":"1187","display":"Radiologi anak"},{"code":"1188","display":"Radiologi toraks"},{"code":"1189","display":"Pencitraan payudara dan reproduksi perempuan"},{"code":"1190","display":"Radiologi muskuloskeletal"},{"code":"1191","display":"Kedokteran nuklir dan pencitraan molekuler"},{"code":"1192","display":"Radiologi Tr Urinariusgenitalia"},{"code":"1193","display":"Radiologi Tr Digestivus"},{"code":"1194","display":"Pencitraan Kepala Leher"},{"code":"1195","display":"Patologi klinik"},{"code":"1196","display":"Patologi klinik mikrobiologi klinik dan penyakit infeksi"},{"code":"1197","display":"Patologi klinik hematologi"},{"code":"1198","display":"Patologi klinik metabolik endokrinologi"},{"code":"1199","display":"Patologi klinik gastroenterohepatologi"},{"code":"1200","display":"Patologi klinik imunologi"},{"code":"1201","display":"Patologi klinik penyakit infeksi"},{"code":"1202","display":"Patologi klinik nefrologi gastroenterohepatologi"},{"code":"1203","display":"Patologi klinik hematologi onkologi"},{"code":"1204","display":"Patologi klinik penyakit tropik dan Infeksi"},{"code":"1205","display":"Patologi klinik endokrinologi"},{"code":"1206","display":"Patologi anatomi"},{"code":"1207","display":"Mikrobiologi klinik"},{"code":"1208","display":"Parasitologi klinik"},{"code":"1209","display":"Akupuntur"},{"code":"1210","display":"Radioterapi"},{"code":"1211","display":"Kedokteran nuklir"},{"code":"1212","display":"Kedokteran nuklir onkologi"},{"code":"1213","display":"Kedokteran nuklir kardiologi nuklir"},{"code":"1214","display":"Kedokteran nuklir pediatrik"},{"code":"1215","display":"Gizi klinik"},{"code":"1216","display":"Nutrisi pada kelainan metabolisme gizi"},{"code":"1217","display":"Nutrisi pada Critical Care"},{"code":"1218","display":"Andrologi"},{"code":"1219","display":"Emergensi"},{"code":"1220","display":"Farmakologi klinik"},{"code":"1221","display":"Kedokteran kelautan"},{"code":"1222","display":"Kedokteran okupasi"},{"code":"1223","display":"Kedokteran olahraga"},{"code":"1224","display":"Onkologi radiasi"},{"code":"1225","display":"Kedokteran Keluarga"},{"code":"1226","display":"Kedokteran Penerbangan"},{"code":"1227","display":"Lainnya"},{"code":"1228","display":"Radiologi Onkologi"},{"code":"1229","display":"HIV-ODHA"},{"code":"1230","display":"Infeksi"},{"code":"1231","display":"Neuroinfeksi"},{"code":"1232","display":"Infeksi dan Immunologi"},{"code":"1233","display":"Infeksi Menular Seksual"},{"code":"1234","display":"Imunologi Klinik"},{"code":"1235","display":"Sarana Kemoterapi"},{"code":"1236","display":"Sarana Radioterapi"},{"code":"1237","display":"Consultation-Liaison Psychiatri"},{"code":"1238","display":"Instalasi Gawat Darurat"}]}