{"resourceType":"CodeSystem","id":"nmds","text":{"status":"generated","div":"<div xmlns=\"http://www.w3.org/1999/xhtml\"><p>This case-sensitive code system <code>http://terminology.hl7.org/CodeSystem/nmds</code> defines codes, but no codes are represented here</p></div>"},"url":"http://terminology.hl7.org/CodeSystem/nmds","identifier":[{"system":"urn:ietf:rfc:3986","value":"urn:oid:2.16.840.1.113883.6.87"}],"version":"0.1.0","name":"Nmds","title":"Nursing Minimum Data Set","status":"retired","experimental":false,"date":"2021-11-09T10:00:00+10:00","publisher":"SatuSehat","contact":[{"name":"SatuSehat","telecom":[{"system":"url","value":"https://satusehat.kemkes.go.id/"},{"system":"email","value":"fhir@dto.kemkes.go.id"}]}],"description":"The NMDS is the minimum set of items of information with uniform definitions and categories concerning the specific dimension of the context of patient care delivery. It represents the minimum data used to support the management and administration of patient/nursing care delivery across all types of settings.","caseSensitive":true,"content":"not-present"}