{"resourceType":"CodeSystem","id":"cql-access-modifier","text":{"status":"generated","div":"<div xmlns=\"http://www.w3.org/1999/xhtml\"><p>This case-sensitive code system <code>http://terminology.hl7.org/CodeSystem/cql-access-modifier</code> defines the following codes:</p><table class=\"codes\"><tr><td style=\"white-space:nowrap\"><b>Code</b></td><td><b>Display</b></td><td><b>Definition</b></td></tr><tr><td style=\"white-space:nowrap\">public<a name=\"cql-access-modifier-public\"> </a></td><td>Public</td><td>The component is public, meaning it can be referenced from any CQL Library that references the library in which the component is defined.</td></tr><tr><td style=\"white-space:nowrap\">private<a name=\"cql-access-modifier-private\"> </a></td><td>Private</td><td>The component is private, meaning it can only be referenced within the library in which the declaration is defined.</td></tr></table></div>"},"url":"http://terminology.hl7.org/CodeSystem/cql-access-modifier","version":"0.1.0","name":"CqlAccessModifier","title":"CQL Access Modifier","status":"draft","experimental":false,"date":"2024-02-16","publisher":"SatuSehat","contact":[{"name":"SatuSehat","telecom":[{"system":"url","value":"https://satusehat.kemkes.go.id/"},{"system":"email","value":"fhir@dto.kemkes.go.id"}]}],"description":"Access modifiers defined by the Clinical Quality Language (CQL) specification in the [Access Modifiers](https://cql.hl7.org/03-developersguide.html#access-modifiers) topic.","copyright":"This material derives from the HL7 Terminology (THO). THO is copyright ©1989+ Health Level Seven International and is made available under the CC0 designation. For more licensing information see: https://terminology.hl7.org/license","caseSensitive":true,"valueSet":"http://terminology.hl7.org/ValueSet/cql-access-modifier","content":"complete","concept":[{"code":"public","display":"Public","definition":"The component is public, meaning it can be referenced from any CQL Library that references the library in which the component is defined."},{"code":"private","display":"Private","definition":"The component is private, meaning it can only be referenced within the library in which the declaration is defined."}]}