{"resourceType":"CodeSystem","id":"activity-definition-category","meta":{"lastUpdated":"2020-04-09T21:10:28.568+00:00"},"text":{"status":"generated","div":"<div xmlns=\"http://www.w3.org/1999/xhtml\"><p>This case-sensitive code system <code>http://terminology.hl7.org/CodeSystem/activity-definition-category</code> defines the following codes:</p><table class=\"codes\"><tr><td style=\"white-space:nowrap\"><b>Code</b></td><td><b>Display</b></td><td><b>Definition</b></td></tr><tr><td style=\"white-space:nowrap\">treatment<a name=\"activity-definition-category-treatment\"> </a></td><td>Treatment</td><td>The activity is intended to provide or is related to treatment of the patient.</td></tr><tr><td style=\"white-space:nowrap\">education<a name=\"activity-definition-category-education\"> </a></td><td>Education</td><td>The activity is intended to provide or is related to education of the patient.</td></tr><tr><td style=\"white-space:nowrap\">assessment<a name=\"activity-definition-category-assessment\"> </a></td><td>Assessment</td><td>The activity is intended to perform or is related to assessment of the patient.</td></tr></table></div>"},"url":"http://terminology.hl7.org/CodeSystem/activity-definition-category","identifier":[{"system":"urn:ietf:rfc:3986","value":"urn:oid:2.16.840.1.113883.4.642.1.1243"}],"version":"0.1.0","name":"ActivityDefinitionCategory","title":"ActivityDefinitionCategory","status":"draft","experimental":false,"date":"2020-04-09T21:10:28+00:00","publisher":"SatuSehat","contact":[{"name":"SatuSehat","telecom":[{"system":"url","value":"https://satusehat.kemkes.go.id/"},{"system":"email","value":"fhir@dto.kemkes.go.id"}]}],"description":"High-level categorization of the type of activity.","copyright":"This material derives from the HL7 Terminology (THO). THO is copyright ©1989+ Health Level Seven International and is made available under the CC0 designation. For more licensing information see: https://terminology.hl7.org/license","caseSensitive":true,"valueSet":"http://terminology.hl7.org/ValueSet/activity-definition-category","content":"complete","concept":[{"code":"treatment","display":"Treatment","definition":"The activity is intended to provide or is related to treatment of the patient."},{"code":"education","display":"Education","definition":"The activity is intended to provide or is related to education of the patient."},{"code":"assessment","display":"Assessment","definition":"The activity is intended to perform or is related to assessment of the patient."}]}