{"resourceType":"CodeSystem","id":"EncounterLocationUpgradeClass","text":{"status":"generated","div":"<div xmlns=\"http://www.w3.org/1999/xhtml\"><p>This  code system <code>hhttp://terminology.kemkes.go.id/CodeSystem/locationUpgradeClass</code> defines the following codes:</p><table class=\"codes\"><tr><td style=\"white-space:nowrap\"><b>Code</b></td><td><b>Display</b></td></tr><tr><td style=\"white-space:nowrap\">kelas-tetap<a name=\"EncounterLocationUpgradeClass-kelas-tetap\"> </a></td><td>Kelas Tetap Perawatan</td></tr><tr><td style=\"white-space:nowrap\">naik-kelas<a name=\"EncounterLocationUpgradeClass-naik-kelas\"> </a></td><td>Kenaikan Kelas Perawatan</td></tr><tr><td style=\"white-space:nowrap\">turun-kelas<a name=\"EncounterLocationUpgradeClass-turun-kelas\"> </a></td><td>Penurunan Kelas Perawatan</td></tr><tr><td style=\"white-space:nowrap\">titip-rawat<a name=\"EncounterLocationUpgradeClass-titip-rawat\"> </a></td><td>Titip Kelas Perawatan</td></tr></table></div>"},"url":"hhttp://terminology.kemkes.go.id/CodeSystem/locationUpgradeClass","version":"0.1.0","name":"EncounterLocationUpgradeClass","title":"Encounter Location UpgradeClass","status":"active","date":"2024-02-15T12:08:26+07:00","publisher":"Thomas Chaidir","contact":[{"name":"Thomas Chaidir","telecom":[{"system":"url","value":"https://satusehat.kemkes.go.id/"}]}],"description":"Local ID encounter location UpgradeClass","content":"complete","count":4,"concept":[{"code":"kelas-tetap","display":"Kelas Tetap Perawatan"},{"code":"naik-kelas","display":"Kenaikan Kelas Perawatan"},{"code":"turun-kelas","display":"Penurunan Kelas Perawatan"},{"code":"titip-rawat","display":"Titip Kelas Perawatan"}]}