{"resourceType":"CodeSystem","id":"v3-AddressUse","language":"en","text":{"status":"generated","div":"<div xml:lang=\"en\" xmlns=\"http://www.w3.org/1999/xhtml\" lang=\"en\"><p><b>Properties</b></p><p><b>This code system  defines the following properties for its concepts</b></p><table class=\"grid\"><tr><td><b>Code</b></td><td><b>URI</b></td><td><b>Type</b></td><td><b>Description</b></td></tr><tr><td>Specializes</td><td/><td>Coding</td><td>The child code is a more narrow version of the concept represented by the parent code.  I.e. Every child concept is also a valid parent concept.  Used to allow determination of subsumption.  Must be transitive, irreflexive, antisymmetric.</td></tr><tr><td>Generalizes</td><td/><td>Coding</td><td>Inverse of Specializes.  Only included as a derived relationship.</td></tr><tr><td>internalId</td><td>http://terminology.hl7.org/CodeSystem/utg-concept-properties#v3-internal-id</td><td>code</td><td>The internal identifier for the concept in the HL7 Access database repository.</td></tr><tr><td>notSelectable</td><td>http://hl7.org/fhir/concept-properties#notSelectable</td><td>boolean</td><td>Indicates that the code is abstract - only intended to be used as a selector for other concepts</td></tr><tr><td>status</td><td>http://hl7.org/fhir/concept-properties#status</td><td>code</td><td>Designation of a concept's state. Normally is not populated unless the state is retired.</td></tr></table><p><b>Concepts</b></p><p>This case-sensitive code system <code>http://terminology.hl7.org/CodeSystem/v3-AddressUse</code> defines the following codes in a Is-A heirarchy:</p><table class=\"codes\"><tr><td><b>Lvl</b></td><td style=\"white-space:nowrap\"><b>Code</b></td><td><b>Display</b></td><td><b>Definition</b></td><td><b>internalId</b></td><td><b>Not Selectable</b></td><td><b>status</b></td></tr><tr><td>1</td><td style=\"white-space:nowrap\">_GeneralAddressUse<a name=\"v3-AddressUse-_GeneralAddressUse\"> </a></td><td>_GeneralAddressUse</td><td><div><p><strong>Description:</strong> Address uses that can apply to both postal and telecommunication addresses.</p>\n</div></td><td>22729</td><td>true</td><td>active</td></tr><tr><td>2</td><td style=\"white-space:nowrap\">\u00a0\u00a0BAD<a name=\"v3-AddressUse-BAD\"> </a></td><td>bad address</td><td><div><p><strong>Description:</strong> A flag indicating that the address is bad, in fact, useless.</p>\n</div></td><td>22730</td><td/><td>active</td></tr><tr><td>2</td><td style=\"white-space:nowrap\">\u00a0\u00a0CONF<a name=\"v3-AddressUse-CONF\"> </a></td><td>confidential address</td><td><div><p><strong>Description:</strong> Indicates that the address is considered sensitive and should only be shared or published in accordance with organizational controls governing patient demographic information with increased sensitivity. Uses of Addresses. Lloyd to supply more complete description.</p>\n</div></td><td>22731</td><td/><td>active</td></tr><tr><td>2</td><td style=\"white-space:nowrap\">\u00a0\u00a0H<a name=\"v3-AddressUse-H\"> </a></td><td>home address</td><td><div><p><strong>Description:</strong> A communication address at a home, attempted contacts for business purposes might intrude privacy and chances are one will contact family or other household members instead of the person one wishes to call. Typically used with urgent cases, or if no other contacts are available.</p>\n</div></td><td>22732</td><td/><td>active</td></tr><tr><td>3</td><td style=\"white-space:nowrap\">\u00a0\u00a0\u00a0\u00a0HP<a name=\"v3-AddressUse-HP\"> </a></td><td>primary home</td><td><div><p><strong>Description:</strong> The primary home, to reach a person after business hours.</p>\n</div></td><td>22733</td><td/><td>active</td></tr><tr><td>3</td><td style=\"white-space:nowrap\">\u00a0\u00a0\u00a0\u00a0HV<a name=\"v3-AddressUse-HV\"> </a></td><td>vacation home</td><td><div><p><strong>Description:</strong> A vacation home, to reach a person while on vacation.</p>\n</div></td><td>22734</td><td/><td>active</td></tr><tr><td>2</td><td style=\"white-space:nowrap\">\u00a0\u00a0OLD<a name=\"v3-AddressUse-OLD\"> </a></td><td>no longer in use</td><td><div><p>This address is no longer in use.</p>\n<p><em>Usage Note:</em> Address may also carry valid time ranges. This code is used to cover the situations where it is known that the address is no longer valid, but no particular time range for its use is known.</p>\n</div></td><td>23468</td><td/><td>active</td></tr><tr><td>2</td><td style=\"white-space:nowrap\">\u00a0\u00a0TMP<a name=\"v3-AddressUse-TMP\"> </a></td><td>temporary address</td><td><div><p><strong>Description:</strong> A temporary address, may be good for visit or mailing. Note that an address history can provide more detailed information.</p>\n</div></td><td>22735</td><td/><td>active</td></tr><tr><td>2</td><td style=\"white-space:nowrap\">\u00a0\u00a0WP<a name=\"v3-AddressUse-WP\"> </a></td><td>work place</td><td><div><p><strong>Description:</strong> An office address. First choice for business related contacts during business hours.</p>\n</div></td><td>22736</td><td/><td>active</td></tr><tr><td>3</td><td style=\"white-space:nowrap\">\u00a0\u00a0\u00a0\u00a0DIR<a name=\"v3-AddressUse-DIR\"> </a></td><td>direct</td><td><div><p><strong>Description:</strong> Indicates a work place address or telecommunication address that reaches the individual or organization directly without intermediaries. For phones, often referred to as a 'private line'.</p>\n</div></td><td>22737</td><td/><td>active</td></tr><tr><td>3</td><td style=\"white-space:nowrap\">\u00a0\u00a0\u00a0\u00a0PUB<a name=\"v3-AddressUse-PUB\"> </a></td><td>public</td><td><div><p><strong>Description:</strong> Indicates a work place address or telecommunication address that is a 'standard' address which may reach a reception service, mail-room, or other intermediary prior to the target entity.</p>\n</div></td><td>22738</td><td/><td>active</td></tr><tr><td>1</td><td style=\"white-space:nowrap\">_PostalAddressUse<a name=\"v3-AddressUse-_PostalAddressUse\"> </a></td><td>_PostalAddressUse</td><td><div><p><strong>Description:</strong> Address uses that only apply to postal addresses, not telecommunication addresses.</p>\n</div></td><td>22739</td><td>true</td><td>active</td></tr><tr><td>2</td><td style=\"white-space:nowrap\">\u00a0\u00a0PHYS<a name=\"v3-AddressUse-PHYS\"> </a></td><td>physical visit address</td><td><div><p><strong>Description:</strong> Used primarily to visit an address.</p>\n</div></td><td>22740</td><td/><td>active</td></tr><tr><td>2</td><td style=\"white-space:nowrap\">\u00a0\u00a0PST<a name=\"v3-AddressUse-PST\"> </a></td><td>postal address</td><td><div><p><strong>Description:</strong> Used to send mail.</p>\n</div></td><td>22741</td><td/><td>active</td></tr><tr><td>1</td><td style=\"white-space:nowrap\">_TelecommunicationAddressUse<a name=\"v3-AddressUse-_TelecommunicationAddressUse\"> </a></td><td>_TelecommunicationAddressUse</td><td><div><p><strong>Description:</strong> Address uses that only apply to telecommunication addresses, not postal addresses.</p>\n</div></td><td>22742</td><td>true</td><td>active</td></tr><tr><td>2</td><td style=\"white-space:nowrap\">\u00a0\u00a0AS<a name=\"v3-AddressUse-AS\"> </a></td><td>answering service</td><td><div><p><strong>Description:</strong> An automated answering machine used for less urgent cases and if the main purpose of contact is to leave a message or access an automated announcement.</p>\n</div></td><td>22743</td><td/><td>active</td></tr><tr><td>2</td><td style=\"white-space:nowrap\">\u00a0\u00a0EC<a name=\"v3-AddressUse-EC\"> </a></td><td>emergency contact</td><td><div><p><strong>Description:</strong> A contact specifically designated to be used for emergencies. This is the first choice in emergencies, independent of any other use codes.</p>\n</div></td><td>22744</td><td/><td>active</td></tr><tr><td>2</td><td style=\"white-space:nowrap\">\u00a0\u00a0MC<a name=\"v3-AddressUse-MC\"> </a></td><td>mobile contact</td><td><div><p><strong>Description:</strong> A telecommunication device that moves and stays with its owner. May have characteristics of all other use codes, suitable for urgent matters, not the first choice for routine business.</p>\n</div></td><td>22745</td><td/><td>active</td></tr><tr><td>2</td><td style=\"white-space:nowrap\">\u00a0\u00a0PG<a name=\"v3-AddressUse-PG\"> </a></td><td>pager</td><td><div><p><strong>Description:</strong> A paging device suitable to solicit a callback or to leave a very short message.</p>\n</div></td><td>22746</td><td/><td>active</td></tr></table></div>"},"url":"http://terminology.hl7.org/CodeSystem/v3-AddressUse","identifier":[{"system":"urn:ietf:rfc:3986","value":"urn:oid:2.16.840.1.113883.5.1119"}],"version":"0.1.0","name":"AddressUse","title":"AddressUse","status":"active","experimental":false,"date":"2019-03-20","publisher":"SatuSehat","contact":[{"name":"SatuSehat","telecom":[{"system":"url","value":"https://satusehat.kemkes.go.id/"},{"system":"email","value":"fhir@dto.kemkes.go.id"}]}],"description":"Codes that provide guidance around the circumstances in which a given address should be used.","copyright":"This material derives from the HL7 Terminology THO. THO is copyright ©1989+ Health Level Seven International and is made available under the CC0 designation. For more licensing information see: https://terminology.hl7.org/license","caseSensitive":true,"hierarchyMeaning":"is-a","content":"complete","property":[{"extension":[{"url":"http://terminology.hl7.org/StructureDefinition/ext-mif-relationship-symmetry","valueCode":"antisymmetric"},{"url":"http://terminology.hl7.org/StructureDefinition/ext-mif-relationship-transitivity","valueCode":"transitive"},{"url":"http://terminology.hl7.org/StructureDefinition/ext-mif-relationship-reflexivity","valueCode":"irreflexive"},{"url":"http://terminology.hl7.org/StructureDefinition/ext-mif-relationship-isNavigable","valueBoolean":true},{"url":"http://terminology.hl7.org/StructureDefinition/ext-mif-relationship-relationshipKind","valueCode":"Specializes"},{"url":"http://terminology.hl7.org/StructureDefinition/ext-mif-relationship-inverseName","valueString":"Generalizes"}],"code":"Specializes","description":"The child code is a more narrow version of the concept represented by the parent code.  I.e. Every child concept is also a valid parent concept.  Used to allow determination of subsumption.  Must be transitive, irreflexive, antisymmetric.","type":"Coding"},{"extension":[{"url":"http://terminology.hl7.org/StructureDefinition/ext-mif-relationship-symmetry","valueCode":"antisymmetric"},{"url":"http://terminology.hl7.org/StructureDefinition/ext-mif-relationship-transitivity","valueCode":"transitive"},{"url":"http://terminology.hl7.org/StructureDefinition/ext-mif-relationship-reflexivity","valueCode":"irreflexive"},{"url":"http://terminology.hl7.org/StructureDefinition/ext-mif-relationship-isNavigable","valueBoolean":true},{"url":"http://terminology.hl7.org/StructureDefinition/ext-mif-relationship-relationshipKind","valueCode":"Generalizes"},{"url":"http://terminology.hl7.org/StructureDefinition/ext-mif-relationship-inverseName","valueString":"Specializes"}],"code":"Generalizes","description":"Inverse of Specializes.  Only included as a derived relationship.","type":"Coding"},{"code":"internalId","uri":"http://terminology.hl7.org/CodeSystem/utg-concept-properties#v3-internal-id","description":"The internal identifier for the concept in the HL7 Access database repository.","type":"code"},{"code":"notSelectable","uri":"http://hl7.org/fhir/concept-properties#notSelectable","description":"Indicates that the code is abstract - only intended to be used as a selector for other concepts","type":"boolean"},{"code":"status","uri":"http://hl7.org/fhir/concept-properties#status","description":"Designation of a concept's state. Normally is not populated unless the state is retired.","type":"code"}],"concept":[{"code":"_GeneralAddressUse","display":"_GeneralAddressUse","definition":"**Description:** Address uses that can apply to both postal and telecommunication addresses.","property":[{"code":"notSelectable","valueBoolean":true},{"code":"status","valueCode":"active"},{"code":"internalId","valueCode":"22729"}],"concept":[{"code":"BAD","display":"bad address","definition":"**Description:** A flag indicating that the address is bad, in fact, useless.","property":[{"code":"status","valueCode":"active"},{"code":"internalId","valueCode":"22730"}]},{"code":"CONF","display":"confidential address","definition":"**Description:** Indicates that the address is considered sensitive and should only be shared or published in accordance with organizational controls governing patient demographic information with increased sensitivity. Uses of Addresses. Lloyd to supply more complete description.","property":[{"code":"status","valueCode":"active"},{"code":"internalId","valueCode":"22731"}]},{"code":"H","display":"home address","definition":"**Description:** A communication address at a home, attempted contacts for business purposes might intrude privacy and chances are one will contact family or other household members instead of the person one wishes to call. Typically used with urgent cases, or if no other contacts are available.","property":[{"code":"status","valueCode":"active"},{"code":"internalId","valueCode":"22732"}],"concept":[{"code":"HP","display":"primary home","definition":"**Description:** The primary home, to reach a person after business hours.","property":[{"code":"status","valueCode":"active"},{"code":"internalId","valueCode":"22733"}]},{"code":"HV","display":"vacation home","definition":"**Description:** A vacation home, to reach a person while on vacation.","property":[{"code":"status","valueCode":"active"},{"code":"internalId","valueCode":"22734"}]}]},{"code":"OLD","display":"no longer in use","definition":"This address is no longer in use.\r\n\r\n*Usage Note:* Address may also carry valid time ranges. This code is used to cover the situations where it is known that the address is no longer valid, but no particular time range for its use is known.","property":[{"code":"status","valueCode":"active"},{"code":"internalId","valueCode":"23468"}]},{"code":"TMP","display":"temporary address","definition":"**Description:** A temporary address, may be good for visit or mailing. Note that an address history can provide more detailed information.","property":[{"code":"status","valueCode":"active"},{"code":"internalId","valueCode":"22735"}]},{"code":"WP","display":"work place","definition":"**Description:** An office address. First choice for business related contacts during business hours.","property":[{"code":"status","valueCode":"active"},{"code":"internalId","valueCode":"22736"}],"concept":[{"code":"DIR","display":"direct","definition":"**Description:** Indicates a work place address or telecommunication address that reaches the individual or organization directly without intermediaries. For phones, often referred to as a 'private line'.","property":[{"code":"status","valueCode":"active"},{"code":"internalId","valueCode":"22737"}]},{"code":"PUB","display":"public","definition":"**Description:** Indicates a work place address or telecommunication address that is a 'standard' address which may reach a reception service, mail-room, or other intermediary prior to the target entity.","property":[{"code":"status","valueCode":"active"},{"code":"internalId","valueCode":"22738"}]}]}]},{"code":"_PostalAddressUse","display":"_PostalAddressUse","definition":"**Description:** Address uses that only apply to postal addresses, not telecommunication addresses.","property":[{"code":"notSelectable","valueBoolean":true},{"code":"status","valueCode":"active"},{"code":"internalId","valueCode":"22739"}],"concept":[{"code":"PHYS","display":"physical visit address","definition":"**Description:** Used primarily to visit an address.","property":[{"code":"status","valueCode":"active"},{"code":"internalId","valueCode":"22740"}]},{"code":"PST","display":"postal address","definition":"**Description:** Used to send mail.","property":[{"code":"status","valueCode":"active"},{"code":"internalId","valueCode":"22741"}]}]},{"code":"_TelecommunicationAddressUse","display":"_TelecommunicationAddressUse","definition":"**Description:** Address uses that only apply to telecommunication addresses, not postal addresses.","property":[{"code":"notSelectable","valueBoolean":true},{"code":"status","valueCode":"active"},{"code":"internalId","valueCode":"22742"}],"concept":[{"code":"AS","display":"answering service","definition":"**Description:** An automated answering machine used for less urgent cases and if the main purpose of contact is to leave a message or access an automated announcement.","property":[{"code":"status","valueCode":"active"},{"code":"internalId","valueCode":"22743"}]},{"code":"EC","display":"emergency contact","definition":"**Description:** A contact specifically designated to be used for emergencies. This is the first choice in emergencies, independent of any other use codes.","property":[{"code":"status","valueCode":"active"},{"code":"internalId","valueCode":"22744"}]},{"code":"MC","display":"mobile contact","definition":"**Description:** A telecommunication device that moves and stays with its owner. May have characteristics of all other use codes, suitable for urgent matters, not the first choice for routine business.","property":[{"code":"status","valueCode":"active"},{"code":"internalId","valueCode":"22745"}]},{"code":"PG","display":"pager","definition":"**Description:** A paging device suitable to solicit a callback or to leave a very short message.","property":[{"code":"status","valueCode":"active"},{"code":"internalId","valueCode":"22746"}]}]}]}