{"resourceType":"CodeSystem","id":"EncounterLocationServiceClassOutpatient","text":{"status":"generated","div":"<div xmlns=\"http://www.w3.org/1999/xhtml\"><p>This  code system <code>http://terminology.kemkes.go.id/CodeSystem/locationServiceClass-Outpatient</code> defines the following codes:</p><table class=\"codes\"><tr><td style=\"white-space:nowrap\"><b>Code</b></td><td><b>Display</b></td></tr><tr><td style=\"white-space:nowrap\">reguler<a name=\"EncounterLocationServiceClassOutpatient-reguler\"> </a></td><td>Kelas Reguler</td></tr><tr><td style=\"white-space:nowrap\">eksekutif<a name=\"EncounterLocationServiceClassOutpatient-eksekutif\"> </a></td><td>Kelas Eksekutif</td></tr></table></div>"},"url":"http://terminology.kemkes.go.id/CodeSystem/locationServiceClass-Outpatient","version":"0.1.0","name":"EncounterLocationServiceClassOutpatient","title":"Encounter Location ServiceClass Outpatient","status":"active","date":"2024-05-30T10:41:30+07:00","publisher":"SatuSehat","contact":[{"name":"SatuSehat","telecom":[{"system":"url","value":"https://satusehat.kemkes.go.id/"},{"system":"email","value":"fhir@dto.kemkes.go.id"}]}],"description":"Local ID encounter location ServiceClass Outpatient","content":"complete","count":2,"concept":[{"code":"reguler","display":"Kelas Reguler"},{"code":"eksekutif","display":"Kelas Eksekutif"}]}