{"resourceType":"CodeSystem","id":"KemkesHospitalClassCS","language":"Indonesia","text":{"status":"generated","div":"<div xmlns=\"http://www.w3.org/1999/xhtml\" xml:lang=\"Indonesia\" lang=\"Indonesia\"><p>This case-sensitive code system <code>http://terminology.kemkes.go.id/CodeSystem/HospitalClass</code> defines the following codes in a Is-A hierarchy:</p><table class=\"codes\"><tr><td style=\"white-space:nowrap\"><b>Code</b></td><td><b>Display</b></td></tr><tr><td style=\"white-space:nowrap\">A<a name=\"KemkesHospitalClassCS-A\"> </a></td><td>RS Kelas A</td></tr><tr><td style=\"white-space:nowrap\">B<a name=\"KemkesHospitalClassCS-B\"> </a></td><td>RS Kelas B</td></tr><tr><td style=\"white-space:nowrap\">C<a name=\"KemkesHospitalClassCS-C\"> </a></td><td>RS Kelas C</td></tr><tr><td style=\"white-space:nowrap\">D<a name=\"KemkesHospitalClassCS-D\"> </a></td><td>RS Kelas D</td></tr></table></div>"},"url":"http://terminology.kemkes.go.id/CodeSystem/HospitalClass","version":"0.1.0","name":"KemkesHospitalClassCS","title":"Terminology Kemkes Hospital Class CodeSystem","status":"active","experimental":false,"date":"2024-02-05T00:00:00.000Z","publisher":"SatuSehat","contact":[{"name":"SatuSehat","telecom":[{"system":"url","value":"https://satusehat.kemkes.go.id/"},{"system":"email","value":"fhir@dto.kemkes.go.id"}]}],"description":"Terminology Kemkes Hospital Class CodeSystem","caseSensitive":true,"valueSet":"http://terminology.kemkes.go.id/ValueSet/HospitalClass","hierarchyMeaning":"is-a","compositional":false,"versionNeeded":true,"content":"complete","count":4,"concept":[{"code":"A","display":"RS Kelas A"},{"code":"B","display":"RS Kelas B"},{"code":"C","display":"RS Kelas C"},{"code":"D","display":"RS Kelas D"}]}