{"resourceType":"CodeSystem","id":"v3-ActPriority","language":"en","text":{"status":"generated","div":"<div xml:lang=\"en\" xmlns=\"http://www.w3.org/1999/xhtml\" lang=\"en\"><p><b>Properties</b></p><p><b>This code system  defines the following properties for its concepts</b></p><table class=\"grid\"><tr><td><b>Code</b></td><td><b>URI</b></td><td><b>Type</b></td><td><b>Description</b></td></tr><tr><td>Specializes</td><td/><td>Coding</td><td>The child code is a more narrow version of the concept represented by the parent code.  I.e. Every child concept is also a valid parent concept.  Used to allow determination of subsumption.  Must be transitive, irreflexive, antisymmetric.</td></tr><tr><td>Generalizes</td><td/><td>Coding</td><td>Inverse of Specializes.  Only included as a derived relationship.</td></tr><tr><td>internalId</td><td>http://terminology.hl7.org/CodeSystem/utg-concept-properties#v3-internal-id</td><td>code</td><td>The internal identifier for the concept in the HL7 Access database repository.</td></tr><tr><td>status</td><td>http://hl7.org/fhir/concept-properties#status</td><td>code</td><td>Designation of a concept's state. Normally is not populated unless the state is retired.</td></tr></table><p><b>Concepts</b></p><p>This case-sensitive code system <code>http://terminology.hl7.org/CodeSystem/v3-ActPriority</code> defines the following codes in a Is-A heirarchy:</p><table class=\"codes\"><tr><td><b>Lvl</b></td><td style=\"white-space:nowrap\"><b>Code</b></td><td><b>Display</b></td><td><b>Definition</b></td><td><b>internalId</b></td><td><b>status</b></td></tr><tr><td>1</td><td style=\"white-space:nowrap\">A<a name=\"v3-ActPriority-A\"> </a></td><td>ASAP</td><td>As soon as possible, next highest priority after stat.</td><td>16868</td><td>active</td></tr><tr><td>1</td><td style=\"white-space:nowrap\">CR<a name=\"v3-ActPriority-CR\"> </a></td><td>callback results</td><td>Filler should contact the placer as soon as results are available, even for preliminary results. (Was &quot;C&quot; in HL7 version 2.3's reporting priority.)</td><td>16876</td><td>active</td></tr><tr><td>1</td><td style=\"white-space:nowrap\">CS<a name=\"v3-ActPriority-CS\"> </a></td><td>callback for scheduling</td><td>Filler should contact the placer (or target) to schedule the service. (Was &quot;C&quot; in HL7 version 2.3's TQ-priority component.)</td><td>16871</td><td>active</td></tr><tr><td>2</td><td style=\"white-space:nowrap\">\u00a0\u00a0CSP<a name=\"v3-ActPriority-CSP\"> </a></td><td>callback placer for scheduling</td><td>Filler should contact the placer to schedule the service. (Was &quot;C&quot; in HL7 version 2.3's TQ-priority component.)</td><td>16872</td><td>active</td></tr><tr><td>2</td><td style=\"white-space:nowrap\">\u00a0\u00a0CSR<a name=\"v3-ActPriority-CSR\"> </a></td><td>contact recipient for scheduling</td><td>Filler should contact the service recipient (target) to schedule the service. (Was &quot;C&quot; in HL7 version 2.3's TQ-priority component.)</td><td>16873</td><td>active</td></tr><tr><td>1</td><td style=\"white-space:nowrap\">EL<a name=\"v3-ActPriority-EL\"> </a></td><td>elective</td><td>Beneficial to the patient but not essential for survival.</td><td>12239</td><td>active</td></tr><tr><td>1</td><td style=\"white-space:nowrap\">EM<a name=\"v3-ActPriority-EM\"> </a></td><td>emergency</td><td>An unforeseen combination of circumstances or the resulting state that calls for immediate action.</td><td>12241</td><td>active</td></tr><tr><td>1</td><td style=\"white-space:nowrap\">P<a name=\"v3-ActPriority-P\"> </a></td><td>preop</td><td>Used to indicate that a service is to be performed prior to a scheduled surgery. When ordering a service and using the pre-op priority, a check is done to see the amount of time that must be allowed for performance of the service. When the order is placed, a message can be generated indicating the time needed for the service so that it is not ordered in conflict with a scheduled operation.</td><td>16870</td><td>active</td></tr><tr><td>1</td><td style=\"white-space:nowrap\">PRN<a name=\"v3-ActPriority-PRN\"> </a></td><td>as needed</td><td>An &quot;as needed&quot; order should be accompanied by a description of what constitutes a need. This description is represented by an observation service predicate as a precondition.</td><td>16875</td><td>active</td></tr><tr><td>1</td><td style=\"white-space:nowrap\">R<a name=\"v3-ActPriority-R\"> </a></td><td>routine</td><td>Routine service, do at usual work hours.</td><td>16869</td><td>active</td></tr><tr><td>1</td><td style=\"white-space:nowrap\">RR<a name=\"v3-ActPriority-RR\"> </a></td><td>rush reporting</td><td>A report should be prepared and sent as quickly as possible.</td><td>16877</td><td>active</td></tr><tr><td>1</td><td style=\"white-space:nowrap\">S<a name=\"v3-ActPriority-S\"> </a></td><td>stat</td><td>With highest priority (e.g., emergency).</td><td>16867</td><td>active</td></tr><tr><td>1</td><td style=\"white-space:nowrap\">T<a name=\"v3-ActPriority-T\"> </a></td><td>timing critical</td><td>It is critical to come as close as possible to the requested time (e.g., for a through antimicrobial level).</td><td>16874</td><td>active</td></tr><tr><td>1</td><td style=\"white-space:nowrap\">UD<a name=\"v3-ActPriority-UD\"> </a></td><td>use as directed</td><td>Drug is to be used as directed by the prescriber.</td><td>20843</td><td>active</td></tr><tr><td>1</td><td style=\"white-space:nowrap\">UR<a name=\"v3-ActPriority-UR\"> </a></td><td>urgent</td><td>Calls for prompt action.</td><td>12240</td><td>active</td></tr></table></div>"},"url":"http://terminology.hl7.org/CodeSystem/v3-ActPriority","identifier":[{"system":"urn:ietf:rfc:3986","value":"urn:oid:2.16.840.1.113883.5.7"}],"version":"0.1.0","name":"ActPriority","title":"ActPriority","status":"active","experimental":false,"date":"2019-03-20","publisher":"SatuSehat","contact":[{"name":"SatuSehat","telecom":[{"system":"url","value":"https://satusehat.kemkes.go.id/"},{"system":"email","value":"fhir@dto.kemkes.go.id"}]}],"description":"A set of codes (e.g., for routine, emergency), specifying the urgency under which the Act happened, can happen, is happening, is intended to happen, or is requested/demanded to happen.","copyright":"This material derives from the HL7 Terminology THO. THO is copyright ©1989+ Health Level Seven International and is made available under the CC0 designation. For more licensing information see: https://terminology.hl7.org/license","caseSensitive":true,"hierarchyMeaning":"is-a","content":"complete","property":[{"extension":[{"url":"http://terminology.hl7.org/StructureDefinition/ext-mif-relationship-symmetry","valueCode":"antisymmetric"},{"url":"http://terminology.hl7.org/StructureDefinition/ext-mif-relationship-transitivity","valueCode":"transitive"},{"url":"http://terminology.hl7.org/StructureDefinition/ext-mif-relationship-reflexivity","valueCode":"irreflexive"},{"url":"http://terminology.hl7.org/StructureDefinition/ext-mif-relationship-isNavigable","valueBoolean":true},{"url":"http://terminology.hl7.org/StructureDefinition/ext-mif-relationship-relationshipKind","valueCode":"Specializes"},{"url":"http://terminology.hl7.org/StructureDefinition/ext-mif-relationship-inverseName","valueString":"Generalizes"}],"code":"Specializes","description":"The child code is a more narrow version of the concept represented by the parent code.  I.e. Every child concept is also a valid parent concept.  Used to allow determination of subsumption.  Must be transitive, irreflexive, antisymmetric.","type":"Coding"},{"extension":[{"url":"http://terminology.hl7.org/StructureDefinition/ext-mif-relationship-symmetry","valueCode":"antisymmetric"},{"url":"http://terminology.hl7.org/StructureDefinition/ext-mif-relationship-transitivity","valueCode":"transitive"},{"url":"http://terminology.hl7.org/StructureDefinition/ext-mif-relationship-reflexivity","valueCode":"irreflexive"},{"url":"http://terminology.hl7.org/StructureDefinition/ext-mif-relationship-isNavigable","valueBoolean":true},{"url":"http://terminology.hl7.org/StructureDefinition/ext-mif-relationship-relationshipKind","valueCode":"Generalizes"},{"url":"http://terminology.hl7.org/StructureDefinition/ext-mif-relationship-inverseName","valueString":"Specializes"}],"code":"Generalizes","description":"Inverse of Specializes.  Only included as a derived relationship.","type":"Coding"},{"code":"internalId","uri":"http://terminology.hl7.org/CodeSystem/utg-concept-properties#v3-internal-id","description":"The internal identifier for the concept in the HL7 Access database repository.","type":"code"},{"code":"status","uri":"http://hl7.org/fhir/concept-properties#status","description":"Designation of a concept's state. Normally is not populated unless the state is retired.","type":"code"}],"concept":[{"code":"A","display":"ASAP","definition":"As soon as possible, next highest priority after stat.","property":[{"code":"status","valueCode":"active"},{"code":"internalId","valueCode":"16868"}]},{"code":"CR","display":"callback results","definition":"Filler should contact the placer as soon as results are available, even for preliminary results. (Was \"C\" in HL7 version 2.3's reporting priority.)","property":[{"code":"status","valueCode":"active"},{"code":"internalId","valueCode":"16876"}]},{"code":"CS","display":"callback for scheduling","definition":"Filler should contact the placer (or target) to schedule the service. (Was \"C\" in HL7 version 2.3's TQ-priority component.)","property":[{"code":"status","valueCode":"active"},{"code":"internalId","valueCode":"16871"}],"concept":[{"code":"CSP","display":"callback placer for scheduling","definition":"Filler should contact the placer to schedule the service. (Was \"C\" in HL7 version 2.3's TQ-priority component.)","property":[{"code":"status","valueCode":"active"},{"code":"internalId","valueCode":"16872"}]},{"code":"CSR","display":"contact recipient for scheduling","definition":"Filler should contact the service recipient (target) to schedule the service. (Was \"C\" in HL7 version 2.3's TQ-priority component.)","property":[{"code":"status","valueCode":"active"},{"code":"internalId","valueCode":"16873"}]}]},{"code":"EL","display":"elective","definition":"Beneficial to the patient but not essential for survival.","property":[{"code":"status","valueCode":"active"},{"code":"internalId","valueCode":"12239"}]},{"code":"EM","display":"emergency","definition":"An unforeseen combination of circumstances or the resulting state that calls for immediate action.","property":[{"code":"status","valueCode":"active"},{"code":"internalId","valueCode":"12241"}]},{"code":"P","display":"preop","definition":"Used to indicate that a service is to be performed prior to a scheduled surgery. When ordering a service and using the pre-op priority, a check is done to see the amount of time that must be allowed for performance of the service. When the order is placed, a message can be generated indicating the time needed for the service so that it is not ordered in conflict with a scheduled operation.","property":[{"code":"status","valueCode":"active"},{"code":"internalId","valueCode":"16870"}]},{"code":"PRN","display":"as needed","definition":"An \"as needed\" order should be accompanied by a description of what constitutes a need. This description is represented by an observation service predicate as a precondition.","property":[{"code":"status","valueCode":"active"},{"code":"internalId","valueCode":"16875"}]},{"code":"R","display":"routine","definition":"Routine service, do at usual work hours.","property":[{"code":"status","valueCode":"active"},{"code":"internalId","valueCode":"16869"}]},{"code":"RR","display":"rush reporting","definition":"A report should be prepared and sent as quickly as possible.","property":[{"code":"status","valueCode":"active"},{"code":"internalId","valueCode":"16877"}]},{"code":"S","display":"stat","definition":"With highest priority (e.g., emergency).","property":[{"code":"status","valueCode":"active"},{"code":"internalId","valueCode":"16867"}]},{"code":"T","display":"timing critical","definition":"It is critical to come as close as possible to the requested time (e.g., for a through antimicrobial level).","property":[{"code":"status","valueCode":"active"},{"code":"internalId","valueCode":"16874"}]},{"code":"UD","display":"use as directed","definition":"Drug is to be used as directed by the prescriber.","property":[{"code":"status","valueCode":"active"},{"code":"internalId","valueCode":"20843"}]},{"code":"UR","display":"urgent","definition":"Calls for prompt action.","property":[{"code":"status","valueCode":"active"},{"code":"internalId","valueCode":"12240"}]}]}