{"resourceType":"CodeSystem","id":"library-type","meta":{"lastUpdated":"2020-04-09T21:10:28.568+00:00"},"text":{"status":"generated","div":"<div xmlns=\"http://www.w3.org/1999/xhtml\"><p>This case-sensitive code system <code>http://terminology.hl7.org/CodeSystem/library-type</code> defines the following codes:</p><table class=\"codes\"><tr><td style=\"white-space:nowrap\"><b>Code</b></td><td><b>Display</b></td><td><b>Definition</b></td></tr><tr><td style=\"white-space:nowrap\">logic-library<a name=\"library-type-logic-library\"> </a></td><td>Logic Library</td><td>The resource is a shareable library of formalized knowledge.</td></tr><tr><td style=\"white-space:nowrap\">model-definition<a name=\"library-type-model-definition\"> </a></td><td>Model Definition</td><td>The resource is a definition of an information model.</td></tr><tr><td style=\"white-space:nowrap\">asset-collection<a name=\"library-type-asset-collection\"> </a></td><td>Asset Collection</td><td>The resource is a collection of knowledge assets.</td></tr><tr><td style=\"white-space:nowrap\">module-definition<a name=\"library-type-module-definition\"> </a></td><td>Module Definition</td><td>The resource defines the dependencies, parameters, and data requirements for a particular module or evaluation context.</td></tr></table></div>"},"extension":[{"url":"http://hl7.org/fhir/StructureDefinition/structuredefinition-wg","valueCode":"cds"},{"url":"http://hl7.org/fhir/StructureDefinition/structuredefinition-fmm","valueInteger":2}],"url":"http://terminology.hl7.org/CodeSystem/library-type","identifier":[{"system":"urn:ietf:rfc:3986","value":"urn:oid:2.16.840.1.113883.4.642.1.1230"}],"version":"0.1.0","name":"LibraryType","title":"LibraryType","status":"draft","experimental":false,"date":"2020-04-09T21:10:28+00:00","publisher":"SatuSehat","contact":[{"name":"SatuSehat","telecom":[{"system":"url","value":"https://satusehat.kemkes.go.id/"},{"system":"email","value":"fhir@dto.kemkes.go.id"}]}],"description":"The type of knowledge asset this library contains.","copyright":"This material derives from the HL7 Terminology (THO). THO is copyright ©1989+ Health Level Seven International and is made available under the CC0 designation. For more licensing information see: https://terminology.hl7.org/license","caseSensitive":true,"valueSet":"http://terminology.hl7.org/ValueSet/library-type","content":"complete","concept":[{"code":"logic-library","display":"Logic Library","definition":"The resource is a shareable library of formalized knowledge."},{"code":"model-definition","display":"Model Definition","definition":"The resource is a definition of an information model."},{"code":"asset-collection","display":"Asset Collection","definition":"The resource is a collection of knowledge assets."},{"code":"module-definition","display":"Module Definition","definition":"The resource defines the dependencies, parameters, and data requirements for a particular module or evaluation context."}]}