{"resourceType":"CodeSystem","id":"hl7-work-group","meta":{"lastUpdated":"2020-04-09T21:10:28.568+00:00"},"text":{"status":"generated","div":"<div xmlns=\"http://www.w3.org/1999/xhtml\"><p><b>Properties</b></p><p><b>This code system  defines the following properties for its concepts</b></p><table class=\"grid\"><tr><td><b>Code</b></td><td><b>URI</b></td><td><b>Type</b></td><td><b>Description</b></td></tr><tr><td>status</td><td>http://hl7.org/fhir/concept-properties#status</td><td>code</td><td>Designation of a concept's state. Normally is not populated unless the state is retired.</td></tr></table><p><b>Concepts</b></p><p>This case-sensitive code system <code>http://terminology.hl7.org/CodeSystem/hl7-work-group</code> defines the following codes:</p><table class=\"codes\"><tr><td style=\"white-space:nowrap\"><b>Code</b></td><td><b>Display</b></td><td><b>Definition</b></td><td><b>status</b></td></tr><tr><td style=\"white-space:nowrap\">aid<a name=\"hl7-work-group-aid\"> </a></td><td>Application Implementation and Design</td><td>Application Implementation and Design (http://www.hl7.org/Special/committees/java/index.cfm).</td><td/></tr><tr><td style=\"white-space:nowrap\">arden<a name=\"hl7-work-group-arden\"> </a></td><td>Arden Syntax</td><td>Arden Syntax (http://www.hl7.org/Special/committees/arden/index.cfm)</td><td/></tr><tr><td style=\"white-space:nowrap\">att<a name=\"hl7-work-group-att\"> </a></td><td>Clinical Attachments</td><td>Clinical Attachments Workgroup (inactive since mid-2018; work subsumed by Structured Documents and Financial Management).  Retained for backwards-compatibility only.</td><td/></tr><tr><td style=\"white-space:nowrap\">brr<a name=\"hl7-work-group-brr\"> </a></td><td>Biomedical Research and Regulation</td><td>Biomedical Research and Regulation (http://www.hl7.org/Special/committees/rcrim/index.cfm).</td><td/></tr><tr><td style=\"white-space:nowrap\">cbcc<a name=\"hl7-work-group-cbcc\"> </a></td><td>Community Based Collaborative Care</td><td>Community Based Collaborative Care (http://www.hl7.org/Special/committees/cbcc/index.cfm).</td><td/></tr><tr><td style=\"white-space:nowrap\">cdamg<a name=\"hl7-work-group-cdamg\"> </a></td><td>CDA Management Group</td><td>CDA Management Group (http://www.hl7.org/Special/committees/cdamg/index.cfm)</td><td/></tr><tr><td style=\"white-space:nowrap\">cds<a name=\"hl7-work-group-cds\"> </a></td><td>Clinical Decision Support</td><td>Clinical Decision Support (http://www.hl7.org/Special/committees/dss/index.cfm).</td><td/></tr><tr><td style=\"white-space:nowrap\">cg<a name=\"hl7-work-group-cg\"> </a></td><td>Clinical Genomics</td><td>Clinical Genomics (http://www.hl7.org/Special/committees/clingenomics/index.cfm).</td><td/></tr><tr><td style=\"white-space:nowrap\">cgp<a name=\"hl7-work-group-cgp\"> </a></td><td>Cross-Group Projects</td><td>Cross-Group Projects (http://www.hl7.org/Special/committees/cgp/index.cfm)</td><td/></tr><tr><td style=\"white-space:nowrap\">cic<a name=\"hl7-work-group-cic\"> </a></td><td>Clinical Interoperability Council</td><td>Clinical Interoperability Council (http://www.hl7.org/Special/committees/cic/index.cfm).</td><td/></tr><tr><td style=\"white-space:nowrap\">cimi<a name=\"hl7-work-group-cimi\"> </a></td><td>Clinical Information Modeling Initiative</td><td>Clinical Information Modeling Initiative (http://www.hl7.org/Special/committees/cimi/index.cfm)</td><td/></tr><tr><td style=\"white-space:nowrap\">claims<a name=\"hl7-work-group-claims\"> </a></td><td>Payer/Provider Information Exchange Work Group</td><td>Payer/Provider Information Exchange Work Group (http://www.hl7.org/Special/committees/claims/index.cfm)</td><td/></tr><tr><td style=\"white-space:nowrap\">cqi<a name=\"hl7-work-group-cqi\"> </a></td><td>Clinical Quality Information</td><td>Clinical Quality Information (http://www.hl7.org/Special/committees/cqi/index.cfm).</td><td/></tr><tr><td style=\"white-space:nowrap\">dev<a name=\"hl7-work-group-dev\"> </a></td><td>Health Care Devices</td><td>Health Care Devices (http://www.hl7.org/Special/committees/healthcaredevices/index.cfm).</td><td/></tr><tr><td style=\"white-space:nowrap\">ehr<a name=\"hl7-work-group-ehr\"> </a></td><td>Electronic Health Records</td><td>Electronic Health Records (http://www.hl7.org/special/committees/ehr/index.cfm).</td><td/></tr><tr><td style=\"white-space:nowrap\">ec<a name=\"hl7-work-group-ec\"> </a></td><td>Emergency Care</td><td>Emergency Care (http://www.hl7.org/Special/committees/emergencycare/index.cfm)</td><td/></tr><tr><td style=\"white-space:nowrap\">fhir<a name=\"hl7-work-group-fhir\"> </a></td><td>FHIR Infrastructure</td><td>FHIR Infrastructure (http://www.hl7.org/Special/committees/fiwg/index.cfm).</td><td/></tr><tr><td style=\"white-space:nowrap\">fmg<a name=\"hl7-work-group-fmg\"> </a></td><td>FHIR Management Group</td><td>FHIR Management Group (http://www.hl7.org/Special/committees/fhirmg/index.cfm)</td><td/></tr><tr><td style=\"white-space:nowrap\">fm<a name=\"hl7-work-group-fm\"> </a></td><td>Financial Management</td><td>Financial Management (http://www.hl7.org/Special/committees/fm/index.cfm).</td><td/></tr><tr><td style=\"white-space:nowrap\">hsi<a name=\"hl7-work-group-hsi\"> </a></td><td>Health Standards Integration</td><td>Health Standards Integration (http://www.hl7.org/Special/committees/hsi/index.cfm).</td><td/></tr><tr><td style=\"white-space:nowrap\">hsswg<a name=\"hl7-work-group-hsswg\"> </a></td><td>Human and Social Services</td><td>Human and Social Services (http://www.hl7.org/Special/committees/hsswg/index.cfm)</td><td/></tr><tr><td style=\"white-space:nowrap\">hta<a name=\"hl7-work-group-hta\"> </a></td><td>Terminology Authority</td><td>Terminology Authority (http://www.hl7.org/Special/committees/termauth/index.cfm)</td><td/></tr><tr><td style=\"white-space:nowrap\">ictc<a name=\"hl7-work-group-ictc\"> </a></td><td>Conformance</td><td>Conformance (http://www.hl7.org/Special/committees/ictc/index.cfm)</td><td/></tr><tr><td style=\"white-space:nowrap\">ii<a name=\"hl7-work-group-ii\"> </a></td><td>Imaging Integration</td><td>Imaging Integration (http://www.hl7.org/Special/committees/imagemgt/index.cfm).</td><td/></tr><tr><td style=\"white-space:nowrap\">inm<a name=\"hl7-work-group-inm\"> </a></td><td>Infrastructure And Messaging</td><td>Infrastructure And Messaging (http://www.hl7.org/special/committees/inm/index.cfm).</td><td/></tr><tr><td style=\"white-space:nowrap\">its<a name=\"hl7-work-group-its\"> </a></td><td>Implementable Technology Specifications</td><td>Implementable Technology Specifications (http://www.hl7.org/special/committees/xml/index.cfm).</td><td/></tr><tr><td style=\"white-space:nowrap\">lhs<a name=\"hl7-work-group-lhs\"> </a></td><td>Learning Health Systems</td><td>Learning Health Systems (http://www.hl7.org/Special/committees/lhs/index.cfm)</td><td/></tr><tr><td style=\"white-space:nowrap\">mnm<a name=\"hl7-work-group-mnm\"> </a></td><td>Modeling and Methodology</td><td>Modeling and Methodology (http://www.hl7.org/Special/committees/mnm/index.cfm).</td><td/></tr><tr><td style=\"white-space:nowrap\">mobile<a name=\"hl7-work-group-mobile\"> </a></td><td>Mobile Health</td><td>Mobile Health (http://www.hl7.org/Special/committees/mobile/index.cfm)</td><td/></tr><tr><td style=\"white-space:nowrap\">oo<a name=\"hl7-work-group-oo\"> </a></td><td>Orders and Observations</td><td>Orders and Observations (http://www.hl7.org/Special/committees/orders/index.cfm).</td><td/></tr><tr><td style=\"white-space:nowrap\">pa<a name=\"hl7-work-group-pa\"> </a></td><td>Patient Administration</td><td>Patient Administration (http://www.hl7.org/Special/committees/pafm/index.cfm).</td><td/></tr><tr><td style=\"white-space:nowrap\">pc<a name=\"hl7-work-group-pc\"> </a></td><td>Patient Care</td><td>Patient Care (http://www.hl7.org/Special/committees/patientcare/index.cfm).</td><td/></tr><tr><td style=\"white-space:nowrap\">pher<a name=\"hl7-work-group-pher\"> </a></td><td>Public Health and Emergency Response</td><td>Public Health and Emergency Response (http://www.hl7.org/Special/committees/pher/index.cfm).</td><td/></tr><tr><td style=\"white-space:nowrap\">phx<a name=\"hl7-work-group-phx\"> </a></td><td>Pharmacy</td><td>Pharmacy (http://www.hl7.org/Special/committees/medication/index.cfm).</td><td/></tr><tr><td style=\"white-space:nowrap\">sd<a name=\"hl7-work-group-sd\"> </a></td><td>Structured Documents</td><td>Structured Documents (http://www.hl7.org/Special/committees/structure/index.cfm).</td><td/></tr><tr><td style=\"white-space:nowrap\">sec<a name=\"hl7-work-group-sec\"> </a></td><td>Security</td><td>Security (http://www.hl7.org/Special/committees/secure/index.cfm).</td><td/></tr><tr style=\"background-color: #ffeeee\"><td style=\"white-space:nowrap\">ti<a name=\"hl7-work-group-ti\"> </a></td><td>Terminology Infrastructure</td><td>Terminology Infrastructure (http://www.hl7.org/Special/committees/Vocab/index.cfm)</td><td>retired</td></tr><tr><td style=\"white-space:nowrap\">tsmg<a name=\"hl7-work-group-tsmg\"> </a></td><td>Terminology Services Management Group (TSMG)</td><td>Terminology Services Management Group (TSMG) (http://www.hl7.org/Special/committees/tsmg/index.cfm)</td><td/></tr><tr><td style=\"white-space:nowrap\">us<a name=\"hl7-work-group-us\"> </a></td><td>US Realm Steering Committee</td><td>US Realm Taskforce (http://www.hl7.org/Special/committees/usrealm/index.cfm).</td><td/></tr><tr><td style=\"white-space:nowrap\">v2<a name=\"hl7-work-group-v2\"> </a></td><td>V2 Management Group</td><td>V2 Management Group (http://www.hl7.org/Special/committees/v2management/index.cfm)</td><td/></tr><tr><td style=\"white-space:nowrap\">vocab<a name=\"hl7-work-group-vocab\"> </a></td><td>Terminology Infrastructure</td><td>Terminology Infrastructure (http://www.hl7.org/Special/committees/Vocab/index.cfm).</td><td/></tr></table></div>"},"url":"http://terminology.hl7.org/CodeSystem/hl7-work-group","identifier":[{"system":"urn:ietf:rfc:3986","value":"urn:oid:2.16.840.1.113883.4.642.1.1277"}],"version":"0.1.0","name":"HL7Workgroup","title":"HL7Workgroup","status":"active","experimental":false,"date":"2020-04-09T21:10:28+00:00","publisher":"SatuSehat","contact":[{"name":"SatuSehat","telecom":[{"system":"url","value":"https://satusehat.kemkes.go.id/"},{"system":"email","value":"fhir@dto.kemkes.go.id"}]}],"description":"An HL7 administrative unit that owns artifacts in the FHIR specification.","copyright":"This material derives from the HL7 Terminology (THO). THO is copyright ©1989+ Health Level Seven International and is made available under the CC0 designation. For more licensing information see: https://terminology.hl7.org/license","caseSensitive":true,"valueSet":"http://terminology.hl7.org/ValueSet/hl7-work-group","content":"complete","property":[{"code":"status","uri":"http://hl7.org/fhir/concept-properties#status","description":"Designation of a concept's state. Normally is not populated unless the state is retired.","type":"code"}],"concept":[{"code":"aid","display":"Application Implementation and Design","definition":"Application Implementation and Design (http://www.hl7.org/Special/committees/java/index.cfm)."},{"code":"arden","display":"Arden Syntax","definition":"Arden Syntax (http://www.hl7.org/Special/committees/arden/index.cfm)"},{"code":"att","display":"Clinical Attachments","definition":"Clinical Attachments Workgroup (inactive since mid-2018; work subsumed by Structured Documents and Financial Management).  Retained for backwards-compatibility only."},{"code":"brr","display":"Biomedical Research and Regulation","definition":"Biomedical Research and Regulation (http://www.hl7.org/Special/committees/rcrim/index.cfm)."},{"code":"cbcc","display":"Community Based Collaborative Care","definition":"Community Based Collaborative Care (http://www.hl7.org/Special/committees/cbcc/index.cfm)."},{"code":"cdamg","display":"CDA Management Group","definition":"CDA Management Group (http://www.hl7.org/Special/committees/cdamg/index.cfm)"},{"code":"cds","display":"Clinical Decision Support","definition":"Clinical Decision Support (http://www.hl7.org/Special/committees/dss/index.cfm)."},{"code":"cg","display":"Clinical Genomics","definition":"Clinical Genomics (http://www.hl7.org/Special/committees/clingenomics/index.cfm)."},{"code":"cgp","display":"Cross-Group Projects","definition":"Cross-Group Projects (http://www.hl7.org/Special/committees/cgp/index.cfm)"},{"code":"cic","display":"Clinical Interoperability Council","definition":"Clinical Interoperability Council (http://www.hl7.org/Special/committees/cic/index.cfm)."},{"code":"cimi","display":"Clinical Information Modeling Initiative","definition":"Clinical Information Modeling Initiative (http://www.hl7.org/Special/committees/cimi/index.cfm)"},{"code":"claims","display":"Payer/Provider Information Exchange Work Group","definition":"Payer/Provider Information Exchange Work Group (http://www.hl7.org/Special/committees/claims/index.cfm)"},{"code":"cqi","display":"Clinical Quality Information","definition":"Clinical Quality Information (http://www.hl7.org/Special/committees/cqi/index.cfm)."},{"code":"dev","display":"Health Care Devices","definition":"Health Care Devices (http://www.hl7.org/Special/committees/healthcaredevices/index.cfm)."},{"code":"ehr","display":"Electronic Health Records","definition":"Electronic Health Records (http://www.hl7.org/special/committees/ehr/index.cfm)."},{"code":"ec","display":"Emergency Care","definition":"Emergency Care (http://www.hl7.org/Special/committees/emergencycare/index.cfm)"},{"code":"fhir","display":"FHIR Infrastructure","definition":"FHIR Infrastructure (http://www.hl7.org/Special/committees/fiwg/index.cfm)."},{"code":"fmg","display":"FHIR Management Group","definition":"FHIR Management Group (http://www.hl7.org/Special/committees/fhirmg/index.cfm)"},{"code":"fm","display":"Financial Management","definition":"Financial Management (http://www.hl7.org/Special/committees/fm/index.cfm)."},{"code":"hsi","display":"Health Standards Integration","definition":"Health Standards Integration (http://www.hl7.org/Special/committees/hsi/index.cfm)."},{"code":"hsswg","display":"Human and Social Services","definition":"Human and Social Services (http://www.hl7.org/Special/committees/hsswg/index.cfm)"},{"code":"hta","display":"Terminology Authority","definition":"Terminology Authority (http://www.hl7.org/Special/committees/termauth/index.cfm)"},{"code":"ictc","display":"Conformance","definition":"Conformance (http://www.hl7.org/Special/committees/ictc/index.cfm)"},{"code":"ii","display":"Imaging Integration","definition":"Imaging Integration (http://www.hl7.org/Special/committees/imagemgt/index.cfm)."},{"code":"inm","display":"Infrastructure And Messaging","definition":"Infrastructure And Messaging (http://www.hl7.org/special/committees/inm/index.cfm)."},{"code":"its","display":"Implementable Technology Specifications","definition":"Implementable Technology Specifications (http://www.hl7.org/special/committees/xml/index.cfm)."},{"code":"lhs","display":"Learning Health Systems","definition":"Learning Health Systems (http://www.hl7.org/Special/committees/lhs/index.cfm)"},{"code":"mnm","display":"Modeling and Methodology","definition":"Modeling and Methodology (http://www.hl7.org/Special/committees/mnm/index.cfm)."},{"code":"mobile","display":"Mobile Health","definition":"Mobile Health (http://www.hl7.org/Special/committees/mobile/index.cfm)"},{"code":"oo","display":"Orders and Observations","definition":"Orders and Observations (http://www.hl7.org/Special/committees/orders/index.cfm)."},{"code":"pa","display":"Patient Administration","definition":"Patient Administration (http://www.hl7.org/Special/committees/pafm/index.cfm)."},{"code":"pc","display":"Patient Care","definition":"Patient Care (http://www.hl7.org/Special/committees/patientcare/index.cfm)."},{"code":"pher","display":"Public Health and Emergency Response","definition":"Public Health and Emergency Response (http://www.hl7.org/Special/committees/pher/index.cfm)."},{"code":"phx","display":"Pharmacy","definition":"Pharmacy (http://www.hl7.org/Special/committees/medication/index.cfm)."},{"code":"sd","display":"Structured Documents","definition":"Structured Documents (http://www.hl7.org/Special/committees/structure/index.cfm)."},{"code":"sec","display":"Security","definition":"Security (http://www.hl7.org/Special/committees/secure/index.cfm)."},{"code":"ti","display":"Terminology Infrastructure","definition":"Terminology Infrastructure (http://www.hl7.org/Special/committees/Vocab/index.cfm)","property":[{"code":"status","valueCode":"retired"}]},{"code":"tsmg","display":"Terminology Services Management Group (TSMG)","definition":"Terminology Services Management Group (TSMG) (http://www.hl7.org/Special/committees/tsmg/index.cfm)"},{"code":"us","display":"US Realm Steering Committee","definition":"US Realm Taskforce (http://www.hl7.org/Special/committees/usrealm/index.cfm)."},{"code":"v2","display":"V2 Management Group","definition":"V2 Management Group (http://www.hl7.org/Special/committees/v2management/index.cfm)"},{"code":"vocab","display":"Terminology Infrastructure","definition":"Terminology Infrastructure (http://www.hl7.org/Special/committees/Vocab/index.cfm)."}]}