{"resourceType":"CodeSystem","id":"contract-data-meaning","meta":{"lastUpdated":"2020-04-09T21:10:28.568+00:00"},"text":{"status":"generated","div":"<div xmlns=\"http://www.w3.org/1999/xhtml\"><p>This case-sensitive code system <code>http://terminology.hl7.org/CodeSystem/contract-data-meaning</code> defines the following codes:</p><table class=\"codes\"><tr><td style=\"white-space:nowrap\"><b>Code</b></td><td><b>Display</b></td><td><b>Definition</b></td></tr><tr><td style=\"white-space:nowrap\">instance<a name=\"contract-data-meaning-instance\"> </a></td><td>Instance</td><td>The consent applies directly to the instance of the resource.</td></tr><tr><td style=\"white-space:nowrap\">related<a name=\"contract-data-meaning-related\"> </a></td><td>Related</td><td>The consent applies directly to the instance of the resource and instances it refers to.</td></tr><tr><td style=\"white-space:nowrap\">dependents<a name=\"contract-data-meaning-dependents\"> </a></td><td>Dependents</td><td>The consent applies directly to the instance of the resource and instances that refer to it.</td></tr><tr><td style=\"white-space:nowrap\">authoredby<a name=\"contract-data-meaning-authoredby\"> </a></td><td>AuthoredBy</td><td>The consent applies to instances of resources that are authored by.</td></tr></table></div>"},"url":"http://terminology.hl7.org/CodeSystem/contract-data-meaning","identifier":[{"system":"urn:ietf:rfc:3986","value":"urn:oid:2.16.840.1.113883.4.642.1.1205"}],"version":"0.1.0","name":"ContractDataMeaning","title":"ContractDataMeaning","status":"draft","experimental":false,"date":"2020-04-09T21:10:28+00:00","publisher":"SatuSehat","contact":[{"name":"SatuSehat","telecom":[{"system":"url","value":"https://satusehat.kemkes.go.id/"},{"system":"email","value":"fhir@dto.kemkes.go.id"}]}],"description":"How a resource reference is interpreted when evaluating contract offers.","copyright":"This material derives from the HL7 Terminology (THO). THO is copyright ©1989+ Health Level Seven International and is made available under the CC0 designation. For more licensing information see: https://terminology.hl7.org/license","caseSensitive":true,"valueSet":"http://terminology.hl7.org/ValueSet/contract-data-meaning","content":"complete","concept":[{"code":"instance","display":"Instance","definition":"The consent applies directly to the instance of the resource."},{"code":"related","display":"Related","definition":"The consent applies directly to the instance of the resource and instances it refers to."},{"code":"dependents","display":"Dependents","definition":"The consent applies directly to the instance of the resource and instances that refer to it."},{"code":"authoredby","display":"AuthoredBy","definition":"The consent applies to instances of resources that are authored by."}]}