{"resourceType":"CodeSystem","id":"v3-HtmlLinkType","language":"en","text":{"status":"generated","div":"<div xml:lang=\"en\" xmlns=\"http://www.w3.org/1999/xhtml\" lang=\"en\"><p><b>Properties</b></p><p><b>This code system  defines the following properties for its concepts</b></p><table class=\"grid\"><tr><td><b>Code</b></td><td><b>URI</b></td><td><b>Type</b></td><td><b>Description</b></td></tr><tr><td>Specializes</td><td/><td>Coding</td><td>The child code is a more narrow version of the concept represented by the parent code.  I.e. Every child concept is also a valid parent concept.  Used to allow determination of subsumption.  Must be transitive, irreflexive, antisymmetric.</td></tr><tr><td>Generalizes</td><td/><td>Coding</td><td>Inverse of Specializes.  Only included as a derived relationship.</td></tr><tr><td>internalId</td><td>http://terminology.hl7.org/CodeSystem/utg-concept-properties#v3-internal-id</td><td>code</td><td>The internal identifier for the concept in the HL7 Access database repository.</td></tr><tr><td>status</td><td>http://hl7.org/fhir/concept-properties#status</td><td>code</td><td>Designation of a concept's state. Normally is not populated unless the state is retired.</td></tr></table><p><b>Concepts</b></p><p>This case-sensitive code system <code>http://terminology.hl7.org/CodeSystem/v3-HtmlLinkType</code> defines the following codes in a Is-A heirarchy:</p><table class=\"codes\"><tr><td style=\"white-space:nowrap\"><b>Code</b></td><td><b>Definition</b></td><td><b>internalId</b></td><td><b>status</b></td></tr><tr><td style=\"white-space:nowrap\">alternate<a name=\"v3-HtmlLinkType-alternate\"> </a></td><td>Designates substitute versions for the document in which the link occurs. When used together with the lang attribute, it implies a translated version of the document. When used together with the media attribute, it implies a version designed for a different medium (or media).</td><td>11018</td><td>active</td></tr><tr><td style=\"white-space:nowrap\">appendix<a name=\"v3-HtmlLinkType-appendix\"> </a></td><td>Refers to a document serving as an appendix in a collection of documents.</td><td>11030</td><td>active</td></tr><tr><td style=\"white-space:nowrap\">bookmark<a name=\"v3-HtmlLinkType-bookmark\"> </a></td><td>Refers to a bookmark. A bookmark is a link to a key entry point within an extended document. The title attribute may be used, for example, to label the bookmark. Note that several bookmarks may be defined in each document.</td><td>11032</td><td>active</td></tr><tr><td style=\"white-space:nowrap\">chapter<a name=\"v3-HtmlLinkType-chapter\"> </a></td><td>Refers to a document serving as a chapter in a collection of documents.</td><td>11027</td><td>active</td></tr><tr><td style=\"white-space:nowrap\">contents<a name=\"v3-HtmlLinkType-contents\"> </a></td><td>Refers to a document serving as a table of contents. Some user agents also support the synonym ToC (from &quot;Table of Contents&quot;).</td><td>11023</td><td>active</td></tr><tr><td style=\"white-space:nowrap\">copyright<a name=\"v3-HtmlLinkType-copyright\"> </a></td><td>Refers to a copyright statement for the current document.</td><td>11026</td><td>active</td></tr><tr><td style=\"white-space:nowrap\">glossary<a name=\"v3-HtmlLinkType-glossary\"> </a></td><td>Refers to a document providing a glossary of terms that pertain to the current document.</td><td>11025</td><td>active</td></tr><tr><td style=\"white-space:nowrap\">help<a name=\"v3-HtmlLinkType-help\"> </a></td><td>Refers to a document offering help (more information, links to other sources of information, etc.).</td><td>11031</td><td>active</td></tr><tr><td style=\"white-space:nowrap\">index<a name=\"v3-HtmlLinkType-index\"> </a></td><td>Refers to a document providing an index for the current document.</td><td>11024</td><td>active</td></tr><tr><td style=\"white-space:nowrap\">next<a name=\"v3-HtmlLinkType-next\"> </a></td><td>Refers to the next document in a linear sequence of documents. User agents may choose to preload the &quot;next&quot; document, to reduce the perceived load time.</td><td>11021</td><td>active</td></tr><tr><td style=\"white-space:nowrap\">prev<a name=\"v3-HtmlLinkType-prev\"> </a></td><td>Refers to the previous document in an ordered series of documents. Some user agents also support the synonym &quot;Previous&quot;.</td><td>11022</td><td>active</td></tr><tr><td style=\"white-space:nowrap\">section<a name=\"v3-HtmlLinkType-section\"> </a></td><td>Refers to a document serving as a section in a collection of documents.</td><td>11028</td><td>active</td></tr><tr><td style=\"white-space:nowrap\">start<a name=\"v3-HtmlLinkType-start\"> </a></td><td>Refers to the first document in a collection of documents. This link type tells search engines which document is considered by the author to be the starting point of the collection.</td><td>11020</td><td>active</td></tr><tr><td style=\"white-space:nowrap\">stylesheet<a name=\"v3-HtmlLinkType-stylesheet\"> </a></td><td>Refers to an external style sheet. See the section on external style sheets for details. This is used together with the link type &quot;Alternate&quot; for user-selectable alternate style sheets.</td><td>11019</td><td>active</td></tr><tr><td style=\"white-space:nowrap\">subsection<a name=\"v3-HtmlLinkType-subsection\"> </a></td><td>Refers to a document serving as a subsection in a collection of documents.</td><td>11029</td><td>active</td></tr></table></div>"},"url":"http://terminology.hl7.org/CodeSystem/v3-HtmlLinkType","identifier":[{"system":"urn:ietf:rfc:3986","value":"urn:oid:2.16.840.1.113883.5.58"}],"version":"0.1.0","name":"HtmlLinkType","title":"HtmlLinkType","status":"active","experimental":false,"date":"2019-03-20","publisher":"SatuSehat","contact":[{"name":"SatuSehat","telecom":[{"system":"url","value":"https://satusehat.kemkes.go.id/"},{"system":"email","value":"fhir@dto.kemkes.go.id"}]}],"description":"HtmlLinkType values are drawn from HTML 4.0 and describe the relationship between the current document and the anchor that is the target of the link","copyright":"This material derives from the HL7 Terminology THO. THO is copyright ©1989+ Health Level Seven International and is made available under the CC0 designation. For more licensing information see: https://terminology.hl7.org/license","caseSensitive":true,"hierarchyMeaning":"is-a","content":"complete","property":[{"extension":[{"url":"http://terminology.hl7.org/StructureDefinition/ext-mif-relationship-symmetry","valueCode":"antisymmetric"},{"url":"http://terminology.hl7.org/StructureDefinition/ext-mif-relationship-transitivity","valueCode":"transitive"},{"url":"http://terminology.hl7.org/StructureDefinition/ext-mif-relationship-reflexivity","valueCode":"irreflexive"},{"url":"http://terminology.hl7.org/StructureDefinition/ext-mif-relationship-isNavigable","valueBoolean":true},{"url":"http://terminology.hl7.org/StructureDefinition/ext-mif-relationship-relationshipKind","valueCode":"Specializes"},{"url":"http://terminology.hl7.org/StructureDefinition/ext-mif-relationship-inverseName","valueString":"Generalizes"}],"code":"Specializes","description":"The child code is a more narrow version of the concept represented by the parent code.  I.e. Every child concept is also a valid parent concept.  Used to allow determination of subsumption.  Must be transitive, irreflexive, antisymmetric.","type":"Coding"},{"extension":[{"url":"http://terminology.hl7.org/StructureDefinition/ext-mif-relationship-symmetry","valueCode":"antisymmetric"},{"url":"http://terminology.hl7.org/StructureDefinition/ext-mif-relationship-transitivity","valueCode":"transitive"},{"url":"http://terminology.hl7.org/StructureDefinition/ext-mif-relationship-reflexivity","valueCode":"irreflexive"},{"url":"http://terminology.hl7.org/StructureDefinition/ext-mif-relationship-isNavigable","valueBoolean":true},{"url":"http://terminology.hl7.org/StructureDefinition/ext-mif-relationship-relationshipKind","valueCode":"Generalizes"},{"url":"http://terminology.hl7.org/StructureDefinition/ext-mif-relationship-inverseName","valueString":"Specializes"}],"code":"Generalizes","description":"Inverse of Specializes.  Only included as a derived relationship.","type":"Coding"},{"code":"internalId","uri":"http://terminology.hl7.org/CodeSystem/utg-concept-properties#v3-internal-id","description":"The internal identifier for the concept in the HL7 Access database repository.","type":"code"},{"code":"status","uri":"http://hl7.org/fhir/concept-properties#status","description":"Designation of a concept's state. Normally is not populated unless the state is retired.","type":"code"}],"concept":[{"code":"alternate","display":"alternate","definition":"Designates substitute versions for the document in which the link occurs. When used together with the lang attribute, it implies a translated version of the document. When used together with the media attribute, it implies a version designed for a different medium (or media).","property":[{"code":"status","valueCode":"active"},{"code":"internalId","valueCode":"11018"}]},{"code":"appendix","display":"appendix","definition":"Refers to a document serving as an appendix in a collection of documents.","property":[{"code":"status","valueCode":"active"},{"code":"internalId","valueCode":"11030"}]},{"code":"bookmark","display":"bookmark","definition":"Refers to a bookmark. A bookmark is a link to a key entry point within an extended document. The title attribute may be used, for example, to label the bookmark. Note that several bookmarks may be defined in each document.","property":[{"code":"status","valueCode":"active"},{"code":"internalId","valueCode":"11032"}]},{"code":"chapter","display":"chapter","definition":"Refers to a document serving as a chapter in a collection of documents.","property":[{"code":"status","valueCode":"active"},{"code":"internalId","valueCode":"11027"}]},{"code":"contents","display":"contents","definition":"Refers to a document serving as a table of contents. Some user agents also support the synonym ToC (from \"Table of Contents\").","property":[{"code":"status","valueCode":"active"},{"code":"internalId","valueCode":"11023"}]},{"code":"copyright","display":"copyright","definition":"Refers to a copyright statement for the current document.","property":[{"code":"status","valueCode":"active"},{"code":"internalId","valueCode":"11026"}]},{"code":"glossary","display":"glossary","definition":"Refers to a document providing a glossary of terms that pertain to the current document.","property":[{"code":"status","valueCode":"active"},{"code":"internalId","valueCode":"11025"}]},{"code":"help","display":"help","definition":"Refers to a document offering help (more information, links to other sources of information, etc.).","property":[{"code":"status","valueCode":"active"},{"code":"internalId","valueCode":"11031"}]},{"code":"index","display":"index","definition":"Refers to a document providing an index for the current document.","property":[{"code":"status","valueCode":"active"},{"code":"internalId","valueCode":"11024"}]},{"code":"next","display":"next","definition":"Refers to the next document in a linear sequence of documents. User agents may choose to preload the \"next\" document, to reduce the perceived load time.","property":[{"code":"status","valueCode":"active"},{"code":"internalId","valueCode":"11021"}]},{"code":"prev","display":"prev","definition":"Refers to the previous document in an ordered series of documents. Some user agents also support the synonym \"Previous\".","property":[{"code":"status","valueCode":"active"},{"code":"internalId","valueCode":"11022"}]},{"code":"section","display":"section","definition":"Refers to a document serving as a section in a collection of documents.","property":[{"code":"status","valueCode":"active"},{"code":"internalId","valueCode":"11028"}]},{"code":"start","display":"start","definition":"Refers to the first document in a collection of documents. This link type tells search engines which document is considered by the author to be the starting point of the collection.","property":[{"code":"status","valueCode":"active"},{"code":"internalId","valueCode":"11020"}]},{"code":"stylesheet","display":"stylesheet","definition":"Refers to an external style sheet. See the section on external style sheets for details. This is used together with the link type \"Alternate\" for user-selectable alternate style sheets.","property":[{"code":"status","valueCode":"active"},{"code":"internalId","valueCode":"11019"}]},{"code":"subsection","display":"subsection","definition":"Refers to a document serving as a subsection in a collection of documents.","property":[{"code":"status","valueCode":"active"},{"code":"internalId","valueCode":"11029"}]}]}