{"resourceType":"CodeSystem","id":"adverse-event-severity","meta":{"lastUpdated":"2020-04-09T21:10:28.568+00:00"},"text":{"status":"generated","div":"<div xmlns=\"http://www.w3.org/1999/xhtml\"><p>This case-sensitive code system <code>http://terminology.hl7.org/CodeSystem/adverse-event-severity</code> defines the following codes:</p><table class=\"codes\"><tr><td style=\"white-space:nowrap\"><b>Code</b></td><td><b>Display</b></td></tr><tr><td style=\"white-space:nowrap\">mild<a name=\"adverse-event-severity-mild\"> </a></td><td>Mild</td></tr><tr><td style=\"white-space:nowrap\">moderate<a name=\"adverse-event-severity-moderate\"> </a></td><td>Moderate</td></tr><tr><td style=\"white-space:nowrap\">severe<a name=\"adverse-event-severity-severe\"> </a></td><td>Severe</td></tr></table></div>"},"url":"http://terminology.hl7.org/CodeSystem/adverse-event-severity","identifier":[{"system":"urn:ietf:rfc:3986","value":"urn:oid:2.16.840.1.113883.4.642.1.1256"}],"version":"0.1.0","name":"AdverseEventSeverity","title":"AdverseEventSeverity","status":"draft","experimental":false,"date":"2020-04-09T21:10:28+00:00","publisher":"SatuSehat","contact":[{"name":"SatuSehat","telecom":[{"system":"url","value":"https://satusehat.kemkes.go.id/"},{"system":"email","value":"fhir@dto.kemkes.go.id"}]}],"description":"The severity of the adverse event itself, in direct relation to the subject.","copyright":"This material derives from the HL7 Terminology (THO). THO is copyright ©1989+ Health Level Seven International and is made available under the CC0 designation. For more licensing information see: https://terminology.hl7.org/license","caseSensitive":true,"valueSet":"http://terminology.hl7.org/ValueSet/adverse-event-severity","content":"complete","concept":[{"code":"mild","display":"Mild"},{"code":"moderate","display":"Moderate"},{"code":"severe","display":"Severe"}]}