{"resourceType":"CodeSystem","id":"EPSG-GeodeticParameterDataset","text":{"status":"generated","div":"<div xmlns=\"http://www.w3.org/1999/xhtml\"><p>This case-sensitive code system <code>http://terminology.hl7.org/CodeSystem/EPSG-GeodeticParameterDataset</code> defines codes, but no codes are represented here</p></div>"},"url":"http://terminology.hl7.org/CodeSystem/EPSG-GeodeticParameterDataset","identifier":[{"system":"urn:ietf:rfc:3986","value":"urn:oid:2.16.840.1.113883.6.242"}],"version":"0.1.0","name":"EPSGGeodeticParameterDataset","title":"EPSG Geodetic Parameter Dataset","status":"retired","experimental":false,"date":"2019-03-20T00:00:00-04:00","publisher":"SatuSehat","contact":[{"name":"SatuSehat","telecom":[{"system":"url","value":"https://satusehat.kemkes.go.id/"},{"system":"email","value":"fhir@dto.kemkes.go.id"}]}],"description":"**Description:** The EPSG (European Petroleum Survey Group) dataset represents all Datums, coordinate references (projected and 2D geographic) and coordinate systems (including Cartesian coordinate systems) used in surveying worldwide. Each record includes a 4-8 digit unique identifier. The current version is available from http://www.epsg.org/. The database contains over 4000 records covering spatial data applications worldwide.\r\n\r\n**Deprecation Comment:** This has been superceded by the two code systems EPSG-CRS and EPSG-CA","caseSensitive":true,"content":"not-present"}