{"resourceType":"CodeSystem","id":"nic","text":{"status":"generated","div":"<div xmlns=\"http://www.w3.org/1999/xhtml\"><p>This case-sensitive code system <code>https://nursing.uiowa.edu/cncce/nursing-interventions-classification-overview</code> defines codes, but no codes are represented here</p></div>"},"url":"https://nursing.uiowa.edu/cncce/nursing-interventions-classification-overview","identifier":[{"system":"urn:ietf:rfc:3986","value":"urn:oid:2.16.840.1.113883.6.15"}],"version":"0.1.0","name":"Nic","title":"Nursing Intervention Classification","status":"active","experimental":false,"date":"2019-03-20T00:00:00-04:00","publisher":"SatuSehat","contact":[{"name":"SatuSehat","telecom":[{"system":"url","value":"https://satusehat.kemkes.go.id/"},{"system":"email","value":"fhir@dto.kemkes.go.id"}]}],"description":"NIC provides names and values for procedures/orders/service intent related to the treatment activities of nurses and other providers who may perform the same treatment activities. Names, definitions, and associated codes are attached for 486 interventions. Defining activities (anywhere from ten to several dozen) are listed for each of the interventions in the NIC classification book but are not attached to this document.","caseSensitive":true,"content":"not-present"}