{"resourceType":"CodeSystem","id":"KemkesCompositionSectionCS","language":"Indonesia","text":{"status":"generated","div":"<div xmlns=\"http://www.w3.org/1999/xhtml\" xml:lang=\"Indonesia\" lang=\"Indonesia\"><p>This case-sensitive code system <code>http://terminology.kemkes.go.id/CodeSystem/composition-section</code> defines the following codes in a Is-A heirarchy:</p><table class=\"codes\"><tr><td style=\"white-space:nowrap\"><b>Code</b></td><td><b>Display</b></td></tr><tr><td style=\"white-space:nowrap\">COS000001<a name=\"KemkesCompositionSectionCS-COS000001\"> </a></td><td>Keadaan Saat Masuk </td></tr><tr><td style=\"white-space:nowrap\">COS000002<a name=\"KemkesCompositionSectionCS-COS000002\"> </a></td><td>Kondisi Medis/Faktor Risiko</td></tr><tr><td style=\"white-space:nowrap\">COS000003<a name=\"KemkesCompositionSectionCS-COS000003\"> </a></td><td>Pengambilan Spesimen</td></tr><tr><td style=\"white-space:nowrap\">COS000004<a name=\"KemkesCompositionSectionCS-COS000004\"> </a></td><td>Hasil Pemeriksaan Laboratorium</td></tr><tr><td style=\"white-space:nowrap\">COS000005<a name=\"KemkesCompositionSectionCS-COS000005\"> </a></td><td>Form Keluar</td></tr><tr><td style=\"white-space:nowrap\">COS000006<a name=\"KemkesCompositionSectionCS-COS000006\"> </a></td><td>Deteksi Dini Hipertensi</td></tr><tr><td style=\"white-space:nowrap\">COS000007<a name=\"KemkesCompositionSectionCS-COS000007\"> </a></td><td>Deteksi Dini Obesitas</td></tr><tr><td style=\"white-space:nowrap\">COS000008<a name=\"KemkesCompositionSectionCS-COS000008\"> </a></td><td>Deteksi Dini Penyakit Jantung</td></tr><tr><td style=\"white-space:nowrap\">COS000009<a name=\"KemkesCompositionSectionCS-COS000009\"> </a></td><td>Deteksi Dini Diabetes Melitus</td></tr><tr><td style=\"white-space:nowrap\">COS000010<a name=\"KemkesCompositionSectionCS-COS000010\"> </a></td><td>Deteksi Dini Stroke</td></tr><tr><td style=\"white-space:nowrap\">COS000011<a name=\"KemkesCompositionSectionCS-COS000011\"> </a></td><td>Deteksi Dini Asam Urat</td></tr><tr><td style=\"white-space:nowrap\">COS000012<a name=\"KemkesCompositionSectionCS-COS000012\"> </a></td><td>Deteksi Dini Kanker</td></tr><tr><td style=\"white-space:nowrap\">COS000013<a name=\"KemkesCompositionSectionCS-COS000013\"> </a></td><td>Deteksi Dini Thalassemia</td></tr><tr><td style=\"white-space:nowrap\">COS000014<a name=\"KemkesCompositionSectionCS-COS000014\"> </a></td><td>Deteksi dini PPOK</td></tr><tr><td style=\"white-space:nowrap\">COS000015<a name=\"KemkesCompositionSectionCS-COS000015\"> </a></td><td>Deteksi Dini Gangguan Penglihatan</td></tr><tr><td style=\"white-space:nowrap\">COS000016<a name=\"KemkesCompositionSectionCS-COS000016\"> </a></td><td>Deteksi Dini Gangguan Pendengaran</td></tr></table></div>"},"url":"http://terminology.kemkes.go.id/CodeSystem/composition-section","version":"0.1.0","name":"KemkesCompositionSectionCS","title":"Terminology Kemkes composition section CodeSystem","status":"active","experimental":false,"date":"2024-02-05T00:00:00.000Z","publisher":"Thomas Chaidir","contact":[{"name":"Thomas Chaidir","telecom":[{"system":"url","value":"https://satusehat.kemkes.go.id/"}]}],"description":"Terminology Kemkes composition section CodeSystem","caseSensitive":true,"valueSet":"http://terminology.kemkes.go.id/ValueSet/composition-section","hierarchyMeaning":"is-a","compositional":false,"versionNeeded":true,"content":"complete","count":16,"concept":[{"code":"COS000001","display":"Keadaan Saat Masuk "},{"code":"COS000002","display":"Kondisi Medis/Faktor Risiko"},{"code":"COS000003","display":"Pengambilan Spesimen"},{"code":"COS000004","display":"Hasil Pemeriksaan Laboratorium"},{"code":"COS000005","display":"Form Keluar"},{"code":"COS000006","display":"Deteksi Dini Hipertensi"},{"code":"COS000007","display":"Deteksi Dini Obesitas"},{"code":"COS000008","display":"Deteksi Dini Penyakit Jantung"},{"code":"COS000009","display":"Deteksi Dini Diabetes Melitus"},{"code":"COS000010","display":"Deteksi Dini Stroke"},{"code":"COS000011","display":"Deteksi Dini Asam Urat"},{"code":"COS000012","display":"Deteksi Dini Kanker"},{"code":"COS000013","display":"Deteksi Dini Thalassemia"},{"code":"COS000014","display":"Deteksi dini PPOK"},{"code":"COS000015","display":"Deteksi Dini Gangguan Penglihatan"},{"code":"COS000016","display":"Deteksi Dini Gangguan Pendengaran"}]}