{"resourceType":"CodeSystem","id":"benefit-unit","meta":{"lastUpdated":"2020-04-09T21:10:28.568+00:00","profile":["http://hl7.org/fhir/StructureDefinition/shareablecodesystem"]},"text":{"status":"generated","div":"<div xmlns=\"http://www.w3.org/1999/xhtml\"><p>This case-sensitive code system <code>http://terminology.hl7.org/CodeSystem/benefit-unit</code> defines the following codes:</p><table class=\"codes\"><tr><td style=\"white-space:nowrap\"><b>Code</b></td><td><b>Display</b></td><td><b>Definition</b></td></tr><tr><td style=\"white-space:nowrap\">individual<a name=\"benefit-unit-individual\"> </a></td><td>Individual</td><td>A single individual</td></tr><tr><td style=\"white-space:nowrap\">family<a name=\"benefit-unit-family\"> </a></td><td>Family</td><td>A family, typically includes self, spouse(s) and children to a defined age</td></tr></table></div>"},"extension":[{"url":"http://hl7.org/fhir/StructureDefinition/structuredefinition-wg","valueCode":"fm"},{"url":"http://hl7.org/fhir/StructureDefinition/structuredefinition-fmm","valueInteger":1}],"url":"http://terminology.hl7.org/CodeSystem/benefit-unit","identifier":[{"system":"urn:ietf:rfc:3986","value":"urn:oid:2.16.840.1.113883.4.642.1.1178"}],"version":"0.1.0","name":"UnitTypeCodes","title":"Unit Type Codes","status":"draft","experimental":false,"date":"2024-03-09T14:36:19-07:00","publisher":"SatuSehat","contact":[{"name":"SatuSehat","telecom":[{"system":"url","value":"https://satusehat.kemkes.go.id/"},{"system":"email","value":"fhir@dto.kemkes.go.id"}]}],"description":"This value set includes a smattering of Unit type codes.","copyright":"This material derives from the HL7 Terminology (THO). THO is copyright ©1989+ Health Level Seven International and is made available under the CC0 designation. For more licensing information see: https://terminology.hl7.org/license","caseSensitive":true,"valueSet":"http://terminology.hl7.org/ValueSet/benefit-unit","content":"complete","concept":[{"code":"individual","display":"Individual","definition":"A single individual"},{"code":"family","display":"Family","definition":"A family, typically includes self, spouse(s) and children to a defined age"}]}