{"resourceType":"CodeSystem","id":"v3-PostalAddressUse","language":"en","text":{"status":"generated","div":"<div xml:lang=\"en\" xmlns=\"http://www.w3.org/1999/xhtml\" lang=\"en\"><p><b>Properties</b></p><p><b>This code system  defines the following properties for its concepts</b></p><table class=\"grid\"><tr><td><b>Code</b></td><td><b>URI</b></td><td><b>Type</b></td><td><b>Description</b></td></tr><tr><td>Specializes</td><td/><td>Coding</td><td>The child code is a more narrow version of the concept represented by the parent code.  I.e. Every child concept is also a valid parent concept.  Used to allow determination of subsumption.  Must be transitive, irreflexive, antisymmetric.</td></tr><tr><td>Generalizes</td><td/><td>Coding</td><td>Inverse of Specializes.  Only included as a derived relationship.</td></tr><tr><td>internalId</td><td>http://terminology.hl7.org/CodeSystem/utg-concept-properties#v3-internal-id</td><td>code</td><td>The internal identifier for the concept in the HL7 Access database repository.</td></tr><tr><td>status</td><td>http://hl7.org/fhir/concept-properties#status</td><td>code</td><td>Designation of a concept's state.  Normally is not populated unless the state is retired..</td></tr><tr><td>notSelectable</td><td>http://hl7.org/fhir/concept-properties#notSelectable</td><td>boolean</td><td>Indicates that the code is abstract - only intended to be used as a selector for other concepts</td></tr></table><p><b>Concepts</b></p><p>This case-sensitive code system <code>http://terminology.hl7.org/CodeSystem/v3-PostalAddressUse</code> defines the following codes in a Is-A heirarchy:</p><table class=\"codes\"><tr><td><b>Lvl</b></td><td style=\"white-space:nowrap\"><b>Code</b></td><td><b>Display</b></td><td><b>Definition</b></td><td><b>internalId</b></td><td><b>status</b></td><td><b>Not Selectable</b></td></tr><tr><td>1</td><td style=\"white-space:nowrap\">_AddressUse<a name=\"v3-PostalAddressUse-_AddressUse\"> </a></td><td>AddressUse</td><td/><td>21112</td><td>active</td><td>true</td></tr><tr><td>2</td><td style=\"white-space:nowrap\">\u00a0\u00a0BAD<a name=\"v3-PostalAddressUse-BAD\"> </a></td><td>bad address</td><td>A flag indicating that the address is bad, in fact, useless.</td><td>10641</td><td>active</td><td/></tr><tr><td>2</td><td style=\"white-space:nowrap\">\u00a0\u00a0H<a name=\"v3-PostalAddressUse-H\"> </a></td><td>home address</td><td>A communication address at a home, attempted contacts for business purposes might intrude privacy and chances are one will contact family or other household members instead of the person one wishes to call. Typically used with urgent cases, or if no other contacts are available.</td><td>10628</td><td>active</td><td/></tr><tr><td>3</td><td style=\"white-space:nowrap\">\u00a0\u00a0\u00a0\u00a0HP<a name=\"v3-PostalAddressUse-HP\"> </a></td><td>primary home</td><td>The primary home, to reach a person after business hours.</td><td>10629</td><td>active</td><td/></tr><tr><td>3</td><td style=\"white-space:nowrap\">\u00a0\u00a0\u00a0\u00a0HV<a name=\"v3-PostalAddressUse-HV\"> </a></td><td>vacation home</td><td>A vacation home, to reach a person while on vacation.</td><td>10630</td><td>active</td><td/></tr><tr><td>2</td><td style=\"white-space:nowrap\">\u00a0\u00a0TMP<a name=\"v3-PostalAddressUse-TMP\"> </a></td><td>temporary address</td><td>A temporary address, may be good for visit or mailing. Note that an address history can provide more detailed information.</td><td>10640</td><td>active</td><td/></tr><tr><td>2</td><td style=\"white-space:nowrap\">\u00a0\u00a0WP<a name=\"v3-PostalAddressUse-WP\"> </a></td><td>work place</td><td>An office address. First choice for business related contacts during business hours.</td><td>10631</td><td>active</td><td/></tr><tr><td>3</td><td style=\"white-space:nowrap\">\u00a0\u00a0\u00a0\u00a0DIR<a name=\"v3-PostalAddressUse-DIR\"> </a></td><td>Direct</td><td>Indicates a work place address or telecommunication address that reaches the individual or organization directly without intermediaries. For phones, often referred to as a 'private line'.</td><td>21426</td><td>active</td><td/></tr><tr><td>3</td><td style=\"white-space:nowrap\">\u00a0\u00a0\u00a0\u00a0PUB<a name=\"v3-PostalAddressUse-PUB\"> </a></td><td>Public</td><td>Indicates a work place address or telecommunication address that is a 'standard' address which may reach a reception service, mail-room, or other intermediary prior to the target entity.</td><td>21427</td><td>active</td><td/></tr><tr style=\"background-color: #ffeeee\"><td>2</td><td style=\"white-space:nowrap\">\u00a0\u00a0BIR<a name=\"v3-PostalAddressUse-BIR\"> </a></td><td>birthplace</td><td/><td>12211</td><td>retired</td><td/></tr><tr><td>1</td><td style=\"white-space:nowrap\">PHYS<a name=\"v3-PostalAddressUse-PHYS\"> </a></td><td>physical visit address</td><td>Used primarily to visit an address.</td><td>10638</td><td>active</td><td/></tr><tr><td>1</td><td style=\"white-space:nowrap\">PST<a name=\"v3-PostalAddressUse-PST\"> </a></td><td>postal address</td><td>Used to send mail.</td><td>10639</td><td>active</td><td/></tr></table></div>"},"url":"http://terminology.hl7.org/CodeSystem/v3-PostalAddressUse","identifier":[{"system":"urn:ietf:rfc:3986","value":"urn:oid:2.16.840.1.113883.5.1012"}],"version":"0.1.0","name":"PostalAddressUse","title":"PostalAddressUse","status":"retired","experimental":false,"date":"2019-03-20","publisher":"SatuSehat","contact":[{"name":"SatuSehat","telecom":[{"system":"url","value":"https://satusehat.kemkes.go.id/"},{"system":"email","value":"fhir@dto.kemkes.go.id"}]}],"description":"*Deprecation Comment:* This code system was deprecated as of the November 2007 harmonization meeting. The content was folded into AddressUse (2.16.840.1.113883.5.1119), which replaces this code system.","caseSensitive":true,"hierarchyMeaning":"is-a","content":"complete","property":[{"extension":[{"url":"http://terminology.hl7.org/StructureDefinition/ext-mif-relationship-symmetry","valueCode":"antisymmetric"},{"url":"http://terminology.hl7.org/StructureDefinition/ext-mif-relationship-transitivity","valueCode":"transitive"},{"url":"http://terminology.hl7.org/StructureDefinition/ext-mif-relationship-reflexivity","valueCode":"irreflexive"},{"url":"http://terminology.hl7.org/StructureDefinition/ext-mif-relationship-isNavigable","valueBoolean":true},{"url":"http://terminology.hl7.org/StructureDefinition/ext-mif-relationship-relationshipKind","valueCode":"Specializes"},{"url":"http://terminology.hl7.org/StructureDefinition/ext-mif-relationship-inverseName","valueString":"Generalizes"}],"code":"Specializes","description":"The child code is a more narrow version of the concept represented by the parent code.  I.e. Every child concept is also a valid parent concept.  Used to allow determination of subsumption.  Must be transitive, irreflexive, antisymmetric.","type":"Coding"},{"extension":[{"url":"http://terminology.hl7.org/StructureDefinition/ext-mif-relationship-symmetry","valueCode":"antisymmetric"},{"url":"http://terminology.hl7.org/StructureDefinition/ext-mif-relationship-transitivity","valueCode":"transitive"},{"url":"http://terminology.hl7.org/StructureDefinition/ext-mif-relationship-reflexivity","valueCode":"irreflexive"},{"url":"http://terminology.hl7.org/StructureDefinition/ext-mif-relationship-isNavigable","valueBoolean":true},{"url":"http://terminology.hl7.org/StructureDefinition/ext-mif-relationship-relationshipKind","valueCode":"Generalizes"},{"url":"http://terminology.hl7.org/StructureDefinition/ext-mif-relationship-inverseName","valueString":"Specializes"}],"code":"Generalizes","description":"Inverse of Specializes.  Only included as a derived relationship.","type":"Coding"},{"code":"internalId","uri":"http://terminology.hl7.org/CodeSystem/utg-concept-properties#v3-internal-id","description":"The internal identifier for the concept in the HL7 Access database repository.","type":"code"},{"code":"status","uri":"http://hl7.org/fhir/concept-properties#status","description":"Designation of a concept's state.  Normally is not populated unless the state is retired..","type":"code"},{"code":"notSelectable","uri":"http://hl7.org/fhir/concept-properties#notSelectable","description":"Indicates that the code is abstract - only intended to be used as a selector for other concepts","type":"boolean"}],"concept":[{"code":"_AddressUse","display":"AddressUse","property":[{"code":"notSelectable","valueBoolean":true},{"code":"status","valueCode":"active"},{"code":"internalId","valueCode":"21112"}],"concept":[{"code":"BAD","display":"bad address","definition":"A flag indicating that the address is bad, in fact, useless.","property":[{"code":"status","valueCode":"active"},{"code":"internalId","valueCode":"10641"}]},{"code":"H","display":"home address","definition":"A communication address at a home, attempted contacts for business purposes might intrude privacy and chances are one will contact family or other household members instead of the person one wishes to call. Typically used with urgent cases, or if no other contacts are available.","property":[{"code":"status","valueCode":"active"},{"code":"internalId","valueCode":"10628"}],"concept":[{"code":"HP","display":"primary home","definition":"The primary home, to reach a person after business hours.","property":[{"code":"status","valueCode":"active"},{"code":"internalId","valueCode":"10629"}]},{"code":"HV","display":"vacation home","definition":"A vacation home, to reach a person while on vacation.","property":[{"code":"status","valueCode":"active"},{"code":"internalId","valueCode":"10630"}]}]},{"code":"TMP","display":"temporary address","definition":"A temporary address, may be good for visit or mailing. Note that an address history can provide more detailed information.","property":[{"code":"status","valueCode":"active"},{"code":"internalId","valueCode":"10640"}]},{"code":"WP","display":"work place","definition":"An office address. First choice for business related contacts during business hours.","property":[{"code":"status","valueCode":"active"},{"code":"internalId","valueCode":"10631"}],"concept":[{"code":"DIR","display":"Direct","definition":"Indicates a work place address or telecommunication address that reaches the individual or organization directly without intermediaries. For phones, often referred to as a 'private line'.","property":[{"code":"status","valueCode":"active"},{"code":"internalId","valueCode":"21426"}]},{"code":"PUB","display":"Public","definition":"Indicates a work place address or telecommunication address that is a 'standard' address which may reach a reception service, mail-room, or other intermediary prior to the target entity.","property":[{"code":"status","valueCode":"active"},{"code":"internalId","valueCode":"21427"}]}]},{"code":"BIR","display":"birthplace","property":[{"code":"status","valueCode":"retired"},{"code":"internalId","valueCode":"12211"}]}]},{"code":"PHYS","display":"physical visit address","definition":"Used primarily to visit an address.","property":[{"code":"status","valueCode":"active"},{"code":"internalId","valueCode":"10638"}]},{"code":"PST","display":"postal address","definition":"Used to send mail.","property":[{"code":"status","valueCode":"active"},{"code":"internalId","valueCode":"10639"}]}]}