{"resourceType":"CodeSystem","id":"v3-fda-FFRN","text":{"status":"generated","div":"<div xmlns=\"http://www.w3.org/1999/xhtml\"><p>This case-sensitive code system <code>http://terminology.hl7.org/CodeSystem/v3-fda-FFRN</code> defines codes, but no codes are represented here</p></div>"},"url":"http://terminology.hl7.org/CodeSystem/v3-fda-FFRN","identifier":[{"system":"urn:ietf:rfc:3986","value":"urn:oid:2.16.840.1.113883.3.24.6.1"}],"version":"0.1.0","name":"FdaFFRN","title":"Food and Drug Administration Food Facility Registration Numbers","status":"retired","experimental":false,"date":"2021-11-09T10:00:00+10:00","publisher":"SatuSehat","contact":[{"name":"SatuSehat","telecom":[{"system":"url","value":"https://satusehat.kemkes.go.id/"},{"system":"email","value":"fhir@dto.kemkes.go.id"}]}],"description":"Entered in error originally - do not use. Correct OID for this item is 2.16.840.1.113883.4.344.","caseSensitive":true,"content":"not-present"}