{"resourceType":"CodeSystem","id":"v3-ActExposureLevelCode","language":"en","text":{"status":"generated","div":"<div xml:lang=\"en\" xmlns=\"http://www.w3.org/1999/xhtml\" lang=\"en\"><p><b>Properties</b></p><p><b>This code system  defines the following properties for its concepts</b></p><table class=\"grid\"><tr><td><b>Code</b></td><td><b>URI</b></td><td><b>Type</b></td><td><b>Description</b></td></tr><tr><td>Specializes</td><td/><td>Coding</td><td>The child code is a more narrow version of the concept represented by the parent code.  I.e. Every child concept is also a valid parent concept.  Used to allow determination of subsumption.  Must be transitive, irreflexive, antisymmetric.</td></tr><tr><td>Generalizes</td><td/><td>Coding</td><td>Inverse of Specializes.  Only included as a derived relationship.</td></tr><tr><td>internalId</td><td>http://terminology.hl7.org/CodeSystem/utg-concept-properties#v3-internal-id</td><td>code</td><td>The internal identifier for the concept in the HL7 Access database repository.</td></tr><tr><td>notSelectable</td><td>http://hl7.org/fhir/concept-properties#notSelectable</td><td>boolean</td><td>Indicates that the code is abstract - only intended to be used as a selector for other concepts</td></tr><tr><td>status</td><td>http://hl7.org/fhir/concept-properties#status</td><td>code</td><td>Designation of a concept's state. Normally is not populated unless the state is retired.</td></tr></table><p><b>Concepts</b></p><p>This case-sensitive code system <code>http://terminology.hl7.org/CodeSystem/v3-ActExposureLevelCode</code> defines the following codes in a Is-A heirarchy:</p><table class=\"codes\"><tr><td><b>Lvl</b></td><td style=\"white-space:nowrap\"><b>Code</b></td><td><b>Display</b></td><td><b>Definition</b></td><td><b>internalId</b></td><td><b>Not Selectable</b></td><td><b>status</b></td></tr><tr><td>1</td><td style=\"white-space:nowrap\">_ActExposureLevelCode<a name=\"v3-ActExposureLevelCode-_ActExposureLevelCode\"> </a></td><td>ActExposureLevelCode</td><td>A qualitative measure of the degree of exposure to the causative agent. This includes concepts such as &quot;low&quot;, &quot;medium&quot; and &quot;high&quot;. This quantifies how the quantity that was available to be administered to the target differs from typical or background levels of the substance.</td><td>22372</td><td>true</td><td>active</td></tr><tr><td>2</td><td style=\"white-space:nowrap\">\u00a0\u00a0HIGH<a name=\"v3-ActExposureLevelCode-HIGH\"> </a></td><td>high</td><td>**Description:** Exposure to an agent at a relatively high level above background.</td><td>22373</td><td/><td>active</td></tr><tr><td>2</td><td style=\"white-space:nowrap\">\u00a0\u00a0LOW<a name=\"v3-ActExposureLevelCode-LOW\"> </a></td><td>low</td><td>**Description:** Exposure to an agent at a relatively low level above background.</td><td>22374</td><td/><td>active</td></tr><tr><td>2</td><td style=\"white-space:nowrap\">\u00a0\u00a0MEDIUM<a name=\"v3-ActExposureLevelCode-MEDIUM\"> </a></td><td>medium</td><td>**Description:** Exposure to an agent at a relatively moderate level above background.A</td><td>22375</td><td/><td>active</td></tr></table></div>"},"url":"http://terminology.hl7.org/CodeSystem/v3-ActExposureLevelCode","identifier":[{"system":"urn:ietf:rfc:3986","value":"urn:oid:2.16.840.1.113883.5.1114"}],"version":"0.1.0","name":"ActExposureLevelCode","title":"ActExposureLevelCode","status":"active","experimental":false,"date":"2019-03-20","publisher":"SatuSehat","contact":[{"name":"SatuSehat","telecom":[{"system":"url","value":"https://satusehat.kemkes.go.id/"},{"system":"email","value":"fhir@dto.kemkes.go.id"}]}],"description":"A qualitative measure of the degree of exposure to the causative agent. This includes concepts such as \"low\", \"medium\" and \"high\". This quantifies how the quantity that was available to be administered to the target differs from typical or background levels of the substance.","copyright":"This material derives from the HL7 Terminology THO. THO is copyright ©1989+ Health Level Seven International and is made available under the CC0 designation. For more licensing information see: https://terminology.hl7.org/license","caseSensitive":true,"hierarchyMeaning":"is-a","content":"complete","property":[{"extension":[{"url":"http://terminology.hl7.org/StructureDefinition/ext-mif-relationship-symmetry","valueCode":"antisymmetric"},{"url":"http://terminology.hl7.org/StructureDefinition/ext-mif-relationship-transitivity","valueCode":"transitive"},{"url":"http://terminology.hl7.org/StructureDefinition/ext-mif-relationship-reflexivity","valueCode":"irreflexive"},{"url":"http://terminology.hl7.org/StructureDefinition/ext-mif-relationship-isNavigable","valueBoolean":true},{"url":"http://terminology.hl7.org/StructureDefinition/ext-mif-relationship-relationshipKind","valueCode":"Specializes"},{"url":"http://terminology.hl7.org/StructureDefinition/ext-mif-relationship-inverseName","valueString":"Generalizes"}],"code":"Specializes","description":"The child code is a more narrow version of the concept represented by the parent code.  I.e. Every child concept is also a valid parent concept.  Used to allow determination of subsumption.  Must be transitive, irreflexive, antisymmetric.","type":"Coding"},{"extension":[{"url":"http://terminology.hl7.org/StructureDefinition/ext-mif-relationship-symmetry","valueCode":"antisymmetric"},{"url":"http://terminology.hl7.org/StructureDefinition/ext-mif-relationship-transitivity","valueCode":"transitive"},{"url":"http://terminology.hl7.org/StructureDefinition/ext-mif-relationship-reflexivity","valueCode":"irreflexive"},{"url":"http://terminology.hl7.org/StructureDefinition/ext-mif-relationship-isNavigable","valueBoolean":true},{"url":"http://terminology.hl7.org/StructureDefinition/ext-mif-relationship-relationshipKind","valueCode":"Generalizes"},{"url":"http://terminology.hl7.org/StructureDefinition/ext-mif-relationship-inverseName","valueString":"Specializes"}],"code":"Generalizes","description":"Inverse of Specializes.  Only included as a derived relationship.","type":"Coding"},{"code":"internalId","uri":"http://terminology.hl7.org/CodeSystem/utg-concept-properties#v3-internal-id","description":"The internal identifier for the concept in the HL7 Access database repository.","type":"code"},{"code":"notSelectable","uri":"http://hl7.org/fhir/concept-properties#notSelectable","description":"Indicates that the code is abstract - only intended to be used as a selector for other concepts","type":"boolean"},{"code":"status","uri":"http://hl7.org/fhir/concept-properties#status","description":"Designation of a concept's state. Normally is not populated unless the state is retired.","type":"code"}],"concept":[{"code":"_ActExposureLevelCode","display":"ActExposureLevelCode","definition":"A qualitative measure of the degree of exposure to the causative agent. This includes concepts such as \"low\", \"medium\" and \"high\". This quantifies how the quantity that was available to be administered to the target differs from typical or background levels of the substance.","property":[{"code":"notSelectable","valueBoolean":true},{"code":"status","valueCode":"active"},{"code":"internalId","valueCode":"22372"}],"concept":[{"code":"HIGH","display":"high","definition":"**Description:** Exposure to an agent at a relatively high level above background.","property":[{"code":"status","valueCode":"active"},{"code":"internalId","valueCode":"22373"}]},{"code":"LOW","display":"low","definition":"**Description:** Exposure to an agent at a relatively low level above background.","property":[{"code":"status","valueCode":"active"},{"code":"internalId","valueCode":"22374"}]},{"code":"MEDIUM","display":"medium","definition":"**Description:** Exposure to an agent at a relatively moderate level above background.A","property":[{"code":"status","valueCode":"active"},{"code":"internalId","valueCode":"22375"}]}]}]}