{"resourceType":"CodeSystem","id":"KemkesImmunizationRoutineTimingCS","meta":{"versionId":"2","lastUpdated":"2023-11-09T13:31:14.515+07:00"},"language":"Indonesia","text":{"status":"generated","div":"<div xmlns=\"http://www.w3.org/1999/xhtml\" xml:lang=\"Indonesia\" lang=\"Indonesia\"><p>This case-sensitive code system <code>http://terminology.kemkes.go.id/CodeSystem/immunization-routine-timing</code> defines the following codes in a Is-A heirarchy:</p><table class=\"codes\"><tr><td style=\"white-space:nowrap\"><b>Code</b></td><td><b>Display</b></td></tr><tr><td style=\"white-space:nowrap\">IM-Ideal<a name=\"KemkesImmunizationRoutineTimingCS-IM-Ideal\"> </a></td><td>Imunisasi Ideal</td></tr><tr><td style=\"white-space:nowrap\">IM-Kejar<a name=\"KemkesImmunizationRoutineTimingCS-IM-Kejar\"> </a></td><td>Imunisasi Kejar</td></tr></table></div>"},"url":"http://terminology.kemkes.go.id/CodeSystem/immunization-routine-timing","version":"0.1.0","name":"KemkesImmunizationRoutineTimingCS","title":"Terminology Kemkes immunization routine timing CodeSystem","status":"active","experimental":false,"date":"2024-02-05T00:00:00.000Z","publisher":"Thomas Chaidir","contact":[{"name":"Thomas Chaidir","telecom":[{"system":"url","value":"https://satusehat.kemkes.go.id/"}]}],"description":"Terminology Kemkes immunization routine timing CodeSystem","caseSensitive":true,"valueSet":"http://terminology.kemkes.go.id/ValueSet/immunization-routine-timing","hierarchyMeaning":"is-a","compositional":false,"versionNeeded":true,"content":"complete","count":2,"concept":[{"code":"IM-Ideal","display":"Imunisasi Ideal"},{"code":"IM-Kejar","display":"Imunisasi Kejar"}]}