{"resourceType":"CodeSystem","id":"v3-hc-aign","text":{"status":"generated","div":"<div xmlns=\"http://www.w3.org/1999/xhtml\"><p>This case-insensitive code system <code>http://terminology.hl7.org/CodeSystem/v3-hc-aign</code> defines codes, but no codes are represented here</p></div>"},"url":"http://terminology.hl7.org/CodeSystem/v3-hc-aign","identifier":[{"system":"urn:ietf:rfc:3986","value":"urn:oid:2.16.840.1.113883.5.1106"}],"version":"0.1.0","name":"HcAIGN","title":"Active Ingredient Group Number","status":"active","experimental":false,"date":"2021-03-22T00:00:00-04:00","publisher":"SatuSehat","contact":[{"name":"SatuSehat","telecom":[{"system":"url","value":"https://satusehat.kemkes.go.id/"},{"system":"email","value":"fhir@dto.kemkes.go.id"}]}],"description":"The AIG number is a 10 digit number that identifies products that have the same active ingredient(s) and ingredient strength(s). The AIG is comprised of three portions: \r\n\r\n *  the first portion (2 digits) identifies the number of active ingredients\r\n *  the second portion(5 digits) identifies the unique groups of active ingredients(s);\r\n *  the last portion (3 digits) identifies the active ingredient group strength. The strength group has a tolerance of -2% to +10%.\r\n \r\n\r\nFurther information about this Code System can be found at https://www.canada.ca/en/health-canada/services/drugs-health-products/drug-products/drug-product-database/terminology.html","caseSensitive":false,"content":"not-present"}