{"resourceType":"CodeSystem","id":"nanda-i","text":{"status":"generated","div":"<div xmlns=\"http://www.w3.org/1999/xhtml\"><p>This case-insensitive code system <code>http://www.nanda.org/</code> defines codes, but no codes are represented here</p></div>"},"url":"http://www.nanda.org/","identifier":[{"system":"urn:ietf:rfc:3986","value":"urn:oid:2.16.840.1.113883.6.20"}],"version":"0.1.0","name":"Nanda_I","title":"NANDA International","status":"active","experimental":false,"date":"2019-03-20T00:00:00.000-04:00","publisher":"SatuSehat","contact":[{"name":"SatuSehat","telecom":[{"system":"url","value":"https://satusehat.kemkes.go.id/"},{"system":"email","value":"fhir@dto.kemkes.go.id"}]}],"description":"The NANDA-I classification is a set of nursing diagnoses developed by the NANDA International. This purpose of the terminology is to provide nursing diagnoses used to describe patients’ responses to actual or potential health problems and life processes responses to diseases rather than classifying the conditions of diseases and disorders.","copyright":"The NANDA-I terminology is a copyrighted terminology, therefore no part of the  NANDA International Nursing Diagnoses: Definitions and Classification can be reproduced, stored in a retrieval system, or transmitted by any means, electronic, mechanical, photocopying, recording or otherwise without the prior permission of the publisher. ","caseSensitive":false,"compositional":false,"versionNeeded":false,"content":"not-present"}