{"resourceType":"CodeSystem","id":"KemkesCarePlanCategoryCS","meta":{"versionId":"2","lastUpdated":"2023-11-09T13:31:14.515+07:00"},"language":"Indonesia","text":{"status":"generated","div":"<div xmlns=\"http://www.w3.org/1999/xhtml\" xml:lang=\"Indonesia\" lang=\"Indonesia\"><p>This case-sensitive code system <code>http://terminology.kemkes.go.id/CodeSystem/care-plan-category</code> defines the following codes in a Is-A heirarchy:</p><table class=\"codes\"><tr><td style=\"white-space:nowrap\"><b>Code</b></td><td><b>Display</b></td></tr><tr><td style=\"white-space:nowrap\">CP000001<a name=\"KemkesCarePlanCategoryCS-CP000001\"> </a></td><td>Tatalaksana weight faltering</td></tr><tr><td style=\"white-space:nowrap\">CP000002<a name=\"KemkesCarePlanCategoryCS-CP000002\"> </a></td><td>Tatalaksana gizi kurang</td></tr><tr><td style=\"white-space:nowrap\">CP000003<a name=\"KemkesCarePlanCategoryCS-CP000003\"> </a></td><td>Tatalaksana gizi buruk</td></tr></table></div>"},"url":"http://terminology.kemkes.go.id/CodeSystem/care-plan-category","version":"0.1.0","name":"KemkesCarePlanCategoryCS","title":"Terminology Kemkes Clinical Term CodeSystem","status":"active","experimental":false,"date":"2024-02-05T00:00:00.000Z","publisher":"Thomas Chaidir","contact":[{"name":"Thomas Chaidir","telecom":[{"system":"url","value":"https://satusehat.kemkes.go.id/"}]}],"description":"Terminology Kemkes Clinical Speciality CodeSystem","caseSensitive":true,"valueSet":"http://terminology.kemkes.go.id/ValueSet/care-plan-category","hierarchyMeaning":"is-a","compositional":false,"versionNeeded":true,"content":"complete","count":3,"concept":[{"code":"CP000001","display":"Tatalaksana weight faltering"},{"code":"CP000002","display":"Tatalaksana gizi kurang"},{"code":"CP000003","display":"Tatalaksana gizi buruk"}]}