{"resourceType":"CodeSystem","id":"operation-outcome","meta":{"lastUpdated":"2020-04-09T21:10:28.568+00:00"},"text":{"status":"generated","div":"<div xmlns=\"http://www.w3.org/1999/xhtml\"><p>This case-sensitive code system <code>http://terminology.hl7.org/CodeSystem/operation-outcome</code> defines the following codes in a Is-A heirarchy:</p><table class=\"codes\"><tr><td style=\"white-space:nowrap\"><b>Code</b></td><td><b>Display</b></td></tr><tr><td style=\"white-space:nowrap\">DELETE_MULTIPLE_MATCHES<a name=\"operation-outcome-DELETE_MULTIPLE_MATCHES\"> </a></td><td>Error: Multiple matches exist for the conditional delete</td></tr><tr><td style=\"white-space:nowrap\">MSG_AUTH_REQUIRED<a name=\"operation-outcome-MSG_AUTH_REQUIRED\"> </a></td><td>You must authenticate before you can use this service</td></tr><tr><td style=\"white-space:nowrap\">MSG_BAD_FORMAT<a name=\"operation-outcome-MSG_BAD_FORMAT\"> </a></td><td>Bad Syntax: &quot;%s&quot; must be a %s'</td></tr><tr><td style=\"white-space:nowrap\">MSG_BAD_SYNTAX<a name=\"operation-outcome-MSG_BAD_SYNTAX\"> </a></td><td>Bad Syntax in %s</td></tr><tr><td style=\"white-space:nowrap\">MSG_CANT_PARSE_CONTENT<a name=\"operation-outcome-MSG_CANT_PARSE_CONTENT\"> </a></td><td>Unable to parse feed (entry content type = &quot;%s&quot;)</td></tr><tr><td style=\"white-space:nowrap\">MSG_CANT_PARSE_ROOT<a name=\"operation-outcome-MSG_CANT_PARSE_ROOT\"> </a></td><td>Unable to parse feed (root element name = &quot;%s&quot;)</td></tr><tr><td style=\"white-space:nowrap\">MSG_CREATED<a name=\"operation-outcome-MSG_CREATED\"> </a></td><td>New resource created</td></tr><tr><td style=\"white-space:nowrap\">MSG_DATE_FORMAT<a name=\"operation-outcome-MSG_DATE_FORMAT\"> </a></td><td>The Date value %s is not in the correct format (Xml Date Format required)</td></tr><tr><td style=\"white-space:nowrap\">MSG_DELETED<a name=\"operation-outcome-MSG_DELETED\"> </a></td><td>This resource has been deleted</td></tr><tr><td style=\"white-space:nowrap\">MSG_DELETED_DONE<a name=\"operation-outcome-MSG_DELETED_DONE\"> </a></td><td>Resource deleted</td></tr><tr><td style=\"white-space:nowrap\">MSG_DELETED_ID<a name=\"operation-outcome-MSG_DELETED_ID\"> </a></td><td>The resource &quot;%s&quot; has been deleted</td></tr><tr><td style=\"white-space:nowrap\">MSG_DUPLICATE_ID<a name=\"operation-outcome-MSG_DUPLICATE_ID\"> </a></td><td>Duplicate Id %s for resource type %s</td></tr><tr><td style=\"white-space:nowrap\">MSG_ERROR_PARSING<a name=\"operation-outcome-MSG_ERROR_PARSING\"> </a></td><td>Error parsing resource Xml (%s)</td></tr><tr><td style=\"white-space:nowrap\">MSG_EXTERNAL_FAIL<a name=\"operation-outcome-MSG_EXTERNAL_FAIL\"> </a></td><td>Unable to resolve external reference to resource %s</td></tr><tr><td style=\"white-space:nowrap\">MSG_ID_INVALID<a name=\"operation-outcome-MSG_ID_INVALID\"> </a></td><td>Id &quot;%s&quot; has an invalid character &quot;%s&quot;</td></tr><tr><td style=\"white-space:nowrap\">MSG_ID_TOO_LONG<a name=\"operation-outcome-MSG_ID_TOO_LONG\"> </a></td><td>Id &quot;%s&quot; too long (length limit 36)</td></tr><tr><td style=\"white-space:nowrap\">MSG_INVALID_ID<a name=\"operation-outcome-MSG_INVALID_ID\"> </a></td><td>Id not accepted</td></tr><tr><td style=\"white-space:nowrap\">MSG_JSON_OBJECT<a name=\"operation-outcome-MSG_JSON_OBJECT\"> </a></td><td>Json Source for a resource should start with an object</td></tr><tr><td style=\"white-space:nowrap\">MSG_LOCAL_FAIL<a name=\"operation-outcome-MSG_LOCAL_FAIL\"> </a></td><td>Unable to resolve local reference to resource %s</td></tr><tr><td style=\"white-space:nowrap\">MSG_NO_EXIST<a name=\"operation-outcome-MSG_NO_EXIST\"> </a></td><td>Resource Id &quot;%s&quot; does not exist</td></tr><tr><td style=\"white-space:nowrap\">MSG_NO_MATCH<a name=\"operation-outcome-MSG_NO_MATCH\"> </a></td><td>No Resource found matching the query &quot;%s&quot;</td></tr><tr><td style=\"white-space:nowrap\">MSG_NO_MODULE<a name=\"operation-outcome-MSG_NO_MODULE\"> </a></td><td>No module could be found to handle the request &quot;%s&quot;</td></tr><tr><td style=\"white-space:nowrap\">MSG_NO_SUMMARY<a name=\"operation-outcome-MSG_NO_SUMMARY\"> </a></td><td>No Summary for this resource</td></tr><tr><td style=\"white-space:nowrap\">MSG_OP_NOT_ALLOWED<a name=\"operation-outcome-MSG_OP_NOT_ALLOWED\"> </a></td><td>Operation %s not allowed for resource %s (due to local configuration)</td></tr><tr><td style=\"white-space:nowrap\">MSG_PARAM_CHAINED<a name=\"operation-outcome-MSG_PARAM_CHAINED\"> </a></td><td>Unknown chained parameter name &quot;%s&quot;</td></tr><tr><td style=\"white-space:nowrap\">MSG_PARAM_INVALID<a name=\"operation-outcome-MSG_PARAM_INVALID\"> </a></td><td>Parameter &quot;%s&quot; content is invalid</td></tr><tr><td style=\"white-space:nowrap\">MSG_PARAM_MODIFIER_INVALID<a name=\"operation-outcome-MSG_PARAM_MODIFIER_INVALID\"> </a></td><td>Parameter &quot;%s&quot; modifier is invalid</td></tr><tr><td style=\"white-space:nowrap\">MSG_PARAM_NO_REPEAT<a name=\"operation-outcome-MSG_PARAM_NO_REPEAT\"> </a></td><td>Parameter &quot;%s&quot; is not allowed to repeat</td></tr><tr><td style=\"white-space:nowrap\">MSG_PARAM_UNKNOWN<a name=\"operation-outcome-MSG_PARAM_UNKNOWN\"> </a></td><td>Parameter &quot;%s&quot; not understood</td></tr><tr><td style=\"white-space:nowrap\">MSG_RESOURCE_EXAMPLE_PROTECTED<a name=\"operation-outcome-MSG_RESOURCE_EXAMPLE_PROTECTED\"> </a></td><td>Resources with identity &quot;example&quot; cannot be deleted (for testing/training purposes)</td></tr><tr><td style=\"white-space:nowrap\">MSG_RESOURCE_ID_FAIL<a name=\"operation-outcome-MSG_RESOURCE_ID_FAIL\"> </a></td><td>unable to allocate resource id</td></tr><tr><td style=\"white-space:nowrap\">MSG_RESOURCE_ID_MISMATCH<a name=\"operation-outcome-MSG_RESOURCE_ID_MISMATCH\"> </a></td><td>Resource Id Mismatch</td></tr><tr><td style=\"white-space:nowrap\">MSG_RESOURCE_ID_MISSING<a name=\"operation-outcome-MSG_RESOURCE_ID_MISSING\"> </a></td><td>Resource Id Missing</td></tr><tr><td style=\"white-space:nowrap\">MSG_RESOURCE_NOT_ALLOWED<a name=\"operation-outcome-MSG_RESOURCE_NOT_ALLOWED\"> </a></td><td>Not allowed to submit a resource for this operation</td></tr><tr><td style=\"white-space:nowrap\">MSG_RESOURCE_REQUIRED<a name=\"operation-outcome-MSG_RESOURCE_REQUIRED\"> </a></td><td>A resource is required</td></tr><tr><td style=\"white-space:nowrap\">MSG_RESOURCE_TYPE_MISMATCH<a name=\"operation-outcome-MSG_RESOURCE_TYPE_MISMATCH\"> </a></td><td>Resource Type Mismatch</td></tr><tr><td style=\"white-space:nowrap\">MSG_SORT_UNKNOWN<a name=\"operation-outcome-MSG_SORT_UNKNOWN\"> </a></td><td>Unknown sort parameter name &quot;%s&quot;</td></tr><tr><td style=\"white-space:nowrap\">MSG_TRANSACTION_DUPLICATE_ID<a name=\"operation-outcome-MSG_TRANSACTION_DUPLICATE_ID\"> </a></td><td>Duplicate Identifier in transaction: %s</td></tr><tr><td style=\"white-space:nowrap\">MSG_TRANSACTION_MISSING_ID<a name=\"operation-outcome-MSG_TRANSACTION_MISSING_ID\"> </a></td><td>Missing Identifier in transaction - an entry.id must be provided</td></tr><tr><td style=\"white-space:nowrap\">MSG_UNHANDLED_NODE_TYPE<a name=\"operation-outcome-MSG_UNHANDLED_NODE_TYPE\"> </a></td><td>Unhandled xml node type &quot;%s&quot;</td></tr><tr><td style=\"white-space:nowrap\">MSG_UNKNOWN_CONTENT<a name=\"operation-outcome-MSG_UNKNOWN_CONTENT\"> </a></td><td>Unknown Content (%s) at %s</td></tr><tr><td style=\"white-space:nowrap\">MSG_UNKNOWN_OPERATION<a name=\"operation-outcome-MSG_UNKNOWN_OPERATION\"> </a></td><td>unknown FHIR http operation</td></tr><tr><td style=\"white-space:nowrap\">MSG_UNKNOWN_TYPE<a name=\"operation-outcome-MSG_UNKNOWN_TYPE\"> </a></td><td>Resource Type &quot;%s&quot; not recognised</td></tr><tr><td style=\"white-space:nowrap\">MSG_UPDATED<a name=\"operation-outcome-MSG_UPDATED\"> </a></td><td>existing resource updated</td></tr><tr><td style=\"white-space:nowrap\">MSG_VERSION_AWARE<a name=\"operation-outcome-MSG_VERSION_AWARE\"> </a></td><td>Version aware updates are required for this resource</td></tr><tr><td style=\"white-space:nowrap\">MSG_VERSION_AWARE_CONFLICT<a name=\"operation-outcome-MSG_VERSION_AWARE_CONFLICT\"> </a></td><td>Update Conflict (server current version = &quot;%s&quot;, client version referenced = &quot;%s&quot;)</td></tr><tr><td style=\"white-space:nowrap\">MSG_VERSION_AWARE_URL<a name=\"operation-outcome-MSG_VERSION_AWARE_URL\"> </a></td><td>Version specific URL not recognised</td></tr><tr><td style=\"white-space:nowrap\">MSG_WRONG_NS<a name=\"operation-outcome-MSG_WRONG_NS\"> </a></td><td>This does not appear to be a FHIR element or resource (wrong namespace &quot;%s&quot;)</td></tr><tr><td style=\"white-space:nowrap\">SEARCH_MULTIPLE<a name=\"operation-outcome-SEARCH_MULTIPLE\"> </a></td><td>Error: Multiple matches exist for %s search parameters &quot;%s&quot;</td></tr><tr><td style=\"white-space:nowrap\">SEARCH_NONE<a name=\"operation-outcome-SEARCH_NONE\"> </a></td><td>Error: no processable search found for %s search parameters &quot;%s&quot;</td></tr><tr><td style=\"white-space:nowrap\">UPDATE_MULTIPLE_MATCHES<a name=\"operation-outcome-UPDATE_MULTIPLE_MATCHES\"> </a></td><td>Error: Multiple matches exist for the conditional update</td></tr></table><p><b>Additional Language Displays</b></p><table class=\"codes\"><tr><td><b>Code</b></td><td><b>Spanish (es)</b></td><td><b>French (fr)</b></td><td><b>Italian (it)</b></td><td><b>Nederlands (Dutch, nl)</b></td><td><b>Polskie (Polish, pl)</b></td><td><b>Русский (Russian, ru)</b></td><td><b>中文 (Chinese, zh)</b></td></tr><tr><td>DELETE_MULTIPLE_MATCHES</td><td/><td/><td/><td>Fout: er is meer dan één resultaat voor de conditionele delete</td><td/><td/><td/></tr><tr><td>MSG_AUTH_REQUIRED</td><td>Debe autenticarse antes de poder usar este servicio</td><td>Vous devez être authentifié avant de pouvoir utiliser ce service</td><td>Autenticazione richiesta prima di usare questo servizio</td><td>U moet zich authenticeren voor gebruik van deze service</td><td>Wymagana autentykacja przed użyciem tego serwisu</td><td/><td>使用此服务前需认证</td></tr><tr><td>MSG_BAD_FORMAT</td><td>Sintaxis Incorrecta: &quot;%s&quot; debe de ser un %s'</td><td>Erreur de Syntaxe : &quot;%s&quot; doit être un %s</td><td>Sintassi Errata: &quot;%s&quot; deve essere un %s'</td><td>Verkeerde syntax: &quot;%s&quot; moet een %s zijn</td><td>Błąd składni: &quot;%s&quot; powinno być %s'</td><td>Неверный синтакс: &quot;%s&quot; должен быть %s</td><td>句法错误: &quot;%s&quot; 必须是一个 %s'</td></tr><tr><td>MSG_BAD_SYNTAX</td><td>Sintaxis Incorrecta en %s</td><td>Erreur de Syntaxe dans %s</td><td>Sintassi errata in %s</td><td>Verkeerde syntax in %s</td><td>Błąd składni w %s</td><td>Неверный синтакс: %s</td><td>%s 中句法错误</td></tr><tr><td>MSG_CANT_PARSE_CONTENT</td><td>No se pudo parsear el feed (el tipo de contenido de la entry = &quot;%s&quot;)</td><td>Impossible d'analyser le flux (type de contenu de l'entrée = &quot;%s&quot;)</td><td>Impossibile effettuare il parsing del feed (tipo del contenuto della entry = &quot;%s&quot;)</td><td>Kan feed niet verwerken (contenttype inhoud = &quot;%s&quot;)</td><td>Błąd parsowania (typ zawartości wejściowej = &quot;%s&quot;)</td><td/><td>无法解析feed (条目的内容类型 = &quot;%s&quot;)</td></tr><tr><td>MSG_CANT_PARSE_ROOT</td><td>No se pudo parsear el feed (nombre del elemento raiz = &quot;%s&quot;)</td><td>Impossible d'analyser le flux (nom de l'élément racine = &quot;%s&quot;)</td><td>Impossibile effettuare il parsing del feed (nome elemento root = &quot;%s&quot;)</td><td>Kan feed niet verwerken (rootelementnaam = &quot;%s&quot;)</td><td>Błąd parsowania (nazwa elementu root = &quot;%s&quot;)</td><td>Не удалось разобрать данные (корневой элемент = &quot;%s&quot;)</td><td>无法解析feed (根元素名 = &quot;%s&quot;)</td></tr><tr><td>MSG_CREATED</td><td/><td/><td/><td>Nieuwe resource gemaakt</td><td/><td/><td/></tr><tr><td>MSG_DATE_FORMAT</td><td>El valor de la fecha %s no está en el formato correcto (se requiere un formato de fecha Xml)</td><td>Le format de la date %s est incorrect (format Date Xml attendu)</td><td>Il valore %s per la data non è nel formato corretto (richiesto il Formato Data Xml)</td><td>De Datum-waarde %s heeft niet de juiste structuur (Xml Date vereist)</td><td>Niepoprawny format wartości daty %s (wymagany format XML)</td><td>Значение Date %s в неверном формате (требуется Xml Date формат)</td><td>日期的值 %s 格式不正确 (要求是Xml Date格式)</td></tr><tr><td>MSG_DELETED</td><td>Este recurso ha sido borrado</td><td>La ressource a été supprimée</td><td>Questa risorsa è stata cancellata</td><td>Deze resource is verwijderd</td><td>Ten zasób został usunięty</td><td>Данный ресурс был удалён</td><td>该资源已删除</td></tr><tr><td>MSG_DELETED_DONE</td><td>Recurso borrado</td><td>Ressource supprimée</td><td>Risorsa cancellata</td><td>Resource verwijderd</td><td>Zasób usunięto</td><td>Ресурс удалён</td><td>资源已删除</td></tr><tr><td>MSG_DELETED_ID</td><td>El recurso &quot;%s&quot; ha sido borrado</td><td>La ressource &quot;%s&quot; a été supprimée</td><td>La risorsa &quot;%s&quot; è stata eliminata</td><td>De resource &quot;%s&quot; is verwijderd</td><td>Zasób &quot;%s&quot; został usunięty</td><td>Ресурс &quot;%s&quot; был удалён</td><td>资源 &quot;%s&quot; 已被删除</td></tr><tr><td>MSG_DUPLICATE_ID</td><td>Id %s duplicada para el recurso de tipo %s</td><td>Id %s en double pour le type de ressource %s</td><td>Id %s duplicato per il tipo di risorsa %s</td><td>Duplicaat-id %s voor resourcetype %s</td><td>Zdublowany identyfikator %s dla zasobu typu %s</td><td>Дублирующий Id %s для типа ресурса %s</td><td>ID %s 重复（资源类型 %s）</td></tr><tr><td>MSG_ERROR_PARSING</td><td>Error parseando el recurso Xml (%s)</td><td>Erreur d'analyse de la ressource Xml (%s)</td><td>Errore nel parsing della risorsa Xml (%s)</td><td>Fout in verwerking resource Xml (%s)</td><td>Błąd w trakcie parsowania zasobu XML (%s)</td><td>Ошибка синтаксического разбора ресурса Xml (%s)</td><td>解析资源Xml时出错 (%s)</td></tr><tr><td>MSG_EXTERNAL_FAIL</td><td/><td/><td/><td/><td/><td/><td/></tr><tr><td>MSG_ID_INVALID</td><td>El Id &quot;%s&quot; contiene el caracter inválido &quot;%s&quot;</td><td>Id &quot;%s&quot; possède un caractère invalide &quot;%s&quot;</td><td>L''Id &quot;%s&quot; ha un carattere non valido: &quot;%s&quot;</td><td>Id &quot;%s&quot; heeft een ongeldig teken &quot;%s&quot;</td><td>Identyfikator &quot;%s&quot; zawiera niepoprawny znak &quot;%s&quot;</td><td>Id &quot;%s&quot; содержит недопустимые символы &quot;%s&quot;</td><td>ID &quot;%s&quot; 带有非法字符: &quot;%s&quot;</td></tr><tr><td>MSG_ID_TOO_LONG</td><td>El Id &quot;%s&quot; es demasiado largo (limite de longitud: 36)</td><td>Id &quot;%s&quot; trop long (la longueur limite est 36)</td><td>Id &quot;%s&quot; troppo lunga (limite di lunghezza: 36)</td><td>Id &quot;%s&quot; te lang (max lengte 36)</td><td>Identyfikator &quot;%s&quot; jest zbyt długi (limit długości 36)</td><td>Недопустимая длина Id &quot;%s&quot; (ограничение 36)</td><td>Id &quot;%s&quot; 过长 (长度限制: 36)</td></tr><tr><td>MSG_INVALID_ID</td><td>Id no aceptada</td><td>Id non accepté</td><td>Id non accettato</td><td>Id niet geaccepteerd</td><td>Identyfikator nie zaakceptowany</td><td>Id не принято</td><td>Id不被接受</td></tr><tr><td>MSG_JSON_OBJECT</td><td>La fuente Json para un recurso debería empezar con un objeto</td><td>La source Json pour une ressource doit commencer par un objet</td><td>Il sorgente Json di una risorsa dovrebbe iniziare con un oggetto</td><td>Json Source van een resource moeten beginnen met een object</td><td>Źródło json dla zasobu powinno rozpoczynać się od obiektu</td><td>Json Source для ресурса должен начинаться с объекта</td><td>资源的Json源应以一个object开始</td></tr><tr><td>MSG_LOCAL_FAIL</td><td>Imposible resolver la referencia al recurso %s</td><td>Impossible de résourdre la référence locale à la ressource %s</td><td>Impossibile risolvere il riferimento locale alla risorsa %s</td><td>De resource met lokale referentie %s is niet gevonden</td><td>Zasób wskazywany przez loklaną referencję %s nie został odnaleziony</td><td>Невозможно определить локальную ссылку на ресурс %s</td><td>无法解析对资源 %s 的本地引用</td></tr><tr><td>MSG_NO_EXIST</td><td>El recurso con Id &quot;%s&quot; no existe</td><td>La ressource avec l'Id &quot;%s&quot; n'existe pas</td><td>La risorsa con Id &quot;%s&quot; non esiste</td><td>Resource-id &quot;%s&quot; bestaat niet</td><td>Zasób o identyfikatorze &quot;%s&quot; nie istnieje</td><td>Ресурс Id &quot;%s&quot; не существует</td><td>资源Id &quot;%s&quot;不存在</td></tr><tr><td>MSG_NO_MATCH</td><td/><td/><td>Nessuna Risorsa soddisfa la query &quot;%s&quot;</td><td>Geen resource gevonden met query &quot;%s&quot;</td><td/><td/><td/></tr><tr><td>MSG_NO_MODULE</td><td>No se encontró un modulo que gestione la petición &quot;%s&quot;</td><td>Aucun module disponible pour traiter la requête &quot;%s&quot;</td><td>Impossibile trovare un modulo per gestire la richiesta &quot;%s&quot;</td><td>Er kon geen module worden gevonden om verzoek &quot;%s&quot; te verwerken</td><td>Nie można odnaleźć modułu, aby obsłużyć żądanie &quot;%s&quot;</td><td>Модуль для обработки запроса &quot;%s&quot; не найден</td><td>无法找到处理请求&quot;%s&quot;的模块</td></tr><tr><td>MSG_NO_SUMMARY</td><td>No existe un resumen para este recurso</td><td>Aucun résumé disponible pour cette ressource</td><td>Nessun riepilogo per questa risorsa</td><td>Geen samenvatting voor deze resource</td><td>Brak podsumowania (Summary) dla tego zasobu</td><td>Отсутствует Summary для данного ресурса</td><td>该资源无summary</td></tr><tr><td>MSG_OP_NOT_ALLOWED</td><td>Operación %s no permitida para el recurso %s (debido a la configuración local)</td><td>L'opération %s n'est pas permise pour la ressource %s (à cause de la configuration locale)</td><td>Operazione %s non consentita per la risorsa %s (a causa di configurazioni locali)</td><td>Bewerking %s niet toegestaan voor resource %s (vanwege lokale configuratie)</td><td>Niedozwolona operacja %s dla zasobu %s (ze względu na lokalną konfigurację)</td><td>Операция %s недопустима для ресурса %s (по причине локальной конфигурации)</td><td>操作 %s 不允许，对于资源 %s (由于本地配置)</td></tr><tr><td>MSG_PARAM_CHAINED</td><td>Nombre de parametro encadenado desconocido: &quot;%s&quot;</td><td>Nom du paramètre chainé inconnu : &quot;%s&quot;</td><td>Nome di parametro concatenato sconosciuto: &quot;%s&quot;</td><td>Onbekende geschakelde parameternaam &quot;%s&quot;</td><td>Nieznana nazwa parametru powiązanego &quot;%s&quot;</td><td>Неизвестое вложенное наименование параметра &quot;%s&quot;</td><td>未知的链式参数名: &quot;%s&quot;</td></tr><tr><td>MSG_PARAM_INVALID</td><td/><td/><td>Il contenuto del Parametro &quot;%s&quot; non è valido</td><td>Waarde van parameter &quot;%s&quot; is ongeldig</td><td/><td/><td/></tr><tr><td>MSG_PARAM_MODIFIER_INVALID</td><td/><td/><td/><td>Modifier van parameter &quot;%s&quot; is ongeldig</td><td/><td/><td/></tr><tr><td>MSG_PARAM_NO_REPEAT</td><td>No se permite la repetición del parámetro &quot;%s&quot;</td><td>Le paramètre &quot;%s&quot; ne peut pas être répété</td><td>Non � consentito ripetere il parametro &quot;%s&quot;</td><td>Parameter &quot;%s&quot; mag niet herhalen</td><td>Parametr &quot;%s&quot; nie może zostać powtórzony</td><td>Параметр &quot;%s&quot; не может быть повторён</td><td>参数&quot;%s&quot;不可重复</td></tr><tr><td>MSG_PARAM_UNKNOWN</td><td>Parámetro &quot;%s&quot; no reconocido</td><td>Paramètre &quot;%s&quot; non reconnu</td><td>Parametro &quot;%s&quot; non riconosciuto</td><td>Parameter &quot;%s&quot; onbekend</td><td>Niezrozumiały parametr &quot;%s&quot;</td><td>Параметр &quot;%s&quot; не понят</td><td>无法理解参数&quot;%s&quot;</td></tr><tr><td>MSG_RESOURCE_EXAMPLE_PROTECTED</td><td>Recursos con la identidad &quot;example&quot; no pueden ser borrados (son usados para pruebas/entrenamiento)</td><td>Les ressources ayant l'identité &quot;example&quot; ne peuvent pas être supprimées (utilisées pour les tests/formations)</td><td>Le Risorse aventi l'identità &quot;example&quot; non possono essere cancellate (per finalità di test/formazione)</td><td>Resources met identiteit &quot;voorbeeld&quot; kunnen niet worden verwijderd (ten behoeve van testen/training)</td><td>Zasoby oznaczone jako &quot;example&quot; nie mogą zostać usunięte (dla celów testów/szkoleń)</td><td>Ресурс с идентификатором &quot;example&quot; не может быть удалён (для случаев тестирования/обучения)</td><td>以&quot;example&quot; 为ID的资源不能被删除 (用于测试/培训)</td></tr><tr><td>MSG_RESOURCE_ID_FAIL</td><td>imposible encontrar el id del recurso</td><td>impossible d'allouer l'id de la ressource</td><td>impossibile allocare l''id della risorsa</td><td>kan geen resource-id reserveren</td><td>nie można nadać identyfikatora zasobu</td><td>невозможно выделить идентификатор ресурса</td><td>无法分配资源ID</td></tr><tr><td>MSG_RESOURCE_ID_MISMATCH</td><td/><td>Problème de correspondance d'Id de la Ressource</td><td/><td>Resource ID's komen niet overeen</td><td/><td/><td/></tr><tr><td>MSG_RESOURCE_ID_MISSING</td><td/><td>Id de la Ressource manquante</td><td>Id della Risorsa mancante</td><td>Resource ID ontbreekt</td><td/><td/><td/></tr><tr><td>MSG_RESOURCE_NOT_ALLOWED</td><td>No se permite el envío de un recurso para esta operación</td><td>Non autorisé à soumettre une ressource pour cette opération</td><td>Non è consentito sottomettere una risorsa per questa operazione</td><td>Niet toegestaan om een resource in te dienen voor deze bewerking</td><td>Nie można zgłosić zasobu dla tej operacji</td><td>Для данной операции отправка ресурса недопустима</td><td>该操作不允许提交资源</td></tr><tr><td>MSG_RESOURCE_REQUIRED</td><td>Se requiere un recurso</td><td>Une ressource est requise</td><td>E'' richiesta una risorsa</td><td>Een resource is verplicht</td><td>Zasób jest wymagany</td><td>Требуется ресурс</td><td>必须提供一个资源</td></tr><tr><td>MSG_RESOURCE_TYPE_MISMATCH</td><td>Los Tipos de los recursos no coinciden</td><td>Type de ressource incorrect</td><td>Tipo Risorsa non corrispondente</td><td>Verkeerd resourcetype</td><td>Niepoprawny typ zasobu</td><td>Несоответствие типа ресурса</td><td>资源类型不匹配</td></tr><tr><td>MSG_SORT_UNKNOWN</td><td>Nombre del parámetro de ordenación &quot;%s&quot; desconocido</td><td>Nom du paramètre de tri inconnu &quot;%s&quot;</td><td>Nome del parametro di ordinamento &quot;%s&quot; non riconosciuto</td><td>Onbekende parameternaam &quot;%s&quot; voor sortering</td><td>Nieznany parametr sortowania &quot;%s&quot;</td><td>Неизвестное имя параметра сортировки &quot;%s&quot;</td><td>未知的排序参数名称&quot;%s&quot;</td></tr><tr><td>MSG_TRANSACTION_DUPLICATE_ID</td><td>Identificador duplicado en la transacción: %s</td><td>Identifiant en double dans la transaction : %s</td><td/><td>Dubbele identificatie in transactie: %s</td><td>Zdublowany identyfikator w transakcji: %s</td><td>Дублирующий идентификатор в транзакции: %s</td><td>事务中存在重复Id: %s</td></tr><tr><td>MSG_TRANSACTION_MISSING_ID</td><td>Identificador de la transacción no encontrado - se debe proporcionar un entry.id</td><td>Identifiant manquant dans la transaction - un élément entry.id doit être fourni</td><td/><td>Ontbrekende identificatie in transactie - entry.id is verplicht</td><td>Brak identyfikatora w transakcji - należy podać entry.id</td><td>Отсутствует идентификатор в транзакции - требуется entry.id</td><td>事务中缺少Id - 必须提供一个entry.id</td></tr><tr><td>MSG_UNHANDLED_NODE_TYPE</td><td>Tipo de nodo Xml no soportado &quot;%s&quot;</td><td>Type de noeud xml &quot;%s&quot; non traité</td><td>Tipo di nodo Xml non gestito &quot;%s&quot;</td><td>Kan xml nodetype &quot;%s&quot; niet verwerken</td><td>Nieobsługiwany typ węzła XML &quot;%s&quot;</td><td>Не обработанный xml узел &quot;%s&quot;</td><td>未处理的XML节点类型&quot;%s&quot;</td></tr><tr><td>MSG_UNKNOWN_CONTENT</td><td>Contenido desconocido (%s) en %s</td><td>Contenu inconnu (%s) à %s</td><td>Contenuto Sconosciuto (%s) at %s</td><td>Onbekende content (%s) at %s</td><td>Nieznana zawartość (%s) dla %s</td><td>Неизвестный контент (%s) в %s</td><td>未知内容 (%s) 位于 %s</td></tr><tr><td>MSG_UNKNOWN_OPERATION</td><td>Operación http FHIR desconocida</td><td>operation http FHIR inconnue</td><td>operazione http FHIR sconosciuta</td><td>onbekende FHIR http operation</td><td>nieznana operacja FHIR http</td><td>неизвестная операция FHIR http</td><td>未知的FHIR HTTP操作</td></tr><tr><td>MSG_UNKNOWN_TYPE</td><td>Tipo de Recurso &quot;%s&quot; no reconocido</td><td>Type de ressource &quot;%s&quot; non reconnu</td><td>Tipo di Risorsa &quot;%s&quot; non riconosciuto</td><td>Resourcetype &quot;%s&quot; niet herkend</td><td>Nie rozpoznany typ zasobu: &quot;%s&quot;</td><td>Тип ресурса &quot;%s&quot; не распознан</td><td>资源类型&quot;%s&quot;未识别</td></tr><tr><td>MSG_UPDATED</td><td>Recurso existente actualizado</td><td>ressource existante mise à jour</td><td>risorsa esistente aggiornata</td><td>bestaande resource updated</td><td>uaktualniono istniejący zasób</td><td>существующий ресурс обновлён</td><td>已有资源被更新</td></tr><tr><td>MSG_VERSION_AWARE</td><td>Este recurso requiere actualizaciones en base a versiones</td><td>Des mises à jour en relation avec la version sont requises pour cette ressource</td><td>Questa risorsa richiede aggiornamenti per versione</td><td>Versie-bewuste updates zijn vereist voor deze resource</td><td>Uaktualnienia zakładające wersjonowanie są wymagane dla tego zasobu</td><td>Для данного ресурса необходимы обновления с учётом версии</td><td>该资源的更新必须针对版本</td></tr><tr><td>MSG_VERSION_AWARE_CONFLICT</td><td>Conflicto de actualizaciones (versión actual del servidor = &quot;%s&quot;, versión del cliente referenciada = &quot;%s&quot;)</td><td>Conflit de mise à jour (version courante du serveur = &quot;%s&quot;, version référencée du client = &quot;%s&quot;)</td><td>Conflitto nell''aggiornamento (attuale = &quot;%s&quot;, quotato = &quot;%s&quot;)</td><td>Updateconflict (huidige serverversie = &quot;%s&quot;, opgegeven clientversie = &quot;%s&quot;)</td><td>Konflikt podczas uaktualnienia (obecna wersja na serwerze = &quot;%s&quot;, wersja wskazana przez klienta = &quot;%s&quot;)</td><td>Конфликт обновления (текущая версия сервера = &quot;%s&quot;, указанная версия клиента = &quot;%s&quot;)</td><td>更新冲突 (服务器当前版本 = &quot;%s&quot;, 客户端引用的版本 = &quot;%s&quot;)</td></tr><tr><td>MSG_VERSION_AWARE_URL</td><td>URL especifica de la versión no reconocida</td><td>URL spécifique à une version non reconnue</td><td>URL specifico alla versione non riconosciuto</td><td>Versie-specifieke URL niet herkend</td><td>Nie rozpoznany URL specyficzny dla wersji</td><td>URL для указанной версии не распознан</td><td>未识别特定版本的URL</td></tr><tr><td>MSG_WRONG_NS</td><td/><td/><td/><td>Dit lijkt geen FHIR element of resource te zijn (verkeerde namespace &quot;%s&quot;)</td><td/><td/><td/></tr><tr><td>SEARCH_MULTIPLE</td><td>Error: Multiples ocurrencias existen para %s parametros de búsqueda &quot;%s&quot;</td><td>Erreur : Plusieurs correspondances existent pour ce paramètre de recherche %s</td><td>Errore: Trovate corrispondenze multiple per %s parametri di ricerca &quot;%s&quot;</td><td>Fout: er is meer dan één resultaat voor %s zoekparameters &quot;%s&quot;</td><td>Błąd: Istnieją wielokrotne dopasowania dla %s parametrów wyszukiwania &quot;%s&quot;</td><td>Ошибка: множественные совпадения для %s с параметрами поиска &quot;%s&quot;</td><td>错误: 对于 %s 搜索的参数 &quot;%s&quot;存在多个匹配</td></tr><tr><td>SEARCH_NONE</td><td>Error: no se encontro una búsqueda apropiada para %s parametros de búsqueda &quot;%s&quot;</td><td>Erreur : aucune recherche trouvée pour les paramètres %s &quot;%s&quot;</td><td>Errore: non è stato trovato alcun parametro di ricerca processabile per %s parametri di ricerca &quot;%s&quot;</td><td>Fout: geen verwerkbare zoekactie gevonden voor %s zoekparameters &quot;%s&quot;</td><td>Błąd: Niewykonalne wyszukiwanie dla %s parametrów wyszukiwania &quot;%s&quot;</td><td>Ошибка: обрабатываемых результатов поиска для %s с параметрами поиска &quot;%s&quot; не найдено</td><td>错误: 对%s搜索参数&quot;%s&quot;未找到可处理的搜索</td></tr><tr><td>UPDATE_MULTIPLE_MATCHES</td><td/><td/><td/><td>Fout: er is meer dan één resultaat voor de conditionele update</td><td/><td/><td/></tr></table></div>"},"extension":[{"url":"http://hl7.org/fhir/StructureDefinition/structuredefinition-wg","valueCode":"fhir"},{"url":"http://hl7.org/fhir/StructureDefinition/structuredefinition-fmm","valueInteger":1}],"url":"http://terminology.hl7.org/CodeSystem/operation-outcome","identifier":[{"system":"urn:ietf:rfc:3986","value":"urn:oid:2.16.840.1.113883.4.642.1.1127"}],"version":"0.1.0","name":"OperationOutcomeCodes","title":"Operation Outcome Codes","status":"draft","experimental":false,"date":"2024-03-09T14:36:19-07:00","publisher":"SatuSehat","contact":[{"name":"SatuSehat","telecom":[{"system":"url","value":"https://satusehat.kemkes.go.id/"},{"system":"email","value":"fhir@dto.kemkes.go.id"}]}],"description":"Operation Outcome codes used by FHIR test servers (see Implementation file translations.xml)","copyright":"This material derives from the HL7 Terminology (THO). THO is copyright ©1989+ Health Level Seven International and is made available under the CC0 designation. For more licensing information see: https://terminology.hl7.org/license","caseSensitive":true,"hierarchyMeaning":"is-a","content":"complete","concept":[{"code":"DELETE_MULTIPLE_MATCHES","display":"Error: Multiple matches exist for the conditional delete","designation":[{"language":"nl","use":{"system":"http://terminology.hl7.org/CodeSystem/hl7TermMaintInfra","code":"preferredForLanguage"},"value":"Fout: er is meer dan één resultaat voor de conditionele delete"}]},{"code":"MSG_AUTH_REQUIRED","display":"You must authenticate before you can use this service","designation":[{"language":"it","use":{"system":"http://terminology.hl7.org/CodeSystem/hl7TermMaintInfra","code":"preferredForLanguage"},"value":"Autenticazione richiesta prima di usare questo servizio"},{"language":"pl","use":{"system":"http://terminology.hl7.org/CodeSystem/hl7TermMaintInfra","code":"preferredForLanguage"},"value":"Wymagana autentykacja przed użyciem tego serwisu"},{"language":"fr","use":{"system":"http://terminology.hl7.org/CodeSystem/hl7TermMaintInfra","code":"preferredForLanguage"},"value":"Vous devez être authentifié avant de pouvoir utiliser ce service"},{"language":"nl","use":{"system":"http://terminology.hl7.org/CodeSystem/hl7TermMaintInfra","code":"preferredForLanguage"},"value":"U moet zich authenticeren voor gebruik van deze service"},{"language":"zh","use":{"system":"http://terminology.hl7.org/CodeSystem/hl7TermMaintInfra","code":"preferredForLanguage"},"value":"使用此服务前需认证"},{"language":"es","use":{"system":"http://terminology.hl7.org/CodeSystem/hl7TermMaintInfra","code":"preferredForLanguage"},"value":"Debe autenticarse antes de poder usar este servicio"}]},{"code":"MSG_BAD_FORMAT","display":"Bad Syntax: \"%s\" must be a %s'","designation":[{"language":"ru","use":{"system":"http://terminology.hl7.org/CodeSystem/hl7TermMaintInfra","code":"preferredForLanguage"},"value":"Неверный синтакс: \"%s\" должен быть %s"},{"language":"it","use":{"system":"http://terminology.hl7.org/CodeSystem/hl7TermMaintInfra","code":"preferredForLanguage"},"value":"Sintassi Errata: \"%s\" deve essere un %s'"},{"language":"pl","use":{"system":"http://terminology.hl7.org/CodeSystem/hl7TermMaintInfra","code":"preferredForLanguage"},"value":"Błąd składni: \"%s\" powinno być %s'"},{"language":"fr","use":{"system":"http://terminology.hl7.org/CodeSystem/hl7TermMaintInfra","code":"preferredForLanguage"},"value":"Erreur de Syntaxe : \"%s\" doit être un %s"},{"language":"nl","use":{"system":"http://terminology.hl7.org/CodeSystem/hl7TermMaintInfra","code":"preferredForLanguage"},"value":"Verkeerde syntax: \"%s\" moet een %s zijn"},{"language":"zh","use":{"system":"http://terminology.hl7.org/CodeSystem/hl7TermMaintInfra","code":"preferredForLanguage"},"value":"句法错误: \"%s\" 必须是一个 %s'"},{"language":"es","use":{"system":"http://terminology.hl7.org/CodeSystem/hl7TermMaintInfra","code":"preferredForLanguage"},"value":"Sintaxis Incorrecta: \"%s\" debe de ser un %s'"}]},{"code":"MSG_BAD_SYNTAX","display":"Bad Syntax in %s","designation":[{"language":"ru","use":{"system":"http://terminology.hl7.org/CodeSystem/hl7TermMaintInfra","code":"preferredForLanguage"},"value":"Неверный синтакс: %s"},{"language":"it","use":{"system":"http://terminology.hl7.org/CodeSystem/hl7TermMaintInfra","code":"preferredForLanguage"},"value":"Sintassi errata in %s"},{"language":"pl","use":{"system":"http://terminology.hl7.org/CodeSystem/hl7TermMaintInfra","code":"preferredForLanguage"},"value":"Błąd składni w %s"},{"language":"fr","use":{"system":"http://terminology.hl7.org/CodeSystem/hl7TermMaintInfra","code":"preferredForLanguage"},"value":"Erreur de Syntaxe dans %s"},{"language":"nl","use":{"system":"http://terminology.hl7.org/CodeSystem/hl7TermMaintInfra","code":"preferredForLanguage"},"value":"Verkeerde syntax in %s"},{"language":"zh","use":{"system":"http://terminology.hl7.org/CodeSystem/hl7TermMaintInfra","code":"preferredForLanguage"},"value":"%s 中句法错误"},{"language":"es","use":{"system":"http://terminology.hl7.org/CodeSystem/hl7TermMaintInfra","code":"preferredForLanguage"},"value":"Sintaxis Incorrecta en %s"}]},{"code":"MSG_CANT_PARSE_CONTENT","display":"Unable to parse feed (entry content type = \"%s\")","designation":[{"language":"it","use":{"system":"http://terminology.hl7.org/CodeSystem/hl7TermMaintInfra","code":"preferredForLanguage"},"value":"Impossibile effettuare il parsing del feed (tipo del contenuto della entry = \"%s\")"},{"language":"pl","use":{"system":"http://terminology.hl7.org/CodeSystem/hl7TermMaintInfra","code":"preferredForLanguage"},"value":"Błąd parsowania (typ zawartości wejściowej = \"%s\")"},{"language":"fr","use":{"system":"http://terminology.hl7.org/CodeSystem/hl7TermMaintInfra","code":"preferredForLanguage"},"value":"Impossible d'analyser le flux (type de contenu de l'entrée = \"%s\")"},{"language":"nl","use":{"system":"http://terminology.hl7.org/CodeSystem/hl7TermMaintInfra","code":"preferredForLanguage"},"value":"Kan feed niet verwerken (contenttype inhoud = \"%s\")"},{"language":"zh","use":{"system":"http://terminology.hl7.org/CodeSystem/hl7TermMaintInfra","code":"preferredForLanguage"},"value":"无法解析feed (条目的内容类型 = \"%s\")"},{"language":"es","use":{"system":"http://terminology.hl7.org/CodeSystem/hl7TermMaintInfra","code":"preferredForLanguage"},"value":"No se pudo parsear el feed (el tipo de contenido de la entry = \"%s\")"}]},{"code":"MSG_CANT_PARSE_ROOT","display":"Unable to parse feed (root element name = \"%s\")","designation":[{"language":"ru","use":{"system":"http://terminology.hl7.org/CodeSystem/hl7TermMaintInfra","code":"preferredForLanguage"},"value":"Не удалось разобрать данные (корневой элемент = \"%s\")"},{"language":"it","use":{"system":"http://terminology.hl7.org/CodeSystem/hl7TermMaintInfra","code":"preferredForLanguage"},"value":"Impossibile effettuare il parsing del feed (nome elemento root = \"%s\")"},{"language":"pl","use":{"system":"http://terminology.hl7.org/CodeSystem/hl7TermMaintInfra","code":"preferredForLanguage"},"value":"Błąd parsowania (nazwa elementu root = \"%s\")"},{"language":"fr","use":{"system":"http://terminology.hl7.org/CodeSystem/hl7TermMaintInfra","code":"preferredForLanguage"},"value":"Impossible d'analyser le flux (nom de l'élément racine = \"%s\")"},{"language":"nl","use":{"system":"http://terminology.hl7.org/CodeSystem/hl7TermMaintInfra","code":"preferredForLanguage"},"value":"Kan feed niet verwerken (rootelementnaam = \"%s\")"},{"language":"zh","use":{"system":"http://terminology.hl7.org/CodeSystem/hl7TermMaintInfra","code":"preferredForLanguage"},"value":"无法解析feed (根元素名 = \"%s\")"},{"language":"es","use":{"system":"http://terminology.hl7.org/CodeSystem/hl7TermMaintInfra","code":"preferredForLanguage"},"value":"No se pudo parsear el feed (nombre del elemento raiz = \"%s\")"}]},{"code":"MSG_CREATED","display":"New resource created","designation":[{"language":"nl","use":{"system":"http://terminology.hl7.org/CodeSystem/hl7TermMaintInfra","code":"preferredForLanguage"},"value":"Nieuwe resource gemaakt"}]},{"code":"MSG_DATE_FORMAT","display":"The Date value %s is not in the correct format (Xml Date Format required)","designation":[{"language":"ru","use":{"system":"http://terminology.hl7.org/CodeSystem/hl7TermMaintInfra","code":"preferredForLanguage"},"value":"Значение Date %s в неверном формате (требуется Xml Date формат)"},{"language":"it","use":{"system":"http://terminology.hl7.org/CodeSystem/hl7TermMaintInfra","code":"preferredForLanguage"},"value":"Il valore %s per la data non è nel formato corretto (richiesto il Formato Data Xml)"},{"language":"pl","use":{"system":"http://terminology.hl7.org/CodeSystem/hl7TermMaintInfra","code":"preferredForLanguage"},"value":"Niepoprawny format wartości daty %s (wymagany format XML)"},{"language":"fr","use":{"system":"http://terminology.hl7.org/CodeSystem/hl7TermMaintInfra","code":"preferredForLanguage"},"value":"Le format de la date %s est incorrect (format Date Xml attendu)"},{"language":"nl","use":{"system":"http://terminology.hl7.org/CodeSystem/hl7TermMaintInfra","code":"preferredForLanguage"},"value":"De Datum-waarde %s heeft niet de juiste structuur (Xml Date vereist)"},{"language":"zh","use":{"system":"http://terminology.hl7.org/CodeSystem/hl7TermMaintInfra","code":"preferredForLanguage"},"value":"日期的值 %s 格式不正确 (要求是Xml Date格式)"},{"language":"es","use":{"system":"http://terminology.hl7.org/CodeSystem/hl7TermMaintInfra","code":"preferredForLanguage"},"value":"El valor de la fecha %s no está en el formato correcto (se requiere un formato de fecha Xml)"}]},{"code":"MSG_DELETED","display":"This resource has been deleted","designation":[{"language":"ru","use":{"system":"http://terminology.hl7.org/CodeSystem/hl7TermMaintInfra","code":"preferredForLanguage"},"value":"Данный ресурс был удалён"},{"language":"it","use":{"system":"http://terminology.hl7.org/CodeSystem/hl7TermMaintInfra","code":"preferredForLanguage"},"value":"Questa risorsa è stata cancellata"},{"language":"pl","use":{"system":"http://terminology.hl7.org/CodeSystem/hl7TermMaintInfra","code":"preferredForLanguage"},"value":"Ten zasób został usunięty"},{"language":"fr","use":{"system":"http://terminology.hl7.org/CodeSystem/hl7TermMaintInfra","code":"preferredForLanguage"},"value":"La ressource a été supprimée"},{"language":"nl","use":{"system":"http://terminology.hl7.org/CodeSystem/hl7TermMaintInfra","code":"preferredForLanguage"},"value":"Deze resource is verwijderd"},{"language":"zh","use":{"system":"http://terminology.hl7.org/CodeSystem/hl7TermMaintInfra","code":"preferredForLanguage"},"value":"该资源已删除"},{"language":"es","use":{"system":"http://terminology.hl7.org/CodeSystem/hl7TermMaintInfra","code":"preferredForLanguage"},"value":"Este recurso ha sido borrado"}]},{"code":"MSG_DELETED_DONE","display":"Resource deleted","designation":[{"language":"ru","use":{"system":"http://terminology.hl7.org/CodeSystem/hl7TermMaintInfra","code":"preferredForLanguage"},"value":"Ресурс удалён"},{"language":"it","use":{"system":"http://terminology.hl7.org/CodeSystem/hl7TermMaintInfra","code":"preferredForLanguage"},"value":"Risorsa cancellata"},{"language":"pl","use":{"system":"http://terminology.hl7.org/CodeSystem/hl7TermMaintInfra","code":"preferredForLanguage"},"value":"Zasób usunięto"},{"language":"fr","use":{"system":"http://terminology.hl7.org/CodeSystem/hl7TermMaintInfra","code":"preferredForLanguage"},"value":"Ressource supprimée"},{"language":"nl","use":{"system":"http://terminology.hl7.org/CodeSystem/hl7TermMaintInfra","code":"preferredForLanguage"},"value":"Resource verwijderd"},{"language":"zh","use":{"system":"http://terminology.hl7.org/CodeSystem/hl7TermMaintInfra","code":"preferredForLanguage"},"value":"资源已删除"},{"language":"es","use":{"system":"http://terminology.hl7.org/CodeSystem/hl7TermMaintInfra","code":"preferredForLanguage"},"value":"Recurso borrado"}]},{"code":"MSG_DELETED_ID","display":"The resource \"%s\" has been deleted","designation":[{"language":"ru","use":{"system":"http://terminology.hl7.org/CodeSystem/hl7TermMaintInfra","code":"preferredForLanguage"},"value":"Ресурс \"%s\" был удалён"},{"language":"it","use":{"system":"http://terminology.hl7.org/CodeSystem/hl7TermMaintInfra","code":"preferredForLanguage"},"value":"La risorsa \"%s\" è stata eliminata"},{"language":"pl","use":{"system":"http://terminology.hl7.org/CodeSystem/hl7TermMaintInfra","code":"preferredForLanguage"},"value":"Zasób \"%s\" został usunięty"},{"language":"fr","use":{"system":"http://terminology.hl7.org/CodeSystem/hl7TermMaintInfra","code":"preferredForLanguage"},"value":"La ressource \"%s\" a été supprimée"},{"language":"nl","use":{"system":"http://terminology.hl7.org/CodeSystem/hl7TermMaintInfra","code":"preferredForLanguage"},"value":"De resource \"%s\" is verwijderd"},{"language":"zh","use":{"system":"http://terminology.hl7.org/CodeSystem/hl7TermMaintInfra","code":"preferredForLanguage"},"value":"资源 \"%s\" 已被删除"},{"language":"es","use":{"system":"http://terminology.hl7.org/CodeSystem/hl7TermMaintInfra","code":"preferredForLanguage"},"value":"El recurso \"%s\" ha sido borrado"}]},{"code":"MSG_DUPLICATE_ID","display":"Duplicate Id %s for resource type %s","designation":[{"language":"ru","use":{"system":"http://terminology.hl7.org/CodeSystem/hl7TermMaintInfra","code":"preferredForLanguage"},"value":"Дублирующий Id %s для типа ресурса %s"},{"language":"it","use":{"system":"http://terminology.hl7.org/CodeSystem/hl7TermMaintInfra","code":"preferredForLanguage"},"value":"Id %s duplicato per il tipo di risorsa %s"},{"language":"pl","use":{"system":"http://terminology.hl7.org/CodeSystem/hl7TermMaintInfra","code":"preferredForLanguage"},"value":"Zdublowany identyfikator %s dla zasobu typu %s"},{"language":"fr","use":{"system":"http://terminology.hl7.org/CodeSystem/hl7TermMaintInfra","code":"preferredForLanguage"},"value":"Id %s en double pour le type de ressource %s"},{"language":"nl","use":{"system":"http://terminology.hl7.org/CodeSystem/hl7TermMaintInfra","code":"preferredForLanguage"},"value":"Duplicaat-id %s voor resourcetype %s"},{"language":"zh","use":{"system":"http://terminology.hl7.org/CodeSystem/hl7TermMaintInfra","code":"preferredForLanguage"},"value":"ID %s 重复（资源类型 %s）"},{"language":"es","use":{"system":"http://terminology.hl7.org/CodeSystem/hl7TermMaintInfra","code":"preferredForLanguage"},"value":"Id %s duplicada para el recurso de tipo %s"}]},{"code":"MSG_ERROR_PARSING","display":"Error parsing resource Xml (%s)","designation":[{"language":"ru","use":{"system":"http://terminology.hl7.org/CodeSystem/hl7TermMaintInfra","code":"preferredForLanguage"},"value":"Ошибка синтаксического разбора ресурса Xml (%s)"},{"language":"it","use":{"system":"http://terminology.hl7.org/CodeSystem/hl7TermMaintInfra","code":"preferredForLanguage"},"value":"Errore nel parsing della risorsa Xml (%s)"},{"language":"pl","use":{"system":"http://terminology.hl7.org/CodeSystem/hl7TermMaintInfra","code":"preferredForLanguage"},"value":"Błąd w trakcie parsowania zasobu XML (%s)"},{"language":"fr","use":{"system":"http://terminology.hl7.org/CodeSystem/hl7TermMaintInfra","code":"preferredForLanguage"},"value":"Erreur d'analyse de la ressource Xml (%s)"},{"language":"nl","use":{"system":"http://terminology.hl7.org/CodeSystem/hl7TermMaintInfra","code":"preferredForLanguage"},"value":"Fout in verwerking resource Xml (%s)"},{"language":"zh","use":{"system":"http://terminology.hl7.org/CodeSystem/hl7TermMaintInfra","code":"preferredForLanguage"},"value":"解析资源Xml时出错 (%s)"},{"language":"es","use":{"system":"http://terminology.hl7.org/CodeSystem/hl7TermMaintInfra","code":"preferredForLanguage"},"value":"Error parseando el recurso Xml (%s)"}]},{"code":"MSG_EXTERNAL_FAIL","display":"Unable to resolve external reference to resource %s"},{"code":"MSG_ID_INVALID","display":"Id \"%s\" has an invalid character \"%s\"","designation":[{"language":"ru","use":{"system":"http://terminology.hl7.org/CodeSystem/hl7TermMaintInfra","code":"preferredForLanguage"},"value":"Id \"%s\" содержит недопустимые символы \"%s\""},{"language":"it","use":{"system":"http://terminology.hl7.org/CodeSystem/hl7TermMaintInfra","code":"preferredForLanguage"},"value":"L''Id \"%s\" ha un carattere non valido: \"%s\""},{"language":"pl","use":{"system":"http://terminology.hl7.org/CodeSystem/hl7TermMaintInfra","code":"preferredForLanguage"},"value":"Identyfikator \"%s\" zawiera niepoprawny znak \"%s\""},{"language":"fr","use":{"system":"http://terminology.hl7.org/CodeSystem/hl7TermMaintInfra","code":"preferredForLanguage"},"value":"Id \"%s\" possède un caractère invalide \"%s\""},{"language":"nl","use":{"system":"http://terminology.hl7.org/CodeSystem/hl7TermMaintInfra","code":"preferredForLanguage"},"value":"Id \"%s\" heeft een ongeldig teken \"%s\""},{"language":"zh","use":{"system":"http://terminology.hl7.org/CodeSystem/hl7TermMaintInfra","code":"preferredForLanguage"},"value":"ID \"%s\" 带有非法字符: \"%s\""},{"language":"es","use":{"system":"http://terminology.hl7.org/CodeSystem/hl7TermMaintInfra","code":"preferredForLanguage"},"value":"El Id \"%s\" contiene el caracter inválido \"%s\""}]},{"code":"MSG_ID_TOO_LONG","display":"Id \"%s\" too long (length limit 36)","designation":[{"language":"ru","use":{"system":"http://terminology.hl7.org/CodeSystem/hl7TermMaintInfra","code":"preferredForLanguage"},"value":"Недопустимая длина Id \"%s\" (ограничение 36)"},{"language":"it","use":{"system":"http://terminology.hl7.org/CodeSystem/hl7TermMaintInfra","code":"preferredForLanguage"},"value":"Id \"%s\" troppo lunga (limite di lunghezza: 36)"},{"language":"pl","use":{"system":"http://terminology.hl7.org/CodeSystem/hl7TermMaintInfra","code":"preferredForLanguage"},"value":"Identyfikator \"%s\" jest zbyt długi (limit długości 36)"},{"language":"fr","use":{"system":"http://terminology.hl7.org/CodeSystem/hl7TermMaintInfra","code":"preferredForLanguage"},"value":"Id \"%s\" trop long (la longueur limite est 36)"},{"language":"nl","use":{"system":"http://terminology.hl7.org/CodeSystem/hl7TermMaintInfra","code":"preferredForLanguage"},"value":"Id \"%s\" te lang (max lengte 36)"},{"language":"zh","use":{"system":"http://terminology.hl7.org/CodeSystem/hl7TermMaintInfra","code":"preferredForLanguage"},"value":"Id \"%s\" 过长 (长度限制: 36)"},{"language":"es","use":{"system":"http://terminology.hl7.org/CodeSystem/hl7TermMaintInfra","code":"preferredForLanguage"},"value":"El Id \"%s\" es demasiado largo (limite de longitud: 36)"}]},{"code":"MSG_INVALID_ID","display":"Id not accepted","designation":[{"language":"ru","use":{"system":"http://terminology.hl7.org/CodeSystem/hl7TermMaintInfra","code":"preferredForLanguage"},"value":"Id не принято"},{"language":"it","use":{"system":"http://terminology.hl7.org/CodeSystem/hl7TermMaintInfra","code":"preferredForLanguage"},"value":"Id non accettato"},{"language":"pl","use":{"system":"http://terminology.hl7.org/CodeSystem/hl7TermMaintInfra","code":"preferredForLanguage"},"value":"Identyfikator nie zaakceptowany"},{"language":"fr","use":{"system":"http://terminology.hl7.org/CodeSystem/hl7TermMaintInfra","code":"preferredForLanguage"},"value":"Id non accepté"},{"language":"nl","use":{"system":"http://terminology.hl7.org/CodeSystem/hl7TermMaintInfra","code":"preferredForLanguage"},"value":"Id niet geaccepteerd"},{"language":"zh","use":{"system":"http://terminology.hl7.org/CodeSystem/hl7TermMaintInfra","code":"preferredForLanguage"},"value":"Id不被接受"},{"language":"es","use":{"system":"http://terminology.hl7.org/CodeSystem/hl7TermMaintInfra","code":"preferredForLanguage"},"value":"Id no aceptada"}]},{"code":"MSG_JSON_OBJECT","display":"Json Source for a resource should start with an object","designation":[{"language":"ru","use":{"system":"http://terminology.hl7.org/CodeSystem/hl7TermMaintInfra","code":"preferredForLanguage"},"value":"Json Source для ресурса должен начинаться с объекта"},{"language":"it","use":{"system":"http://terminology.hl7.org/CodeSystem/hl7TermMaintInfra","code":"preferredForLanguage"},"value":"Il sorgente Json di una risorsa dovrebbe iniziare con un oggetto"},{"language":"pl","use":{"system":"http://terminology.hl7.org/CodeSystem/hl7TermMaintInfra","code":"preferredForLanguage"},"value":"Źródło json dla zasobu powinno rozpoczynać się od obiektu"},{"language":"fr","use":{"system":"http://terminology.hl7.org/CodeSystem/hl7TermMaintInfra","code":"preferredForLanguage"},"value":"La source Json pour une ressource doit commencer par un objet"},{"language":"nl","use":{"system":"http://terminology.hl7.org/CodeSystem/hl7TermMaintInfra","code":"preferredForLanguage"},"value":"Json Source van een resource moeten beginnen met een object"},{"language":"zh","use":{"system":"http://terminology.hl7.org/CodeSystem/hl7TermMaintInfra","code":"preferredForLanguage"},"value":"资源的Json源应以一个object开始"},{"language":"es","use":{"system":"http://terminology.hl7.org/CodeSystem/hl7TermMaintInfra","code":"preferredForLanguage"},"value":"La fuente Json para un recurso debería empezar con un objeto"}]},{"code":"MSG_LOCAL_FAIL","display":"Unable to resolve local reference to resource %s","designation":[{"language":"ru","use":{"system":"http://terminology.hl7.org/CodeSystem/hl7TermMaintInfra","code":"preferredForLanguage"},"value":"Невозможно определить локальную ссылку на ресурс %s"},{"language":"it","use":{"system":"http://terminology.hl7.org/CodeSystem/hl7TermMaintInfra","code":"preferredForLanguage"},"value":"Impossibile risolvere il riferimento locale alla risorsa %s"},{"language":"pl","use":{"system":"http://terminology.hl7.org/CodeSystem/hl7TermMaintInfra","code":"preferredForLanguage"},"value":"Zasób wskazywany przez loklaną referencję %s nie został odnaleziony"},{"language":"fr","use":{"system":"http://terminology.hl7.org/CodeSystem/hl7TermMaintInfra","code":"preferredForLanguage"},"value":"Impossible de résourdre la référence locale à la ressource %s"},{"language":"nl","use":{"system":"http://terminology.hl7.org/CodeSystem/hl7TermMaintInfra","code":"preferredForLanguage"},"value":"De resource met lokale referentie %s is niet gevonden"},{"language":"zh","use":{"system":"http://terminology.hl7.org/CodeSystem/hl7TermMaintInfra","code":"preferredForLanguage"},"value":"无法解析对资源 %s 的本地引用"},{"language":"es","use":{"system":"http://terminology.hl7.org/CodeSystem/hl7TermMaintInfra","code":"preferredForLanguage"},"value":"Imposible resolver la referencia al recurso %s"}]},{"code":"MSG_NO_EXIST","display":"Resource Id \"%s\" does not exist","designation":[{"language":"ru","use":{"system":"http://terminology.hl7.org/CodeSystem/hl7TermMaintInfra","code":"preferredForLanguage"},"value":"Ресурс Id \"%s\" не существует"},{"language":"it","use":{"system":"http://terminology.hl7.org/CodeSystem/hl7TermMaintInfra","code":"preferredForLanguage"},"value":"La risorsa con Id \"%s\" non esiste"},{"language":"pl","use":{"system":"http://terminology.hl7.org/CodeSystem/hl7TermMaintInfra","code":"preferredForLanguage"},"value":"Zasób o identyfikatorze \"%s\" nie istnieje"},{"language":"fr","use":{"system":"http://terminology.hl7.org/CodeSystem/hl7TermMaintInfra","code":"preferredForLanguage"},"value":"La ressource avec l'Id \"%s\" n'existe pas"},{"language":"nl","use":{"system":"http://terminology.hl7.org/CodeSystem/hl7TermMaintInfra","code":"preferredForLanguage"},"value":"Resource-id \"%s\" bestaat niet"},{"language":"zh","use":{"system":"http://terminology.hl7.org/CodeSystem/hl7TermMaintInfra","code":"preferredForLanguage"},"value":"资源Id \"%s\"不存在"},{"language":"es","use":{"system":"http://terminology.hl7.org/CodeSystem/hl7TermMaintInfra","code":"preferredForLanguage"},"value":"El recurso con Id \"%s\" no existe"}]},{"code":"MSG_NO_MATCH","display":"No Resource found matching the query \"%s\"","designation":[{"language":"it","use":{"system":"http://terminology.hl7.org/CodeSystem/hl7TermMaintInfra","code":"preferredForLanguage"},"value":"Nessuna Risorsa soddisfa la query \"%s\""},{"language":"nl","use":{"system":"http://terminology.hl7.org/CodeSystem/hl7TermMaintInfra","code":"preferredForLanguage"},"value":"Geen resource gevonden met query \"%s\""}]},{"code":"MSG_NO_MODULE","display":"No module could be found to handle the request \"%s\"","designation":[{"language":"ru","use":{"system":"http://terminology.hl7.org/CodeSystem/hl7TermMaintInfra","code":"preferredForLanguage"},"value":"Модуль для обработки запроса \"%s\" не найден"},{"language":"it","use":{"system":"http://terminology.hl7.org/CodeSystem/hl7TermMaintInfra","code":"preferredForLanguage"},"value":"Impossibile trovare un modulo per gestire la richiesta \"%s\""},{"language":"pl","use":{"system":"http://terminology.hl7.org/CodeSystem/hl7TermMaintInfra","code":"preferredForLanguage"},"value":"Nie można odnaleźć modułu, aby obsłużyć żądanie \"%s\""},{"language":"fr","use":{"system":"http://terminology.hl7.org/CodeSystem/hl7TermMaintInfra","code":"preferredForLanguage"},"value":"Aucun module disponible pour traiter la requête \"%s\""},{"language":"nl","use":{"system":"http://terminology.hl7.org/CodeSystem/hl7TermMaintInfra","code":"preferredForLanguage"},"value":"Er kon geen module worden gevonden om verzoek \"%s\" te verwerken"},{"language":"zh","use":{"system":"http://terminology.hl7.org/CodeSystem/hl7TermMaintInfra","code":"preferredForLanguage"},"value":"无法找到处理请求\"%s\"的模块"},{"language":"es","use":{"system":"http://terminology.hl7.org/CodeSystem/hl7TermMaintInfra","code":"preferredForLanguage"},"value":"No se encontró un modulo que gestione la petición \"%s\""}]},{"code":"MSG_NO_SUMMARY","display":"No Summary for this resource","designation":[{"language":"ru","use":{"system":"http://terminology.hl7.org/CodeSystem/hl7TermMaintInfra","code":"preferredForLanguage"},"value":"Отсутствует Summary для данного ресурса"},{"language":"it","use":{"system":"http://terminology.hl7.org/CodeSystem/hl7TermMaintInfra","code":"preferredForLanguage"},"value":"Nessun riepilogo per questa risorsa"},{"language":"pl","use":{"system":"http://terminology.hl7.org/CodeSystem/hl7TermMaintInfra","code":"preferredForLanguage"},"value":"Brak podsumowania (Summary) dla tego zasobu"},{"language":"fr","use":{"system":"http://terminology.hl7.org/CodeSystem/hl7TermMaintInfra","code":"preferredForLanguage"},"value":"Aucun résumé disponible pour cette ressource"},{"language":"nl","use":{"system":"http://terminology.hl7.org/CodeSystem/hl7TermMaintInfra","code":"preferredForLanguage"},"value":"Geen samenvatting voor deze resource"},{"language":"zh","use":{"system":"http://terminology.hl7.org/CodeSystem/hl7TermMaintInfra","code":"preferredForLanguage"},"value":"该资源无summary"},{"language":"es","use":{"system":"http://terminology.hl7.org/CodeSystem/hl7TermMaintInfra","code":"preferredForLanguage"},"value":"No existe un resumen para este recurso"}]},{"code":"MSG_OP_NOT_ALLOWED","display":"Operation %s not allowed for resource %s (due to local configuration)","designation":[{"language":"ru","use":{"system":"http://terminology.hl7.org/CodeSystem/hl7TermMaintInfra","code":"preferredForLanguage"},"value":"Операция %s недопустима для ресурса %s (по причине локальной конфигурации)"},{"language":"it","use":{"system":"http://terminology.hl7.org/CodeSystem/hl7TermMaintInfra","code":"preferredForLanguage"},"value":"Operazione %s non consentita per la risorsa %s (a causa di configurazioni locali)"},{"language":"pl","use":{"system":"http://terminology.hl7.org/CodeSystem/hl7TermMaintInfra","code":"preferredForLanguage"},"value":"Niedozwolona operacja %s dla zasobu %s (ze względu na lokalną konfigurację)"},{"language":"fr","use":{"system":"http://terminology.hl7.org/CodeSystem/hl7TermMaintInfra","code":"preferredForLanguage"},"value":"L'opération %s n'est pas permise pour la ressource %s (à cause de la configuration locale)"},{"language":"nl","use":{"system":"http://terminology.hl7.org/CodeSystem/hl7TermMaintInfra","code":"preferredForLanguage"},"value":"Bewerking %s niet toegestaan voor resource %s (vanwege lokale configuratie)"},{"language":"zh","use":{"system":"http://terminology.hl7.org/CodeSystem/hl7TermMaintInfra","code":"preferredForLanguage"},"value":"操作 %s 不允许，对于资源 %s (由于本地配置)"},{"language":"es","use":{"system":"http://terminology.hl7.org/CodeSystem/hl7TermMaintInfra","code":"preferredForLanguage"},"value":"Operación %s no permitida para el recurso %s (debido a la configuración local)"}]},{"code":"MSG_PARAM_CHAINED","display":"Unknown chained parameter name \"%s\"","designation":[{"language":"ru","use":{"system":"http://terminology.hl7.org/CodeSystem/hl7TermMaintInfra","code":"preferredForLanguage"},"value":"Неизвестое вложенное наименование параметра \"%s\""},{"language":"it","use":{"system":"http://terminology.hl7.org/CodeSystem/hl7TermMaintInfra","code":"preferredForLanguage"},"value":"Nome di parametro concatenato sconosciuto: \"%s\""},{"language":"pl","use":{"system":"http://terminology.hl7.org/CodeSystem/hl7TermMaintInfra","code":"preferredForLanguage"},"value":"Nieznana nazwa parametru powiązanego \"%s\""},{"language":"fr","use":{"system":"http://terminology.hl7.org/CodeSystem/hl7TermMaintInfra","code":"preferredForLanguage"},"value":"Nom du paramètre chainé inconnu : \"%s\""},{"language":"nl","use":{"system":"http://terminology.hl7.org/CodeSystem/hl7TermMaintInfra","code":"preferredForLanguage"},"value":"Onbekende geschakelde parameternaam \"%s\""},{"language":"zh","use":{"system":"http://terminology.hl7.org/CodeSystem/hl7TermMaintInfra","code":"preferredForLanguage"},"value":"未知的链式参数名: \"%s\""},{"language":"es","use":{"system":"http://terminology.hl7.org/CodeSystem/hl7TermMaintInfra","code":"preferredForLanguage"},"value":"Nombre de parametro encadenado desconocido: \"%s\""}]},{"code":"MSG_PARAM_INVALID","display":"Parameter \"%s\" content is invalid","designation":[{"language":"it","use":{"system":"http://terminology.hl7.org/CodeSystem/hl7TermMaintInfra","code":"preferredForLanguage"},"value":"Il contenuto del Parametro \"%s\" non è valido"},{"language":"nl","use":{"system":"http://terminology.hl7.org/CodeSystem/hl7TermMaintInfra","code":"preferredForLanguage"},"value":"Waarde van parameter \"%s\" is ongeldig"}]},{"code":"MSG_PARAM_MODIFIER_INVALID","display":"Parameter \"%s\" modifier is invalid","designation":[{"language":"nl","use":{"system":"http://terminology.hl7.org/CodeSystem/hl7TermMaintInfra","code":"preferredForLanguage"},"value":"Modifier van parameter \"%s\" is ongeldig"}]},{"code":"MSG_PARAM_NO_REPEAT","display":"Parameter \"%s\" is not allowed to repeat","designation":[{"language":"ru","use":{"system":"http://terminology.hl7.org/CodeSystem/hl7TermMaintInfra","code":"preferredForLanguage"},"value":"Параметр \"%s\" не может быть повторён"},{"language":"it","use":{"system":"http://terminology.hl7.org/CodeSystem/hl7TermMaintInfra","code":"preferredForLanguage"},"value":"Non � consentito ripetere il parametro \"%s\""},{"language":"pl","use":{"system":"http://terminology.hl7.org/CodeSystem/hl7TermMaintInfra","code":"preferredForLanguage"},"value":"Parametr \"%s\" nie może zostać powtórzony"},{"language":"fr","use":{"system":"http://terminology.hl7.org/CodeSystem/hl7TermMaintInfra","code":"preferredForLanguage"},"value":"Le paramètre \"%s\" ne peut pas être répété"},{"language":"nl","use":{"system":"http://terminology.hl7.org/CodeSystem/hl7TermMaintInfra","code":"preferredForLanguage"},"value":"Parameter \"%s\" mag niet herhalen"},{"language":"zh","use":{"system":"http://terminology.hl7.org/CodeSystem/hl7TermMaintInfra","code":"preferredForLanguage"},"value":"参数\"%s\"不可重复"},{"language":"es","use":{"system":"http://terminology.hl7.org/CodeSystem/hl7TermMaintInfra","code":"preferredForLanguage"},"value":"No se permite la repetición del parámetro \"%s\""}]},{"code":"MSG_PARAM_UNKNOWN","display":"Parameter \"%s\" not understood","designation":[{"language":"ru","use":{"system":"http://terminology.hl7.org/CodeSystem/hl7TermMaintInfra","code":"preferredForLanguage"},"value":"Параметр \"%s\" не понят"},{"language":"it","use":{"system":"http://terminology.hl7.org/CodeSystem/hl7TermMaintInfra","code":"preferredForLanguage"},"value":"Parametro \"%s\" non riconosciuto"},{"language":"pl","use":{"system":"http://terminology.hl7.org/CodeSystem/hl7TermMaintInfra","code":"preferredForLanguage"},"value":"Niezrozumiały parametr \"%s\""},{"language":"fr","use":{"system":"http://terminology.hl7.org/CodeSystem/hl7TermMaintInfra","code":"preferredForLanguage"},"value":"Paramètre \"%s\" non reconnu"},{"language":"nl","use":{"system":"http://terminology.hl7.org/CodeSystem/hl7TermMaintInfra","code":"preferredForLanguage"},"value":"Parameter \"%s\" onbekend"},{"language":"zh","use":{"system":"http://terminology.hl7.org/CodeSystem/hl7TermMaintInfra","code":"preferredForLanguage"},"value":"无法理解参数\"%s\""},{"language":"es","use":{"system":"http://terminology.hl7.org/CodeSystem/hl7TermMaintInfra","code":"preferredForLanguage"},"value":"Parámetro \"%s\" no reconocido"}]},{"code":"MSG_RESOURCE_EXAMPLE_PROTECTED","display":"Resources with identity \"example\" cannot be deleted (for testing/training purposes)","designation":[{"language":"ru","use":{"system":"http://terminology.hl7.org/CodeSystem/hl7TermMaintInfra","code":"preferredForLanguage"},"value":"Ресурс с идентификатором \"example\" не может быть удалён (для случаев тестирования/обучения)"},{"language":"it","use":{"system":"http://terminology.hl7.org/CodeSystem/hl7TermMaintInfra","code":"preferredForLanguage"},"value":"Le Risorse aventi l'identità \"example\" non possono essere cancellate (per finalità di test/formazione)"},{"language":"pl","use":{"system":"http://terminology.hl7.org/CodeSystem/hl7TermMaintInfra","code":"preferredForLanguage"},"value":"Zasoby oznaczone jako \"example\" nie mogą zostać usunięte (dla celów testów/szkoleń)"},{"language":"fr","use":{"system":"http://terminology.hl7.org/CodeSystem/hl7TermMaintInfra","code":"preferredForLanguage"},"value":"Les ressources ayant l'identité \"example\" ne peuvent pas être supprimées (utilisées pour les tests/formations)"},{"language":"nl","use":{"system":"http://terminology.hl7.org/CodeSystem/hl7TermMaintInfra","code":"preferredForLanguage"},"value":"Resources met identiteit \"voorbeeld\" kunnen niet worden verwijderd (ten behoeve van testen/training)"},{"language":"zh","use":{"system":"http://terminology.hl7.org/CodeSystem/hl7TermMaintInfra","code":"preferredForLanguage"},"value":"以\"example\" 为ID的资源不能被删除 (用于测试/培训)"},{"language":"es","use":{"system":"http://terminology.hl7.org/CodeSystem/hl7TermMaintInfra","code":"preferredForLanguage"},"value":"Recursos con la identidad \"example\" no pueden ser borrados (son usados para pruebas/entrenamiento)"}]},{"code":"MSG_RESOURCE_ID_FAIL","display":"unable to allocate resource id","designation":[{"language":"ru","use":{"system":"http://terminology.hl7.org/CodeSystem/hl7TermMaintInfra","code":"preferredForLanguage"},"value":"невозможно выделить идентификатор ресурса"},{"language":"it","use":{"system":"http://terminology.hl7.org/CodeSystem/hl7TermMaintInfra","code":"preferredForLanguage"},"value":"impossibile allocare l''id della risorsa"},{"language":"pl","use":{"system":"http://terminology.hl7.org/CodeSystem/hl7TermMaintInfra","code":"preferredForLanguage"},"value":"nie można nadać identyfikatora zasobu"},{"language":"fr","use":{"system":"http://terminology.hl7.org/CodeSystem/hl7TermMaintInfra","code":"preferredForLanguage"},"value":"impossible d'allouer l'id de la ressource"},{"language":"nl","use":{"system":"http://terminology.hl7.org/CodeSystem/hl7TermMaintInfra","code":"preferredForLanguage"},"value":"kan geen resource-id reserveren"},{"language":"zh","use":{"system":"http://terminology.hl7.org/CodeSystem/hl7TermMaintInfra","code":"preferredForLanguage"},"value":"无法分配资源ID"},{"language":"es","use":{"system":"http://terminology.hl7.org/CodeSystem/hl7TermMaintInfra","code":"preferredForLanguage"},"value":"imposible encontrar el id del recurso"}]},{"code":"MSG_RESOURCE_ID_MISMATCH","display":"Resource Id Mismatch","designation":[{"language":"fr","use":{"system":"http://terminology.hl7.org/CodeSystem/hl7TermMaintInfra","code":"preferredForLanguage"},"value":"Problème de correspondance d'Id de la Ressource"},{"language":"nl","use":{"system":"http://terminology.hl7.org/CodeSystem/hl7TermMaintInfra","code":"preferredForLanguage"},"value":"Resource ID's komen niet overeen"}]},{"code":"MSG_RESOURCE_ID_MISSING","display":"Resource Id Missing","designation":[{"language":"it","use":{"system":"http://terminology.hl7.org/CodeSystem/hl7TermMaintInfra","code":"preferredForLanguage"},"value":"Id della Risorsa mancante"},{"language":"fr","use":{"system":"http://terminology.hl7.org/CodeSystem/hl7TermMaintInfra","code":"preferredForLanguage"},"value":"Id de la Ressource manquante"},{"language":"nl","use":{"system":"http://terminology.hl7.org/CodeSystem/hl7TermMaintInfra","code":"preferredForLanguage"},"value":"Resource ID ontbreekt"}]},{"code":"MSG_RESOURCE_NOT_ALLOWED","display":"Not allowed to submit a resource for this operation","designation":[{"language":"ru","use":{"system":"http://terminology.hl7.org/CodeSystem/hl7TermMaintInfra","code":"preferredForLanguage"},"value":"Для данной операции отправка ресурса недопустима"},{"language":"it","use":{"system":"http://terminology.hl7.org/CodeSystem/hl7TermMaintInfra","code":"preferredForLanguage"},"value":"Non è consentito sottomettere una risorsa per questa operazione"},{"language":"pl","use":{"system":"http://terminology.hl7.org/CodeSystem/hl7TermMaintInfra","code":"preferredForLanguage"},"value":"Nie można zgłosić zasobu dla tej operacji"},{"language":"fr","use":{"system":"http://terminology.hl7.org/CodeSystem/hl7TermMaintInfra","code":"preferredForLanguage"},"value":"Non autorisé à soumettre une ressource pour cette opération"},{"language":"nl","use":{"system":"http://terminology.hl7.org/CodeSystem/hl7TermMaintInfra","code":"preferredForLanguage"},"value":"Niet toegestaan om een resource in te dienen voor deze bewerking"},{"language":"zh","use":{"system":"http://terminology.hl7.org/CodeSystem/hl7TermMaintInfra","code":"preferredForLanguage"},"value":"该操作不允许提交资源"},{"language":"es","use":{"system":"http://terminology.hl7.org/CodeSystem/hl7TermMaintInfra","code":"preferredForLanguage"},"value":"No se permite el envío de un recurso para esta operación"}]},{"code":"MSG_RESOURCE_REQUIRED","display":"A resource is required","designation":[{"language":"ru","use":{"system":"http://terminology.hl7.org/CodeSystem/hl7TermMaintInfra","code":"preferredForLanguage"},"value":"Требуется ресурс"},{"language":"it","use":{"system":"http://terminology.hl7.org/CodeSystem/hl7TermMaintInfra","code":"preferredForLanguage"},"value":"E'' richiesta una risorsa"},{"language":"pl","use":{"system":"http://terminology.hl7.org/CodeSystem/hl7TermMaintInfra","code":"preferredForLanguage"},"value":"Zasób jest wymagany"},{"language":"fr","use":{"system":"http://terminology.hl7.org/CodeSystem/hl7TermMaintInfra","code":"preferredForLanguage"},"value":"Une ressource est requise"},{"language":"nl","use":{"system":"http://terminology.hl7.org/CodeSystem/hl7TermMaintInfra","code":"preferredForLanguage"},"value":"Een resource is verplicht"},{"language":"zh","use":{"system":"http://terminology.hl7.org/CodeSystem/hl7TermMaintInfra","code":"preferredForLanguage"},"value":"必须提供一个资源"},{"language":"es","use":{"system":"http://terminology.hl7.org/CodeSystem/hl7TermMaintInfra","code":"preferredForLanguage"},"value":"Se requiere un recurso"}]},{"code":"MSG_RESOURCE_TYPE_MISMATCH","display":"Resource Type Mismatch","designation":[{"language":"ru","use":{"system":"http://terminology.hl7.org/CodeSystem/hl7TermMaintInfra","code":"preferredForLanguage"},"value":"Несоответствие типа ресурса"},{"language":"it","use":{"system":"http://terminology.hl7.org/CodeSystem/hl7TermMaintInfra","code":"preferredForLanguage"},"value":"Tipo Risorsa non corrispondente"},{"language":"pl","use":{"system":"http://terminology.hl7.org/CodeSystem/hl7TermMaintInfra","code":"preferredForLanguage"},"value":"Niepoprawny typ zasobu"},{"language":"fr","use":{"system":"http://terminology.hl7.org/CodeSystem/hl7TermMaintInfra","code":"preferredForLanguage"},"value":"Type de ressource incorrect"},{"language":"nl","use":{"system":"http://terminology.hl7.org/CodeSystem/hl7TermMaintInfra","code":"preferredForLanguage"},"value":"Verkeerd resourcetype"},{"language":"zh","use":{"system":"http://terminology.hl7.org/CodeSystem/hl7TermMaintInfra","code":"preferredForLanguage"},"value":"资源类型不匹配"},{"language":"es","use":{"system":"http://terminology.hl7.org/CodeSystem/hl7TermMaintInfra","code":"preferredForLanguage"},"value":"Los Tipos de los recursos no coinciden"}]},{"code":"MSG_SORT_UNKNOWN","display":"Unknown sort parameter name \"%s\"","designation":[{"language":"ru","use":{"system":"http://terminology.hl7.org/CodeSystem/hl7TermMaintInfra","code":"preferredForLanguage"},"value":"Неизвестное имя параметра сортировки \"%s\""},{"language":"it","use":{"system":"http://terminology.hl7.org/CodeSystem/hl7TermMaintInfra","code":"preferredForLanguage"},"value":"Nome del parametro di ordinamento \"%s\" non riconosciuto"},{"language":"pl","use":{"system":"http://terminology.hl7.org/CodeSystem/hl7TermMaintInfra","code":"preferredForLanguage"},"value":"Nieznany parametr sortowania \"%s\""},{"language":"fr","use":{"system":"http://terminology.hl7.org/CodeSystem/hl7TermMaintInfra","code":"preferredForLanguage"},"value":"Nom du paramètre de tri inconnu \"%s\""},{"language":"nl","use":{"system":"http://terminology.hl7.org/CodeSystem/hl7TermMaintInfra","code":"preferredForLanguage"},"value":"Onbekende parameternaam \"%s\" voor sortering"},{"language":"zh","use":{"system":"http://terminology.hl7.org/CodeSystem/hl7TermMaintInfra","code":"preferredForLanguage"},"value":"未知的排序参数名称\"%s\""},{"language":"es","use":{"system":"http://terminology.hl7.org/CodeSystem/hl7TermMaintInfra","code":"preferredForLanguage"},"value":"Nombre del parámetro de ordenación \"%s\" desconocido"}]},{"code":"MSG_TRANSACTION_DUPLICATE_ID","display":"Duplicate Identifier in transaction: %s","designation":[{"language":"ru","use":{"system":"http://terminology.hl7.org/CodeSystem/hl7TermMaintInfra","code":"preferredForLanguage"},"value":"Дублирующий идентификатор в транзакции: %s"},{"language":"pl","use":{"system":"http://terminology.hl7.org/CodeSystem/hl7TermMaintInfra","code":"preferredForLanguage"},"value":"Zdublowany identyfikator w transakcji: %s"},{"language":"fr","use":{"system":"http://terminology.hl7.org/CodeSystem/hl7TermMaintInfra","code":"preferredForLanguage"},"value":"Identifiant en double dans la transaction : %s"},{"language":"nl","use":{"system":"http://terminology.hl7.org/CodeSystem/hl7TermMaintInfra","code":"preferredForLanguage"},"value":"Dubbele identificatie in transactie: %s"},{"language":"zh","use":{"system":"http://terminology.hl7.org/CodeSystem/hl7TermMaintInfra","code":"preferredForLanguage"},"value":"事务中存在重复Id: %s"},{"language":"es","use":{"system":"http://terminology.hl7.org/CodeSystem/hl7TermMaintInfra","code":"preferredForLanguage"},"value":"Identificador duplicado en la transacción: %s"}]},{"code":"MSG_TRANSACTION_MISSING_ID","display":"Missing Identifier in transaction - an entry.id must be provided","designation":[{"language":"ru","use":{"system":"http://terminology.hl7.org/CodeSystem/hl7TermMaintInfra","code":"preferredForLanguage"},"value":"Отсутствует идентификатор в транзакции - требуется entry.id"},{"language":"pl","use":{"system":"http://terminology.hl7.org/CodeSystem/hl7TermMaintInfra","code":"preferredForLanguage"},"value":"Brak identyfikatora w transakcji - należy podać entry.id"},{"language":"fr","use":{"system":"http://terminology.hl7.org/CodeSystem/hl7TermMaintInfra","code":"preferredForLanguage"},"value":"Identifiant manquant dans la transaction - un élément entry.id doit être fourni"},{"language":"nl","use":{"system":"http://terminology.hl7.org/CodeSystem/hl7TermMaintInfra","code":"preferredForLanguage"},"value":"Ontbrekende identificatie in transactie - entry.id is verplicht"},{"language":"zh","use":{"system":"http://terminology.hl7.org/CodeSystem/hl7TermMaintInfra","code":"preferredForLanguage"},"value":"事务中缺少Id - 必须提供一个entry.id"},{"language":"es","use":{"system":"http://terminology.hl7.org/CodeSystem/hl7TermMaintInfra","code":"preferredForLanguage"},"value":"Identificador de la transacción no encontrado - se debe proporcionar un entry.id"}]},{"code":"MSG_UNHANDLED_NODE_TYPE","display":"Unhandled xml node type \"%s\"","designation":[{"language":"ru","use":{"system":"http://terminology.hl7.org/CodeSystem/hl7TermMaintInfra","code":"preferredForLanguage"},"value":"Не обработанный xml узел \"%s\""},{"language":"it","use":{"system":"http://terminology.hl7.org/CodeSystem/hl7TermMaintInfra","code":"preferredForLanguage"},"value":"Tipo di nodo Xml non gestito \"%s\""},{"language":"pl","use":{"system":"http://terminology.hl7.org/CodeSystem/hl7TermMaintInfra","code":"preferredForLanguage"},"value":"Nieobsługiwany typ węzła XML \"%s\""},{"language":"fr","use":{"system":"http://terminology.hl7.org/CodeSystem/hl7TermMaintInfra","code":"preferredForLanguage"},"value":"Type de noeud xml \"%s\" non traité"},{"language":"nl","use":{"system":"http://terminology.hl7.org/CodeSystem/hl7TermMaintInfra","code":"preferredForLanguage"},"value":"Kan xml nodetype \"%s\" niet verwerken"},{"language":"zh","use":{"system":"http://terminology.hl7.org/CodeSystem/hl7TermMaintInfra","code":"preferredForLanguage"},"value":"未处理的XML节点类型\"%s\""},{"language":"es","use":{"system":"http://terminology.hl7.org/CodeSystem/hl7TermMaintInfra","code":"preferredForLanguage"},"value":"Tipo de nodo Xml no soportado \"%s\""}]},{"code":"MSG_UNKNOWN_CONTENT","display":"Unknown Content (%s) at %s","designation":[{"language":"ru","use":{"system":"http://terminology.hl7.org/CodeSystem/hl7TermMaintInfra","code":"preferredForLanguage"},"value":"Неизвестный контент (%s) в %s"},{"language":"it","use":{"system":"http://terminology.hl7.org/CodeSystem/hl7TermMaintInfra","code":"preferredForLanguage"},"value":"Contenuto Sconosciuto (%s) at %s"},{"language":"pl","use":{"system":"http://terminology.hl7.org/CodeSystem/hl7TermMaintInfra","code":"preferredForLanguage"},"value":"Nieznana zawartość (%s) dla %s"},{"language":"fr","use":{"system":"http://terminology.hl7.org/CodeSystem/hl7TermMaintInfra","code":"preferredForLanguage"},"value":"Contenu inconnu (%s) à %s"},{"language":"nl","use":{"system":"http://terminology.hl7.org/CodeSystem/hl7TermMaintInfra","code":"preferredForLanguage"},"value":"Onbekende content (%s) at %s"},{"language":"zh","use":{"system":"http://terminology.hl7.org/CodeSystem/hl7TermMaintInfra","code":"preferredForLanguage"},"value":"未知内容 (%s) 位于 %s"},{"language":"es","use":{"system":"http://terminology.hl7.org/CodeSystem/hl7TermMaintInfra","code":"preferredForLanguage"},"value":"Contenido desconocido (%s) en %s"}]},{"code":"MSG_UNKNOWN_OPERATION","display":"unknown FHIR http operation","designation":[{"language":"ru","use":{"system":"http://terminology.hl7.org/CodeSystem/hl7TermMaintInfra","code":"preferredForLanguage"},"value":"неизвестная операция FHIR http"},{"language":"it","use":{"system":"http://terminology.hl7.org/CodeSystem/hl7TermMaintInfra","code":"preferredForLanguage"},"value":"operazione http FHIR sconosciuta"},{"language":"pl","use":{"system":"http://terminology.hl7.org/CodeSystem/hl7TermMaintInfra","code":"preferredForLanguage"},"value":"nieznana operacja FHIR http"},{"language":"fr","use":{"system":"http://terminology.hl7.org/CodeSystem/hl7TermMaintInfra","code":"preferredForLanguage"},"value":"operation http FHIR inconnue"},{"language":"nl","use":{"system":"http://terminology.hl7.org/CodeSystem/hl7TermMaintInfra","code":"preferredForLanguage"},"value":"onbekende FHIR http operation"},{"language":"zh","use":{"system":"http://terminology.hl7.org/CodeSystem/hl7TermMaintInfra","code":"preferredForLanguage"},"value":"未知的FHIR HTTP操作"},{"language":"es","use":{"system":"http://terminology.hl7.org/CodeSystem/hl7TermMaintInfra","code":"preferredForLanguage"},"value":"Operación http FHIR desconocida"}]},{"code":"MSG_UNKNOWN_TYPE","display":"Resource Type \"%s\" not recognised","designation":[{"language":"ru","use":{"system":"http://terminology.hl7.org/CodeSystem/hl7TermMaintInfra","code":"preferredForLanguage"},"value":"Тип ресурса \"%s\" не распознан"},{"language":"it","use":{"system":"http://terminology.hl7.org/CodeSystem/hl7TermMaintInfra","code":"preferredForLanguage"},"value":"Tipo di Risorsa \"%s\" non riconosciuto"},{"language":"pl","use":{"system":"http://terminology.hl7.org/CodeSystem/hl7TermMaintInfra","code":"preferredForLanguage"},"value":"Nie rozpoznany typ zasobu: \"%s\""},{"language":"fr","use":{"system":"http://terminology.hl7.org/CodeSystem/hl7TermMaintInfra","code":"preferredForLanguage"},"value":"Type de ressource \"%s\" non reconnu"},{"language":"nl","use":{"system":"http://terminology.hl7.org/CodeSystem/hl7TermMaintInfra","code":"preferredForLanguage"},"value":"Resourcetype \"%s\" niet herkend"},{"language":"zh","use":{"system":"http://terminology.hl7.org/CodeSystem/hl7TermMaintInfra","code":"preferredForLanguage"},"value":"资源类型\"%s\"未识别"},{"language":"es","use":{"system":"http://terminology.hl7.org/CodeSystem/hl7TermMaintInfra","code":"preferredForLanguage"},"value":"Tipo de Recurso \"%s\" no reconocido"}]},{"code":"MSG_UPDATED","display":"existing resource updated","designation":[{"language":"ru","use":{"system":"http://terminology.hl7.org/CodeSystem/hl7TermMaintInfra","code":"preferredForLanguage"},"value":"существующий ресурс обновлён"},{"language":"it","use":{"system":"http://terminology.hl7.org/CodeSystem/hl7TermMaintInfra","code":"preferredForLanguage"},"value":"risorsa esistente aggiornata"},{"language":"pl","use":{"system":"http://terminology.hl7.org/CodeSystem/hl7TermMaintInfra","code":"preferredForLanguage"},"value":"uaktualniono istniejący zasób"},{"language":"fr","use":{"system":"http://terminology.hl7.org/CodeSystem/hl7TermMaintInfra","code":"preferredForLanguage"},"value":"ressource existante mise à jour"},{"language":"nl","use":{"system":"http://terminology.hl7.org/CodeSystem/hl7TermMaintInfra","code":"preferredForLanguage"},"value":"bestaande resource updated"},{"language":"zh","use":{"system":"http://terminology.hl7.org/CodeSystem/hl7TermMaintInfra","code":"preferredForLanguage"},"value":"已有资源被更新"},{"language":"es","use":{"system":"http://terminology.hl7.org/CodeSystem/hl7TermMaintInfra","code":"preferredForLanguage"},"value":"Recurso existente actualizado"}]},{"code":"MSG_VERSION_AWARE","display":"Version aware updates are required for this resource","designation":[{"language":"ru","use":{"system":"http://terminology.hl7.org/CodeSystem/hl7TermMaintInfra","code":"preferredForLanguage"},"value":"Для данного ресурса необходимы обновления с учётом версии"},{"language":"it","use":{"system":"http://terminology.hl7.org/CodeSystem/hl7TermMaintInfra","code":"preferredForLanguage"},"value":"Questa risorsa richiede aggiornamenti per versione"},{"language":"pl","use":{"system":"http://terminology.hl7.org/CodeSystem/hl7TermMaintInfra","code":"preferredForLanguage"},"value":"Uaktualnienia zakładające wersjonowanie są wymagane dla tego zasobu"},{"language":"fr","use":{"system":"http://terminology.hl7.org/CodeSystem/hl7TermMaintInfra","code":"preferredForLanguage"},"value":"Des mises à jour en relation avec la version sont requises pour cette ressource"},{"language":"nl","use":{"system":"http://terminology.hl7.org/CodeSystem/hl7TermMaintInfra","code":"preferredForLanguage"},"value":"Versie-bewuste updates zijn vereist voor deze resource"},{"language":"zh","use":{"system":"http://terminology.hl7.org/CodeSystem/hl7TermMaintInfra","code":"preferredForLanguage"},"value":"该资源的更新必须针对版本"},{"language":"es","use":{"system":"http://terminology.hl7.org/CodeSystem/hl7TermMaintInfra","code":"preferredForLanguage"},"value":"Este recurso requiere actualizaciones en base a versiones"}]},{"code":"MSG_VERSION_AWARE_CONFLICT","display":"Update Conflict (server current version = \"%s\", client version referenced = \"%s\")","designation":[{"language":"ru","use":{"system":"http://terminology.hl7.org/CodeSystem/hl7TermMaintInfra","code":"preferredForLanguage"},"value":"Конфликт обновления (текущая версия сервера = \"%s\", указанная версия клиента = \"%s\")"},{"language":"it","use":{"system":"http://terminology.hl7.org/CodeSystem/hl7TermMaintInfra","code":"preferredForLanguage"},"value":"Conflitto nell''aggiornamento (attuale = \"%s\", quotato = \"%s\")"},{"language":"pl","use":{"system":"http://terminology.hl7.org/CodeSystem/hl7TermMaintInfra","code":"preferredForLanguage"},"value":"Konflikt podczas uaktualnienia (obecna wersja na serwerze = \"%s\", wersja wskazana przez klienta = \"%s\")"},{"language":"fr","use":{"system":"http://terminology.hl7.org/CodeSystem/hl7TermMaintInfra","code":"preferredForLanguage"},"value":"Conflit de mise à jour (version courante du serveur = \"%s\", version référencée du client = \"%s\")"},{"language":"nl","use":{"system":"http://terminology.hl7.org/CodeSystem/hl7TermMaintInfra","code":"preferredForLanguage"},"value":"Updateconflict (huidige serverversie = \"%s\", opgegeven clientversie = \"%s\")"},{"language":"zh","use":{"system":"http://terminology.hl7.org/CodeSystem/hl7TermMaintInfra","code":"preferredForLanguage"},"value":"更新冲突 (服务器当前版本 = \"%s\", 客户端引用的版本 = \"%s\")"},{"language":"es","use":{"system":"http://terminology.hl7.org/CodeSystem/hl7TermMaintInfra","code":"preferredForLanguage"},"value":"Conflicto de actualizaciones (versión actual del servidor = \"%s\", versión del cliente referenciada = \"%s\")"}]},{"code":"MSG_VERSION_AWARE_URL","display":"Version specific URL not recognised","designation":[{"language":"ru","use":{"system":"http://terminology.hl7.org/CodeSystem/hl7TermMaintInfra","code":"preferredForLanguage"},"value":"URL для указанной версии не распознан"},{"language":"it","use":{"system":"http://terminology.hl7.org/CodeSystem/hl7TermMaintInfra","code":"preferredForLanguage"},"value":"URL specifico alla versione non riconosciuto"},{"language":"pl","use":{"system":"http://terminology.hl7.org/CodeSystem/hl7TermMaintInfra","code":"preferredForLanguage"},"value":"Nie rozpoznany URL specyficzny dla wersji"},{"language":"fr","use":{"system":"http://terminology.hl7.org/CodeSystem/hl7TermMaintInfra","code":"preferredForLanguage"},"value":"URL spécifique à une version non reconnue"},{"language":"nl","use":{"system":"http://terminology.hl7.org/CodeSystem/hl7TermMaintInfra","code":"preferredForLanguage"},"value":"Versie-specifieke URL niet herkend"},{"language":"zh","use":{"system":"http://terminology.hl7.org/CodeSystem/hl7TermMaintInfra","code":"preferredForLanguage"},"value":"未识别特定版本的URL"},{"language":"es","use":{"system":"http://terminology.hl7.org/CodeSystem/hl7TermMaintInfra","code":"preferredForLanguage"},"value":"URL especifica de la versión no reconocida"}]},{"code":"MSG_WRONG_NS","display":"This does not appear to be a FHIR element or resource (wrong namespace \"%s\")","designation":[{"language":"nl","use":{"system":"http://terminology.hl7.org/CodeSystem/hl7TermMaintInfra","code":"preferredForLanguage"},"value":"Dit lijkt geen FHIR element of resource te zijn (verkeerde namespace \"%s\")"}]},{"code":"SEARCH_MULTIPLE","display":"Error: Multiple matches exist for %s search parameters \"%s\"","designation":[{"language":"ru","use":{"system":"http://terminology.hl7.org/CodeSystem/hl7TermMaintInfra","code":"preferredForLanguage"},"value":"Ошибка: множественные совпадения для %s с параметрами поиска \"%s\""},{"language":"it","use":{"system":"http://terminology.hl7.org/CodeSystem/hl7TermMaintInfra","code":"preferredForLanguage"},"value":"Errore: Trovate corrispondenze multiple per %s parametri di ricerca \"%s\""},{"language":"pl","use":{"system":"http://terminology.hl7.org/CodeSystem/hl7TermMaintInfra","code":"preferredForLanguage"},"value":"Błąd: Istnieją wielokrotne dopasowania dla %s parametrów wyszukiwania \"%s\""},{"language":"fr","use":{"system":"http://terminology.hl7.org/CodeSystem/hl7TermMaintInfra","code":"preferredForLanguage"},"value":"Erreur : Plusieurs correspondances existent pour ce paramètre de recherche %s"},{"language":"nl","use":{"system":"http://terminology.hl7.org/CodeSystem/hl7TermMaintInfra","code":"preferredForLanguage"},"value":"Fout: er is meer dan één resultaat voor %s zoekparameters \"%s\""},{"language":"zh","use":{"system":"http://terminology.hl7.org/CodeSystem/hl7TermMaintInfra","code":"preferredForLanguage"},"value":"错误: 对于 %s 搜索的参数 \"%s\"存在多个匹配"},{"language":"es","use":{"system":"http://terminology.hl7.org/CodeSystem/hl7TermMaintInfra","code":"preferredForLanguage"},"value":"Error: Multiples ocurrencias existen para %s parametros de búsqueda \"%s\""}]},{"code":"SEARCH_NONE","display":"Error: no processable search found for %s search parameters \"%s\"","designation":[{"language":"ru","use":{"system":"http://terminology.hl7.org/CodeSystem/hl7TermMaintInfra","code":"preferredForLanguage"},"value":"Ошибка: обрабатываемых результатов поиска для %s с параметрами поиска \"%s\" не найдено"},{"language":"it","use":{"system":"http://terminology.hl7.org/CodeSystem/hl7TermMaintInfra","code":"preferredForLanguage"},"value":"Errore: non è stato trovato alcun parametro di ricerca processabile per %s parametri di ricerca \"%s\""},{"language":"pl","use":{"system":"http://terminology.hl7.org/CodeSystem/hl7TermMaintInfra","code":"preferredForLanguage"},"value":"Błąd: Niewykonalne wyszukiwanie dla %s parametrów wyszukiwania \"%s\""},{"language":"fr","use":{"system":"http://terminology.hl7.org/CodeSystem/hl7TermMaintInfra","code":"preferredForLanguage"},"value":"Erreur : aucune recherche trouvée pour les paramètres %s \"%s\""},{"language":"nl","use":{"system":"http://terminology.hl7.org/CodeSystem/hl7TermMaintInfra","code":"preferredForLanguage"},"value":"Fout: geen verwerkbare zoekactie gevonden voor %s zoekparameters \"%s\""},{"language":"zh","use":{"system":"http://terminology.hl7.org/CodeSystem/hl7TermMaintInfra","code":"preferredForLanguage"},"value":"错误: 对%s搜索参数\"%s\"未找到可处理的搜索"},{"language":"es","use":{"system":"http://terminology.hl7.org/CodeSystem/hl7TermMaintInfra","code":"preferredForLanguage"},"value":"Error: no se encontro una búsqueda apropiada para %s parametros de búsqueda \"%s\""}]},{"code":"UPDATE_MULTIPLE_MATCHES","display":"Error: Multiple matches exist for the conditional update","designation":[{"language":"nl","use":{"system":"http://terminology.hl7.org/CodeSystem/hl7TermMaintInfra","code":"preferredForLanguage"},"value":"Fout: er is meer dan één resultaat voor de conditionele update"}]}]}