{"resourceType":"CodeSystem","id":"icpc2-icd10-DUT","text":{"status":"generated","div":"<div xmlns=\"http://www.w3.org/1999/xhtml\"><p>This case-sensitive code system <code>http://terminology.hl7.org/CodeSystem/icpc2-icd10-DUT</code> defines codes, but no codes are represented here</p></div>"},"url":"http://terminology.hl7.org/CodeSystem/icpc2-icd10-DUT","identifier":[{"system":"urn:ietf:rfc:3986","value":"urn:oid:2.16.840.1.113883.6.142.1"}],"version":"0.1.0","name":"Icpc2Icd10DUT","title":"ICPC2-ICD10ENG Thesaurus, Dutch Translation","status":"retired","experimental":false,"date":"2021-11-09T10:00:00+10:00","publisher":"SatuSehat","contact":[{"name":"SatuSehat","telecom":[{"system":"url","value":"https://satusehat.kemkes.go.id/"},{"system":"email","value":"fhir@dto.kemkes.go.id"}]}],"description":"International Classification of Primary Care / prepared by the Classification Committee of the World Organization of National Colleges, Academies and Academic Associations of General Practitioners/Family Physicians (WONCA), known more briefly as the World","caseSensitive":true,"content":"not-present"}