{"resourceType":"CodeSystem","id":"v3-MDFAttributeType","language":"en","text":{"status":"generated","div":"<div xml:lang=\"en\" xmlns=\"http://www.w3.org/1999/xhtml\" lang=\"en\"><p><b>Properties</b></p><p><b>This code system  defines the following properties for its concepts</b></p><table class=\"grid\"><tr><td><b>Code</b></td><td><b>URI</b></td><td><b>Type</b></td><td><b>Description</b></td></tr><tr><td>Specializes</td><td/><td>Coding</td><td>The child code is a more narrow version of the concept represented by the parent code.  I.e. Every child concept is also a valid parent concept.  Used to allow determination of subsumption.  Must be transitive, irreflexive, antisymmetric.</td></tr><tr><td>Generalizes</td><td/><td>Coding</td><td>Inverse of Specializes.  Only included as a derived relationship.</td></tr><tr><td>internalId</td><td>http://terminology.hl7.org/CodeSystem/utg-concept-properties#v3-internal-id</td><td>code</td><td>The internal identifier for the concept in the HL7 Access database repository.</td></tr><tr><td>status</td><td>http://hl7.org/fhir/concept-properties#status</td><td>code</td><td>Designation of a concept's state. Normally is not populated unless the state is retired.</td></tr></table><p><b>Concepts</b></p><p>This case-sensitive code system <code>http://terminology.hl7.org/CodeSystem/v3-MDFAttributeType</code> defines the following codes in a Is-A heirarchy:</p><table class=\"codes\"><tr><td style=\"white-space:nowrap\"><b>Code</b></td><td><b>Display</b></td><td><b>Definition</b></td><td><b>internalId</b></td><td><b>status</b></td></tr><tr><td style=\"white-space:nowrap\">ADDR<a name=\"v3-MDFAttributeType-ADDR\"> </a></td><td>Address</td><td>For attributes representing the location at which an organization, person, or item may be found or reached.</td><td>10046</td><td>active</td></tr><tr><td style=\"white-space:nowrap\">CD<a name=\"v3-MDFAttributeType-CD\"> </a></td><td>Code</td><td>For attributes representing some concept. Note that names of individual things are not considered concepts.</td><td>10047</td><td>active</td></tr><tr><td style=\"white-space:nowrap\">COM<a name=\"v3-MDFAttributeType-COM\"> </a></td><td>Communication Address</td><td>For attributes representing communication addresses, such as telephones, fax, pagers, e-mail, Web-sites and other devices and their respective protocols. See also PHON.</td><td>10048</td><td>active</td></tr><tr><td style=\"white-space:nowrap\">DESC<a name=\"v3-MDFAttributeType-DESC\"> </a></td><td>Description</td><td>For attributes representing a statement used to describe something.</td><td>10049</td><td>active</td></tr><tr><td style=\"white-space:nowrap\">DTTM<a name=\"v3-MDFAttributeType-DTTM\"> </a></td><td>Date and Time</td><td>For attributes representing a point in time at which an event happened or will happen. Levels of precision and variation are part of this concept and should usually not be specified in separate attributes.</td><td>10050</td><td>active</td></tr><tr><td style=\"white-space:nowrap\">EXPR<a name=\"v3-MDFAttributeType-EXPR\"> </a></td><td>Formal Expression</td><td>For attributes representing formalized text that is to be evaluated primarily by computes. An attribute named &quot;constraint\\_text&quot; is most likely such a formal expression and should be renamed to &quot;constraint\\_expr&quot;.</td><td>10051</td><td>active</td></tr><tr><td style=\"white-space:nowrap\">FRC<a name=\"v3-MDFAttributeType-FRC\"> </a></td><td>Fraction</td><td>For attributes that represent a fraction or proportion. The former attribute type PCT for &quot;percentage&quot; is superceded by FRC and is no longer permitted. See also QTY.</td><td>10052</td><td>active</td></tr><tr><td style=\"white-space:nowrap\">ID<a name=\"v3-MDFAttributeType-ID\"> </a></td><td>Identifier</td><td>For attributes that serve to identify some instance of an information model class. Note that real world Identifiers (e.g., SSN) exist not as attributes but as an association to a special information model class. The attribute type &quot;id&quot; without a prefix is reserved to be the main instance identifier of the class.</td><td>10053</td><td>active</td></tr><tr><td style=\"white-space:nowrap\">IND<a name=\"v3-MDFAttributeType-IND\"> </a></td><td>Indicator</td><td>For attributes representing a specific condition as true or false.</td><td>10054</td><td>active</td></tr><tr><td style=\"white-space:nowrap\">NBR<a name=\"v3-MDFAttributeType-NBR\"> </a></td><td>Number</td><td>For attributes representing dimensionless numbers. Note that there is a big conceptual difference between integer numbers and floating point numbers. See also QTY.</td><td>10055</td><td>active</td></tr><tr><td style=\"white-space:nowrap\">NM<a name=\"v3-MDFAttributeType-NM\"> </a></td><td>Name</td><td>For attributes that represent a name by which an instance of the class is known.</td><td>10056</td><td>active</td></tr><tr><td style=\"white-space:nowrap\">PHON<a name=\"v3-MDFAttributeType-PHON\"> </a></td><td>Phone</td><td>For attributes representing telephone number of a telecommunication device. See also COM.</td><td>10057</td><td>active</td></tr><tr><td style=\"white-space:nowrap\">QTY<a name=\"v3-MDFAttributeType-QTY\"> </a></td><td>Quantity</td><td>For attributes representing a quantity. The nature of the quantity must be further specified through the choice of data type and through additional constraints. For physical quantities (including elapsed time) the PQ data type must be used. For monetary amounts the MO data type must be used. Parallel unit attributes are not permitted in these cases. Counted objects are not physical quantities and the count nouns are not units of measure.</td><td>10058</td><td>active</td></tr><tr><td style=\"white-space:nowrap\">TIME<a name=\"v3-MDFAttributeType-TIME\"> </a></td><td>General Timing</td><td>A range of time between a start and an end time having a duration. The range may be infinite or undefined on either side.</td><td>10060</td><td>active</td></tr><tr><td style=\"white-space:nowrap\">TMR<a name=\"v3-MDFAttributeType-TMR\"> </a></td><td>Time Range</td><td>A range of time between a start and an end time having a duration. The range may be infinite or undefined on either side.</td><td>10059</td><td>active</td></tr><tr><td style=\"white-space:nowrap\">TXT<a name=\"v3-MDFAttributeType-TXT\"> </a></td><td>Text</td><td>For attributes representing non-descriptive, non-naming text not targeted to human interpretation. Formal expressions evaluated by computers should use the EXPR attribute type instead.</td><td>10061</td><td>active</td></tr><tr><td style=\"white-space:nowrap\">VALUE<a name=\"v3-MDFAttributeType-VALUE\"> </a></td><td>Value</td><td>For an attribute (e.g., Observation.value) that represents a value whose data type is determined dynamically and is not predefined by the static class diagram.</td><td>10062</td><td>active</td></tr></table></div>"},"url":"http://terminology.hl7.org/CodeSystem/v3-MDFAttributeType","identifier":[{"system":"urn:ietf:rfc:3986","value":"urn:oid:2.16.840.1.113883.5.74"}],"version":"0.1.0","name":"MDFAttributeType","title":"MDFAttributeType","status":"retired","experimental":false,"date":"2019-03-20","publisher":"SatuSehat","contact":[{"name":"SatuSehat","telecom":[{"system":"url","value":"https://satusehat.kemkes.go.id/"},{"system":"email","value":"fhir@dto.kemkes.go.id"}]}],"description":"**Deprecation Comment:** Deprecated as per 11/2008 Harmonization cleanup; internal and obsolete HL7 usage, no longer used.","caseSensitive":true,"hierarchyMeaning":"is-a","content":"complete","property":[{"extension":[{"url":"http://terminology.hl7.org/StructureDefinition/ext-mif-relationship-symmetry","valueCode":"antisymmetric"},{"url":"http://terminology.hl7.org/StructureDefinition/ext-mif-relationship-transitivity","valueCode":"transitive"},{"url":"http://terminology.hl7.org/StructureDefinition/ext-mif-relationship-reflexivity","valueCode":"irreflexive"},{"url":"http://terminology.hl7.org/StructureDefinition/ext-mif-relationship-isNavigable","valueBoolean":true},{"url":"http://terminology.hl7.org/StructureDefinition/ext-mif-relationship-relationshipKind","valueCode":"Specializes"},{"url":"http://terminology.hl7.org/StructureDefinition/ext-mif-relationship-inverseName","valueString":"Generalizes"}],"code":"Specializes","description":"The child code is a more narrow version of the concept represented by the parent code.  I.e. Every child concept is also a valid parent concept.  Used to allow determination of subsumption.  Must be transitive, irreflexive, antisymmetric.","type":"Coding"},{"extension":[{"url":"http://terminology.hl7.org/StructureDefinition/ext-mif-relationship-symmetry","valueCode":"antisymmetric"},{"url":"http://terminology.hl7.org/StructureDefinition/ext-mif-relationship-transitivity","valueCode":"transitive"},{"url":"http://terminology.hl7.org/StructureDefinition/ext-mif-relationship-reflexivity","valueCode":"irreflexive"},{"url":"http://terminology.hl7.org/StructureDefinition/ext-mif-relationship-isNavigable","valueBoolean":true},{"url":"http://terminology.hl7.org/StructureDefinition/ext-mif-relationship-relationshipKind","valueCode":"Generalizes"},{"url":"http://terminology.hl7.org/StructureDefinition/ext-mif-relationship-inverseName","valueString":"Specializes"}],"code":"Generalizes","description":"Inverse of Specializes.  Only included as a derived relationship.","type":"Coding"},{"code":"internalId","uri":"http://terminology.hl7.org/CodeSystem/utg-concept-properties#v3-internal-id","description":"The internal identifier for the concept in the HL7 Access database repository.","type":"code"},{"code":"status","uri":"http://hl7.org/fhir/concept-properties#status","description":"Designation of a concept's state. Normally is not populated unless the state is retired.","type":"code"}],"concept":[{"code":"ADDR","display":"Address","definition":"For attributes representing the location at which an organization, person, or item may be found or reached.","property":[{"code":"status","valueCode":"active"},{"code":"internalId","valueCode":"10046"}]},{"code":"CD","display":"Code","definition":"For attributes representing some concept. Note that names of individual things are not considered concepts.","property":[{"code":"status","valueCode":"active"},{"code":"internalId","valueCode":"10047"}]},{"code":"COM","display":"Communication Address","definition":"For attributes representing communication addresses, such as telephones, fax, pagers, e-mail, Web-sites and other devices and their respective protocols. See also PHON.","property":[{"code":"status","valueCode":"active"},{"code":"internalId","valueCode":"10048"}]},{"code":"DESC","display":"Description","definition":"For attributes representing a statement used to describe something.","property":[{"code":"status","valueCode":"active"},{"code":"internalId","valueCode":"10049"}]},{"code":"DTTM","display":"Date and Time","definition":"For attributes representing a point in time at which an event happened or will happen. Levels of precision and variation are part of this concept and should usually not be specified in separate attributes.","property":[{"code":"status","valueCode":"active"},{"code":"internalId","valueCode":"10050"}]},{"code":"EXPR","display":"Formal Expression","definition":"For attributes representing formalized text that is to be evaluated primarily by computes. An attribute named \"constraint\\_text\" is most likely such a formal expression and should be renamed to \"constraint\\_expr\".","property":[{"code":"status","valueCode":"active"},{"code":"internalId","valueCode":"10051"}]},{"code":"FRC","display":"Fraction","definition":"For attributes that represent a fraction or proportion. The former attribute type PCT for \"percentage\" is superceded by FRC and is no longer permitted. See also QTY.","property":[{"code":"status","valueCode":"active"},{"code":"internalId","valueCode":"10052"}]},{"code":"ID","display":"Identifier","definition":"For attributes that serve to identify some instance of an information model class. Note that real world Identifiers (e.g., SSN) exist not as attributes but as an association to a special information model class. The attribute type \"id\" without a prefix is reserved to be the main instance identifier of the class.","property":[{"code":"status","valueCode":"active"},{"code":"internalId","valueCode":"10053"}]},{"code":"IND","display":"Indicator","definition":"For attributes representing a specific condition as true or false.","property":[{"code":"status","valueCode":"active"},{"code":"internalId","valueCode":"10054"}]},{"code":"NBR","display":"Number","definition":"For attributes representing dimensionless numbers. Note that there is a big conceptual difference between integer numbers and floating point numbers. See also QTY.","property":[{"code":"status","valueCode":"active"},{"code":"internalId","valueCode":"10055"}]},{"code":"NM","display":"Name","definition":"For attributes that represent a name by which an instance of the class is known.","property":[{"code":"status","valueCode":"active"},{"code":"internalId","valueCode":"10056"}]},{"code":"PHON","display":"Phone","definition":"For attributes representing telephone number of a telecommunication device. See also COM.","property":[{"code":"status","valueCode":"active"},{"code":"internalId","valueCode":"10057"}]},{"code":"QTY","display":"Quantity","definition":"For attributes representing a quantity. The nature of the quantity must be further specified through the choice of data type and through additional constraints. For physical quantities (including elapsed time) the PQ data type must be used. For monetary amounts the MO data type must be used. Parallel unit attributes are not permitted in these cases. Counted objects are not physical quantities and the count nouns are not units of measure.","property":[{"code":"status","valueCode":"active"},{"code":"internalId","valueCode":"10058"}]},{"code":"TIME","display":"General Timing","definition":"A range of time between a start and an end time having a duration. The range may be infinite or undefined on either side.","property":[{"code":"status","valueCode":"active"},{"code":"internalId","valueCode":"10060"}]},{"code":"TMR","display":"Time Range","definition":"A range of time between a start and an end time having a duration. The range may be infinite or undefined on either side.","property":[{"code":"status","valueCode":"active"},{"code":"internalId","valueCode":"10059"}]},{"code":"TXT","display":"Text","definition":"For attributes representing non-descriptive, non-naming text not targeted to human interpretation. Formal expressions evaluated by computers should use the EXPR attribute type instead.","property":[{"code":"status","valueCode":"active"},{"code":"internalId","valueCode":"10061"}]},{"code":"VALUE","display":"Value","definition":"For an attribute (e.g., Observation.value) that represents a value whose data type is determined dynamically and is not predefined by the static class diagram.","property":[{"code":"status","valueCode":"active"},{"code":"internalId","valueCode":"10062"}]}]}