{"resourceType":"CodeSystem","id":"KemkesMedicationForm","language":"Indonesia","text":{"status":"generated","div":"<div xmlns=\"http://www.w3.org/1999/xhtml\" xml:lang=\"Indonesia\" lang=\"Indonesia\"><p>This case-sensitive code system <code>http://terminology.kemkes.go.id/CodeSystem/medication-form</code> defines the following codes in a Is-A heirarchy:</p><table class=\"codes\"><tr><td style=\"white-space:nowrap\"><b>Code</b></td><td><b>Display</b></td></tr><tr><td style=\"white-space:nowrap\">BS001<a name=\"KemkesMedicationForm-BS001\"> </a></td><td>Aerosol Foam</td></tr><tr><td style=\"white-space:nowrap\">BS002<a name=\"KemkesMedicationForm-BS002\"> </a></td><td>Aerosol Metered Dose</td></tr><tr><td style=\"white-space:nowrap\">BS003<a name=\"KemkesMedicationForm-BS003\"> </a></td><td>Aerosol Spray</td></tr><tr><td style=\"white-space:nowrap\">BS004<a name=\"KemkesMedicationForm-BS004\"> </a></td><td>Oral Spray</td></tr><tr><td style=\"white-space:nowrap\">BS005<a name=\"KemkesMedicationForm-BS005\"> </a></td><td>Buscal Spray</td></tr><tr><td style=\"white-space:nowrap\">BS006<a name=\"KemkesMedicationForm-BS006\"> </a></td><td>Transdermal Spray</td></tr><tr><td style=\"white-space:nowrap\">BS007<a name=\"KemkesMedicationForm-BS007\"> </a></td><td>Topical Spray</td></tr><tr><td style=\"white-space:nowrap\">BS008<a name=\"KemkesMedicationForm-BS008\"> </a></td><td>Serbuk Spray</td></tr><tr><td style=\"white-space:nowrap\">BS009<a name=\"KemkesMedicationForm-BS009\"> </a></td><td>Eliksir</td></tr><tr><td style=\"white-space:nowrap\">BS010<a name=\"KemkesMedicationForm-BS010\"> </a></td><td>Emulsi</td></tr><tr><td style=\"white-space:nowrap\">BS011<a name=\"KemkesMedicationForm-BS011\"> </a></td><td>Enema</td></tr><tr><td style=\"white-space:nowrap\">BS012<a name=\"KemkesMedicationForm-BS012\"> </a></td><td>Gas</td></tr><tr><td style=\"white-space:nowrap\">BS013<a name=\"KemkesMedicationForm-BS013\"> </a></td><td>Gel</td></tr><tr><td style=\"white-space:nowrap\">BS014<a name=\"KemkesMedicationForm-BS014\"> </a></td><td>Gel Mata</td></tr><tr><td style=\"white-space:nowrap\">BS015<a name=\"KemkesMedicationForm-BS015\"> </a></td><td>Granul Effervescent</td></tr><tr><td style=\"white-space:nowrap\">BS016<a name=\"KemkesMedicationForm-BS016\"> </a></td><td>Granula</td></tr><tr><td style=\"white-space:nowrap\">BS017<a name=\"KemkesMedicationForm-BS017\"> </a></td><td>Intra Uterine Device (IUD)</td></tr><tr><td style=\"white-space:nowrap\">BS018<a name=\"KemkesMedicationForm-BS018\"> </a></td><td>Implant</td></tr><tr><td style=\"white-space:nowrap\">BS019<a name=\"KemkesMedicationForm-BS019\"> </a></td><td>Kapsul</td></tr><tr><td style=\"white-space:nowrap\">BS020<a name=\"KemkesMedicationForm-BS020\"> </a></td><td>Kapsul Lunak</td></tr><tr><td style=\"white-space:nowrap\">BS021<a name=\"KemkesMedicationForm-BS021\"> </a></td><td>Kapsul Pelepasan Lambat</td></tr><tr><td style=\"white-space:nowrap\">BS022<a name=\"KemkesMedicationForm-BS022\"> </a></td><td>Kaplet</td></tr><tr><td style=\"white-space:nowrap\">BS023<a name=\"KemkesMedicationForm-BS023\"> </a></td><td>Kaplet Salut Selaput</td></tr><tr><td style=\"white-space:nowrap\">BS024<a name=\"KemkesMedicationForm-BS024\"> </a></td><td>Kaplet Salut Enterik</td></tr><tr><td style=\"white-space:nowrap\">BS025<a name=\"KemkesMedicationForm-BS025\"> </a></td><td>Kaplet Salut Gula</td></tr><tr><td style=\"white-space:nowrap\">BS026<a name=\"KemkesMedicationForm-BS026\"> </a></td><td>Kaplet Pelepasan Lambat</td></tr><tr><td style=\"white-space:nowrap\">BS027<a name=\"KemkesMedicationForm-BS027\"> </a></td><td>Kaplet Pelepasan Cepat</td></tr><tr><td style=\"white-space:nowrap\">BS028<a name=\"KemkesMedicationForm-BS028\"> </a></td><td>Kaplet Kunyah</td></tr><tr><td style=\"white-space:nowrap\">BS029<a name=\"KemkesMedicationForm-BS029\"> </a></td><td>Kaplet Kunyah Salut Selaput</td></tr><tr><td style=\"white-space:nowrap\">BS030<a name=\"KemkesMedicationForm-BS030\"> </a></td><td>Krim</td></tr><tr><td style=\"white-space:nowrap\">BS031<a name=\"KemkesMedicationForm-BS031\"> </a></td><td>Krim Lemak</td></tr><tr><td style=\"white-space:nowrap\">BS032<a name=\"KemkesMedicationForm-BS032\"> </a></td><td>Larutan</td></tr><tr><td style=\"white-space:nowrap\">BS033<a name=\"KemkesMedicationForm-BS033\"> </a></td><td>Larutan Inhalasi</td></tr><tr><td style=\"white-space:nowrap\">BS034<a name=\"KemkesMedicationForm-BS034\"> </a></td><td>Larutan Injeksi</td></tr><tr><td style=\"white-space:nowrap\">BS035<a name=\"KemkesMedicationForm-BS035\"> </a></td><td>Infus</td></tr><tr><td style=\"white-space:nowrap\">BS036<a name=\"KemkesMedicationForm-BS036\"> </a></td><td>Obat Kumur</td></tr><tr><td style=\"white-space:nowrap\">BS037<a name=\"KemkesMedicationForm-BS037\"> </a></td><td>Ovula</td></tr><tr><td style=\"white-space:nowrap\">BS038<a name=\"KemkesMedicationForm-BS038\"> </a></td><td>Pasta</td></tr><tr><td style=\"white-space:nowrap\">BS039<a name=\"KemkesMedicationForm-BS039\"> </a></td><td>Pil</td></tr><tr><td style=\"white-space:nowrap\">BS040<a name=\"KemkesMedicationForm-BS040\"> </a></td><td>Patch</td></tr><tr><td style=\"white-space:nowrap\">BS041<a name=\"KemkesMedicationForm-BS041\"> </a></td><td>Pessary</td></tr><tr><td style=\"white-space:nowrap\">BS042<a name=\"KemkesMedicationForm-BS042\"> </a></td><td>Salep</td></tr><tr><td style=\"white-space:nowrap\">BS043<a name=\"KemkesMedicationForm-BS043\"> </a></td><td>Salep Mata</td></tr><tr><td style=\"white-space:nowrap\">BS044<a name=\"KemkesMedicationForm-BS044\"> </a></td><td>Sampo</td></tr><tr><td style=\"white-space:nowrap\">BS045<a name=\"KemkesMedicationForm-BS045\"> </a></td><td>Semprot Hidung</td></tr><tr><td style=\"white-space:nowrap\">BS046<a name=\"KemkesMedicationForm-BS046\"> </a></td><td>Serbuk Aerosol</td></tr><tr><td style=\"white-space:nowrap\">BS047<a name=\"KemkesMedicationForm-BS047\"> </a></td><td>Serbuk Oral</td></tr><tr><td style=\"white-space:nowrap\">BS048<a name=\"KemkesMedicationForm-BS048\"> </a></td><td>Serbuk Inhaler</td></tr><tr><td style=\"white-space:nowrap\">BS049<a name=\"KemkesMedicationForm-BS049\"> </a></td><td>Serbuk Injeksi</td></tr><tr><td style=\"white-space:nowrap\">BS050<a name=\"KemkesMedicationForm-BS050\"> </a></td><td>Serbuk Injeksi Liofilisasi</td></tr><tr><td style=\"white-space:nowrap\">BS051<a name=\"KemkesMedicationForm-BS051\"> </a></td><td>Serbuk Infus</td></tr><tr><td style=\"white-space:nowrap\">BS052<a name=\"KemkesMedicationForm-BS052\"> </a></td><td>Serbuk Obat Luar / Serbuk Tabur</td></tr><tr><td style=\"white-space:nowrap\">BS053<a name=\"KemkesMedicationForm-BS053\"> </a></td><td>Serbuk Steril</td></tr><tr><td style=\"white-space:nowrap\">BS054<a name=\"KemkesMedicationForm-BS054\"> </a></td><td>Serbuk Effervescent</td></tr><tr><td style=\"white-space:nowrap\">BS055<a name=\"KemkesMedicationForm-BS055\"> </a></td><td>Sirup</td></tr><tr><td style=\"white-space:nowrap\">BS056<a name=\"KemkesMedicationForm-BS056\"> </a></td><td>Sirup Kering</td></tr><tr><td style=\"white-space:nowrap\">BS057<a name=\"KemkesMedicationForm-BS057\"> </a></td><td>Sirup Kering Pelepasan Lambat</td></tr><tr><td style=\"white-space:nowrap\">BS058<a name=\"KemkesMedicationForm-BS058\"> </a></td><td>Subdermal Implants</td></tr><tr><td style=\"white-space:nowrap\">BS059<a name=\"KemkesMedicationForm-BS059\"> </a></td><td>Supositoria</td></tr><tr><td style=\"white-space:nowrap\">BS060<a name=\"KemkesMedicationForm-BS060\"> </a></td><td>Suspensi</td></tr><tr><td style=\"white-space:nowrap\">BS061<a name=\"KemkesMedicationForm-BS061\"> </a></td><td>Suspensi Injeksi</td></tr><tr><td style=\"white-space:nowrap\">BS062<a name=\"KemkesMedicationForm-BS062\"> </a></td><td>Suspensi / Cairan Obat Luar</td></tr><tr><td style=\"white-space:nowrap\">BS063<a name=\"KemkesMedicationForm-BS063\"> </a></td><td>Cairan Steril</td></tr><tr><td style=\"white-space:nowrap\">BS064<a name=\"KemkesMedicationForm-BS064\"> </a></td><td>Cairan Mata</td></tr><tr><td style=\"white-space:nowrap\">BS065<a name=\"KemkesMedicationForm-BS065\"> </a></td><td>Cairan Diagnostik</td></tr><tr><td style=\"white-space:nowrap\">BS066<a name=\"KemkesMedicationForm-BS066\"> </a></td><td>Tablet</td></tr><tr><td style=\"white-space:nowrap\">BS067<a name=\"KemkesMedicationForm-BS067\"> </a></td><td>Tablet Effervescent</td></tr><tr><td style=\"white-space:nowrap\">BS068<a name=\"KemkesMedicationForm-BS068\"> </a></td><td>Tablet Hisap</td></tr><tr><td style=\"white-space:nowrap\">BS069<a name=\"KemkesMedicationForm-BS069\"> </a></td><td>Tablet Kunyah</td></tr><tr><td style=\"white-space:nowrap\">BS070<a name=\"KemkesMedicationForm-BS070\"> </a></td><td>Tablet Pelepasan Cepat</td></tr><tr><td style=\"white-space:nowrap\">BS071<a name=\"KemkesMedicationForm-BS071\"> </a></td><td>Tablet Pelepasan Lambat</td></tr><tr><td style=\"white-space:nowrap\">BS072<a name=\"KemkesMedicationForm-BS072\"> </a></td><td>Tablet Disintegrasi Oral</td></tr><tr><td style=\"white-space:nowrap\">BS073<a name=\"KemkesMedicationForm-BS073\"> </a></td><td>Tablet Dispersibel</td></tr><tr><td style=\"white-space:nowrap\">BS074<a name=\"KemkesMedicationForm-BS074\"> </a></td><td>Tablet Cepat Larut</td></tr><tr><td style=\"white-space:nowrap\">BS075<a name=\"KemkesMedicationForm-BS075\"> </a></td><td>Tablet Salut Gula</td></tr><tr><td style=\"white-space:nowrap\">BS076<a name=\"KemkesMedicationForm-BS076\"> </a></td><td>Tablet Salut Enterik</td></tr><tr><td style=\"white-space:nowrap\">BS077<a name=\"KemkesMedicationForm-BS077\"> </a></td><td>Tablet Salut Selaput</td></tr><tr><td style=\"white-space:nowrap\">BS078<a name=\"KemkesMedicationForm-BS078\"> </a></td><td>Tablet Sublingual</td></tr><tr><td style=\"white-space:nowrap\">BS079<a name=\"KemkesMedicationForm-BS079\"> </a></td><td>Tablet Sublingual Pelepasan Lambat</td></tr><tr><td style=\"white-space:nowrap\">BS080<a name=\"KemkesMedicationForm-BS080\"> </a></td><td>Tablet Vaginal</td></tr><tr><td style=\"white-space:nowrap\">BS081<a name=\"KemkesMedicationForm-BS081\"> </a></td><td>Tablet Lapis</td></tr><tr><td style=\"white-space:nowrap\">BS082<a name=\"KemkesMedicationForm-BS082\"> </a></td><td>Tablet Lapis Lepas Lambat</td></tr><tr><td style=\"white-space:nowrap\">BS083<a name=\"KemkesMedicationForm-BS083\"> </a></td><td>Chewing Gum</td></tr><tr><td style=\"white-space:nowrap\">BS084<a name=\"KemkesMedicationForm-BS084\"> </a></td><td>Tetes Mata</td></tr><tr><td style=\"white-space:nowrap\">BS085<a name=\"KemkesMedicationForm-BS085\"> </a></td><td>Tetes Hidung</td></tr><tr><td style=\"white-space:nowrap\">BS086<a name=\"KemkesMedicationForm-BS086\"> </a></td><td>Tetes Telinga</td></tr><tr><td style=\"white-space:nowrap\">BS087<a name=\"KemkesMedicationForm-BS087\"> </a></td><td>Tetes Oral (Oral Drops)</td></tr><tr><td style=\"white-space:nowrap\">BS088<a name=\"KemkesMedicationForm-BS088\"> </a></td><td>Tetes Mata Dan Telinga</td></tr><tr><td style=\"white-space:nowrap\">BS089<a name=\"KemkesMedicationForm-BS089\"> </a></td><td>Transdermal</td></tr><tr><td style=\"white-space:nowrap\">BS090<a name=\"KemkesMedicationForm-BS090\"> </a></td><td>Transdermal Urethral</td></tr><tr><td style=\"white-space:nowrap\">BS091<a name=\"KemkesMedicationForm-BS091\"> </a></td><td>Tulle/Plester Obat</td></tr><tr><td style=\"white-space:nowrap\">BS092<a name=\"KemkesMedicationForm-BS092\"> </a></td><td>Vaginal Cream</td></tr><tr><td style=\"white-space:nowrap\">BS093<a name=\"KemkesMedicationForm-BS093\"> </a></td><td>Vaginal Gel</td></tr><tr><td style=\"white-space:nowrap\">BS094<a name=\"KemkesMedicationForm-BS094\"> </a></td><td>Vaginal Douche</td></tr><tr><td style=\"white-space:nowrap\">BS095<a name=\"KemkesMedicationForm-BS095\"> </a></td><td>Vaginal Ring</td></tr><tr><td style=\"white-space:nowrap\">BS096<a name=\"KemkesMedicationForm-BS096\"> </a></td><td>Vaginal Tissue</td></tr><tr><td style=\"white-space:nowrap\">BS097<a name=\"KemkesMedicationForm-BS097\"> </a></td><td>Suspensi Inhalasi</td></tr><tr><td style=\"white-space:nowrap\">MF000001<a name=\"KemkesMedicationForm-MF000001\"> </a></td><td>Orodispersible Film</td></tr><tr><td style=\"white-space:nowrap\">NC<a name=\"KemkesMedicationForm-NC\"> </a></td><td>Non-compound </td></tr><tr><td style=\"white-space:nowrap\">SD<a name=\"KemkesMedicationForm-SD\"> </a></td><td>Gives of such doses</td></tr><tr><td style=\"white-space:nowrap\">EP<a name=\"KemkesMedicationForm-EP\"> </a></td><td>Divide into equal parts</td></tr></table></div>"},"url":"http://terminology.kemkes.go.id/CodeSystem/medication-form","version":"0.1.0","name":"KemkesMedicationForm","title":"Terminology Kemkes medication form CodeSystem","status":"active","experimental":false,"date":"2024-02-05T00:00:00.000Z","publisher":"Thomas Chaidir","contact":[{"name":"Thomas Chaidir","telecom":[{"system":"url","value":"https://satusehat.kemkes.go.id/"}]}],"description":"Terminology Kemkes medication form CodeSystem","caseSensitive":true,"valueSet":"http://terminology.kemkes.go.id/ValueSet/medication-form","hierarchyMeaning":"is-a","compositional":false,"versionNeeded":true,"content":"complete","count":101,"concept":[{"code":"BS001","display":"Aerosol Foam"},{"code":"BS002","display":"Aerosol Metered Dose"},{"code":"BS003","display":"Aerosol Spray"},{"code":"BS004","display":"Oral Spray"},{"code":"BS005","display":"Buscal Spray"},{"code":"BS006","display":"Transdermal Spray"},{"code":"BS007","display":"Topical Spray"},{"code":"BS008","display":"Serbuk Spray"},{"code":"BS009","display":"Eliksir"},{"code":"BS010","display":"Emulsi"},{"code":"BS011","display":"Enema"},{"code":"BS012","display":"Gas"},{"code":"BS013","display":"Gel"},{"code":"BS014","display":"Gel Mata"},{"code":"BS015","display":"Granul Effervescent"},{"code":"BS016","display":"Granula"},{"code":"BS017","display":"Intra Uterine Device (IUD)"},{"code":"BS018","display":"Implant"},{"code":"BS019","display":"Kapsul"},{"code":"BS020","display":"Kapsul Lunak"},{"code":"BS021","display":"Kapsul Pelepasan Lambat"},{"code":"BS022","display":"Kaplet"},{"code":"BS023","display":"Kaplet Salut Selaput"},{"code":"BS024","display":"Kaplet Salut Enterik"},{"code":"BS025","display":"Kaplet Salut Gula"},{"code":"BS026","display":"Kaplet Pelepasan Lambat"},{"code":"BS027","display":"Kaplet Pelepasan Cepat"},{"code":"BS028","display":"Kaplet Kunyah"},{"code":"BS029","display":"Kaplet Kunyah Salut Selaput"},{"code":"BS030","display":"Krim"},{"code":"BS031","display":"Krim Lemak"},{"code":"BS032","display":"Larutan"},{"code":"BS033","display":"Larutan Inhalasi"},{"code":"BS034","display":"Larutan Injeksi"},{"code":"BS035","display":"Infus"},{"code":"BS036","display":"Obat Kumur"},{"code":"BS037","display":"Ovula"},{"code":"BS038","display":"Pasta"},{"code":"BS039","display":"Pil"},{"code":"BS040","display":"Patch"},{"code":"BS041","display":"Pessary"},{"code":"BS042","display":"Salep"},{"code":"BS043","display":"Salep Mata"},{"code":"BS044","display":"Sampo"},{"code":"BS045","display":"Semprot Hidung"},{"code":"BS046","display":"Serbuk Aerosol"},{"code":"BS047","display":"Serbuk Oral"},{"code":"BS048","display":"Serbuk Inhaler"},{"code":"BS049","display":"Serbuk Injeksi"},{"code":"BS050","display":"Serbuk Injeksi Liofilisasi"},{"code":"BS051","display":"Serbuk Infus"},{"code":"BS052","display":"Serbuk Obat Luar / Serbuk Tabur"},{"code":"BS053","display":"Serbuk Steril"},{"code":"BS054","display":"Serbuk Effervescent"},{"code":"BS055","display":"Sirup"},{"code":"BS056","display":"Sirup Kering"},{"code":"BS057","display":"Sirup Kering Pelepasan Lambat"},{"code":"BS058","display":"Subdermal Implants"},{"code":"BS059","display":"Supositoria"},{"code":"BS060","display":"Suspensi"},{"code":"BS061","display":"Suspensi Injeksi"},{"code":"BS062","display":"Suspensi / Cairan Obat Luar"},{"code":"BS063","display":"Cairan Steril"},{"code":"BS064","display":"Cairan Mata"},{"code":"BS065","display":"Cairan Diagnostik"},{"code":"BS066","display":"Tablet"},{"code":"BS067","display":"Tablet Effervescent"},{"code":"BS068","display":"Tablet Hisap"},{"code":"BS069","display":"Tablet Kunyah"},{"code":"BS070","display":"Tablet Pelepasan Cepat"},{"code":"BS071","display":"Tablet Pelepasan Lambat"},{"code":"BS072","display":"Tablet Disintegrasi Oral"},{"code":"BS073","display":"Tablet Dispersibel"},{"code":"BS074","display":"Tablet Cepat Larut"},{"code":"BS075","display":"Tablet Salut Gula"},{"code":"BS076","display":"Tablet Salut Enterik"},{"code":"BS077","display":"Tablet Salut Selaput"},{"code":"BS078","display":"Tablet Sublingual"},{"code":"BS079","display":"Tablet Sublingual Pelepasan Lambat"},{"code":"BS080","display":"Tablet Vaginal"},{"code":"BS081","display":"Tablet Lapis"},{"code":"BS082","display":"Tablet Lapis Lepas Lambat"},{"code":"BS083","display":"Chewing Gum"},{"code":"BS084","display":"Tetes Mata"},{"code":"BS085","display":"Tetes Hidung"},{"code":"BS086","display":"Tetes Telinga"},{"code":"BS087","display":"Tetes Oral (Oral Drops)"},{"code":"BS088","display":"Tetes Mata Dan Telinga"},{"code":"BS089","display":"Transdermal"},{"code":"BS090","display":"Transdermal Urethral"},{"code":"BS091","display":"Tulle/Plester Obat"},{"code":"BS092","display":"Vaginal Cream"},{"code":"BS093","display":"Vaginal Gel"},{"code":"BS094","display":"Vaginal Douche"},{"code":"BS095","display":"Vaginal Ring"},{"code":"BS096","display":"Vaginal Tissue"},{"code":"BS097","display":"Suspensi Inhalasi"},{"code":"MF000001","display":"Orodispersible Film"},{"code":"NC","display":"Non-compound "},{"code":"SD","display":"Gives of such doses"},{"code":"EP","display":"Divide into equal parts"}]}