{"resourceType":"CodeSystem","id":"v3-RoleLinkStatus","language":"en","text":{"status":"generated","div":"<div xml:lang=\"en\" xmlns=\"http://www.w3.org/1999/xhtml\" lang=\"en\"><p><b>Properties</b></p><p><b>This code system  defines the following properties for its concepts</b></p><table class=\"grid\"><tr><td><b>Code</b></td><td><b>URI</b></td><td><b>Type</b></td><td><b>Description</b></td></tr><tr><td>Specializes</td><td/><td>Coding</td><td>The child code is a more narrow version of the concept represented by the parent code.  I.e. Every child concept is also a valid parent concept.  Used to allow determination of subsumption.  Must be transitive, irreflexive, antisymmetric.</td></tr><tr><td>Generalizes</td><td/><td>Coding</td><td>Inverse of Specializes.  Only included as a derived relationship.</td></tr><tr><td>internalId</td><td>http://terminology.hl7.org/CodeSystem/utg-concept-properties#v3-internal-id</td><td>code</td><td>The internal identifier for the concept in the HL7 Access database repository.</td></tr><tr><td>status</td><td>http://hl7.org/fhir/concept-properties#status</td><td>code</td><td>Designation of a concept's state. Normally is not populated unless the state is retired.</td></tr></table><p><b>Concepts</b></p><p>This case-sensitive code system <code>http://terminology.hl7.org/CodeSystem/v3-RoleLinkStatus</code> defines the following codes in a Is-A heirarchy:</p><table class=\"codes\"><tr><td><b>Lvl</b></td><td style=\"white-space:nowrap\"><b>Code</b></td><td><b>Display</b></td><td><b>Definition</b></td><td><b>internalId</b></td><td><b>status</b></td></tr><tr><td>1</td><td style=\"white-space:nowrap\">NORMAL<a name=\"v3-RoleLinkStatus-NORMAL\"> </a></td><td>normal</td><td>**Description:** The 'typical' state. Excludes &quot;nullified&quot; which represents the termination state of a RoleLink instance that was created in error.</td><td>23254</td><td>active</td></tr><tr><td>2</td><td style=\"white-space:nowrap\">\u00a0\u00a0ACTIVE<a name=\"v3-RoleLinkStatus-ACTIVE\"> </a></td><td>active</td><td>**Description:** The state indicates the RoleLink is in progress.</td><td>23255</td><td>active</td></tr><tr><td>2</td><td style=\"white-space:nowrap\">\u00a0\u00a0CANCELLED<a name=\"v3-RoleLinkStatus-CANCELLED\"> </a></td><td>cancelled</td><td>**Description:** The terminal state resulting from abandoning the RoleLink prior to or after activation.</td><td>23256</td><td>active</td></tr><tr><td>2</td><td style=\"white-space:nowrap\">\u00a0\u00a0COMPLETED<a name=\"v3-RoleLinkStatus-COMPLETED\"> </a></td><td>completed</td><td>**Description:** The terminal state representing the successful completion of the RoleLink.</td><td>23257</td><td>active</td></tr><tr><td>2</td><td style=\"white-space:nowrap\">\u00a0\u00a0PENDING<a name=\"v3-RoleLinkStatus-PENDING\"> </a></td><td>pending</td><td>**Description:** The state indicates the RoleLink has not yet become active.</td><td>23258</td><td>active</td></tr><tr><td>1</td><td style=\"white-space:nowrap\">NULLIFIED<a name=\"v3-RoleLinkStatus-NULLIFIED\"> </a></td><td>nullified</td><td>**Description:** The state representing the termination of a RoleLink instance that was created in error.</td><td>23259</td><td>active</td></tr></table></div>"},"url":"http://terminology.hl7.org/CodeSystem/v3-RoleLinkStatus","identifier":[{"system":"urn:ietf:rfc:3986","value":"urn:oid:2.16.840.1.113883.5.1137"}],"version":"0.1.0","name":"RoleLinkStatus","title":"RoleLinkStatus","status":"active","experimental":false,"date":"2019-03-20","publisher":"SatuSehat","contact":[{"name":"SatuSehat","telecom":[{"system":"url","value":"https://satusehat.kemkes.go.id/"},{"system":"email","value":"fhir@dto.kemkes.go.id"}]}],"description":"**Description:**Codes representing possible states of a RoleLink, as defined by the RoleLink class state machine.","copyright":"This material derives from the HL7 Terminology THO. THO is copyright ©1989+ Health Level Seven International and is made available under the CC0 designation. For more licensing information see: https://terminology.hl7.org/license","caseSensitive":true,"hierarchyMeaning":"is-a","content":"complete","property":[{"extension":[{"url":"http://terminology.hl7.org/StructureDefinition/ext-mif-relationship-symmetry","valueCode":"antisymmetric"},{"url":"http://terminology.hl7.org/StructureDefinition/ext-mif-relationship-transitivity","valueCode":"transitive"},{"url":"http://terminology.hl7.org/StructureDefinition/ext-mif-relationship-reflexivity","valueCode":"irreflexive"},{"url":"http://terminology.hl7.org/StructureDefinition/ext-mif-relationship-isNavigable","valueBoolean":true},{"url":"http://terminology.hl7.org/StructureDefinition/ext-mif-relationship-relationshipKind","valueCode":"Specializes"},{"url":"http://terminology.hl7.org/StructureDefinition/ext-mif-relationship-inverseName","valueString":"Generalizes"}],"code":"Specializes","description":"The child code is a more narrow version of the concept represented by the parent code.  I.e. Every child concept is also a valid parent concept.  Used to allow determination of subsumption.  Must be transitive, irreflexive, antisymmetric.","type":"Coding"},{"extension":[{"url":"http://terminology.hl7.org/StructureDefinition/ext-mif-relationship-symmetry","valueCode":"antisymmetric"},{"url":"http://terminology.hl7.org/StructureDefinition/ext-mif-relationship-transitivity","valueCode":"transitive"},{"url":"http://terminology.hl7.org/StructureDefinition/ext-mif-relationship-reflexivity","valueCode":"irreflexive"},{"url":"http://terminology.hl7.org/StructureDefinition/ext-mif-relationship-isNavigable","valueBoolean":true},{"url":"http://terminology.hl7.org/StructureDefinition/ext-mif-relationship-relationshipKind","valueCode":"Generalizes"},{"url":"http://terminology.hl7.org/StructureDefinition/ext-mif-relationship-inverseName","valueString":"Specializes"}],"code":"Generalizes","description":"Inverse of Specializes.  Only included as a derived relationship.","type":"Coding"},{"code":"internalId","uri":"http://terminology.hl7.org/CodeSystem/utg-concept-properties#v3-internal-id","description":"The internal identifier for the concept in the HL7 Access database repository.","type":"code"},{"code":"status","uri":"http://hl7.org/fhir/concept-properties#status","description":"Designation of a concept's state. Normally is not populated unless the state is retired.","type":"code"}],"concept":[{"code":"NORMAL","display":"normal","definition":"**Description:** The 'typical' state. Excludes \"nullified\" which represents the termination state of a RoleLink instance that was created in error.","property":[{"code":"status","valueCode":"active"},{"code":"internalId","valueCode":"23254"}],"concept":[{"code":"ACTIVE","display":"active","definition":"**Description:** The state indicates the RoleLink is in progress.","property":[{"code":"status","valueCode":"active"},{"code":"internalId","valueCode":"23255"}]},{"code":"CANCELLED","display":"cancelled","definition":"**Description:** The terminal state resulting from abandoning the RoleLink prior to or after activation.","property":[{"code":"status","valueCode":"active"},{"code":"internalId","valueCode":"23256"}]},{"code":"COMPLETED","display":"completed","definition":"**Description:** The terminal state representing the successful completion of the RoleLink.","property":[{"code":"status","valueCode":"active"},{"code":"internalId","valueCode":"23257"}]},{"code":"PENDING","display":"pending","definition":"**Description:** The state indicates the RoleLink has not yet become active.","property":[{"code":"status","valueCode":"active"},{"code":"internalId","valueCode":"23258"}]}]},{"code":"NULLIFIED","display":"nullified","definition":"**Description:** The state representing the termination of a RoleLink instance that was created in error.","property":[{"code":"status","valueCode":"active"},{"code":"internalId","valueCode":"23259"}]}]}