{"resourceType":"CodeSystem","id":"KemkesCompositionTypeCS","language":"Indonesia","text":{"status":"generated","div":"<div xmlns=\"http://www.w3.org/1999/xhtml\" xml:lang=\"Indonesia\" lang=\"Indonesia\"><p>This case-sensitive code system <code>http://terminology.kemkes.go.id/CodeSystem/composition-type</code> defines the following codes in a Is-A heirarchy:</p><table class=\"codes\"><tr><td style=\"white-space:nowrap\"><b>Code</b></td><td><b>Display</b></td></tr><tr><td style=\"white-space:nowrap\">COM000001<a name=\"KemkesCompositionTypeCS-COM000001\"> </a></td><td>Form Kematian Ibu</td></tr><tr><td style=\"white-space:nowrap\">COM000002<a name=\"KemkesCompositionTypeCS-COM000002\"> </a></td><td>Form Lahir Mati</td></tr><tr><td style=\"white-space:nowrap\">COM000003<a name=\"KemkesCompositionTypeCS-COM000003\"> </a></td><td>Form Lahir Hidup</td></tr><tr><td style=\"white-space:nowrap\">COM000004<a name=\"KemkesCompositionTypeCS-COM000004\"> </a></td><td>Kuesioner Kasus ILI</td></tr><tr><td style=\"white-space:nowrap\">COM000005<a name=\"KemkesCompositionTypeCS-COM000005\"> </a></td><td>Kuesioner Kasus SARI</td></tr><tr><td style=\"white-space:nowrap\">COM000006<a name=\"KemkesCompositionTypeCS-COM000006\"> </a></td><td>Form Skrining PTM</td></tr></table></div>"},"url":"http://terminology.kemkes.go.id/CodeSystem/composition-type","version":"0.1.0","name":"KemkesCompositionTypeCS","title":"Terminology Kemkes composition type CodeSystem","status":"active","experimental":false,"date":"2024-02-05T00:00:00.000Z","publisher":"Thomas Chaidir","contact":[{"name":"Thomas Chaidir","telecom":[{"system":"url","value":"https://satusehat.kemkes.go.id/"}]}],"description":"Terminology Kemkes composition type CodeSystem","caseSensitive":true,"valueSet":"http://terminology.kemkes.go.id/ValueSet/composition-type","hierarchyMeaning":"is-a","compositional":false,"versionNeeded":true,"content":"complete","count":6,"concept":[{"code":"COM000001","display":"Form Kematian Ibu"},{"code":"COM000002","display":"Form Lahir Mati"},{"code":"COM000003","display":"Form Lahir Hidup"},{"code":"COM000004","display":"Kuesioner Kasus ILI"},{"code":"COM000005","display":"Kuesioner Kasus SARI"},{"code":"COM000006","display":"Form Skrining PTM"}]}