{"resourceType":"CodeSystem","id":"participant-type","meta":{"lastUpdated":"2020-04-09T21:10:28.568+00:00","profile":["http://hl7.org/fhir/StructureDefinition/shareablecodesystem"]},"text":{"status":"generated","div":"<div xmlns=\"http://www.w3.org/1999/xhtml\"><p>This case-sensitive code system <code>http://terminology.hl7.org/CodeSystem/participant-type</code> defines the following codes:</p><table class=\"codes\"><tr><td style=\"white-space:nowrap\"><b>Code</b></td><td><b>Display</b></td><td><b>Definition</b></td></tr><tr><td style=\"white-space:nowrap\">translator<a name=\"participant-type-translator\"> </a></td><td>Translator</td><td>A translator who is facilitating communication with the patient during the encounter.</td></tr><tr><td style=\"white-space:nowrap\">emergency<a name=\"participant-type-emergency\"> </a></td><td>Emergency</td><td>A person to be contacted in case of an emergency during the encounter.</td></tr></table></div>"},"extension":[{"url":"http://hl7.org/fhir/StructureDefinition/structuredefinition-wg","valueCode":"pa"},{"url":"http://hl7.org/fhir/StructureDefinition/structuredefinition-fmm","valueInteger":3}],"url":"http://terminology.hl7.org/CodeSystem/participant-type","identifier":[{"system":"urn:ietf:rfc:3986","value":"urn:oid:2.16.840.1.113883.4.642.1.1089"}],"version":"0.1.0","name":"ParticipantType","title":"Participant type","status":"draft","experimental":false,"date":"2024-03-09T14:36:19-07:00","publisher":"SatuSehat","contact":[{"name":"SatuSehat","telecom":[{"system":"url","value":"https://satusehat.kemkes.go.id/"},{"system":"email","value":"fhir@dto.kemkes.go.id"}]}],"description":"This value set defines a set of codes that can be used to indicate how an individual participates in an encounter.","copyright":"This material derives from the HL7 Terminology (THO). THO is copyright ©1989+ Health Level Seven International and is made available under the CC0 designation. For more licensing information see: https://terminology.hl7.org/license","caseSensitive":true,"content":"complete","concept":[{"code":"translator","display":"Translator","definition":"A translator who is facilitating communication with the patient during the encounter."},{"code":"emergency","display":"Emergency","definition":"A person to be contacted in case of an emergency during the encounter."}]}