{"resourceType":"CodeSystem","id":"NCPDPDispensedAsWrittenOrProductSelectionCode","text":{"status":"generated","div":"<div xmlns=\"http://www.w3.org/1999/xhtml\"><p>This case-sensitive code system <code>http://terminology.hl7.org/CodeSystem/NCPDPDispensedAsWrittenOrProductSelectionCode</code> defines codes, but no codes are represented here</p></div>"},"url":"http://terminology.hl7.org/CodeSystem/NCPDPDispensedAsWrittenOrProductSelectionCode","version":"0.1.0","name":"NCPDPDispensedAsWrittenOrProductSelectionCode","title":"NCPDP Dispense As Written (DAW)/Product Selection Code","status":"active","experimental":false,"date":"2021-03-10T00:00:00-04:00","publisher":"SatuSehat","contact":[{"name":"SatuSehat","telecom":[{"system":"url","value":"https://satusehat.kemkes.go.id/"},{"system":"email","value":"fhir@dto.kemkes.go.id"}]}],"description":"Code indicating whether or not the prescriber's instructions regarding generic substitution were followed.","caseSensitive":true,"content":"not-present"}