{"resourceType":"CodeSystem","id":"v3-hgvs","text":{"status":"generated","div":"<div xmlns=\"http://www.w3.org/1999/xhtml\"><p>This case-sensitive code system <code>http://varnomen.hgvs.org</code> defines codes, but no codes are represented here</p></div>"},"url":"http://varnomen.hgvs.org","identifier":[{"system":"urn:ietf:rfc:3986","value":"urn:oid:2.16.840.1.113883.6.282"}],"version":"0.1.0","name":"Hgvs","title":"Human Genome Variation Society nomenclature","status":"active","experimental":false,"date":"2019-03-20T00:00:00-04:00","publisher":"SatuSehat","contact":[{"name":"SatuSehat","telecom":[{"system":"url","value":"https://satusehat.kemkes.go.id/"},{"system":"email","value":"fhir@dto.kemkes.go.id"}]}],"description":"HGVS nomenclatures are the guidelines for mutation nomenclature made by the Human Genome Variation Society.\r\n\r\nHGVS nomenclature can be used with the HL7 coded data type (code data type that accepts expression data, or a coded expression data type). This coded data type should be able to distinguish expressions in HGVS nomenclature from coded concepts. For example, in the HL7 messages specified according to the HL7 V2 Clinical Genomics Fully LOINC-Qualified Genetic Variation Model, HGVS nomenclature can be used to as the observation values for DNA sequence variations. For example, OBX|1|CWE|48004-6^DNA Sequence Variation^LN||c.1129C>T^^HGVS|\r\n\r\nVersioning information: The HGVS nomenclature for the description of sequence variants was last modified Feb 20, 2008. The HGVS nomenclature for the description of protein sequence variants was last modified May 12, 2007. The HGVS nomenclature for the description of DNA sequence variants was last modified June 15, 2007 The HGVS nomenclature for the description of RNA sequence variants was last modified May 12, 2007\r\n\r\nHGVS nomenclatures can be used freely by the public.","caseSensitive":true,"content":"not-present"}