{"resourceType":"CodeSystem","id":"KemkesImmunizationReasonCS","meta":{"versionId":"2","lastUpdated":"2023-11-09T13:31:14.515+07:00"},"language":"Indonesia","text":{"status":"generated","div":"<div xmlns=\"http://www.w3.org/1999/xhtml\" xml:lang=\"Indonesia\" lang=\"Indonesia\"><p>This case-sensitive code system <code>http://terminology.kemkes.go.id/CodeSystem/immunization-reason</code> defines the following codes in a Is-A heirarchy:</p><table class=\"codes\"><tr><td style=\"white-space:nowrap\"><b>Code</b></td><td><b>Display</b></td></tr><tr><td style=\"white-space:nowrap\">IM-Program<a name=\"KemkesImmunizationReasonCS-IM-Program\"> </a></td><td>Imunisasi Program</td></tr><tr><td style=\"white-space:nowrap\">IM-Rutin<a name=\"KemkesImmunizationReasonCS-IM-Rutin\"> </a></td><td>Imunisasi Program Rutin</td></tr><tr><td style=\"white-space:nowrap\">IM-Dasar<a name=\"KemkesImmunizationReasonCS-IM-Dasar\"> </a></td><td>Imunisasi Program Rutin Dasar</td></tr><tr><td style=\"white-space:nowrap\">IM-Lanjutan<a name=\"KemkesImmunizationReasonCS-IM-Lanjutan\"> </a></td><td>Imunisasi Program Rutin Lanjutan</td></tr><tr><td style=\"white-space:nowrap\">IM-Baduta<a name=\"KemkesImmunizationReasonCS-IM-Baduta\"> </a></td><td>Imunisasi Program Rutin Lanjutan Bawah Dua Tahun</td></tr><tr><td style=\"white-space:nowrap\">IM-SD<a name=\"KemkesImmunizationReasonCS-IM-SD\"> </a></td><td>Imunisasi Program Rutin Lanjutan Sekolah Dasar</td></tr><tr><td style=\"white-space:nowrap\">IM-WUS<a name=\"KemkesImmunizationReasonCS-IM-WUS\"> </a></td><td>Imunisasi Program Rutin Lanjutan Wanita Usia Subur</td></tr><tr><td style=\"white-space:nowrap\">IM-Tambahan<a name=\"KemkesImmunizationReasonCS-IM-Tambahan\"> </a></td><td>Imunisasi Program Tambahan</td></tr><tr><td style=\"white-space:nowrap\">IM-Khusus<a name=\"KemkesImmunizationReasonCS-IM-Khusus\"> </a></td><td>Imunisasi Program Khusus</td></tr><tr><td style=\"white-space:nowrap\">IM-Pilihan<a name=\"KemkesImmunizationReasonCS-IM-Pilihan\"> </a></td><td>Imunisasi Pilihan</td></tr></table></div>"},"url":"http://terminology.kemkes.go.id/CodeSystem/immunization-reason","version":"0.1.0","name":"KemkesImmunizationReasonCS","title":"Terminology Kemkes immunization reason CodeSystem","status":"active","experimental":false,"date":"2024-02-05T00:00:00.000Z","publisher":"Thomas Chaidir","contact":[{"name":"Thomas Chaidir","telecom":[{"system":"url","value":"https://satusehat.kemkes.go.id/"}]}],"description":"Terminology Kemkes immunization reason CodeSystem","caseSensitive":true,"valueSet":"http://terminology.kemkes.go.id/ValueSet/immunization-reason","hierarchyMeaning":"is-a","compositional":false,"versionNeeded":true,"content":"complete","count":10,"concept":[{"code":"IM-Program","display":"Imunisasi Program"},{"code":"IM-Rutin","display":"Imunisasi Program Rutin"},{"code":"IM-Dasar","display":"Imunisasi Program Rutin Dasar"},{"code":"IM-Lanjutan","display":"Imunisasi Program Rutin Lanjutan"},{"code":"IM-Baduta","display":"Imunisasi Program Rutin Lanjutan Bawah Dua Tahun"},{"code":"IM-SD","display":"Imunisasi Program Rutin Lanjutan Sekolah Dasar"},{"code":"IM-WUS","display":"Imunisasi Program Rutin Lanjutan Wanita Usia Subur"},{"code":"IM-Tambahan","display":"Imunisasi Program Tambahan"},{"code":"IM-Khusus","display":"Imunisasi Program Khusus"},{"code":"IM-Pilihan","display":"Imunisasi Pilihan"}]}