{"resourceType":"CodeSystem","id":"NCPDPRejectCode","text":{"status":"generated","div":"<div xmlns=\"http://www.w3.org/1999/xhtml\"><p>This case-sensitive code system <code>http://terminology.hl7.org/CodeSystem/NCPDPRejectCode</code> defines codes, but no codes are represented here</p></div>"},"url":"http://terminology.hl7.org/CodeSystem/NCPDPRejectCode","version":"0.1.0","name":"NCPDPRejectCode","title":"NCPDP Reject Code","status":"active","experimental":false,"date":"2021-03-10T00:00:00-04:00","publisher":"SatuSehat","contact":[{"name":"SatuSehat","telecom":[{"system":"url","value":"https://satusehat.kemkes.go.id/"},{"system":"email","value":"fhir@dto.kemkes.go.id"}]}],"description":"Code indicating the error encountered. Contains exception definitions for use when transaction processing cannot be completed.","caseSensitive":true,"content":"not-present"}