{"resourceType":"CodeSystem","id":"ex-diagnosis-on-admission","meta":{"lastUpdated":"2020-04-09T21:10:28.568+00:00","profile":["http://hl7.org/fhir/StructureDefinition/shareablecodesystem"]},"text":{"status":"generated","div":"<div xmlns=\"http://www.w3.org/1999/xhtml\"><p>This case-sensitive code system <code>http://terminology.hl7.org/CodeSystem/ex-diagnosis-on-admission</code> defines the following codes:</p><table class=\"codes\"><tr><td style=\"white-space:nowrap\"><b>Code</b></td><td><b>Display</b></td><td><b>Definition</b></td></tr><tr><td style=\"white-space:nowrap\">yes<a name=\"ex-diagnosis-on-admission-yes\"> </a></td><td>Yes</td><td>Diagnosis was present at time of inpatient admission.</td></tr><tr><td style=\"white-space:nowrap\">no<a name=\"ex-diagnosis-on-admission-no\"> </a></td><td>No</td><td>Diagnosis was not present at time of inpatient admission.</td></tr><tr><td style=\"white-space:nowrap\">unknown<a name=\"ex-diagnosis-on-admission-unknown\"> </a></td><td>Unknown</td><td>Not known if condition was present at the time of inpatient admission.</td></tr></table></div>"},"extension":[{"url":"http://hl7.org/fhir/StructureDefinition/structuredefinition-wg","valueCode":"fm"},{"url":"http://hl7.org/fhir/StructureDefinition/structuredefinition-fmm","valueInteger":1}],"url":"http://terminology.hl7.org/CodeSystem/ex-diagnosis-on-admission","identifier":[{"system":"urn:ietf:rfc:3986","value":"urn:oid:2.16.840.1.113883.4.642.1.1170"}],"version":"0.1.0","name":"ExampleDiagnosisOnAdmissionCodes","title":"Example Diagnosis on Admission Codes","status":"draft","experimental":false,"date":"2024-03-09T14:36:19-07:00","publisher":"SatuSehat","contact":[{"name":"SatuSehat","telecom":[{"system":"url","value":"https://satusehat.kemkes.go.id/"},{"system":"email","value":"fhir@dto.kemkes.go.id"}]}],"description":"This value set includes example Diagnosis on Admission codes.","copyright":"This material derives from the HL7 Terminology (THO). THO is copyright ©1989+ Health Level Seven International and is made available under the CC0 designation. For more licensing information see: https://terminology.hl7.org/license","caseSensitive":true,"valueSet":"http://terminology.hl7.org/ValueSet/ex-diagnosis-on-admission","content":"complete","concept":[{"code":"yes","display":"Yes","definition":"Diagnosis was present at time of inpatient admission."},{"code":"no","display":"No","definition":"Diagnosis was not present at time of inpatient admission."},{"code":"unknown","display":"Unknown","definition":"Not known if condition was present at the time of inpatient admission."}]}