{"resourceType":"CodeSystem","id":"v3-ParticipationFunction","language":"en","text":{"status":"generated","div":"<div xml:lang=\"en\" xmlns=\"http://www.w3.org/1999/xhtml\" lang=\"en\"><p><b>Properties</b></p><p><b>This code system  defines the following properties for its concepts</b></p><table class=\"grid\"><tr><td><b>Code</b></td><td><b>URI</b></td><td><b>Type</b></td><td><b>Description</b></td></tr><tr><td>Specializes</td><td/><td>Coding</td><td>The child code is a more narrow version of the concept represented by the parent code.  I.e. Every child concept is also a valid parent concept.  Used to allow determination of subsumption.  Must be transitive, irreflexive, antisymmetric.</td></tr><tr><td>Generalizes</td><td/><td>Coding</td><td>Inverse of Specializes.  Only included as a derived relationship.</td></tr><tr><td>internalId</td><td>http://terminology.hl7.org/CodeSystem/utg-concept-properties#v3-internal-id</td><td>code</td><td>The internal identifier for the concept in the HL7 Access database repository.</td></tr><tr><td>notSelectable</td><td>http://hl7.org/fhir/concept-properties#notSelectable</td><td>boolean</td><td>Indicates that the code is abstract - only intended to be used as a selector for other concepts</td></tr><tr><td>status</td><td>http://hl7.org/fhir/concept-properties#status</td><td>code</td><td>Designation of a concept's state. Normally is not populated unless the state is retired.</td></tr></table><p><b>Concepts</b></p><p>This case-sensitive code system <code>http://terminology.hl7.org/CodeSystem/v3-ParticipationFunction</code> defines the following codes in a Is-A heirarchy:</p><table class=\"codes\"><tr><td><b>Lvl</b></td><td style=\"white-space:nowrap\"><b>Code</b></td><td><b>Display</b></td><td><b>Definition</b></td><td><b>internalId</b></td><td><b>Not Selectable</b></td><td><b>status</b></td></tr><tr><td>1</td><td style=\"white-space:nowrap\">_AuthorizedParticipationFunction<a name=\"v3-ParticipationFunction-_AuthorizedParticipationFunction\"> </a></td><td>AuthorizedParticipationFunction</td><td><div><p>This code is used to specify the exact function an actor is authorized to have in a service in all necessary detail.</p>\n</div></td><td>22338</td><td>true</td><td>active</td></tr><tr><td>2</td><td style=\"white-space:nowrap\">\u00a0\u00a0_AuthorizedReceiverParticipationFunction<a name=\"v3-ParticipationFunction-_AuthorizedReceiverParticipationFunction\"> </a></td><td>AuthorizedReceiverParticipationFunction</td><td><div><p>This code is used to specify the exact function an actor is authorized to have as a receiver of information that is the subject of a consent directive or consent override.</p>\n</div></td><td>22341</td><td>true</td><td>active</td></tr><tr><td>3</td><td style=\"white-space:nowrap\">\u00a0\u00a0\u00a0\u00a0AUCG<a name=\"v3-ParticipationFunction-AUCG\"> </a></td><td>caregiver information receiver</td><td><div><p>**Description:**Caregiver authorized to receive patient health information.</p>\n</div></td><td>22900</td><td/><td>active</td></tr><tr><td>3</td><td style=\"white-space:nowrap\">\u00a0\u00a0\u00a0\u00a0AULR<a name=\"v3-ParticipationFunction-AULR\"> </a></td><td>legitimate relationship information receiver</td><td><div><p>**Description:**Provider with legitimate relationship authorized to receive patient health information.</p>\n</div></td><td>22901</td><td/><td>active</td></tr><tr><td>3</td><td style=\"white-space:nowrap\">\u00a0\u00a0\u00a0\u00a0AUTM<a name=\"v3-ParticipationFunction-AUTM\"> </a></td><td>care team information receiver</td><td><div><p>**Description:**Member of care team authorized to receive patient health information.</p>\n</div></td><td>22902</td><td/><td>active</td></tr><tr><td>3</td><td style=\"white-space:nowrap\">\u00a0\u00a0\u00a0\u00a0AUWA<a name=\"v3-ParticipationFunction-AUWA\"> </a></td><td>work area information receiver</td><td><div><p>**Description:**Entities within specified work area authorized to receive patient health information.</p>\n</div></td><td>22903</td><td/><td>active</td></tr><tr><td>2</td><td style=\"white-space:nowrap\">\u00a0\u00a0_ConsenterParticipationFunction<a name=\"v3-ParticipationFunction-_ConsenterParticipationFunction\"> </a></td><td>ConsenterParticipationFunction</td><td><div><p>This code is used to specify the exact function an actor is authorized to have in authoring a consent directive.</p>\n</div></td><td>22339</td><td>true</td><td>active</td></tr><tr><td>3</td><td style=\"white-space:nowrap\">\u00a0\u00a0\u00a0\u00a0GRDCON<a name=\"v3-ParticipationFunction-GRDCON\"> </a></td><td>legal guardian consent author</td><td><div><p>**Description:**Legal guardian of the subject of consent authorized to author a consent directive for the subject of consent.</p>\n</div></td><td>22894</td><td/><td>active</td></tr><tr><td>3</td><td style=\"white-space:nowrap\">\u00a0\u00a0\u00a0\u00a0POACON<a name=\"v3-ParticipationFunction-POACON\"> </a></td><td>healthcare power of attorney consent author</td><td><div><p>**Description:**Person authorized with healthcare power of attorney to author a consent directive for the subject of consent.</p>\n</div></td><td>22896</td><td/><td>active</td></tr><tr><td>3</td><td style=\"white-space:nowrap\">\u00a0\u00a0\u00a0\u00a0PRCON<a name=\"v3-ParticipationFunction-PRCON\"> </a></td><td>personal representative consent author</td><td><div><p>**Description:**Personal representative of the subject of consent authorized to author a consent directive for the subject of consent.</p>\n</div></td><td>22895</td><td/><td>active</td></tr><tr><td>3</td><td style=\"white-space:nowrap\">\u00a0\u00a0\u00a0\u00a0PROMSK<a name=\"v3-ParticipationFunction-PROMSK\"> </a></td><td>authorized provider masking author</td><td><div><p>**Definition:**Provider authorized to mask information to protect the patient, a third party, or to ensure that the provider has consulted with the patient prior to release of this information.</p>\n</div></td><td>22897</td><td/><td>active</td></tr><tr><td>3</td><td style=\"white-space:nowrap\">\u00a0\u00a0\u00a0\u00a0SUBCON<a name=\"v3-ParticipationFunction-SUBCON\"> </a></td><td>subject of consent author</td><td><div><p>**Description:**Subject of consent authorized to author a consent directive.</p>\n</div></td><td>22893</td><td/><td>active</td></tr><tr><td>2</td><td style=\"white-space:nowrap\">\u00a0\u00a0_OverriderParticipationFunction<a name=\"v3-ParticipationFunction-_OverriderParticipationFunction\"> </a></td><td>OverriderParticipationFunction</td><td><div><p>This code is used to specify the exact function an actor is authorized to have in authoring a consent override.</p>\n</div></td><td>22340</td><td>true</td><td>active</td></tr><tr><td>3</td><td style=\"white-space:nowrap\">\u00a0\u00a0\u00a0\u00a0AUCOV<a name=\"v3-ParticipationFunction-AUCOV\"> </a></td><td>consent overrider</td><td><div><p>**Description:**Entity authorized to override a consent directive.</p>\n</div></td><td>22898</td><td/><td>active</td></tr><tr><td>3</td><td style=\"white-space:nowrap\">\u00a0\u00a0\u00a0\u00a0AUEMROV<a name=\"v3-ParticipationFunction-AUEMROV\"> </a></td><td>emergency overrider</td><td><div><p>**Description:**Entity authorized to override a consent directive or privacy policy in an emergency.</p>\n</div></td><td>22899</td><td/><td>active</td></tr><tr><td>1</td><td style=\"white-space:nowrap\">_CoverageParticipationFunction<a name=\"v3-ParticipationFunction-_CoverageParticipationFunction\"> </a></td><td>CoverageParticipationFunction</td><td><div><p><strong>Definition:</strong> Set of codes indicating the manner in which sponsors, underwriters, and payers participate in a policy or program.</p>\n</div></td><td>22222</td><td>true</td><td>active</td></tr><tr><td>2</td><td style=\"white-space:nowrap\">\u00a0\u00a0_PayorParticipationFunction<a name=\"v3-ParticipationFunction-_PayorParticipationFunction\"> </a></td><td>PayorParticipationFunction</td><td><div><p><strong>Definition:</strong> Set of codes indicating the manner in which payors participate in a policy or program.&lt;/</p>\n</div></td><td>22223</td><td>true</td><td>active</td></tr><tr><td>3</td><td style=\"white-space:nowrap\">\u00a0\u00a0\u00a0\u00a0CLMADJ<a name=\"v3-ParticipationFunction-CLMADJ\"> </a></td><td>claims adjudication</td><td><div><p><strong>Definition:</strong> Manages all operations required to adjudicate fee for service claims or managed care encounter reports.</p>\n</div></td><td>22226</td><td/><td>active</td></tr><tr><td>3</td><td style=\"white-space:nowrap\">\u00a0\u00a0\u00a0\u00a0ENROLL<a name=\"v3-ParticipationFunction-ENROLL\"> </a></td><td>enrollment broker</td><td><div><p><strong>Definition:</strong> Managing the enrollment of covered parties.</p>\n</div></td><td>22229</td><td/><td>active</td></tr><tr><td>3</td><td style=\"white-space:nowrap\">\u00a0\u00a0\u00a0\u00a0FFSMGT<a name=\"v3-ParticipationFunction-FFSMGT\"> </a></td><td>ffs management</td><td><div><p><strong>Definition:</strong> Managing all operations required to administer a fee for service or indemnity health plan including enrolling covered parties and providing customer service, provider contracting, claims payment, care management and utilization review.</p>\n</div></td><td>22228</td><td/><td>active</td></tr><tr><td>3</td><td style=\"white-space:nowrap\">\u00a0\u00a0\u00a0\u00a0MCMGT<a name=\"v3-ParticipationFunction-MCMGT\"> </a></td><td>managed care management</td><td><div><p><strong>Definition:</strong> Managing all operations required to administer a managed care plan including enrolling covered parties and providing customer service,, provider contracting, claims payment, care management and utilization review.</p>\n</div></td><td>22227</td><td/><td>active</td></tr><tr><td>3</td><td style=\"white-space:nowrap\">\u00a0\u00a0\u00a0\u00a0PROVMGT<a name=\"v3-ParticipationFunction-PROVMGT\"> </a></td><td>provider management</td><td><div><p><strong>Definition:</strong> Managing provider contracting, provider services, credentialing, profiling, performance measures, and ensuring network adequacy.</p>\n</div></td><td>22230</td><td/><td>active</td></tr><tr><td>3</td><td style=\"white-space:nowrap\">\u00a0\u00a0\u00a0\u00a0UMGT<a name=\"v3-ParticipationFunction-UMGT\"> </a></td><td>utilization management</td><td><div><p><strong>Definition:</strong> Managing utilization of services by ensuring that providers adhere to, e.g., payeraTMs clinical protocols for medical appropriateness and standards of medical necessity. May include management of authorizations for services and referrals.</p>\n</div></td><td>22231</td><td/><td>active</td></tr><tr><td>2</td><td style=\"white-space:nowrap\">\u00a0\u00a0_SponsorParticipationFunction<a name=\"v3-ParticipationFunction-_SponsorParticipationFunction\"> </a></td><td>SponsorParticipationFunction</td><td><div><p><strong>Definition:</strong> Set of codes indicating the manner in which sponsors participate in a policy or program. NOTE: use only when the Sponsor is not further specified with a SponsorRoleType as being either a fully insured sponsor or a self insured sponsor.</p>\n</div></td><td>22224</td><td>true</td><td>active</td></tr><tr><td>3</td><td style=\"white-space:nowrap\">\u00a0\u00a0\u00a0\u00a0FULINRD<a name=\"v3-ParticipationFunction-FULINRD\"> </a></td><td>fully insured</td><td><div><p><strong>Definition:</strong> Responsibility taken by a sponsor to contract with one or more underwriters for the assumption of full responsibility for the risk and administration of a policy or program.</p>\n</div></td><td>22232</td><td/><td>active</td></tr><tr><td>3</td><td style=\"white-space:nowrap\">\u00a0\u00a0\u00a0\u00a0SELFINRD<a name=\"v3-ParticipationFunction-SELFINRD\"> </a></td><td>self insured</td><td><div><p><strong>Definition:</strong> Responsibility taken by a sponsor to organize the underwriting of risk and administration of a policy or program.</p>\n</div></td><td>22233</td><td/><td>active</td></tr><tr><td>2</td><td style=\"white-space:nowrap\">\u00a0\u00a0_UnderwriterParticipationFunction<a name=\"v3-ParticipationFunction-_UnderwriterParticipationFunction\"> </a></td><td>UnderwriterParticipationFunction</td><td><div><p><strong>Definition:</strong> Set of codes indicating the manner in which underwriters participate in a policy or program.</p>\n</div></td><td>22225</td><td>true</td><td>active</td></tr><tr><td>3</td><td style=\"white-space:nowrap\">\u00a0\u00a0\u00a0\u00a0PAYORCNTR<a name=\"v3-ParticipationFunction-PAYORCNTR\"> </a></td><td>payor contracting</td><td><div><p><strong>Definition:</strong> Contracting for the provision and administration of health services to payors while retaining the risk for coverage. Contracting may be for all provision and administration; or for provision of certain types of services; for provision of services by region; and by types of administration, e.g., claims adjudication, enrollment, provider management, and utilization management. Typically done by underwriters for sponsors who need coverage provided to covered parties in multiple regions. The underwriter may act as the payor in some, but not all of the regions in which coverage is provided.</p>\n</div></td><td>22234</td><td/><td>active</td></tr><tr><td>3</td><td style=\"white-space:nowrap\">\u00a0\u00a0\u00a0\u00a0REINS<a name=\"v3-ParticipationFunction-REINS\"> </a></td><td>reinsures</td><td><div><p><strong>Definition:</strong> Underwriting reinsurance for another underwriter for the policy or program.</p>\n</div></td><td>22235</td><td/><td>active</td></tr><tr><td>3</td><td style=\"white-space:nowrap\">\u00a0\u00a0\u00a0\u00a0RETROCES<a name=\"v3-ParticipationFunction-RETROCES\"> </a></td><td>retrocessionaires</td><td><div><p><strong>Definition:</strong> Underwriting reinsurance for another reinsurer.</p>\n</div></td><td>22236</td><td/><td>active</td></tr><tr><td>3</td><td style=\"white-space:nowrap\">\u00a0\u00a0\u00a0\u00a0SUBCTRT<a name=\"v3-ParticipationFunction-SUBCTRT\"> </a></td><td>subcontracting risk</td><td><div><p><strong>Definition:</strong> Delegating risk for a policy or program to one or more subcontracting underwriters, e.g., a major health insurer may delegate risk for provision of coverage under a national health plan to other underwriters by region .</p>\n</div></td><td>22237</td><td/><td>active</td></tr><tr><td>3</td><td style=\"white-space:nowrap\">\u00a0\u00a0\u00a0\u00a0UNDERWRTNG<a name=\"v3-ParticipationFunction-UNDERWRTNG\"> </a></td><td>underwriting</td><td><div><p><strong>Definition:</strong> Provision of underwriting analysis for another underwriter without assumption of risk.</p>\n</div></td><td>22238</td><td/><td>active</td></tr><tr><td>1</td><td style=\"white-space:nowrap\">ADMPHYS<a name=\"v3-ParticipationFunction-ADMPHYS\"> </a></td><td>admitting physician</td><td><div><p>A physician who admitted a patient to a hospital or other care unit that is the context of this service.</p>\n</div></td><td>10278</td><td/><td>active</td></tr><tr><td>1</td><td style=\"white-space:nowrap\">ANEST<a name=\"v3-ParticipationFunction-ANEST\"> </a></td><td>anesthesist</td><td><div><p>In a typical anesthesia setting an anesthesiologist or anesthesia resident in charge of the anesthesia and life support, but only a witness to the surgical procedure itself. To clarify responsibilities anesthesia should always be represented as a separate service related to the surgery.</p>\n</div></td><td>10274</td><td/><td>active</td></tr><tr><td>1</td><td style=\"white-space:nowrap\">ANRS<a name=\"v3-ParticipationFunction-ANRS\"> </a></td><td>anesthesia nurse</td><td><div><p>In a typical anesthesia setting the nurse principally assisting the anesthesiologist during the critical periods.</p>\n</div></td><td>10275</td><td/><td>active</td></tr><tr><td>1</td><td style=\"white-space:nowrap\">ASSEMBLER<a name=\"v3-ParticipationFunction-ASSEMBLER\"> </a></td><td>assembly software</td><td><div><p>A device that operates independently of an author on custodian's algorithms for data extraction of existing information for purpose of generating a new artifact.</p>\n<p><em>UsageConstraint:</em> ASSEMBLER ParticipationFunction should be used with DEV (device) ParticipationType.</p>\n</div></td><td>23655</td><td/><td>active</td></tr><tr><td>1</td><td style=\"white-space:nowrap\">ATTPHYS<a name=\"v3-ParticipationFunction-ATTPHYS\"> </a></td><td>attending physician</td><td><div><p>A physician who is primarily responsible for a patient during the hospitalization, which is the context of the service.</p>\n</div></td><td>10277</td><td/><td>active</td></tr><tr><td>1</td><td style=\"white-space:nowrap\">COMPOSER<a name=\"v3-ParticipationFunction-COMPOSER\"> </a></td><td>composer software</td><td><div><p>A device used by an author to record new information, which may also be used by the author to select existing information for aggregation with newly recorded information for the purpose of generating a new artifact.</p>\n<p><em>UsageConstraint:</em> COMPOSER ParticipationFunction should be used with DEV (device) ParticipationType.</p>\n<p><em>Usage Note:</em> This code will enable implementers to more specifically represent the manner in which a Device participated in and facilitated the generation of a CDA Clinical Document or a CDA Entry by the responsible Author, which is comprised of the Author's newly entered content, and may include the pre-existing content selected by the Author, for the purpose of establishing the provenance and accountability for these acts.</p>\n</div></td><td>23722</td><td/><td>active</td></tr><tr><td>1</td><td style=\"white-space:nowrap\">DISPHYS<a name=\"v3-ParticipationFunction-DISPHYS\"> </a></td><td>discharging physician</td><td><div><p>A physician who discharged a patient from a hospital or other care unit that is the context of this service.</p>\n</div></td><td>10279</td><td/><td>active</td></tr><tr><td>1</td><td style=\"white-space:nowrap\">FASST<a name=\"v3-ParticipationFunction-FASST\"> </a></td><td>first assistant surgeon</td><td><div><p>In a typical surgery setting the assistant facing the primary surgeon. The first assistant performs parts of the operation and assists in others (e.g., incision, approach, electrocoutering, ligatures, sutures).</p>\n</div></td><td>10269</td><td/><td>active</td></tr><tr><td>1</td><td style=\"white-space:nowrap\">MDWF<a name=\"v3-ParticipationFunction-MDWF\"> </a></td><td>midwife</td><td><div><p>A person (usually female) helping a woman deliver a baby. Responsibilities vary locally, ranging from a mere optional assistant to a full required participant, responsible for (normal) births and pre- and post-natal care for both mother and baby.</p>\n</div></td><td>10276</td><td/><td>active</td></tr><tr><td>1</td><td style=\"white-space:nowrap\">NASST<a name=\"v3-ParticipationFunction-NASST\"> </a></td><td>nurse assistant</td><td><div><p>In a typical surgery setting the non-sterile nurse handles material supply from the stock, forwards specimen to pathology, and helps with other non-sterile tasks (e.g., phone calls, etc.).</p>\n</div></td><td>10273</td><td/><td>active</td></tr><tr><td>1</td><td style=\"white-space:nowrap\">PCP<a name=\"v3-ParticipationFunction-PCP\"> </a></td><td>primary care physician</td><td><div><p>The healthcare provider that holds primary responsibility for the overall care of a patient.</p>\n</div></td><td>10281</td><td/><td>active</td></tr><tr><td>1</td><td style=\"white-space:nowrap\">PRISURG<a name=\"v3-ParticipationFunction-PRISURG\"> </a></td><td>primary surgeon</td><td><div><p>In a typical surgery setting the primary performing surgeon.</p>\n</div></td><td>10268</td><td/><td>active</td></tr><tr><td>1</td><td style=\"white-space:nowrap\">REVIEWER<a name=\"v3-ParticipationFunction-REVIEWER\"> </a></td><td>reviewer</td><td><div><p>A verifier who is accountable for reviewing and asserting that the verification of an Act complies with jurisdictional or organizational policy.</p>\n<p><em>UsageConstraint:</em> UsageConstraint: Specifies the exact function that an actor is authorized to have as a verifier of an Act. Connotes that a specialized verifier asserts compliance for veracity of the review per jurisdictional or organizational policy. E.g., The Provider who takes responsibility for authenticity of a record submitted to a payer.</p>\n<p>REVIEW ParticipationFunction should be used with VFR (verifier)</p>\n</div></td><td>23656</td><td/><td>active</td></tr><tr><td>1</td><td style=\"white-space:nowrap\">RNDPHYS<a name=\"v3-ParticipationFunction-RNDPHYS\"> </a></td><td>rounding physician</td><td><div><p>A physician who made rounds on a patient in a hospital or other care center.</p>\n</div></td><td>10280</td><td/><td>active</td></tr><tr><td>1</td><td style=\"white-space:nowrap\">SASST<a name=\"v3-ParticipationFunction-SASST\"> </a></td><td>second assistant surgeon</td><td><div><p>In a typical surgery setting the assistant who primarily holds the hooks.</p>\n</div></td><td>10270</td><td/><td>active</td></tr><tr><td>1</td><td style=\"white-space:nowrap\">SNRS<a name=\"v3-ParticipationFunction-SNRS\"> </a></td><td>scrub nurse</td><td><div><p>In a typical surgery setting the nurse in charge of the instrumentation.</p>\n</div></td><td>10271</td><td/><td>active</td></tr><tr><td>1</td><td style=\"white-space:nowrap\">TASST<a name=\"v3-ParticipationFunction-TASST\"> </a></td><td>third assistant</td><td><div><p>In a typical surgery setting there is rarely a third assistant (e.g., in some Hip operations the third assistant postures the affected leg).</p>\n</div></td><td>10272</td><td/><td>active</td></tr></table></div>"},"url":"http://terminology.hl7.org/CodeSystem/v3-ParticipationFunction","identifier":[{"system":"urn:ietf:rfc:3986","value":"urn:oid:2.16.840.1.113883.5.88"}],"version":"0.1.0","name":"ParticipationFunction","title":"ParticipationFunction","status":"active","experimental":false,"date":"2019-03-20","publisher":"SatuSehat","contact":[{"name":"SatuSehat","telecom":[{"system":"url","value":"https://satusehat.kemkes.go.id/"},{"system":"email","value":"fhir@dto.kemkes.go.id"}]}],"description":"This code is used to specify the exact function an actor had in a service in all necessary detail. This domain may include local extensions (CWE).","copyright":"This material derives from the HL7 Terminology THO. THO is copyright ©1989+ Health Level Seven International and is made available under the CC0 designation. For more licensing information see: https://terminology.hl7.org/license","caseSensitive":true,"hierarchyMeaning":"is-a","content":"complete","property":[{"extension":[{"url":"http://terminology.hl7.org/StructureDefinition/ext-mif-relationship-symmetry","valueCode":"antisymmetric"},{"url":"http://terminology.hl7.org/StructureDefinition/ext-mif-relationship-transitivity","valueCode":"transitive"},{"url":"http://terminology.hl7.org/StructureDefinition/ext-mif-relationship-reflexivity","valueCode":"irreflexive"},{"url":"http://terminology.hl7.org/StructureDefinition/ext-mif-relationship-isNavigable","valueBoolean":true},{"url":"http://terminology.hl7.org/StructureDefinition/ext-mif-relationship-relationshipKind","valueCode":"Specializes"},{"url":"http://terminology.hl7.org/StructureDefinition/ext-mif-relationship-inverseName","valueString":"Generalizes"}],"code":"Specializes","description":"The child code is a more narrow version of the concept represented by the parent code.  I.e. Every child concept is also a valid parent concept.  Used to allow determination of subsumption.  Must be transitive, irreflexive, antisymmetric.","type":"Coding"},{"extension":[{"url":"http://terminology.hl7.org/StructureDefinition/ext-mif-relationship-symmetry","valueCode":"antisymmetric"},{"url":"http://terminology.hl7.org/StructureDefinition/ext-mif-relationship-transitivity","valueCode":"transitive"},{"url":"http://terminology.hl7.org/StructureDefinition/ext-mif-relationship-reflexivity","valueCode":"irreflexive"},{"url":"http://terminology.hl7.org/StructureDefinition/ext-mif-relationship-isNavigable","valueBoolean":true},{"url":"http://terminology.hl7.org/StructureDefinition/ext-mif-relationship-relationshipKind","valueCode":"Generalizes"},{"url":"http://terminology.hl7.org/StructureDefinition/ext-mif-relationship-inverseName","valueString":"Specializes"}],"code":"Generalizes","description":"Inverse of Specializes.  Only included as a derived relationship.","type":"Coding"},{"code":"internalId","uri":"http://terminology.hl7.org/CodeSystem/utg-concept-properties#v3-internal-id","description":"The internal identifier for the concept in the HL7 Access database repository.","type":"code"},{"code":"notSelectable","uri":"http://hl7.org/fhir/concept-properties#notSelectable","description":"Indicates that the code is abstract - only intended to be used as a selector for other concepts","type":"boolean"},{"code":"status","uri":"http://hl7.org/fhir/concept-properties#status","description":"Designation of a concept's state. Normally is not populated unless the state is retired.","type":"code"}],"concept":[{"code":"_AuthorizedParticipationFunction","display":"AuthorizedParticipationFunction","definition":"This code is used to specify the exact function an actor is authorized to have in a service in all necessary detail.","property":[{"code":"notSelectable","valueBoolean":true},{"code":"status","valueCode":"active"},{"code":"internalId","valueCode":"22338"}],"concept":[{"code":"_AuthorizedReceiverParticipationFunction","display":"AuthorizedReceiverParticipationFunction","definition":"This code is used to specify the exact function an actor is authorized to have as a receiver of information that is the subject of a consent directive or consent override.","property":[{"code":"notSelectable","valueBoolean":true},{"code":"status","valueCode":"active"},{"code":"internalId","valueCode":"22341"}],"concept":[{"code":"AUCG","display":"caregiver information receiver","definition":"**Description:**Caregiver authorized to receive patient health information.","property":[{"code":"status","valueCode":"active"},{"code":"internalId","valueCode":"22900"}]},{"code":"AULR","display":"legitimate relationship information receiver","definition":"**Description:**Provider with legitimate relationship authorized to receive patient health information.","property":[{"code":"status","valueCode":"active"},{"code":"internalId","valueCode":"22901"}]},{"code":"AUTM","display":"care team information receiver","definition":"**Description:**Member of care team authorized to receive patient health information.","property":[{"code":"status","valueCode":"active"},{"code":"internalId","valueCode":"22902"}]},{"code":"AUWA","display":"work area information receiver","definition":"**Description:**Entities within specified work area authorized to receive patient health information.","property":[{"code":"status","valueCode":"active"},{"code":"internalId","valueCode":"22903"}]}]},{"code":"_ConsenterParticipationFunction","display":"ConsenterParticipationFunction","definition":"This code is used to specify the exact function an actor is authorized to have in authoring a consent directive.","property":[{"code":"notSelectable","valueBoolean":true},{"code":"status","valueCode":"active"},{"code":"internalId","valueCode":"22339"}],"concept":[{"code":"GRDCON","display":"legal guardian consent author","definition":"**Description:**Legal guardian of the subject of consent authorized to author a consent directive for the subject of consent.","property":[{"code":"status","valueCode":"active"},{"code":"internalId","valueCode":"22894"}]},{"code":"POACON","display":"healthcare power of attorney consent author","definition":"**Description:**Person authorized with healthcare power of attorney to author a consent directive for the subject of consent.","property":[{"code":"status","valueCode":"active"},{"code":"internalId","valueCode":"22896"}]},{"code":"PRCON","display":"personal representative consent author","definition":"**Description:**Personal representative of the subject of consent authorized to author a consent directive for the subject of consent.","property":[{"code":"status","valueCode":"active"},{"code":"internalId","valueCode":"22895"}]},{"code":"PROMSK","display":"authorized provider masking author","definition":"**Definition:**Provider authorized to mask information to protect the patient, a third party, or to ensure that the provider has consulted with the patient prior to release of this information.","property":[{"code":"status","valueCode":"active"},{"code":"internalId","valueCode":"22897"}]},{"code":"SUBCON","display":"subject of consent author","definition":"**Description:**Subject of consent authorized to author a consent directive.","property":[{"code":"status","valueCode":"active"},{"code":"internalId","valueCode":"22893"}]}]},{"code":"_OverriderParticipationFunction","display":"OverriderParticipationFunction","definition":"This code is used to specify the exact function an actor is authorized to have in authoring a consent override.","property":[{"code":"notSelectable","valueBoolean":true},{"code":"status","valueCode":"active"},{"code":"internalId","valueCode":"22340"}],"concept":[{"code":"AUCOV","display":"consent overrider","definition":"**Description:**Entity authorized to override a consent directive.","property":[{"code":"status","valueCode":"active"},{"code":"internalId","valueCode":"22898"}]},{"code":"AUEMROV","display":"emergency overrider","definition":"**Description:**Entity authorized to override a consent directive or privacy policy in an emergency.","property":[{"code":"status","valueCode":"active"},{"code":"internalId","valueCode":"22899"}]}]}]},{"code":"_CoverageParticipationFunction","display":"CoverageParticipationFunction","definition":"**Definition:** Set of codes indicating the manner in which sponsors, underwriters, and payers participate in a policy or program.","property":[{"code":"notSelectable","valueBoolean":true},{"code":"status","valueCode":"active"},{"code":"internalId","valueCode":"22222"}],"concept":[{"code":"_PayorParticipationFunction","display":"PayorParticipationFunction","definition":"**Definition:** Set of codes indicating the manner in which payors participate in a policy or program.</","property":[{"code":"notSelectable","valueBoolean":true},{"code":"status","valueCode":"active"},{"code":"internalId","valueCode":"22223"}],"concept":[{"code":"CLMADJ","display":"claims adjudication","definition":"**Definition:** Manages all operations required to adjudicate fee for service claims or managed care encounter reports.","property":[{"code":"status","valueCode":"active"},{"code":"internalId","valueCode":"22226"}]},{"code":"ENROLL","display":"enrollment broker","definition":"**Definition:** Managing the enrollment of covered parties.","property":[{"code":"status","valueCode":"active"},{"code":"internalId","valueCode":"22229"}]},{"code":"FFSMGT","display":"ffs management","definition":"**Definition:** Managing all operations required to administer a fee for service or indemnity health plan including enrolling covered parties and providing customer service, provider contracting, claims payment, care management and utilization review.","property":[{"code":"status","valueCode":"active"},{"code":"internalId","valueCode":"22228"}]},{"code":"MCMGT","display":"managed care management","definition":"**Definition:** Managing all operations required to administer a managed care plan including enrolling covered parties and providing customer service,, provider contracting, claims payment, care management and utilization review.","property":[{"code":"status","valueCode":"active"},{"code":"internalId","valueCode":"22227"}]},{"code":"PROVMGT","display":"provider management","definition":"**Definition:** Managing provider contracting, provider services, credentialing, profiling, performance measures, and ensuring network adequacy.","property":[{"code":"status","valueCode":"active"},{"code":"internalId","valueCode":"22230"}]},{"code":"UMGT","display":"utilization management","definition":"**Definition:** Managing utilization of services by ensuring that providers adhere to, e.g., payeraTMs clinical protocols for medical appropriateness and standards of medical necessity. May include management of authorizations for services and referrals.","property":[{"code":"status","valueCode":"active"},{"code":"internalId","valueCode":"22231"}]}]},{"code":"_SponsorParticipationFunction","display":"SponsorParticipationFunction","definition":"**Definition:** Set of codes indicating the manner in which sponsors participate in a policy or program. NOTE: use only when the Sponsor is not further specified with a SponsorRoleType as being either a fully insured sponsor or a self insured sponsor.","property":[{"code":"notSelectable","valueBoolean":true},{"code":"status","valueCode":"active"},{"code":"internalId","valueCode":"22224"}],"concept":[{"code":"FULINRD","display":"fully insured","definition":"**Definition:** Responsibility taken by a sponsor to contract with one or more underwriters for the assumption of full responsibility for the risk and administration of a policy or program.","property":[{"code":"status","valueCode":"active"},{"code":"internalId","valueCode":"22232"}]},{"code":"SELFINRD","display":"self insured","definition":"**Definition:** Responsibility taken by a sponsor to organize the underwriting of risk and administration of a policy or program.","property":[{"code":"status","valueCode":"active"},{"code":"internalId","valueCode":"22233"}]}]},{"code":"_UnderwriterParticipationFunction","display":"UnderwriterParticipationFunction","definition":"**Definition:** Set of codes indicating the manner in which underwriters participate in a policy or program.","property":[{"code":"notSelectable","valueBoolean":true},{"code":"status","valueCode":"active"},{"code":"internalId","valueCode":"22225"}],"concept":[{"code":"PAYORCNTR","display":"payor contracting","definition":"**Definition:** Contracting for the provision and administration of health services to payors while retaining the risk for coverage. Contracting may be for all provision and administration; or for provision of certain types of services; for provision of services by region; and by types of administration, e.g., claims adjudication, enrollment, provider management, and utilization management. Typically done by underwriters for sponsors who need coverage provided to covered parties in multiple regions. The underwriter may act as the payor in some, but not all of the regions in which coverage is provided.","property":[{"code":"status","valueCode":"active"},{"code":"internalId","valueCode":"22234"}]},{"code":"REINS","display":"reinsures","definition":"**Definition:** Underwriting reinsurance for another underwriter for the policy or program.","property":[{"code":"status","valueCode":"active"},{"code":"internalId","valueCode":"22235"}]},{"code":"RETROCES","display":"retrocessionaires","definition":"**Definition:** Underwriting reinsurance for another reinsurer.","property":[{"code":"status","valueCode":"active"},{"code":"internalId","valueCode":"22236"}]},{"code":"SUBCTRT","display":"subcontracting risk","definition":"**Definition:** Delegating risk for a policy or program to one or more subcontracting underwriters, e.g., a major health insurer may delegate risk for provision of coverage under a national health plan to other underwriters by region .","property":[{"code":"status","valueCode":"active"},{"code":"internalId","valueCode":"22237"}]},{"code":"UNDERWRTNG","display":"underwriting","definition":"**Definition:** Provision of underwriting analysis for another underwriter without assumption of risk.","property":[{"code":"status","valueCode":"active"},{"code":"internalId","valueCode":"22238"}]}]}]},{"code":"ADMPHYS","display":"admitting physician","definition":"A physician who admitted a patient to a hospital or other care unit that is the context of this service.","property":[{"code":"status","valueCode":"active"},{"code":"internalId","valueCode":"10278"}]},{"code":"ANEST","display":"anesthesist","definition":"In a typical anesthesia setting an anesthesiologist or anesthesia resident in charge of the anesthesia and life support, but only a witness to the surgical procedure itself. To clarify responsibilities anesthesia should always be represented as a separate service related to the surgery.","property":[{"code":"status","valueCode":"active"},{"code":"internalId","valueCode":"10274"}]},{"code":"ANRS","display":"anesthesia nurse","definition":"In a typical anesthesia setting the nurse principally assisting the anesthesiologist during the critical periods.","property":[{"code":"status","valueCode":"active"},{"code":"internalId","valueCode":"10275"}]},{"code":"ASSEMBLER","display":"assembly software","definition":"A device that operates independently of an author on custodian's algorithms for data extraction of existing information for purpose of generating a new artifact.\r\n\r\n*UsageConstraint:* ASSEMBLER ParticipationFunction should be used with DEV (device) ParticipationType.","property":[{"code":"status","valueCode":"active"},{"code":"internalId","valueCode":"23655"}]},{"code":"ATTPHYS","display":"attending physician","definition":"A physician who is primarily responsible for a patient during the hospitalization, which is the context of the service.","property":[{"code":"status","valueCode":"active"},{"code":"internalId","valueCode":"10277"}]},{"code":"COMPOSER","display":"composer software","definition":"A device used by an author to record new information, which may also be used by the author to select existing information for aggregation with newly recorded information for the purpose of generating a new artifact.\r\n\r\n*UsageConstraint:* COMPOSER ParticipationFunction should be used with DEV (device) ParticipationType.\r\n\r\n*Usage Note:* This code will enable implementers to more specifically represent the manner in which a Device participated in and facilitated the generation of a CDA Clinical Document or a CDA Entry by the responsible Author, which is comprised of the Author's newly entered content, and may include the pre-existing content selected by the Author, for the purpose of establishing the provenance and accountability for these acts.","property":[{"code":"status","valueCode":"active"},{"code":"internalId","valueCode":"23722"}]},{"code":"DISPHYS","display":"discharging physician","definition":"A physician who discharged a patient from a hospital or other care unit that is the context of this service.","property":[{"code":"status","valueCode":"active"},{"code":"internalId","valueCode":"10279"}]},{"code":"FASST","display":"first assistant surgeon","definition":"In a typical surgery setting the assistant facing the primary surgeon. The first assistant performs parts of the operation and assists in others (e.g., incision, approach, electrocoutering, ligatures, sutures).","property":[{"code":"status","valueCode":"active"},{"code":"internalId","valueCode":"10269"}]},{"code":"MDWF","display":"midwife","definition":"A person (usually female) helping a woman deliver a baby. Responsibilities vary locally, ranging from a mere optional assistant to a full required participant, responsible for (normal) births and pre- and post-natal care for both mother and baby.","property":[{"code":"status","valueCode":"active"},{"code":"internalId","valueCode":"10276"}]},{"code":"NASST","display":"nurse assistant","definition":"In a typical surgery setting the non-sterile nurse handles material supply from the stock, forwards specimen to pathology, and helps with other non-sterile tasks (e.g., phone calls, etc.).","property":[{"code":"status","valueCode":"active"},{"code":"internalId","valueCode":"10273"}]},{"code":"PCP","display":"primary care physician","definition":"The healthcare provider that holds primary responsibility for the overall care of a patient.","property":[{"code":"status","valueCode":"active"},{"code":"internalId","valueCode":"10281"}]},{"code":"PRISURG","display":"primary surgeon","definition":"In a typical surgery setting the primary performing surgeon.","property":[{"code":"status","valueCode":"active"},{"code":"internalId","valueCode":"10268"}]},{"code":"REVIEWER","display":"reviewer","definition":"A verifier who is accountable for reviewing and asserting that the verification of an Act complies with jurisdictional or organizational policy.\r\n\r\n*UsageConstraint:* UsageConstraint: Specifies the exact function that an actor is authorized to have as a verifier of an Act. Connotes that a specialized verifier asserts compliance for veracity of the review per jurisdictional or organizational policy. E.g., The Provider who takes responsibility for authenticity of a record submitted to a payer.\r\n\r\nREVIEW ParticipationFunction should be used with VFR (verifier)","property":[{"code":"status","valueCode":"active"},{"code":"internalId","valueCode":"23656"}]},{"code":"RNDPHYS","display":"rounding physician","definition":"A physician who made rounds on a patient in a hospital or other care center.","property":[{"code":"status","valueCode":"active"},{"code":"internalId","valueCode":"10280"}]},{"code":"SASST","display":"second assistant surgeon","definition":"In a typical surgery setting the assistant who primarily holds the hooks.","property":[{"code":"status","valueCode":"active"},{"code":"internalId","valueCode":"10270"}]},{"code":"SNRS","display":"scrub nurse","definition":"In a typical surgery setting the nurse in charge of the instrumentation.","property":[{"code":"status","valueCode":"active"},{"code":"internalId","valueCode":"10271"}]},{"code":"TASST","display":"third assistant","definition":"In a typical surgery setting there is rarely a third assistant (e.g., in some Hip operations the third assistant postures the affected leg).","property":[{"code":"status","valueCode":"active"},{"code":"internalId","valueCode":"10272"}]}]}