{"resourceType":"CodeSystem","id":"v3-brazilianProcedureCodesSUS","text":{"status":"generated","div":"<div xmlns=\"http://www.w3.org/1999/xhtml\"><p>This case-sensitive code system <code>http://terminology.hl7.org/CodeSystem/v3-brazilianProcedureCodesSUS</code> defines codes, but no codes are represented here</p></div>"},"url":"http://terminology.hl7.org/CodeSystem/v3-brazilianProcedureCodesSUS","identifier":[{"system":"urn:ietf:rfc:3986","value":"urn:oid:2.16.840.1.113883.2.21.10"}],"version":"0.1.0","name":"BrazilianProcedureCodesSUS","title":"Brazilian Procedure Codes SUS","status":"retired","experimental":false,"date":"2021-11-09T10:00:00+10:00","publisher":"SatuSehat","contact":[{"name":"SatuSehat","telecom":[{"system":"url","value":"https://satusehat.kemkes.go.id/"},{"system":"email","value":"fhir@dto.kemkes.go.id"}]}],"description":"Brazilian Procedure Codes used in the National Health System","caseSensitive":true,"content":"not-present"}