{"resourceType":"CodeSystem","id":"EncounterLocationServiceClassInpatient","text":{"status":"generated","div":"<div xmlns=\"http://www.w3.org/1999/xhtml\"><p>This  code system <code>http://terminology.kemkes.go.id/CodeSystem/locationServiceClass-Inpatient</code> defines the following codes:</p><table class=\"codes\"><tr><td style=\"white-space:nowrap\"><b>Code</b></td><td><b>Display</b></td></tr><tr><td style=\"white-space:nowrap\">1<a name=\"EncounterLocationServiceClassInpatient-1\"> </a></td><td>Kelas 1</td></tr><tr><td style=\"white-space:nowrap\">2<a name=\"EncounterLocationServiceClassInpatient-2\"> </a></td><td>Kelas 2</td></tr><tr><td style=\"white-space:nowrap\">3<a name=\"EncounterLocationServiceClassInpatient-3\"> </a></td><td>Kelas 3</td></tr><tr><td style=\"white-space:nowrap\">vip<a name=\"EncounterLocationServiceClassInpatient-vip\"> </a></td><td>Kelas VIP</td></tr><tr><td style=\"white-space:nowrap\">vvip<a name=\"EncounterLocationServiceClassInpatient-vvip\"> </a></td><td>Kelas VVIP</td></tr></table></div>"},"url":"http://terminology.kemkes.go.id/CodeSystem/locationServiceClass-Inpatient","version":"0.1.0","name":"EncounterLocationServiceClassInpatient","title":"Encounter Location ServiceClass Inpatient","status":"active","date":"2024-05-23T10:54:59+07:00","publisher":"Thomas Chaidir","contact":[{"name":"Thomas Chaidir","telecom":[{"system":"url","value":"https://satusehat.kemkes.go.id/"}]}],"description":"Local ID encounter location ServiceClass Inpatient","valueSet":"http://terminology.kemkes.go.id/CodeSystem/locationServiceClass-Inpatient","content":"complete","count":5,"concept":[{"code":"1","display":"Kelas 1"},{"code":"2","display":"Kelas 2"},{"code":"3","display":"Kelas 3"},{"code":"vip","display":"Kelas VIP"},{"code":"vvip","display":"Kelas VVIP"}]}