{"resourceType":"CodeSystem","id":"MeSH","text":{"status":"generated","div":"<div xmlns=\"http://www.w3.org/1999/xhtml\"><p>This case-sensitive code system <code>https://www.nlm.nih.gov/mesh</code> defines codes, but no codes are represented here</p></div>"},"url":"https://www.nlm.nih.gov/mesh","identifier":[{"system":"urn:ietf:rfc:3986","value":"urn:oid:2.16.840.1.113883.6.177"}],"version":"0.1.0","name":"MeSH","title":"Medical Subject Headings","status":"active","experimental":false,"date":"2021-06-29T00:00:00-04:00","publisher":"SatuSehat","contact":[{"name":"SatuSehat","telecom":[{"system":"url","value":"https://satusehat.kemkes.go.id/"},{"system":"email","value":"fhir@dto.kemkes.go.id"}]}],"description":"The Medical Subject Headings (MeSH) thesaurus is a controlled and hierarchically-organized vocabulary produced by the National Library of Medicine. It is used for indexing, cataloging, and searching of biomedical and health-related information. MeSH includes the subject headings appearing in MEDLINE/PubMed, the NLM Catalog, and other NLM databases.\r\n\r\nMeSH can be downloaded from https://www.nlm.nih.gov/databases/download/mesh.html\r\n\r\nMeSH can be browsed here: https://meshb.nlm.nih.gov/search","caseSensitive":true,"content":"not-present"}