{"resourceType":"CodeSystem","id":"NCPDPPrescriptionOriginCode","text":{"status":"generated","div":"<div xmlns=\"http://www.w3.org/1999/xhtml\"><p>This case-sensitive code system <code>http://terminology.hl7.org/CodeSystem/NCPDPPrescriptionOriginCode</code> defines codes, but no codes are represented here</p></div>"},"url":"http://terminology.hl7.org/CodeSystem/NCPDPPrescriptionOriginCode","version":"0.1.0","name":"NCPDPPrescriptionOriginCode","title":"NCPDP Prescription Origin Code","status":"active","experimental":false,"date":"2021-03-10T00:00:00-04:00","publisher":"SatuSehat","contact":[{"name":"SatuSehat","telecom":[{"system":"url","value":"https://satusehat.kemkes.go.id/"},{"system":"email","value":"fhir@dto.kemkes.go.id"}]}],"description":"Code indicating the origin of the prescription. Indicates whether the prescription was transmitted as an electronic prescription, by phone, by fax, or as a written paper copy.","caseSensitive":true,"content":"not-present"}