{"resourceType":"CodeSystem","id":"hcp-lan-apm-framework","text":{"status":"generated","div":"<div xmlns=\"http://www.w3.org/1999/xhtml\"><p>This case-sensitive code system <code>http://terminology.hl7.org/CodeSystem/hcp-lan-apm-framework</code> defines codes, but no codes are represented here</p></div>"},"url":"http://terminology.hl7.org/CodeSystem/hcp-lan-apm-framework","version":"0.1.0","name":"LAN_APM_Framework","title":"The Health Care Payment Learning and Action Network (HCPLAN) Alternative Payment Model (APM) Framework Categories","status":"active","experimental":false,"date":"2024-03-04T00:00:00-00:00","publisher":"SatuSehat","contact":[{"name":"SatuSehat","telecom":[{"system":"url","value":"https://satusehat.kemkes.go.id/"},{"system":"email","value":"fhir@dto.kemkes.go.id"}]}],"description":"\"The Health Care Payment Learning and Action Network (HCPLAN or LAN) [https://hcp-lan.org/](https://hcp-lan.org/) is a public-private partnership established in 2015 by the US Department of Health and Human Services (HHS) to accelerate the transition to value-based payment models in the US healthcare system.\"\r\n\r\n   \"The  Framework represents payments from public and private payers to provider organizations (including payments between the payment and delivery arms of highly integrated health systems). It is designed to accommodate payments in multiple categories that are made by a single payer, as well as single provider organizations that receive payments in different categories—potentially from the same payer.\"\r\n\r\n   \"Since the original APM Framework White Paper was released in January 2016, it has become the foundation for implementing APMs and evaluating progress toward health care payment reform. Payers, providers, and purchasers have all used the APM Framework to better understand the payment reform landscape and to set goals for participation in APMs, and health care stakeholders have used the APM Framework to identify common goals for transforming the nation’s health care system. Overall, the APM Framework’s classification system has been adopted by the health care ecosystem.\"\r\n\r\n   \"The LAN APM Framework represents a continuum of payment approaches across four Categories.\"\r\n\r\n  Initial version of the APM Framework White Paper was published in 2016. The updated version of the White Paper was published in 2017.\r\n\r\n  For more information, please see [https://hcp-lan.org/workproducts/apm-refresh-whitepaper-final.pdf](https://hcp-lan.org/workproducts/apm-refresh-whitepaper-final.pdf)","copyright":"\"The LAN APM Framework White Payer and the APM Framework categories defined in the white paper are in the public domain and are free to use without restriction.","caseSensitive":true,"content":"not-present"}