{"resourceType":"CodeSystem","id":"KemkesImmunizationStatusReasonCS","meta":{"versionId":"2","lastUpdated":"2023-11-09T13:31:14.515+07:00"},"language":"Indonesia","text":{"status":"generated","div":"<div xmlns=\"http://www.w3.org/1999/xhtml\" xml:lang=\"Indonesia\" lang=\"Indonesia\"><p>This case-sensitive code system <code>http://terminology.kemkes.go.id/CodeSystem/immunization-statusReason</code> defines the following codes in a Is-A heirarchy:</p><table class=\"codes\"><tr><td style=\"white-space:nowrap\"><b>Code</b></td><td><b>Display</b></td></tr><tr><td style=\"white-space:nowrap\">IS000001<a name=\"KemkesImmunizationStatusReasonCS-IS000001\"> </a></td><td>Tunda</td></tr><tr><td style=\"white-space:nowrap\">IS000002<a name=\"KemkesImmunizationStatusReasonCS-IS000002\"> </a></td><td>Tidak Diberikan</td></tr></table></div>"},"url":"http://terminology.kemkes.go.id/CodeSystem/immunization-statusReason","version":"0.1.0","name":"KemkesImmunizationStatusReasonCS","title":"Terminology Kemkes immunization statusReason CodeSystem","status":"active","experimental":false,"date":"2024-02-05T00:00:00.000Z","publisher":"Thomas Chaidir","contact":[{"name":"Thomas Chaidir","telecom":[{"system":"url","value":"https://satusehat.kemkes.go.id/"}]}],"description":"Terminology Kemkes immunization statusReason  CodeSystem","caseSensitive":true,"valueSet":"http://terminology.kemkes.go.id/ValueSet/immunization-statusReason","hierarchyMeaning":"is-a","compositional":false,"versionNeeded":true,"content":"complete","count":2,"concept":[{"code":"IS000001","display":"Tunda"},{"code":"IS000002","display":"Tidak Diberikan"}]}