{"resourceType":"CodeSystem","id":"v3-ParticipationType","language":"en","text":{"status":"generated","div":"<div xml:lang=\"en\" xmlns=\"http://www.w3.org/1999/xhtml\" lang=\"en\"><p><b>Properties</b></p><p><b>This code system  defines the following properties for its concepts</b></p><table class=\"grid\"><tr><td><b>Code</b></td><td><b>URI</b></td><td><b>Type</b></td><td><b>Description</b></td></tr><tr><td>Specializes</td><td/><td>Coding</td><td>The child code is a more narrow version of the concept represented by the parent code.  I.e. Every child concept is also a valid parent concept.  Used to allow determination of subsumption.  Must be transitive, irreflexive, antisymmetric.</td></tr><tr><td>Generalizes</td><td/><td>Coding</td><td>Inverse of Specializes.  Only included as a derived relationship.</td></tr><tr><td>internalId</td><td>http://terminology.hl7.org/CodeSystem/utg-concept-properties#v3-internal-id</td><td>code</td><td>The internal identifier for the concept in the HL7 Access database repository.</td></tr><tr><td>status</td><td>http://hl7.org/fhir/concept-properties#status</td><td>code</td><td>Designation of a concept's state.  Normally is not populated unless the state is retired..</td></tr><tr><td>conductible</td><td>http://terminology.hl7.org/CodeSystem/utg-concept-properties#rim-conductible</td><td>boolean</td><td>If true, indicates that ActRelationships or Participations of the specified type (and any specializations thereof) will normally conduct. For more usage information, refer to the Core Principles specification.</td></tr><tr><td>Name:Act:participation:Participation</td><td>http://terminology.hl7.org/CodeSystem/utg-concept-properties#rim-participation</td><td>code</td><td>Name of relationship from Act to Participation</td></tr><tr><td>Name:Role:participation:Participation</td><td>http://terminology.hl7.org/CodeSystem/utg-concept-properties#rim-Role-participation</td><td>code</td><td>Name of relationship from Role to Participation</td></tr><tr><td>Sort:Act:participation:Participation</td><td>http://terminology.hl7.org/CodeSystem/utg-concept-properties#rim-Act-participation-sort</td><td>code</td><td>Sort key for relationship from Act to Participation</td></tr><tr><td>Sort:Role:participation:Participation</td><td>http://terminology.hl7.org/CodeSystem/utg-concept-properties#rim-Role-participation-sort</td><td>code</td><td>Sort key for relationship from Role to Participation</td></tr><tr><td>isDocumentCharacteristic</td><td>http://terminology.hl7.org/CodeSystem/utg-concept-properties#rim-document-characteristic</td><td>boolean</td><td>If true, indicates that the Act attribute or association (as represented by a typeCode for eaither ActRelationship or Pareticipation is a descriptor of the document (record) represented by the act object. If false, indicates the property is a descriptor of the action itself, actual, intended, or potential.  Applies to interpretation of attributes and associations with respect to changes in the value of Act.actionNegationInd and Act.moodCode. (See descriptions of these attributes for further discussion.) For example, in an order, the id attribute [isDocumentCharacteristic = true] is an identifier of the record of the order, not an identifier of the intended event.  On the other hand, the code attribute [isDocumentCharacteristic = false] describes a characteristic of the intended event.</td></tr><tr><td>HL7usageNotes</td><td>http://terminology.hl7.org/CodeSystem/utg-concept-properties#HL7usageNotes</td><td>string</td><td>HL7 Concept Usage Notes</td></tr><tr><td>notSelectable</td><td>http://hl7.org/fhir/concept-properties#notSelectable</td><td>boolean</td><td>Indicates that the code is abstract - only intended to be used as a selector for other concepts</td></tr></table><p><b>Concepts</b></p><p>This case-sensitive code system <code>http://terminology.hl7.org/CodeSystem/v3-ParticipationType</code> defines the following codes in a Is-A heirarchy:</p><table class=\"codes\"><tr><td><b>Lvl</b></td><td style=\"white-space:nowrap\"><b>Code</b></td><td><b>Display</b></td><td><b>Definition</b></td><td><b>internalId</b></td><td><b>status</b></td><td><b>conductible</b></td><td><b>Name:Act:participation:Participation</b></td><td><b>Name:Role:participation:Participation</b></td><td><b>Sort:Act:participation:Participation</b></td><td><b>Sort:Role:participation:Participation</b></td><td><b>isDocumentCharacteristic</b></td><td><b>HL7 Concept Usage Notes</b></td><td><b>Not Selectable</b></td></tr><tr><td>1</td><td style=\"white-space:nowrap\">PART<a name=\"v3-ParticipationType-PART\"> </a></td><td>Participation</td><td><div><p>Indicates that the target of the participation is involved in some manner in the act, but does not qualify how.</p>\n</div></td><td>21573</td><td>active</td><td/><td/><td/><td/><td/><td/><td/><td/></tr><tr><td>2</td><td style=\"white-space:nowrap\">\u00a0\u00a0_ParticipationAncillary<a name=\"v3-ParticipationType-_ParticipationAncillary\"> </a></td><td>ParticipationAncillary</td><td><div><p>Participations related, but not primary to an act. The Referring, Admitting, and Discharging practitioners must be the same person as those authoring the ControlAct event for their respective trigger events.</p>\n</div></td><td>21110</td><td>active</td><td>false</td><td>ancillaryRole</td><td>participation</td><td>F________</td><td>F________</td><td/><td/><td>true</td></tr><tr><td>3</td><td style=\"white-space:nowrap\">\u00a0\u00a0\u00a0\u00a0ADM<a name=\"v3-ParticipationType-ADM\"> </a></td><td>admitter</td><td><div><p>The practitioner who is responsible for admitting a patient to a patient encounter.</p>\n</div></td><td>16845</td><td>active</td><td>false</td><td>admitter</td><td>admission</td><td>FA_______</td><td>FA_______</td><td/><td/><td/></tr><tr><td>3</td><td style=\"white-space:nowrap\">\u00a0\u00a0\u00a0\u00a0ATND<a name=\"v3-ParticipationType-ATND\"> </a></td><td>attender</td><td><div><p>The practitioner that has responsibility for overseeing a patient's care during a patient encounter.</p>\n</div></td><td>16843</td><td>active</td><td>false</td><td>attender</td><td>attenderOf</td><td>FB_______</td><td>FB_______</td><td/><td/><td/></tr><tr><td>3</td><td style=\"white-space:nowrap\">\u00a0\u00a0\u00a0\u00a0CALLBCK<a name=\"v3-ParticipationType-CALLBCK\"> </a></td><td>callback contact</td><td><div><p>A person or organization who should be contacted for follow-up questions about the act in place of the author.</p>\n</div></td><td>21385</td><td>active</td><td>false</td><td>callBackContact</td><td>callBackAvailability</td><td>FF_______</td><td>FF_______</td><td/><td/><td/></tr><tr><td>3</td><td style=\"white-space:nowrap\">\u00a0\u00a0\u00a0\u00a0CON<a name=\"v3-ParticipationType-CON\"> </a></td><td>consultant</td><td><div><p>An advisor participating in the service by performing evaluations and making recommendations.</p>\n</div></td><td>10256</td><td>active</td><td>false</td><td>consultant</td><td>consultation</td><td>FE_______</td><td>FE_______</td><td/><td/><td/></tr><tr><td>3</td><td style=\"white-space:nowrap\">\u00a0\u00a0\u00a0\u00a0DIS<a name=\"v3-ParticipationType-DIS\"> </a></td><td>discharger</td><td><div><p>The practitioner who is responsible for the discharge of a patient from a patient encounter.</p>\n</div></td><td>16844</td><td>active</td><td>false</td><td>discharger</td><td>discharge</td><td>FC_______</td><td>FC_______</td><td/><td/><td/></tr><tr><td>3</td><td style=\"white-space:nowrap\">\u00a0\u00a0\u00a0\u00a0ESC<a name=\"v3-ParticipationType-ESC\"> </a></td><td>escort</td><td><div><p>Only with Transportation services. A person who escorts the patient.</p>\n</div></td><td>10250</td><td>active</td><td>false</td><td>escort</td><td>escort</td><td>FG_______</td><td>FG_______</td><td/><td/><td/></tr><tr><td>3</td><td style=\"white-space:nowrap\">\u00a0\u00a0\u00a0\u00a0REF<a name=\"v3-ParticipationType-REF\"> </a></td><td>referrer</td><td><div><p>A person having referred the subject of the service to the performer (referring physician). Typically, a referring physician will receive a report.</p>\n</div></td><td>10264</td><td>active</td><td>false</td><td>referrer</td><td>referral</td><td>FD_______</td><td>FD_______</td><td/><td/><td/></tr><tr><td>2</td><td style=\"white-space:nowrap\">\u00a0\u00a0_ParticipationInformationGenerator<a name=\"v3-ParticipationType-_ParticipationInformationGenerator\"> </a></td><td>ParticipationInformationGenerator</td><td><div><p>Parties that may or should contribute or have contributed information to the Act. Such information includes information leading to the decision to perform the Act and how to perform the Act (e.g., consultant), information that the Act itself seeks to reveal (e.g., informant of clinical history), or information about what Act was performed (e.g., informant witness).</p>\n</div></td><td>21111</td><td>active</td><td>true</td><td>informationOriginator</td><td>origination</td><td>E________</td><td>E________</td><td>true</td><td/><td>true</td></tr><tr><td>3</td><td style=\"white-space:nowrap\">\u00a0\u00a0\u00a0\u00a0AUT<a name=\"v3-ParticipationType-AUT\"> </a></td><td>author (originator)</td><td><div><p><strong>Definition:</strong> A party that originates the Act and therefore has responsibility for the information given in the Act and ownership of this Act.</p>\n<p><strong>Example:</strong> the report writer, the person writing the act definition, the guideline author, the placer of an order, the EKG cart (device) creating a report etc. Every Act should have an author. Authorship is regardless of mood always actual authorship.</p>\n<p>Examples of such policies might include:</p>\n<ul>\n<li>The author and anyone they explicitly delegate may update the report;</li>\n<li>All administrators within the same clinic may cancel and reschedule appointments created by other administrators within that clinic;</li>\n</ul>\n<p>A party that is neither an author nor a party who is extended authorship maintenance rights by policy, may only amend, reverse, override, replace, or follow up in other ways on this Act, whereby the Act remains intact and is linked to another Act authored by that other party.</p>\n</div></td><td>10252</td><td>active</td><td>true</td><td>author</td><td>origination</td><td>EA_______</td><td>EA_______</td><td>true</td><td/><td/></tr><tr><td>3</td><td style=\"white-space:nowrap\">\u00a0\u00a0\u00a0\u00a0INF<a name=\"v3-ParticipationType-INF\"> </a></td><td>informant</td><td><div><p>A source of reported information (e.g., a next of kin who answers questions about the patient's history). For history questions, the patient is logically an informant, yet the informant of history questions is implicitly the subject.</p>\n</div></td><td>10254</td><td>active</td><td>true</td><td>informant</td><td>informationGiven</td><td>EC_______</td><td>EC_______</td><td>true</td><td/><td/></tr><tr><td>3</td><td style=\"white-space:nowrap\">\u00a0\u00a0\u00a0\u00a0TRANS<a name=\"v3-ParticipationType-TRANS\"> </a></td><td>Transcriber</td><td><div><p>An entity entering the data into the originating system. The data entry entity is collected optionally for internal quality control purposes. This includes the transcriptionist for dictated text transcribed into electronic form.</p>\n</div></td><td>21463</td><td>active</td><td>true</td><td>transcriber</td><td>transcription</td><td>EB_______</td><td>EB_______</td><td>true</td><td/><td/></tr><tr><td>4</td><td style=\"white-space:nowrap\">\u00a0\u00a0\u00a0\u00a0\u00a0\u00a0ENT<a name=\"v3-ParticipationType-ENT\"> </a></td><td>data entry person</td><td><div><p>A person entering the data into the originating system. The data entry person is collected optionally for internal quality control purposes. This includes the transcriptionist for dictated text.</p>\n</div></td><td>10253</td><td>active</td><td>true</td><td>dataEnterer</td><td>dataEntry</td><td>EBB______</td><td>EBB______</td><td>true</td><td/><td/></tr><tr><td>3</td><td style=\"white-space:nowrap\">\u00a0\u00a0\u00a0\u00a0WIT<a name=\"v3-ParticipationType-WIT\"> </a></td><td>witness</td><td><div><p>Only with service events. A person witnessing the action happening without doing anything. A witness is not necessarily aware, much less approves of anything stated in the service event. Example for a witness is students watching an operation or an advanced directive witness.</p>\n</div></td><td>10260</td><td>active</td><td>true</td><td>witness</td><td>witness</td><td>ED_______</td><td>ED_______</td><td>true</td><td/><td/></tr><tr><td>3</td><td style=\"white-space:nowrap\">\u00a0\u00a0\u00a0\u00a0NOTARY<a name=\"v3-ParticipationType-NOTARY\"> </a></td><td>notary</td><td><div><p>The entity (person or organization) who legally attests that the information present in the Act is a true replica of an original.</p>\n</div></td><td>110260</td><td>active</td><td>true</td><td>notary</td><td>notarization</td><td>EE_______</td><td>EE_______</td><td>true</td><td/><td/></tr><tr><td>2</td><td style=\"white-space:nowrap\">\u00a0\u00a0CST<a name=\"v3-ParticipationType-CST\"> </a></td><td>custodian</td><td><div><p>An entity (person, organization or device) that is in charge of maintaining the information of this act (e.g., who maintains the report or the master service catalog item, etc.).</p>\n</div></td><td>10266</td><td>active</td><td>true</td><td>custodian</td><td>custodianship</td><td>G________</td><td>G________</td><td>true</td><td/><td/></tr><tr><td>2</td><td style=\"white-space:nowrap\">\u00a0\u00a0DIR<a name=\"v3-ParticipationType-DIR\"> </a></td><td>direct target</td><td><div><p>Target participant that is substantially present in the act and which is directly involved in the action (includes consumed material, devices, etc.).</p>\n</div></td><td>10286</td><td>active</td><td>true</td><td>directTarget</td><td>directTargetOf</td><td>A________</td><td>A________</td><td/><td/><td/></tr><tr><td>3</td><td style=\"white-space:nowrap\">\u00a0\u00a0\u00a0\u00a0ALY<a name=\"v3-ParticipationType-ALY\"> </a></td><td>analyte</td><td><div><p>The target of an Observation action. Links an observation to a Role whose player is the substance or most specific component entity (material, micro-organism, etc.) being measured within the subject.</p>\n<p><em>Examples:</em> A &quot;plasma porcelain substance concentration&quot; has analyte a Role with player substance Entity &quot;porcelain&quot;.</p>\n<p><em>UsageNotes:</em> The Role that this participation connects to may be any Role whose player is that substance measured. Very often, the scoper may indicate the system in which the component is being measured. E.g., for &quot;plasma porcelain&quot; the scoper could be &quot;Plasma&quot;.</p>\n</div></td><td>23093</td><td>active</td><td>true</td><td>analyte</td><td>analyzedBy</td><td>AAB______</td><td>AAB______</td><td/><td>The Role that this participation connects to may be any Role whose player is that substance measured. Very often, the scoper may indicate the system in which the component is being measured. E.g., for &quot;plasma porcelain&quot; the scoper could be &quot;Plasma&quot;.</td><td/></tr><tr><td>3</td><td style=\"white-space:nowrap\">\u00a0\u00a0\u00a0\u00a0BBY<a name=\"v3-ParticipationType-BBY\"> </a></td><td>baby</td><td><div><p>In an obstetric service, the baby.</p>\n</div></td><td>10293</td><td>active</td><td>true</td><td>baby</td><td>babyOf</td><td>AB_______</td><td>AB_______</td><td/><td/><td/></tr><tr><td>3</td><td style=\"white-space:nowrap\">\u00a0\u00a0\u00a0\u00a0CAT<a name=\"v3-ParticipationType-CAT\"> </a></td><td>catalyst</td><td><div><p>The catalyst of a chemical reaction, such as an enzyme or a platinum surface. In biochemical reactions, connects the enzyme with the molecular interaction</p>\n</div></td><td>23094</td><td>active</td><td>true</td><td>catalyst</td><td>catalystOf</td><td>AA_______</td><td>AA_______</td><td/><td/><td/></tr><tr><td>3</td><td style=\"white-space:nowrap\">\u00a0\u00a0\u00a0\u00a0CSM<a name=\"v3-ParticipationType-CSM\"> </a></td><td>consumable</td><td><div><p>Participant material that is taken up, diminished, altered, or disappears in the act.</p>\n</div></td><td>10296</td><td>active</td><td>true</td><td>consumable</td><td>consumedIn</td><td>AE_______</td><td>AE_______</td><td/><td/><td/></tr><tr style=\"background-color: #ffeeee\"><td>4</td><td style=\"white-space:nowrap\">\u00a0\u00a0\u00a0\u00a0\u00a0\u00a0TPA<a name=\"v3-ParticipationType-TPA\"> </a></td><td>therapeutic agent</td><td><div><p>Something incorporated in the subject of a therapy service to achieve a physiologic effect (e.g., heal, relieve, provoke a condition, etc.) on the subject. In an administration service the therapeutic agent is a consumable, in a preparation or dispense service, it is a product. Thus, consumable or product must be specified in accordance with the kind of service.</p>\n</div></td><td>10297</td><td>retired</td><td>true</td><td/><td/><td/><td/><td/><td/><td/></tr><tr><td>3</td><td style=\"white-space:nowrap\">\u00a0\u00a0\u00a0\u00a0DEV<a name=\"v3-ParticipationType-DEV\"> </a></td><td>device</td><td><div><p>Participant used in performing the act without being substantially affected by the act (i.e. durable or inert with respect to that particular service).</p>\n<p><em>Examples:</em> monitoring equipment, tools, but also access/drainage lines, prostheses, pace maker, etc.</p>\n</div></td><td>10298</td><td>active</td><td>true</td><td>device</td><td>deviceOf</td><td>AD_______</td><td>AD_______</td><td/><td/><td/></tr><tr><td>4</td><td style=\"white-space:nowrap\">\u00a0\u00a0\u00a0\u00a0\u00a0\u00a0NRD<a name=\"v3-ParticipationType-NRD\"> </a></td><td>non-reuseable device</td><td><div><p>A device that changes ownership due to the service, e.g., a pacemaker, a prosthesis, an insulin injection equipment (pen), etc. Such material may need to be restocked after he service.</p>\n</div></td><td>10299</td><td>active</td><td>true</td><td>nonReusableDevice</td><td>nonReusableDeviceOf</td><td>ADB______</td><td>ADB______</td><td/><td/><td/></tr><tr><td>4</td><td style=\"white-space:nowrap\">\u00a0\u00a0\u00a0\u00a0\u00a0\u00a0RDV<a name=\"v3-ParticipationType-RDV\"> </a></td><td>reusable device</td><td><div><p>A device that does not change ownership due to the service, i.e., a surgical instrument or tool or an endoscope. The distinction between reuseable and non-reuseable must be made in order to know whether material must be re-stocked.</p>\n</div></td><td>10300</td><td>active</td><td>true</td><td>reusableDevice</td><td>reusableDeviceOf</td><td>ADA______</td><td>ADA______</td><td/><td/><td/></tr><tr><td>3</td><td style=\"white-space:nowrap\">\u00a0\u00a0\u00a0\u00a0DON<a name=\"v3-ParticipationType-DON\"> </a></td><td>donor</td><td><div><p>In some organ transplantation services and rarely in transfusion services a donor will be a target participant in the service. However, in most cases transplantation is decomposed in three services: explantation, transport, and implantation. The identity of the donor (recipient) is often irrelevant for the explantation (implantation) service.</p>\n</div></td><td>10291</td><td>active</td><td>true</td><td>organDonor</td><td>organDonation</td><td>AC_______</td><td>AC_______</td><td/><td/><td/></tr><tr><td>3</td><td style=\"white-space:nowrap\">\u00a0\u00a0\u00a0\u00a0EXPAGNT<a name=\"v3-ParticipationType-EXPAGNT\"> </a></td><td>ExposureAgent</td><td><div><p><strong>Description:</strong> The entity playing the associated role is the physical (including energy), chemical or biological substance that is participating in the exposure. For example in communicable diseases, the associated playing entity is the disease causing pathogen.</p>\n</div></td><td>22347</td><td>active</td><td>true</td><td/><td/><td/><td/><td/><td/><td/></tr><tr><td>3</td><td style=\"white-space:nowrap\">\u00a0\u00a0\u00a0\u00a0EXPART<a name=\"v3-ParticipationType-EXPART\"> </a></td><td>ExposureParticipation</td><td><div><p>**Description:**Direct participation in an exposure act where it is unknown that the participant is the source or subject of the exposure. If the participant is known to be the contact of an exposure then the SBJ participation type should be used. If the participant is known to be the source then the EXSRC participation type should be used.</p>\n</div></td><td>21978</td><td>active</td><td>true</td><td/><td/><td/><td/><td/><td/><td/></tr><tr><td>4</td><td style=\"white-space:nowrap\">\u00a0\u00a0\u00a0\u00a0\u00a0\u00a0EXPTRGT<a name=\"v3-ParticipationType-EXPTRGT\"> </a></td><td>ExposureTarget</td><td><div><p><strong>Description:</strong> The entity playing the associated role is the target (contact) of exposure.</p>\n</div></td><td>22346</td><td>active</td><td>true</td><td/><td/><td/><td/><td/><td/><td/></tr><tr><td>4</td><td style=\"white-space:nowrap\">\u00a0\u00a0\u00a0\u00a0\u00a0\u00a0EXSRC<a name=\"v3-ParticipationType-EXSRC\"> </a></td><td>ExposureSource</td><td><div><p>**Description:**The entity playing the associated role is the source of exposure.</p>\n</div></td><td>21979</td><td>active</td><td>true</td><td/><td/><td/><td/><td/><td/><td/></tr><tr><td>3</td><td style=\"white-space:nowrap\">\u00a0\u00a0\u00a0\u00a0PRD<a name=\"v3-ParticipationType-PRD\"> </a></td><td>product</td><td><div><p>Participant material that is brought forth (produced) in the act (e.g., specimen in a specimen collection, access or drainage in a placement service, medication package in a dispense service). It does not matter whether the material produced had existence prior to the service, or whether it is created in the service (e.g., in supply services the product is taken from a stock).</p>\n</div></td><td>10295</td><td>active</td><td>true</td><td>product</td><td>productOf</td><td>AF_______</td><td>AF_______</td><td/><td/><td/></tr><tr><td>3</td><td style=\"white-space:nowrap\">\u00a0\u00a0\u00a0\u00a0SBJ<a name=\"v3-ParticipationType-SBJ\"> </a></td><td>subject</td><td><div><p>The principle target on which the action happens.</p>\n<p><em>Examples:</em> The patient in physical examination, a specimen in a lab observation. May also be a patient's family member (teaching) or a device or room (cleaning, disinfecting, housekeeping).</p>\n<p><em>UsageNotes:</em> Not all direct targets are subjects. Consumables and devices used as tools for an act are not subjects. However, a device may be a subject of a maintenance action.</p>\n</div></td><td>10287</td><td>active</td><td>true</td><td>subject</td><td>subjectOf</td><td>AA_______</td><td>AA_______</td><td/><td>Not all direct targets are subjects. Consumables and devices used as tools for an act are not subjects. However, a device may be a subject of a maintenance action.</td><td/></tr><tr><td>4</td><td style=\"white-space:nowrap\">\u00a0\u00a0\u00a0\u00a0\u00a0\u00a0SPC<a name=\"v3-ParticipationType-SPC\"> </a></td><td>specimen</td><td><div><p>The subject of non-clinical (e.g. laboratory) observation services is a specimen.</p>\n</div></td><td>10294</td><td>active</td><td>true</td><td>specimen</td><td>specimenOf</td><td>AAA______</td><td>AAA______</td><td/><td/><td/></tr><tr><td>2</td><td style=\"white-space:nowrap\">\u00a0\u00a0IND<a name=\"v3-ParticipationType-IND\"> </a></td><td>indirect target</td><td><div><p>Target that is not substantially present in the act and which is not directly affected by the act, but which will be a focus of the record or documentation of the act.</p>\n</div></td><td>19032</td><td>active</td><td>true</td><td>indirectTarget</td><td>indirectTargetOf</td><td>B________</td><td>B________</td><td/><td/><td/></tr><tr><td>3</td><td style=\"white-space:nowrap\">\u00a0\u00a0\u00a0\u00a0BEN<a name=\"v3-ParticipationType-BEN\"> </a></td><td>beneficiary</td><td><div><p>Target on behalf of whom the service happens, but that is not necessarily present in the service. Can occur together with direct target to indicate that a target is both, as in the case where the patient is the indirect beneficiary of a service rendered to a family member, e.g. counseling or given home care instructions. This concept includes a participant, such as a covered party, who derives benefits from a service act covered by a coverage act.</p>\n<p>Note that the semantic role of the intended recipient who benefits from the happening denoted by the verb in the clause. Thus, a patient who has no coverage under a policy or program may be a beneficiary of a health service while not being the beneficiary of coverage for that service.</p>\n</div></td><td>10288</td><td>active</td><td>true</td><td>beneficiary</td><td>beneficiaryOf</td><td>BC_______</td><td>BC_______</td><td/><td/><td/></tr><tr><td>3</td><td style=\"white-space:nowrap\">\u00a0\u00a0\u00a0\u00a0CAGNT<a name=\"v3-ParticipationType-CAGNT\"> </a></td><td>causative agent</td><td><div><p>Definition: A factor, such as a microorganism, chemical substance, or form of radiation, whose presence, excessive presence, or (in deficiency diseases) relative absence is essential, in whole or in part, for the occurrence of a condition.</p>\n<p>Constraint: The use of this participation is limited to observations.</p>\n</div></td><td>21639</td><td>active</td><td>true</td><td/><td/><td/><td/><td/><td/><td/></tr><tr><td>3</td><td style=\"white-space:nowrap\">\u00a0\u00a0\u00a0\u00a0COV<a name=\"v3-ParticipationType-COV\"> </a></td><td>coverage target</td><td><div><p>The target participation for an individual in a health care coverage act in which the target role is either the policy holder of the coverage, or a covered party under the coverage.</p>\n</div></td><td>14017</td><td>active</td><td>true</td><td>coveredParty</td><td>coveredPartyOf</td><td>BB_______</td><td>BB_______</td><td/><td/><td/></tr><tr><td>3</td><td style=\"white-space:nowrap\">\u00a0\u00a0\u00a0\u00a0GUAR<a name=\"v3-ParticipationType-GUAR\"> </a></td><td>guarantor party</td><td><div><p>The target person or organization contractually recognized by the issuer as a participant who has assumed fiscal responsibility for another personaTMs financial obligations by guaranteeing to pay for amounts owed to a particular account</p>\n<p>*Example:*The subscriber of the patientaTMs health insurance policy signs a contract with the provider to be fiscally responsible for the patient billing account balance amount owed.</p>\n</div></td><td>21570</td><td>active</td><td>true</td><td/><td/><td/><td/><td/><td/><td/></tr><tr><td>3</td><td style=\"white-space:nowrap\">\u00a0\u00a0\u00a0\u00a0HLD<a name=\"v3-ParticipationType-HLD\"> </a></td><td>holder</td><td><div><p>Participant who posses an instrument such as a financial contract (insurance policy) usually based on some agreement with the author.</p>\n</div></td><td>16751</td><td>active</td><td>true</td><td>holder</td><td>contractHeld</td><td>BE_______</td><td>BE_______</td><td/><td/><td/></tr><tr><td>3</td><td style=\"white-space:nowrap\">\u00a0\u00a0\u00a0\u00a0RCT<a name=\"v3-ParticipationType-RCT\"> </a></td><td>record target</td><td><div><p>The record target indicates whose medical record holds the documentation of this act. This is especially important when the subject of a service is not the patient himself.</p>\n</div></td><td>10289</td><td>active</td><td>true</td><td>recordTarget</td><td>recordTargetOf</td><td>BA_______</td><td>BA_______</td><td/><td/><td/></tr><tr><td>3</td><td style=\"white-space:nowrap\">\u00a0\u00a0\u00a0\u00a0RCV<a name=\"v3-ParticipationType-RCV\"> </a></td><td>receiver</td><td><div><p>The person (or organization) who receives the product of an Act.</p>\n</div></td><td>13974</td><td>active</td><td>true</td><td>receiver</td><td>receiverOf</td><td>BD_______</td><td>BD_______</td><td/><td/><td/></tr><tr><td>2</td><td style=\"white-space:nowrap\">\u00a0\u00a0IRCP<a name=\"v3-ParticipationType-IRCP\"> </a></td><td>information recipient</td><td><div><p>A party, who may or should receive or who has recieved the Act or subsequent or derivative information of that Act. Information recipient is inert, i.e., independent of mood.&quot; Rationale: this is a generalization of a too diverse family that the definition can't be any more specific, and the concept is abstract so one of the specializations should be used.</p>\n</div></td><td>10263</td><td>active</td><td>true</td><td>informationRecipient</td><td>informationReceived</td><td>H________</td><td>H________</td><td>true</td><td/><td/></tr><tr><td>3</td><td style=\"white-space:nowrap\">\u00a0\u00a0\u00a0\u00a0NOT<a name=\"v3-ParticipationType-NOT\"> </a></td><td>ugent notification contact</td><td><div><p>An information recipient to notify for urgent matters about this Act. (e.g., in a laboratory order, critical results are being called by phone right away, this is the contact to call; or for an inpatient encounter, a next of kin to notify when the patient becomes critically ill).</p>\n</div></td><td>19057</td><td>active</td><td>true</td><td>notificationContact</td><td>contactFor</td><td>HE_______</td><td>HE_______</td><td>true</td><td/><td/></tr><tr><td>3</td><td style=\"white-space:nowrap\">\u00a0\u00a0\u00a0\u00a0PRCP<a name=\"v3-ParticipationType-PRCP\"> </a></td><td>primary information recipient</td><td><div><p>Information recipient to whom an act statement is primarily directed. E.g., a primary care provider receiving a discharge letter from a hospitalist, a health department receiving information on a suspected case of infectious disease. Multiple of these participations may exist on the same act without requiring that recipients be ranked as primary vs. secondary.</p>\n</div></td><td>19055</td><td>active</td><td>true</td><td>primaryInformationRecipient</td><td>informationReceived</td><td>HA_______</td><td>HA_______</td><td>true</td><td/><td/></tr><tr><td>3</td><td style=\"white-space:nowrap\">\u00a0\u00a0\u00a0\u00a0REFB<a name=\"v3-ParticipationType-REFB\"> </a></td><td>Referred By</td><td><div><p>A participant (e.g. provider) who has referred the subject of an act (e.g. patient).</p>\n<p>Typically, a referred by participant will provide a report (e.g. referral).</p>\n</div></td><td>20842</td><td>active</td><td>true</td><td>subjectReferrer</td><td>subjectReferral</td><td>HC_______</td><td>HC_______</td><td>true</td><td/><td/></tr><tr><td>3</td><td style=\"white-space:nowrap\">\u00a0\u00a0\u00a0\u00a0REFT<a name=\"v3-ParticipationType-REFT\"> </a></td><td>Referred to</td><td><div><p>The person who receives the patient</p>\n</div></td><td>18116</td><td>active</td><td>true</td><td>subjectReferredTo</td><td>referral</td><td>HD_______</td><td>HD_______</td><td>true</td><td/><td/></tr><tr><td>3</td><td style=\"white-space:nowrap\">\u00a0\u00a0\u00a0\u00a0TRC<a name=\"v3-ParticipationType-TRC\"> </a></td><td>tracker</td><td><div><p>A secondary information recipient, who receives copies (e.g., a primary care provider receiving copies of results as ordered by specialist).</p>\n</div></td><td>10265</td><td>active</td><td>true</td><td>tracker</td><td>tracking</td><td>HB_______</td><td>HB_______</td><td>true</td><td/><td/></tr><tr><td>2</td><td style=\"white-space:nowrap\">\u00a0\u00a0LOC<a name=\"v3-ParticipationType-LOC\"> </a></td><td>location</td><td><div><p>The facility where the service is done. May be a static building (or room therein) or a moving location (e.g., ambulance, helicopter, aircraft, train, truck, ship, etc.)</p>\n</div></td><td>10302</td><td>active</td><td>true</td><td>location</td><td>locationOf</td><td>J________</td><td>J________</td><td/><td/><td/></tr><tr><td>3</td><td style=\"white-space:nowrap\">\u00a0\u00a0\u00a0\u00a0DST<a name=\"v3-ParticipationType-DST\"> </a></td><td>destination</td><td><div><p>The destination for services. May be a static building (or room therein) or a movable facility (e.g., ship).</p>\n</div></td><td>10304</td><td>active</td><td>true</td><td>destination</td><td>destinationOf</td><td>JC_______</td><td>JC_______</td><td/><td/><td/></tr><tr><td>3</td><td style=\"white-space:nowrap\">\u00a0\u00a0\u00a0\u00a0ELOC<a name=\"v3-ParticipationType-ELOC\"> </a></td><td>entry location</td><td><div><p>A location where data about an Act was entered.</p>\n</div></td><td>13973</td><td>active</td><td>true</td><td>dataEntryLocation</td><td>dataEntryLocationOf</td><td>JD_______</td><td>JD_______</td><td/><td/><td/></tr><tr><td>3</td><td style=\"white-space:nowrap\">\u00a0\u00a0\u00a0\u00a0ORG<a name=\"v3-ParticipationType-ORG\"> </a></td><td>origin</td><td><div><p>The location of origin for services. May be a static building (or room therein) or a movable facility (e.g., ship).</p>\n</div></td><td>10303</td><td>active</td><td>true</td><td>origin</td><td>originOf</td><td>JA_______</td><td>JA_______</td><td/><td/><td/></tr><tr><td>3</td><td style=\"white-space:nowrap\">\u00a0\u00a0\u00a0\u00a0RML<a name=\"v3-ParticipationType-RML\"> </a></td><td>remote</td><td><div><p>Some services take place at multiple concurrent locations (e.g., telemedicine, telephone consultation). The location where the principal performing actor is located is taken as the primary location (LOC) while the other location(s) are considered &quot;remote.&quot;</p>\n</div></td><td>10306</td><td>active</td><td>true</td><td>remoteLocation</td><td>remoteLocationOf</td><td>JE_______</td><td>JE_______</td><td/><td/><td/></tr><tr><td>3</td><td style=\"white-space:nowrap\">\u00a0\u00a0\u00a0\u00a0VIA<a name=\"v3-ParticipationType-VIA\"> </a></td><td>via</td><td><div><p>For services, an intermediate location that specifies a path between origin an destination.</p>\n</div></td><td>10305</td><td>active</td><td>true</td><td>via</td><td>viaOf</td><td>JB_______</td><td>JB_______</td><td/><td/><td/></tr><tr><td>2</td><td style=\"white-space:nowrap\">\u00a0\u00a0PRF<a name=\"v3-ParticipationType-PRF\"> </a></td><td>performer</td><td><div><p><strong>Definition:</strong> A person, non-person living subject, organization or device that who actually and principally carries out the action. Device should only be assigned as a performer in circumstances where the device is performing independent of human intervention. Need not be the principal responsible actor.</p>\n<p><strong>Exampe:</strong> A surgery resident operating under supervision of attending surgeon, a search and rescue dog locating survivors, an electronic laboratory analyzer or the laboratory discipline requested to perform a laboratory test. The performer may also be the patient in self-care, e.g. fingerstick blood sugar. The traditional order filler is a performer. This information should accompany every service event.</p>\n<p><strong>Note:</strong> that existing HL7 designs assign an organization as the playing entity of the Role that is the performer. These designs should be revised in subsequent releases to make this the scooping entity for the role involved.</p>\n</div></td><td>10248</td><td>active</td><td>true</td><td>performer</td><td>performance</td><td>D________</td><td>D________</td><td/><td/><td/></tr><tr><td>3</td><td style=\"white-space:nowrap\">\u00a0\u00a0\u00a0\u00a0DIST<a name=\"v3-ParticipationType-DIST\"> </a></td><td>distributor</td><td><div><p>Distributes material used in or generated during the act.</p>\n</div></td><td>19063</td><td>active</td><td>true</td><td>distributer</td><td>distributed</td><td>DC_______</td><td>DC_______</td><td/><td/><td/></tr><tr><td>3</td><td style=\"white-space:nowrap\">\u00a0\u00a0\u00a0\u00a0PPRF<a name=\"v3-ParticipationType-PPRF\"> </a></td><td>primary performer</td><td><div><p>The principal or primary performer of the act.</p>\n</div></td><td>19064</td><td>active</td><td>true</td><td>primaryPerformer</td><td>performance</td><td>DA_______</td><td>DA_______</td><td/><td/><td/></tr><tr><td>3</td><td style=\"white-space:nowrap\">\u00a0\u00a0\u00a0\u00a0SPRF<a name=\"v3-ParticipationType-SPRF\"> </a></td><td>secondary performer</td><td><div><p>A person assisting in an act through his substantial presence and involvement This includes: assistants, technicians, associates, or whatever the job titles may be.</p>\n</div></td><td>19065</td><td>active</td><td>true</td><td>secondaryPerformer</td><td>performance</td><td>DB_______</td><td>DB_______</td><td/><td/><td/></tr><tr><td>2</td><td style=\"white-space:nowrap\">\u00a0\u00a0RESP<a name=\"v3-ParticipationType-RESP\"> </a></td><td>responsible party</td><td><div><p>The person or organization that has primary responsibility for the act. The responsible party is not necessarily present in an action, but is accountable for the action through the power to delegate, and the duty to review actions with the performing actor after the fact. This responsibility may be ethical, legal, contractual, fiscal, or fiduciary in nature.</p>\n<p><em>Example:</em> A person who is the head of a biochemical laboratory; a sponsor for a policy or government program.</p>\n</div></td><td>17931</td><td>active</td><td>true</td><td>responsibleParty</td><td>responsibleFor</td><td>C________</td><td>C________</td><td>true</td><td/><td/></tr><tr><td>2</td><td style=\"white-space:nowrap\">\u00a0\u00a0VRF<a name=\"v3-ParticipationType-VRF\"> </a></td><td>verifier</td><td><div><p>A person who verifies the correctness and appropriateness of the service (plan, order, event, etc.) and hence takes on accountability.</p>\n</div></td><td>10259</td><td>active</td><td>true</td><td>verifier</td><td>verification</td><td>I________</td><td>I________</td><td>true</td><td/><td/></tr><tr><td>3</td><td style=\"white-space:nowrap\">\u00a0\u00a0\u00a0\u00a0AUTHEN<a name=\"v3-ParticipationType-AUTHEN\"> </a></td><td>authenticator</td><td><div><p>A verifier who attests to the accuracy of an act, but who does not have privileges to legally authenticate the act. An example would be a resident physician who sees a patient and dictates a note, then later signs it. Their signature constitutes an authentication.</p>\n</div></td><td>19072</td><td>active</td><td>true</td><td>authenticator</td><td>authenticated</td><td>IB_______</td><td>IB_______</td><td>true</td><td/><td/></tr><tr><td>3</td><td style=\"white-space:nowrap\">\u00a0\u00a0\u00a0\u00a0LA<a name=\"v3-ParticipationType-LA\"> </a></td><td>legal authenticator</td><td><div><p>A verifier who legally authenticates the accuracy of an act. An example would be a staff physician who sees a patient and dictates a note, then later signs it. Their signature constitutes a legal authentication.</p>\n</div></td><td>19073</td><td>active</td><td>true</td><td>legalAuthenticator</td><td>legallyAuthenticated</td><td>IA_______</td><td>IA_______</td><td>true</td><td/><td/></tr></table></div>"},"url":"http://terminology.hl7.org/CodeSystem/v3-ParticipationType","identifier":[{"system":"urn:ietf:rfc:3986","value":"urn:oid:2.16.840.1.113883.5.90"}],"version":"0.1.0","name":"ParticipationType","title":"ParticipationType","status":"active","experimental":false,"date":"2019-03-20","publisher":"SatuSehat","contact":[{"name":"SatuSehat","telecom":[{"system":"url","value":"https://satusehat.kemkes.go.id/"},{"system":"email","value":"fhir@dto.kemkes.go.id"}]}],"description":"A code specifying the meaning and purpose of every Participation instance. Each of its values implies specific constraints on the Roles undertaking the participation.","copyright":"This material derives from the HL7 Terminology THO. THO is copyright ©1989+ Health Level Seven International and is made available under the CC0 designation. For more licensing information see: https://terminology.hl7.org/license","caseSensitive":true,"hierarchyMeaning":"is-a","content":"complete","property":[{"extension":[{"url":"http://terminology.hl7.org/StructureDefinition/ext-mif-relationship-symmetry","valueCode":"antisymmetric"},{"url":"http://terminology.hl7.org/StructureDefinition/ext-mif-relationship-transitivity","valueCode":"transitive"},{"url":"http://terminology.hl7.org/StructureDefinition/ext-mif-relationship-reflexivity","valueCode":"irreflexive"},{"url":"http://terminology.hl7.org/StructureDefinition/ext-mif-relationship-isNavigable","valueBoolean":true},{"url":"http://terminology.hl7.org/StructureDefinition/ext-mif-relationship-relationshipKind","valueCode":"Specializes"},{"url":"http://terminology.hl7.org/StructureDefinition/ext-mif-relationship-inverseName","valueString":"Generalizes"}],"code":"Specializes","description":"The child code is a more narrow version of the concept represented by the parent code.  I.e. Every child concept is also a valid parent concept.  Used to allow determination of subsumption.  Must be transitive, irreflexive, antisymmetric.","type":"Coding"},{"extension":[{"url":"http://terminology.hl7.org/StructureDefinition/ext-mif-relationship-symmetry","valueCode":"antisymmetric"},{"url":"http://terminology.hl7.org/StructureDefinition/ext-mif-relationship-transitivity","valueCode":"transitive"},{"url":"http://terminology.hl7.org/StructureDefinition/ext-mif-relationship-reflexivity","valueCode":"irreflexive"},{"url":"http://terminology.hl7.org/StructureDefinition/ext-mif-relationship-isNavigable","valueBoolean":true},{"url":"http://terminology.hl7.org/StructureDefinition/ext-mif-relationship-relationshipKind","valueCode":"Generalizes"},{"url":"http://terminology.hl7.org/StructureDefinition/ext-mif-relationship-inverseName","valueString":"Specializes"}],"code":"Generalizes","description":"Inverse of Specializes.  Only included as a derived relationship.","type":"Coding"},{"code":"internalId","uri":"http://terminology.hl7.org/CodeSystem/utg-concept-properties#v3-internal-id","description":"The internal identifier for the concept in the HL7 Access database repository.","type":"code"},{"code":"status","uri":"http://hl7.org/fhir/concept-properties#status","description":"Designation of a concept's state.  Normally is not populated unless the state is retired..","type":"code"},{"code":"conductible","uri":"http://terminology.hl7.org/CodeSystem/utg-concept-properties#rim-conductible","description":"If true, indicates that ActRelationships or Participations of the specified type (and any specializations thereof) will normally conduct. For more usage information, refer to the Core Principles specification.","type":"boolean"},{"code":"Name:Act:participation:Participation","uri":"http://terminology.hl7.org/CodeSystem/utg-concept-properties#rim-participation","description":"Name of relationship from Act to Participation","type":"code"},{"code":"Name:Role:participation:Participation","uri":"http://terminology.hl7.org/CodeSystem/utg-concept-properties#rim-Role-participation","description":"Name of relationship from Role to Participation","type":"code"},{"code":"Sort:Act:participation:Participation","uri":"http://terminology.hl7.org/CodeSystem/utg-concept-properties#rim-Act-participation-sort","description":"Sort key for relationship from Act to Participation","type":"code"},{"code":"Sort:Role:participation:Participation","uri":"http://terminology.hl7.org/CodeSystem/utg-concept-properties#rim-Role-participation-sort","description":"Sort key for relationship from Role to Participation","type":"code"},{"code":"isDocumentCharacteristic","uri":"http://terminology.hl7.org/CodeSystem/utg-concept-properties#rim-document-characteristic","description":"If true, indicates that the Act attribute or association (as represented by a typeCode for eaither ActRelationship or Pareticipation is a descriptor of the document (record) represented by the act object. If false, indicates the property is a descriptor of the action itself, actual, intended, or potential.  Applies to interpretation of attributes and associations with respect to changes in the value of Act.actionNegationInd and Act.moodCode. (See descriptions of these attributes for further discussion.) For example, in an order, the id attribute [isDocumentCharacteristic = true] is an identifier of the record of the order, not an identifier of the intended event.  On the other hand, the code attribute [isDocumentCharacteristic = false] describes a characteristic of the intended event.","type":"boolean"},{"code":"HL7usageNotes","uri":"http://terminology.hl7.org/CodeSystem/utg-concept-properties#HL7usageNotes","description":"HL7 Concept Usage Notes","type":"string"},{"code":"notSelectable","uri":"http://hl7.org/fhir/concept-properties#notSelectable","description":"Indicates that the code is abstract - only intended to be used as a selector for other concepts","type":"boolean"}],"concept":[{"code":"PART","display":"Participation","definition":"Indicates that the target of the participation is involved in some manner in the act, but does not qualify how.","property":[{"code":"status","valueCode":"active"},{"code":"internalId","valueCode":"21573"}],"concept":[{"code":"_ParticipationAncillary","display":"ParticipationAncillary","definition":"Participations related, but not primary to an act. The Referring, Admitting, and Discharging practitioners must be the same person as those authoring the ControlAct event for their respective trigger events.","property":[{"code":"notSelectable","valueBoolean":true},{"code":"status","valueCode":"active"},{"code":"internalId","valueCode":"21110"},{"code":"conductible","valueBoolean":false},{"code":"Name:Act:participation:Participation","valueCode":"ancillaryRole"},{"code":"Name:Role:participation:Participation","valueCode":"participation"},{"code":"Sort:Act:participation:Participation","valueCode":"F________"},{"code":"Sort:Role:participation:Participation","valueCode":"F________"}],"concept":[{"code":"ADM","display":"admitter","definition":"The practitioner who is responsible for admitting a patient to a patient encounter.","property":[{"code":"status","valueCode":"active"},{"code":"internalId","valueCode":"16845"},{"code":"Name:Act:participation:Participation","valueCode":"admitter"},{"code":"Name:Role:participation:Participation","valueCode":"admission"},{"code":"Sort:Act:participation:Participation","valueCode":"FA_______"},{"code":"Sort:Role:participation:Participation","valueCode":"FA_______"},{"code":"conductible","valueBoolean":false}]},{"code":"ATND","display":"attender","definition":"The practitioner that has responsibility for overseeing a patient's care during a patient encounter.","property":[{"code":"status","valueCode":"active"},{"code":"internalId","valueCode":"16843"},{"code":"Name:Act:participation:Participation","valueCode":"attender"},{"code":"Name:Role:participation:Participation","valueCode":"attenderOf"},{"code":"Sort:Act:participation:Participation","valueCode":"FB_______"},{"code":"Sort:Role:participation:Participation","valueCode":"FB_______"},{"code":"conductible","valueBoolean":false}]},{"code":"CALLBCK","display":"callback contact","definition":"A person or organization who should be contacted for follow-up questions about the act in place of the author.","property":[{"code":"status","valueCode":"active"},{"code":"internalId","valueCode":"21385"},{"code":"Name:Act:participation:Participation","valueCode":"callBackContact"},{"code":"Name:Role:participation:Participation","valueCode":"callBackAvailability"},{"code":"Sort:Act:participation:Participation","valueCode":"FF_______"},{"code":"Sort:Role:participation:Participation","valueCode":"FF_______"},{"code":"conductible","valueBoolean":false}]},{"code":"CON","display":"consultant","definition":"An advisor participating in the service by performing evaluations and making recommendations.","property":[{"code":"status","valueCode":"active"},{"code":"internalId","valueCode":"10256"},{"code":"Name:Act:participation:Participation","valueCode":"consultant"},{"code":"Name:Role:participation:Participation","valueCode":"consultation"},{"code":"Sort:Act:participation:Participation","valueCode":"FE_______"},{"code":"Sort:Role:participation:Participation","valueCode":"FE_______"},{"code":"conductible","valueBoolean":false}]},{"code":"DIS","display":"discharger","definition":"The practitioner who is responsible for the discharge of a patient from a patient encounter.","property":[{"code":"status","valueCode":"active"},{"code":"internalId","valueCode":"16844"},{"code":"Name:Act:participation:Participation","valueCode":"discharger"},{"code":"Name:Role:participation:Participation","valueCode":"discharge"},{"code":"Sort:Act:participation:Participation","valueCode":"FC_______"},{"code":"Sort:Role:participation:Participation","valueCode":"FC_______"},{"code":"conductible","valueBoolean":false}]},{"code":"ESC","display":"escort","definition":"Only with Transportation services. A person who escorts the patient.","property":[{"code":"status","valueCode":"active"},{"code":"internalId","valueCode":"10250"},{"code":"Name:Act:participation:Participation","valueCode":"escort"},{"code":"Name:Role:participation:Participation","valueCode":"escort"},{"code":"Sort:Act:participation:Participation","valueCode":"FG_______"},{"code":"Sort:Role:participation:Participation","valueCode":"FG_______"},{"code":"conductible","valueBoolean":false}]},{"code":"REF","display":"referrer","definition":"A person having referred the subject of the service to the performer (referring physician). Typically, a referring physician will receive a report.","property":[{"code":"status","valueCode":"active"},{"code":"internalId","valueCode":"10264"},{"code":"Name:Act:participation:Participation","valueCode":"referrer"},{"code":"Name:Role:participation:Participation","valueCode":"referral"},{"code":"Sort:Act:participation:Participation","valueCode":"FD_______"},{"code":"Sort:Role:participation:Participation","valueCode":"FD_______"},{"code":"conductible","valueBoolean":false}]}]},{"code":"_ParticipationInformationGenerator","display":"ParticipationInformationGenerator","definition":"Parties that may or should contribute or have contributed information to the Act. Such information includes information leading to the decision to perform the Act and how to perform the Act (e.g., consultant), information that the Act itself seeks to reveal (e.g., informant of clinical history), or information about what Act was performed (e.g., informant witness).","property":[{"code":"notSelectable","valueBoolean":true},{"code":"status","valueCode":"active"},{"code":"internalId","valueCode":"21111"},{"code":"conductible","valueBoolean":true},{"code":"isDocumentCharacteristic","valueBoolean":true},{"code":"Name:Act:participation:Participation","valueCode":"informationOriginator"},{"code":"Name:Role:participation:Participation","valueCode":"origination"},{"code":"Sort:Act:participation:Participation","valueCode":"E________"},{"code":"Sort:Role:participation:Participation","valueCode":"E________"}],"concept":[{"code":"AUT","display":"author (originator)","definition":"**Definition:** A party that originates the Act and therefore has responsibility for the information given in the Act and ownership of this Act.\r\n\r\n**Example:** the report writer, the person writing the act definition, the guideline author, the placer of an order, the EKG cart (device) creating a report etc. Every Act should have an author. Authorship is regardless of mood always actual authorship.\r\n\r\nExamples of such policies might include:\r\n\r\n *  The author and anyone they explicitly delegate may update the report;\r\n *  All administrators within the same clinic may cancel and reschedule appointments created by other administrators within that clinic;\r\n\r\nA party that is neither an author nor a party who is extended authorship maintenance rights by policy, may only amend, reverse, override, replace, or follow up in other ways on this Act, whereby the Act remains intact and is linked to another Act authored by that other party.","property":[{"code":"status","valueCode":"active"},{"code":"internalId","valueCode":"10252"},{"code":"isDocumentCharacteristic","valueBoolean":true},{"code":"Name:Act:participation:Participation","valueCode":"author"},{"code":"Name:Role:participation:Participation","valueCode":"origination"},{"code":"Sort:Act:participation:Participation","valueCode":"EA_______"},{"code":"Sort:Role:participation:Participation","valueCode":"EA_______"},{"code":"conductible","valueBoolean":true}]},{"code":"INF","display":"informant","definition":"A source of reported information (e.g., a next of kin who answers questions about the patient's history). For history questions, the patient is logically an informant, yet the informant of history questions is implicitly the subject.","property":[{"code":"status","valueCode":"active"},{"code":"internalId","valueCode":"10254"},{"code":"isDocumentCharacteristic","valueBoolean":true},{"code":"Name:Act:participation:Participation","valueCode":"informant"},{"code":"Name:Role:participation:Participation","valueCode":"informationGiven"},{"code":"Sort:Act:participation:Participation","valueCode":"EC_______"},{"code":"Sort:Role:participation:Participation","valueCode":"EC_______"},{"code":"conductible","valueBoolean":true}]},{"code":"TRANS","display":"Transcriber","definition":"An entity entering the data into the originating system. The data entry entity is collected optionally for internal quality control purposes. This includes the transcriptionist for dictated text transcribed into electronic form.","property":[{"code":"status","valueCode":"active"},{"code":"internalId","valueCode":"21463"},{"code":"isDocumentCharacteristic","valueBoolean":true},{"code":"Name:Act:participation:Participation","valueCode":"transcriber"},{"code":"Name:Role:participation:Participation","valueCode":"transcription"},{"code":"Sort:Act:participation:Participation","valueCode":"EB_______"},{"code":"Sort:Role:participation:Participation","valueCode":"EB_______"},{"code":"conductible","valueBoolean":true}],"concept":[{"code":"ENT","display":"data entry person","definition":"A person entering the data into the originating system. The data entry person is collected optionally for internal quality control purposes. This includes the transcriptionist for dictated text.","property":[{"code":"status","valueCode":"active"},{"code":"internalId","valueCode":"10253"},{"code":"isDocumentCharacteristic","valueBoolean":true},{"code":"Name:Act:participation:Participation","valueCode":"dataEnterer"},{"code":"Name:Role:participation:Participation","valueCode":"dataEntry"},{"code":"Sort:Act:participation:Participation","valueCode":"EBB______"},{"code":"Sort:Role:participation:Participation","valueCode":"EBB______"},{"code":"conductible","valueBoolean":true}]}]},{"code":"WIT","display":"witness","definition":"Only with service events. A person witnessing the action happening without doing anything. A witness is not necessarily aware, much less approves of anything stated in the service event. Example for a witness is students watching an operation or an advanced directive witness.","property":[{"code":"status","valueCode":"active"},{"code":"internalId","valueCode":"10260"},{"code":"isDocumentCharacteristic","valueBoolean":true},{"code":"Name:Act:participation:Participation","valueCode":"witness"},{"code":"Name:Role:participation:Participation","valueCode":"witness"},{"code":"Sort:Act:participation:Participation","valueCode":"ED_______"},{"code":"Sort:Role:participation:Participation","valueCode":"ED_______"},{"code":"conductible","valueBoolean":true}]},{"code":"NOTARY","display":"notary","definition":"The entity (person or organization) who legally attests that the information present in the Act is a true replica of an original.","property":[{"code":"status","valueCode":"active"},{"code":"internalId","valueCode":"110260"},{"code":"isDocumentCharacteristic","valueBoolean":true},{"code":"Name:Act:participation:Participation","valueCode":"notary"},{"code":"Name:Role:participation:Participation","valueCode":"notarization"},{"code":"Sort:Act:participation:Participation","valueCode":"EE_______"},{"code":"Sort:Role:participation:Participation","valueCode":"EE_______"},{"code":"conductible","valueBoolean":true}]}]},{"code":"CST","display":"custodian","definition":"An entity (person, organization or device) that is in charge of maintaining the information of this act (e.g., who maintains the report or the master service catalog item, etc.).","property":[{"code":"status","valueCode":"active"},{"code":"internalId","valueCode":"10266"},{"code":"conductible","valueBoolean":true},{"code":"isDocumentCharacteristic","valueBoolean":true},{"code":"Name:Act:participation:Participation","valueCode":"custodian"},{"code":"Name:Role:participation:Participation","valueCode":"custodianship"},{"code":"Sort:Act:participation:Participation","valueCode":"G________"},{"code":"Sort:Role:participation:Participation","valueCode":"G________"}]},{"code":"DIR","display":"direct target","definition":"Target participant that is substantially present in the act and which is directly involved in the action (includes consumed material, devices, etc.).","property":[{"code":"status","valueCode":"active"},{"code":"internalId","valueCode":"10286"},{"code":"conductible","valueBoolean":true},{"code":"Name:Act:participation:Participation","valueCode":"directTarget"},{"code":"Name:Role:participation:Participation","valueCode":"directTargetOf"},{"code":"Sort:Act:participation:Participation","valueCode":"A________"},{"code":"Sort:Role:participation:Participation","valueCode":"A________"}],"concept":[{"code":"ALY","display":"analyte","definition":"The target of an Observation action. Links an observation to a Role whose player is the substance or most specific component entity (material, micro-organism, etc.) being measured within the subject.\r\n\r\n*Examples:* A \"plasma porcelain substance concentration\" has analyte a Role with player substance Entity \"porcelain\".\r\n\r\n*UsageNotes:* The Role that this participation connects to may be any Role whose player is that substance measured. Very often, the scoper may indicate the system in which the component is being measured. E.g., for \"plasma porcelain\" the scoper could be \"Plasma\".","property":[{"code":"status","valueCode":"active"},{"code":"HL7usageNotes","valueString":"The Role that this participation connects to may be any Role whose player is that substance measured. Very often, the scoper may indicate the system in which the component is being measured. E.g., for \"plasma porcelain\" the scoper could be \"Plasma\"."},{"code":"internalId","valueCode":"23093"},{"code":"Name:Act:participation:Participation","valueCode":"analyte"},{"code":"Name:Role:participation:Participation","valueCode":"analyzedBy"},{"code":"Sort:Act:participation:Participation","valueCode":"AAB______"},{"code":"Sort:Role:participation:Participation","valueCode":"AAB______"},{"code":"conductible","valueBoolean":true}]},{"code":"BBY","display":"baby","definition":"In an obstetric service, the baby.","property":[{"code":"status","valueCode":"active"},{"code":"internalId","valueCode":"10293"},{"code":"Name:Act:participation:Participation","valueCode":"baby"},{"code":"Name:Role:participation:Participation","valueCode":"babyOf"},{"code":"Sort:Act:participation:Participation","valueCode":"AB_______"},{"code":"Sort:Role:participation:Participation","valueCode":"AB_______"},{"code":"conductible","valueBoolean":true}]},{"code":"CAT","display":"catalyst","definition":"The catalyst of a chemical reaction, such as an enzyme or a platinum surface. In biochemical reactions, connects the enzyme with the molecular interaction","property":[{"code":"status","valueCode":"active"},{"code":"internalId","valueCode":"23094"},{"code":"Name:Act:participation:Participation","valueCode":"catalyst"},{"code":"Name:Role:participation:Participation","valueCode":"catalystOf"},{"code":"Sort:Act:participation:Participation","valueCode":"AA_______"},{"code":"Sort:Role:participation:Participation","valueCode":"AA_______"},{"code":"conductible","valueBoolean":true}]},{"code":"CSM","display":"consumable","definition":"Participant material that is taken up, diminished, altered, or disappears in the act.","property":[{"code":"status","valueCode":"active"},{"code":"internalId","valueCode":"10296"},{"code":"Name:Act:participation:Participation","valueCode":"consumable"},{"code":"Name:Role:participation:Participation","valueCode":"consumedIn"},{"code":"Sort:Act:participation:Participation","valueCode":"AE_______"},{"code":"Sort:Role:participation:Participation","valueCode":"AE_______"},{"code":"conductible","valueBoolean":true}],"concept":[{"code":"TPA","display":"therapeutic agent","definition":"Something incorporated in the subject of a therapy service to achieve a physiologic effect (e.g., heal, relieve, provoke a condition, etc.) on the subject. In an administration service the therapeutic agent is a consumable, in a preparation or dispense service, it is a product. Thus, consumable or product must be specified in accordance with the kind of service.","property":[{"code":"status","valueCode":"retired"},{"code":"internalId","valueCode":"10297"},{"code":"conductible","valueBoolean":true}]}]},{"code":"DEV","display":"device","definition":"Participant used in performing the act without being substantially affected by the act (i.e. durable or inert with respect to that particular service).\r\n\r\n*Examples:* monitoring equipment, tools, but also access/drainage lines, prostheses, pace maker, etc.","property":[{"code":"status","valueCode":"active"},{"code":"internalId","valueCode":"10298"},{"code":"Name:Act:participation:Participation","valueCode":"device"},{"code":"Name:Role:participation:Participation","valueCode":"deviceOf"},{"code":"Sort:Act:participation:Participation","valueCode":"AD_______"},{"code":"Sort:Role:participation:Participation","valueCode":"AD_______"},{"code":"conductible","valueBoolean":true}],"concept":[{"code":"NRD","display":"non-reuseable device","definition":"A device that changes ownership due to the service, e.g., a pacemaker, a prosthesis, an insulin injection equipment (pen), etc. Such material may need to be restocked after he service.","property":[{"code":"status","valueCode":"active"},{"code":"internalId","valueCode":"10299"},{"code":"Name:Act:participation:Participation","valueCode":"nonReusableDevice"},{"code":"Name:Role:participation:Participation","valueCode":"nonReusableDeviceOf"},{"code":"Sort:Act:participation:Participation","valueCode":"ADB______"},{"code":"Sort:Role:participation:Participation","valueCode":"ADB______"},{"code":"conductible","valueBoolean":true}]},{"code":"RDV","display":"reusable device","definition":"A device that does not change ownership due to the service, i.e., a surgical instrument or tool or an endoscope. The distinction between reuseable and non-reuseable must be made in order to know whether material must be re-stocked.","property":[{"code":"status","valueCode":"active"},{"code":"internalId","valueCode":"10300"},{"code":"Name:Act:participation:Participation","valueCode":"reusableDevice"},{"code":"Name:Role:participation:Participation","valueCode":"reusableDeviceOf"},{"code":"Sort:Act:participation:Participation","valueCode":"ADA______"},{"code":"Sort:Role:participation:Participation","valueCode":"ADA______"},{"code":"conductible","valueBoolean":true}]}]},{"code":"DON","display":"donor","definition":"In some organ transplantation services and rarely in transfusion services a donor will be a target participant in the service. However, in most cases transplantation is decomposed in three services: explantation, transport, and implantation. The identity of the donor (recipient) is often irrelevant for the explantation (implantation) service.","property":[{"code":"status","valueCode":"active"},{"code":"internalId","valueCode":"10291"},{"code":"Name:Act:participation:Participation","valueCode":"organDonor"},{"code":"Name:Role:participation:Participation","valueCode":"organDonation"},{"code":"Sort:Act:participation:Participation","valueCode":"AC_______"},{"code":"Sort:Role:participation:Participation","valueCode":"AC_______"},{"code":"conductible","valueBoolean":true}]},{"code":"EXPAGNT","display":"ExposureAgent","definition":"**Description:** The entity playing the associated role is the physical (including energy), chemical or biological substance that is participating in the exposure. For example in communicable diseases, the associated playing entity is the disease causing pathogen.","property":[{"code":"status","valueCode":"active"},{"code":"internalId","valueCode":"22347"},{"code":"conductible","valueBoolean":true}]},{"code":"EXPART","display":"ExposureParticipation","definition":"**Description:**Direct participation in an exposure act where it is unknown that the participant is the source or subject of the exposure. If the participant is known to be the contact of an exposure then the SBJ participation type should be used. If the participant is known to be the source then the EXSRC participation type should be used.","property":[{"code":"status","valueCode":"active"},{"code":"internalId","valueCode":"21978"},{"code":"conductible","valueBoolean":true}],"concept":[{"code":"EXPTRGT","display":"ExposureTarget","definition":"**Description:** The entity playing the associated role is the target (contact) of exposure.","property":[{"code":"status","valueCode":"active"},{"code":"internalId","valueCode":"22346"},{"code":"conductible","valueBoolean":true}]},{"code":"EXSRC","display":"ExposureSource","definition":"**Description:**The entity playing the associated role is the source of exposure.","property":[{"code":"status","valueCode":"active"},{"code":"internalId","valueCode":"21979"},{"code":"conductible","valueBoolean":true}]}]},{"code":"PRD","display":"product","definition":"Participant material that is brought forth (produced) in the act (e.g., specimen in a specimen collection, access or drainage in a placement service, medication package in a dispense service). It does not matter whether the material produced had existence prior to the service, or whether it is created in the service (e.g., in supply services the product is taken from a stock).","property":[{"code":"status","valueCode":"active"},{"code":"internalId","valueCode":"10295"},{"code":"Name:Act:participation:Participation","valueCode":"product"},{"code":"Name:Role:participation:Participation","valueCode":"productOf"},{"code":"Sort:Act:participation:Participation","valueCode":"AF_______"},{"code":"Sort:Role:participation:Participation","valueCode":"AF_______"},{"code":"conductible","valueBoolean":true}]},{"code":"SBJ","display":"subject","definition":"The principle target on which the action happens.\r\n\r\n*Examples:* The patient in physical examination, a specimen in a lab observation. May also be a patient's family member (teaching) or a device or room (cleaning, disinfecting, housekeeping).\r\n\r\n*UsageNotes:* Not all direct targets are subjects. Consumables and devices used as tools for an act are not subjects. However, a device may be a subject of a maintenance action.","property":[{"code":"status","valueCode":"active"},{"code":"HL7usageNotes","valueString":"Not all direct targets are subjects. Consumables and devices used as tools for an act are not subjects. However, a device may be a subject of a maintenance action."},{"code":"internalId","valueCode":"10287"},{"code":"Name:Act:participation:Participation","valueCode":"subject"},{"code":"Name:Role:participation:Participation","valueCode":"subjectOf"},{"code":"Sort:Act:participation:Participation","valueCode":"AA_______"},{"code":"Sort:Role:participation:Participation","valueCode":"AA_______"},{"code":"conductible","valueBoolean":true}],"concept":[{"code":"SPC","display":"specimen","definition":"The subject of non-clinical (e.g. laboratory) observation services is a specimen.","property":[{"code":"status","valueCode":"active"},{"code":"internalId","valueCode":"10294"},{"code":"Name:Act:participation:Participation","valueCode":"specimen"},{"code":"Name:Role:participation:Participation","valueCode":"specimenOf"},{"code":"Sort:Act:participation:Participation","valueCode":"AAA______"},{"code":"Sort:Role:participation:Participation","valueCode":"AAA______"},{"code":"conductible","valueBoolean":true}]}]}]},{"code":"IND","display":"indirect target","definition":"Target that is not substantially present in the act and which is not directly affected by the act, but which will be a focus of the record or documentation of the act.","property":[{"code":"status","valueCode":"active"},{"code":"internalId","valueCode":"19032"},{"code":"conductible","valueBoolean":true},{"code":"Name:Act:participation:Participation","valueCode":"indirectTarget"},{"code":"Name:Role:participation:Participation","valueCode":"indirectTargetOf"},{"code":"Sort:Act:participation:Participation","valueCode":"B________"},{"code":"Sort:Role:participation:Participation","valueCode":"B________"}],"concept":[{"code":"BEN","display":"beneficiary","definition":"Target on behalf of whom the service happens, but that is not necessarily present in the service. Can occur together with direct target to indicate that a target is both, as in the case where the patient is the indirect beneficiary of a service rendered to a family member, e.g. counseling or given home care instructions. This concept includes a participant, such as a covered party, who derives benefits from a service act covered by a coverage act.\r\n\r\nNote that the semantic role of the intended recipient who benefits from the happening denoted by the verb in the clause. Thus, a patient who has no coverage under a policy or program may be a beneficiary of a health service while not being the beneficiary of coverage for that service.","property":[{"code":"status","valueCode":"active"},{"code":"internalId","valueCode":"10288"},{"code":"Name:Act:participation:Participation","valueCode":"beneficiary"},{"code":"Name:Role:participation:Participation","valueCode":"beneficiaryOf"},{"code":"Sort:Act:participation:Participation","valueCode":"BC_______"},{"code":"Sort:Role:participation:Participation","valueCode":"BC_______"},{"code":"conductible","valueBoolean":true}]},{"code":"CAGNT","display":"causative agent","definition":"Definition: A factor, such as a microorganism, chemical substance, or form of radiation, whose presence, excessive presence, or (in deficiency diseases) relative absence is essential, in whole or in part, for the occurrence of a condition.\r\n\r\nConstraint: The use of this participation is limited to observations.","property":[{"code":"status","valueCode":"active"},{"code":"internalId","valueCode":"21639"},{"code":"conductible","valueBoolean":true}]},{"code":"COV","display":"coverage target","definition":"The target participation for an individual in a health care coverage act in which the target role is either the policy holder of the coverage, or a covered party under the coverage.","property":[{"code":"status","valueCode":"active"},{"code":"internalId","valueCode":"14017"},{"code":"Name:Act:participation:Participation","valueCode":"coveredParty"},{"code":"Name:Role:participation:Participation","valueCode":"coveredPartyOf"},{"code":"Sort:Act:participation:Participation","valueCode":"BB_______"},{"code":"Sort:Role:participation:Participation","valueCode":"BB_______"},{"code":"conductible","valueBoolean":true}]},{"code":"GUAR","display":"guarantor party","definition":"The target person or organization contractually recognized by the issuer as a participant who has assumed fiscal responsibility for another personaTMs financial obligations by guaranteeing to pay for amounts owed to a particular account\r\n\r\n*Example:*The subscriber of the patientaTMs health insurance policy signs a contract with the provider to be fiscally responsible for the patient billing account balance amount owed.","property":[{"code":"status","valueCode":"active"},{"code":"internalId","valueCode":"21570"},{"code":"conductible","valueBoolean":true}]},{"code":"HLD","display":"holder","definition":"Participant who posses an instrument such as a financial contract (insurance policy) usually based on some agreement with the author.","property":[{"code":"status","valueCode":"active"},{"code":"internalId","valueCode":"16751"},{"code":"Name:Act:participation:Participation","valueCode":"holder"},{"code":"Name:Role:participation:Participation","valueCode":"contractHeld"},{"code":"Sort:Act:participation:Participation","valueCode":"BE_______"},{"code":"Sort:Role:participation:Participation","valueCode":"BE_______"},{"code":"conductible","valueBoolean":true}]},{"code":"RCT","display":"record target","definition":"The record target indicates whose medical record holds the documentation of this act. This is especially important when the subject of a service is not the patient himself.","property":[{"code":"status","valueCode":"active"},{"code":"internalId","valueCode":"10289"},{"code":"Name:Act:participation:Participation","valueCode":"recordTarget"},{"code":"Name:Role:participation:Participation","valueCode":"recordTargetOf"},{"code":"Sort:Act:participation:Participation","valueCode":"BA_______"},{"code":"Sort:Role:participation:Participation","valueCode":"BA_______"},{"code":"conductible","valueBoolean":true}]},{"code":"RCV","display":"receiver","definition":"The person (or organization) who receives the product of an Act.","property":[{"code":"status","valueCode":"active"},{"code":"internalId","valueCode":"13974"},{"code":"Name:Act:participation:Participation","valueCode":"receiver"},{"code":"Name:Role:participation:Participation","valueCode":"receiverOf"},{"code":"Sort:Act:participation:Participation","valueCode":"BD_______"},{"code":"Sort:Role:participation:Participation","valueCode":"BD_______"},{"code":"conductible","valueBoolean":true}]}]},{"code":"IRCP","display":"information recipient","definition":"A party, who may or should receive or who has recieved the Act or subsequent or derivative information of that Act. Information recipient is inert, i.e., independent of mood.\" Rationale: this is a generalization of a too diverse family that the definition can't be any more specific, and the concept is abstract so one of the specializations should be used.","property":[{"code":"status","valueCode":"active"},{"code":"internalId","valueCode":"10263"},{"code":"conductible","valueBoolean":true},{"code":"isDocumentCharacteristic","valueBoolean":true},{"code":"Name:Act:participation:Participation","valueCode":"informationRecipient"},{"code":"Name:Role:participation:Participation","valueCode":"informationReceived"},{"code":"Sort:Act:participation:Participation","valueCode":"H________"},{"code":"Sort:Role:participation:Participation","valueCode":"H________"}],"concept":[{"code":"NOT","display":"ugent notification contact","definition":"An information recipient to notify for urgent matters about this Act. (e.g., in a laboratory order, critical results are being called by phone right away, this is the contact to call; or for an inpatient encounter, a next of kin to notify when the patient becomes critically ill).","property":[{"code":"status","valueCode":"active"},{"code":"internalId","valueCode":"19057"},{"code":"isDocumentCharacteristic","valueBoolean":true},{"code":"Name:Act:participation:Participation","valueCode":"notificationContact"},{"code":"Name:Role:participation:Participation","valueCode":"contactFor"},{"code":"Sort:Act:participation:Participation","valueCode":"HE_______"},{"code":"Sort:Role:participation:Participation","valueCode":"HE_______"},{"code":"conductible","valueBoolean":true}]},{"code":"PRCP","display":"primary information recipient","definition":"Information recipient to whom an act statement is primarily directed. E.g., a primary care provider receiving a discharge letter from a hospitalist, a health department receiving information on a suspected case of infectious disease. Multiple of these participations may exist on the same act without requiring that recipients be ranked as primary vs. secondary.","property":[{"code":"status","valueCode":"active"},{"code":"internalId","valueCode":"19055"},{"code":"isDocumentCharacteristic","valueBoolean":true},{"code":"Name:Act:participation:Participation","valueCode":"primaryInformationRecipient"},{"code":"Name:Role:participation:Participation","valueCode":"informationReceived"},{"code":"Sort:Act:participation:Participation","valueCode":"HA_______"},{"code":"Sort:Role:participation:Participation","valueCode":"HA_______"},{"code":"conductible","valueBoolean":true}]},{"code":"REFB","display":"Referred By","definition":"A participant (e.g. provider) who has referred the subject of an act (e.g. patient).\r\n\r\nTypically, a referred by participant will provide a report (e.g. referral).","property":[{"code":"status","valueCode":"active"},{"code":"internalId","valueCode":"20842"},{"code":"isDocumentCharacteristic","valueBoolean":true},{"code":"Name:Act:participation:Participation","valueCode":"subjectReferrer"},{"code":"Name:Role:participation:Participation","valueCode":"subjectReferral"},{"code":"Sort:Act:participation:Participation","valueCode":"HC_______"},{"code":"Sort:Role:participation:Participation","valueCode":"HC_______"},{"code":"conductible","valueBoolean":true}]},{"code":"REFT","display":"Referred to","definition":"The person who receives the patient","property":[{"code":"status","valueCode":"active"},{"code":"internalId","valueCode":"18116"},{"code":"isDocumentCharacteristic","valueBoolean":true},{"code":"Name:Act:participation:Participation","valueCode":"subjectReferredTo"},{"code":"Name:Role:participation:Participation","valueCode":"referral"},{"code":"Sort:Act:participation:Participation","valueCode":"HD_______"},{"code":"Sort:Role:participation:Participation","valueCode":"HD_______"},{"code":"conductible","valueBoolean":true}]},{"code":"TRC","display":"tracker","definition":"A secondary information recipient, who receives copies (e.g., a primary care provider receiving copies of results as ordered by specialist).","property":[{"code":"status","valueCode":"active"},{"code":"internalId","valueCode":"10265"},{"code":"isDocumentCharacteristic","valueBoolean":true},{"code":"Name:Act:participation:Participation","valueCode":"tracker"},{"code":"Name:Role:participation:Participation","valueCode":"tracking"},{"code":"Sort:Act:participation:Participation","valueCode":"HB_______"},{"code":"Sort:Role:participation:Participation","valueCode":"HB_______"},{"code":"conductible","valueBoolean":true}]}]},{"code":"LOC","display":"location","definition":"The facility where the service is done. May be a static building (or room therein) or a moving location (e.g., ambulance, helicopter, aircraft, train, truck, ship, etc.)","property":[{"code":"status","valueCode":"active"},{"code":"internalId","valueCode":"10302"},{"code":"conductible","valueBoolean":true},{"code":"Name:Act:participation:Participation","valueCode":"location"},{"code":"Name:Role:participation:Participation","valueCode":"locationOf"},{"code":"Sort:Act:participation:Participation","valueCode":"J________"},{"code":"Sort:Role:participation:Participation","valueCode":"J________"}],"concept":[{"code":"DST","display":"destination","definition":"The destination for services. May be a static building (or room therein) or a movable facility (e.g., ship).","property":[{"code":"status","valueCode":"active"},{"code":"internalId","valueCode":"10304"},{"code":"Name:Act:participation:Participation","valueCode":"destination"},{"code":"Name:Role:participation:Participation","valueCode":"destinationOf"},{"code":"Sort:Act:participation:Participation","valueCode":"JC_______"},{"code":"Sort:Role:participation:Participation","valueCode":"JC_______"},{"code":"conductible","valueBoolean":true}]},{"code":"ELOC","display":"entry location","definition":"A location where data about an Act was entered.","property":[{"code":"status","valueCode":"active"},{"code":"internalId","valueCode":"13973"},{"code":"Name:Act:participation:Participation","valueCode":"dataEntryLocation"},{"code":"Name:Role:participation:Participation","valueCode":"dataEntryLocationOf"},{"code":"Sort:Act:participation:Participation","valueCode":"JD_______"},{"code":"Sort:Role:participation:Participation","valueCode":"JD_______"},{"code":"conductible","valueBoolean":true}]},{"code":"ORG","display":"origin","definition":"The location of origin for services. May be a static building (or room therein) or a movable facility (e.g., ship).","property":[{"code":"status","valueCode":"active"},{"code":"internalId","valueCode":"10303"},{"code":"Name:Act:participation:Participation","valueCode":"origin"},{"code":"Name:Role:participation:Participation","valueCode":"originOf"},{"code":"Sort:Act:participation:Participation","valueCode":"JA_______"},{"code":"Sort:Role:participation:Participation","valueCode":"JA_______"},{"code":"conductible","valueBoolean":true}]},{"code":"RML","display":"remote","definition":"Some services take place at multiple concurrent locations (e.g., telemedicine, telephone consultation). The location where the principal performing actor is located is taken as the primary location (LOC) while the other location(s) are considered \"remote.\"","property":[{"code":"status","valueCode":"active"},{"code":"internalId","valueCode":"10306"},{"code":"Name:Act:participation:Participation","valueCode":"remoteLocation"},{"code":"Name:Role:participation:Participation","valueCode":"remoteLocationOf"},{"code":"Sort:Act:participation:Participation","valueCode":"JE_______"},{"code":"Sort:Role:participation:Participation","valueCode":"JE_______"},{"code":"conductible","valueBoolean":true}]},{"code":"VIA","display":"via","definition":"For services, an intermediate location that specifies a path between origin an destination.","property":[{"code":"status","valueCode":"active"},{"code":"internalId","valueCode":"10305"},{"code":"Name:Act:participation:Participation","valueCode":"via"},{"code":"Name:Role:participation:Participation","valueCode":"viaOf"},{"code":"Sort:Act:participation:Participation","valueCode":"JB_______"},{"code":"Sort:Role:participation:Participation","valueCode":"JB_______"},{"code":"conductible","valueBoolean":true}]}]},{"code":"PRF","display":"performer","definition":"**Definition:** A person, non-person living subject, organization or device that who actually and principally carries out the action. Device should only be assigned as a performer in circumstances where the device is performing independent of human intervention. Need not be the principal responsible actor.\r\n\r\n**Exampe:** A surgery resident operating under supervision of attending surgeon, a search and rescue dog locating survivors, an electronic laboratory analyzer or the laboratory discipline requested to perform a laboratory test. The performer may also be the patient in self-care, e.g. fingerstick blood sugar. The traditional order filler is a performer. This information should accompany every service event.\r\n\r\n**Note:** that existing HL7 designs assign an organization as the playing entity of the Role that is the performer. These designs should be revised in subsequent releases to make this the scooping entity for the role involved.","property":[{"code":"status","valueCode":"active"},{"code":"internalId","valueCode":"10248"},{"code":"conductible","valueBoolean":true},{"code":"Name:Act:participation:Participation","valueCode":"performer"},{"code":"Name:Role:participation:Participation","valueCode":"performance"},{"code":"Sort:Act:participation:Participation","valueCode":"D________"},{"code":"Sort:Role:participation:Participation","valueCode":"D________"}],"concept":[{"code":"DIST","display":"distributor","definition":"Distributes material used in or generated during the act.","property":[{"code":"status","valueCode":"active"},{"code":"internalId","valueCode":"19063"},{"code":"Name:Act:participation:Participation","valueCode":"distributer"},{"code":"Name:Role:participation:Participation","valueCode":"distributed"},{"code":"Sort:Act:participation:Participation","valueCode":"DC_______"},{"code":"Sort:Role:participation:Participation","valueCode":"DC_______"},{"code":"conductible","valueBoolean":true}]},{"code":"PPRF","display":"primary performer","definition":"The principal or primary performer of the act.","property":[{"code":"status","valueCode":"active"},{"code":"internalId","valueCode":"19064"},{"code":"Name:Act:participation:Participation","valueCode":"primaryPerformer"},{"code":"Name:Role:participation:Participation","valueCode":"performance"},{"code":"Sort:Act:participation:Participation","valueCode":"DA_______"},{"code":"Sort:Role:participation:Participation","valueCode":"DA_______"},{"code":"conductible","valueBoolean":true}]},{"code":"SPRF","display":"secondary performer","definition":"A person assisting in an act through his substantial presence and involvement This includes: assistants, technicians, associates, or whatever the job titles may be.","property":[{"code":"status","valueCode":"active"},{"code":"internalId","valueCode":"19065"},{"code":"Name:Act:participation:Participation","valueCode":"secondaryPerformer"},{"code":"Name:Role:participation:Participation","valueCode":"performance"},{"code":"Sort:Act:participation:Participation","valueCode":"DB_______"},{"code":"Sort:Role:participation:Participation","valueCode":"DB_______"},{"code":"conductible","valueBoolean":true}]}]},{"code":"RESP","display":"responsible party","definition":"The person or organization that has primary responsibility for the act. The responsible party is not necessarily present in an action, but is accountable for the action through the power to delegate, and the duty to review actions with the performing actor after the fact. This responsibility may be ethical, legal, contractual, fiscal, or fiduciary in nature.\r\n\r\n*Example:* A person who is the head of a biochemical laboratory; a sponsor for a policy or government program.","property":[{"code":"status","valueCode":"active"},{"code":"internalId","valueCode":"17931"},{"code":"conductible","valueBoolean":true},{"code":"isDocumentCharacteristic","valueBoolean":true},{"code":"Name:Act:participation:Participation","valueCode":"responsibleParty"},{"code":"Name:Role:participation:Participation","valueCode":"responsibleFor"},{"code":"Sort:Act:participation:Participation","valueCode":"C________"},{"code":"Sort:Role:participation:Participation","valueCode":"C________"}]},{"code":"VRF","display":"verifier","definition":"A person who verifies the correctness and appropriateness of the service (plan, order, event, etc.) and hence takes on accountability.","property":[{"code":"status","valueCode":"active"},{"code":"internalId","valueCode":"10259"},{"code":"conductible","valueBoolean":true},{"code":"isDocumentCharacteristic","valueBoolean":true},{"code":"Name:Act:participation:Participation","valueCode":"verifier"},{"code":"Name:Role:participation:Participation","valueCode":"verification"},{"code":"Sort:Act:participation:Participation","valueCode":"I________"},{"code":"Sort:Role:participation:Participation","valueCode":"I________"}],"concept":[{"code":"AUTHEN","display":"authenticator","definition":"A verifier who attests to the accuracy of an act, but who does not have privileges to legally authenticate the act. An example would be a resident physician who sees a patient and dictates a note, then later signs it. Their signature constitutes an authentication.","property":[{"code":"status","valueCode":"active"},{"code":"internalId","valueCode":"19072"},{"code":"isDocumentCharacteristic","valueBoolean":true},{"code":"Name:Act:participation:Participation","valueCode":"authenticator"},{"code":"Name:Role:participation:Participation","valueCode":"authenticated"},{"code":"Sort:Act:participation:Participation","valueCode":"IB_______"},{"code":"Sort:Role:participation:Participation","valueCode":"IB_______"},{"code":"conductible","valueBoolean":true}]},{"code":"LA","display":"legal authenticator","definition":"A verifier who legally authenticates the accuracy of an act. An example would be a staff physician who sees a patient and dictates a note, then later signs it. Their signature constitutes a legal authentication.","property":[{"code":"status","valueCode":"active"},{"code":"internalId","valueCode":"19073"},{"code":"isDocumentCharacteristic","valueBoolean":true},{"code":"Name:Act:participation:Participation","valueCode":"legalAuthenticator"},{"code":"Name:Role:participation:Participation","valueCode":"legallyAuthenticated"},{"code":"Sort:Act:participation:Participation","valueCode":"IA_______"},{"code":"Sort:Role:participation:Participation","valueCode":"IA_______"},{"code":"conductible","valueBoolean":true}]}]}]}]}