{"resourceType":"CodeSystem","id":"v3-EncounterReferralSource","language":"en","text":{"status":"generated","div":"<div xml:lang=\"en\" xmlns=\"http://www.w3.org/1999/xhtml\" lang=\"en\"><p><b>Properties</b></p><p><b>This code system  defines the following properties for its concepts</b></p><table class=\"grid\"><tr><td><b>Code</b></td><td><b>URI</b></td><td><b>Type</b></td><td><b>Description</b></td></tr><tr><td>Specializes</td><td/><td>Coding</td><td>The child code is a more narrow version of the concept represented by the parent code.  I.e. Every child concept is also a valid parent concept.  Used to allow determination of subsumption.  Must be transitive, irreflexive, antisymmetric.</td></tr><tr><td>Generalizes</td><td/><td>Coding</td><td>Inverse of Specializes.  Only included as a derived relationship.</td></tr><tr><td>internalId</td><td>http://terminology.hl7.org/CodeSystem/utg-concept-properties#v3-internal-id</td><td>code</td><td>The internal identifier for the concept in the HL7 Access database repository.</td></tr><tr><td>status</td><td>http://hl7.org/fhir/concept-properties#status</td><td>code</td><td>Designation of a concept's state.  Normally is not populated unless the state is retired..</td></tr></table><p><b>Concepts</b></p><p>This case-sensitive code system <code>http://terminology.hl7.org/CodeSystem/v3-EncounterReferralSource</code> defines the following codes in a Is-A heirarchy:</p><table class=\"codes\"><tr><td style=\"white-space:nowrap\"><b>Code</b></td><td><b>Display</b></td><td><b>internalId</b></td><td><b>status</b></td></tr><tr style=\"background-color: #ffeeee\"><td style=\"white-space:nowrap\">CREF<a name=\"v3-EncounterReferralSource-CREF\"> </a></td><td>clinical referral</td><td>12225</td><td>retired</td></tr><tr style=\"background-color: #ffeeee\"><td style=\"white-space:nowrap\">ER<a name=\"v3-EncounterReferralSource-ER\"> </a></td><td>emergency room</td><td>12230</td><td>retired</td></tr><tr style=\"background-color: #ffeeee\"><td style=\"white-space:nowrap\">HREF<a name=\"v3-EncounterReferralSource-HREF\"> </a></td><td>HMO referral</td><td>12226</td><td>retired</td></tr><tr style=\"background-color: #ffeeee\"><td style=\"white-space:nowrap\">LENF<a name=\"v3-EncounterReferralSource-LENF\"> </a></td><td>court/law enforcement organization</td><td>12223</td><td>retired</td></tr><tr style=\"background-color: #ffeeee\"><td style=\"white-space:nowrap\">PREF<a name=\"v3-EncounterReferralSource-PREF\"> </a></td><td>physician referral</td><td>12222</td><td>retired</td></tr><tr style=\"background-color: #ffeeee\"><td style=\"white-space:nowrap\">THSP<a name=\"v3-EncounterReferralSource-THSP\"> </a></td><td>transfer from hospital</td><td>12227</td><td>retired</td></tr><tr style=\"background-color: #ffeeee\"><td style=\"white-space:nowrap\">TOHCF<a name=\"v3-EncounterReferralSource-TOHCF\"> </a></td><td>transfer from another healthcare facility</td><td>12229</td><td>retired</td></tr><tr style=\"background-color: #ffeeee\"><td style=\"white-space:nowrap\">TSNF<a name=\"v3-EncounterReferralSource-TSNF\"> </a></td><td>transfer from skilled nursing facility</td><td>12228</td><td>retired</td></tr><tr style=\"background-color: #ffeeee\"><td style=\"white-space:nowrap\">WI<a name=\"v3-EncounterReferralSource-WI\"> </a></td><td>walk-in</td><td>12224</td><td>retired</td></tr></table></div>"},"url":"http://terminology.hl7.org/CodeSystem/v3-EncounterReferralSource","identifier":[{"system":"urn:ietf:rfc:3986","value":"urn:oid:2.16.840.1.113883.5.39"}],"version":"0.1.0","name":"EncounterReferralSource","title":"EncounterReferralSource","status":"retired","experimental":false,"date":"2019-03-20","publisher":"SatuSehat","contact":[{"name":"SatuSehat","telecom":[{"system":"url","value":"https://satusehat.kemkes.go.id/"},{"system":"email","value":"fhir@dto.kemkes.go.id"}]}],"description":"This domain is defined in UB92 and applies to US realm only\r\n\r\n**Deprecation Comment:** Deprecated as per 11/2008 Harmonization cleanup; internal and obsolete HL7 usage, no longer used. We've deprecated all of the codes.","caseSensitive":true,"hierarchyMeaning":"is-a","content":"complete","property":[{"extension":[{"url":"http://terminology.hl7.org/StructureDefinition/ext-mif-relationship-symmetry","valueCode":"antisymmetric"},{"url":"http://terminology.hl7.org/StructureDefinition/ext-mif-relationship-transitivity","valueCode":"transitive"},{"url":"http://terminology.hl7.org/StructureDefinition/ext-mif-relationship-reflexivity","valueCode":"irreflexive"},{"url":"http://terminology.hl7.org/StructureDefinition/ext-mif-relationship-isNavigable","valueBoolean":true},{"url":"http://terminology.hl7.org/StructureDefinition/ext-mif-relationship-relationshipKind","valueCode":"Specializes"},{"url":"http://terminology.hl7.org/StructureDefinition/ext-mif-relationship-inverseName","valueString":"Generalizes"}],"code":"Specializes","description":"The child code is a more narrow version of the concept represented by the parent code.  I.e. Every child concept is also a valid parent concept.  Used to allow determination of subsumption.  Must be transitive, irreflexive, antisymmetric.","type":"Coding"},{"extension":[{"url":"http://terminology.hl7.org/StructureDefinition/ext-mif-relationship-symmetry","valueCode":"antisymmetric"},{"url":"http://terminology.hl7.org/StructureDefinition/ext-mif-relationship-transitivity","valueCode":"transitive"},{"url":"http://terminology.hl7.org/StructureDefinition/ext-mif-relationship-reflexivity","valueCode":"irreflexive"},{"url":"http://terminology.hl7.org/StructureDefinition/ext-mif-relationship-isNavigable","valueBoolean":true},{"url":"http://terminology.hl7.org/StructureDefinition/ext-mif-relationship-relationshipKind","valueCode":"Generalizes"},{"url":"http://terminology.hl7.org/StructureDefinition/ext-mif-relationship-inverseName","valueString":"Specializes"}],"code":"Generalizes","description":"Inverse of Specializes.  Only included as a derived relationship.","type":"Coding"},{"code":"internalId","uri":"http://terminology.hl7.org/CodeSystem/utg-concept-properties#v3-internal-id","description":"The internal identifier for the concept in the HL7 Access database repository.","type":"code"},{"code":"status","uri":"http://hl7.org/fhir/concept-properties#status","description":"Designation of a concept's state.  Normally is not populated unless the state is retired..","type":"code"}],"concept":[{"code":"CREF","display":"clinical referral","property":[{"code":"status","valueCode":"retired"},{"code":"internalId","valueCode":"12225"}]},{"code":"ER","display":"emergency room","property":[{"code":"status","valueCode":"retired"},{"code":"internalId","valueCode":"12230"}]},{"code":"HREF","display":"HMO referral","property":[{"code":"status","valueCode":"retired"},{"code":"internalId","valueCode":"12226"}]},{"code":"LENF","display":"court/law enforcement organization","property":[{"code":"status","valueCode":"retired"},{"code":"internalId","valueCode":"12223"}]},{"code":"PREF","display":"physician referral","property":[{"code":"status","valueCode":"retired"},{"code":"internalId","valueCode":"12222"}]},{"code":"THSP","display":"transfer from hospital","property":[{"code":"status","valueCode":"retired"},{"code":"internalId","valueCode":"12227"}]},{"code":"TOHCF","display":"transfer from another healthcare facility","property":[{"code":"status","valueCode":"retired"},{"code":"internalId","valueCode":"12229"}]},{"code":"TSNF","display":"transfer from skilled nursing facility","property":[{"code":"status","valueCode":"retired"},{"code":"internalId","valueCode":"12228"}]},{"code":"WI","display":"walk-in","property":[{"code":"status","valueCode":"retired"},{"code":"internalId","valueCode":"12224"}]}]}