{"resourceType":"CodeSystem","id":"encounter-subject-status","meta":{"lastUpdated":"2020-04-09T21:10:28.568+00:00","profile":["http://hl7.org/fhir/StructureDefinition/shareablecodesystem"]},"text":{"status":"generated","div":"<div xmlns=\"http://www.w3.org/1999/xhtml\"><p>This case-sensitive code system <code>http://terminology.hl7.org/CodeSystem/encounter-subject-status</code> defines the following codes:</p><table class=\"codes\"><tr><td style=\"white-space:nowrap\"><b>Code</b></td><td><b>Display</b></td><td><b>Definition</b></td></tr><tr><td style=\"white-space:nowrap\">arrived<a name=\"encounter-subject-status-arrived\"> </a></td><td>Arrived</td><td>The subject has arrived at the physical or virtual location and is ready to receive care.</td></tr><tr><td style=\"white-space:nowrap\">triaged<a name=\"encounter-subject-status-triaged\"> </a></td><td>Triaged</td><td>The subject has been seen triaged by staff and is waiting for further care.</td></tr><tr><td style=\"white-space:nowrap\">receiving-care<a name=\"encounter-subject-status-receiving-care\"> </a></td><td>Receiving Care</td><td>The subject is present and commenced receiving care.  This can include periods of waiting between care.</td></tr><tr><td style=\"white-space:nowrap\">on-leave<a name=\"encounter-subject-status-on-leave\"> </a></td><td>On Leave</td><td>The subject has left the physical or virtual location, but is expected to return and resume care as part of this encounter.</td></tr><tr><td style=\"white-space:nowrap\">departed<a name=\"encounter-subject-status-departed\"> </a></td><td>Departed</td><td>The subject has left the physical or virtual location, and is not expected to return as part of this encounter.</td></tr></table></div>"},"extension":[{"url":"http://hl7.org/fhir/StructureDefinition/structuredefinition-wg","valueCode":"pa"},{"url":"http://hl7.org/fhir/StructureDefinition/structuredefinition-fmm","valueInteger":2}],"url":"http://terminology.hl7.org/CodeSystem/encounter-subject-status","identifier":[{"system":"urn:ietf:rfc:3986","value":"urn:oid:2.16.840.1.113883.4.642.1.1420"}],"version":"0.1.0","name":"EncounterSubjectStatus","title":"Encounter subject status","status":"draft","experimental":false,"date":"2024-03-09T14:36:19-07:00","publisher":"SatuSehat","contact":[{"name":"SatuSehat","telecom":[{"system":"url","value":"https://satusehat.kemkes.go.id/"},{"system":"email","value":"fhir@dto.kemkes.go.id"}]}],"description":"This example value set defines a set of codes that can be used to indicate the status of the subject within the encounter","copyright":"This material derives from the HL7 Terminology (THO). THO is copyright ©1989+ Health Level Seven International and is made available under the CC0 designation. For more licensing information see: https://terminology.hl7.org/license","caseSensitive":true,"valueSet":"http://terminology.hl7.org/ValueSet/encounter-subject-status","content":"complete","concept":[{"code":"arrived","display":"Arrived","definition":"The subject has arrived at the physical or virtual location and is ready to receive care."},{"code":"triaged","display":"Triaged","definition":"The subject has been seen triaged by staff and is waiting for further care."},{"code":"receiving-care","display":"Receiving Care","definition":"The subject is present and commenced receiving care.  This can include periods of waiting between care."},{"code":"on-leave","display":"On Leave","definition":"The subject has left the physical or virtual location, but is expected to return and resume care as part of this encounter."},{"code":"departed","display":"Departed","definition":"The subject has left the physical or virtual location, and is not expected to return as part of this encounter."}]}