{"resourceType":"CodeSystem","id":"IMO","text":{"status":"generated","div":"<div xmlns=\"http://www.w3.org/1999/xhtml\"><p>This case-sensitive code system <code>http://imohealth.com/ontology/</code> defines codes, but no codes are represented here</p></div>"},"url":"http://imohealth.com/ontology/","identifier":[{"system":"urn:ietf:rfc:3986","value":"urn:oid:2.16.840.1.113883.3.247"}],"version":"0.1.0","name":"IMO","title":"Intelligent Medical Objects","status":"active","experimental":false,"date":"2021-06-25T00:00:00-00:00","publisher":"SatuSehat","contact":[{"name":"SatuSehat","telecom":[{"system":"url","value":"https://satusehat.kemkes.go.id/"},{"system":"email","value":"fhir@dto.kemkes.go.id"}]}],"description":"IMO is a clinical interface terminology, which helps to map diagnostic, procedure and other terminologies to medical concepts and codes.","caseSensitive":true,"content":"not-present"}