{"resourceType":"CodeSystem","id":"v3-AcknowledgementDetailType","language":"en","text":{"status":"generated","div":"<div xml:lang=\"en\" xmlns=\"http://www.w3.org/1999/xhtml\" lang=\"en\"><p><b>Properties</b></p><p><b>This code system  defines the following properties for its concepts</b></p><table class=\"grid\"><tr><td><b>Code</b></td><td><b>URI</b></td><td><b>Type</b></td><td><b>Description</b></td></tr><tr><td>Specializes</td><td/><td>Coding</td><td>The child code is a more narrow version of the concept represented by the parent code.  I.e. Every child concept is also a valid parent concept.  Used to allow determination of subsumption.  Must be transitive, irreflexive, antisymmetric.</td></tr><tr><td>Generalizes</td><td/><td>Coding</td><td>Inverse of Specializes.  Only included as a derived relationship.</td></tr><tr><td>internalId</td><td>http://terminology.hl7.org/CodeSystem/utg-concept-properties#v3-internal-id</td><td>code</td><td>The internal identifier for the concept in the HL7 Access database repository.</td></tr><tr><td>status</td><td>http://hl7.org/fhir/concept-properties#status</td><td>code</td><td>Designation of a concept's state.  Normally is not populated unless the state is retired..</td></tr></table><p><b>Concepts</b></p><p>This case-sensitive code system <code>http://terminology.hl7.org/CodeSystem/v3-AcknowledgementDetailType</code> defines the following codes in a Is-A heirarchy:</p><table class=\"codes\"><tr><td style=\"white-space:nowrap\"><b>Code</b></td><td><b>Display</b></td><td><b>Definition</b></td><td><b>internalId</b></td><td><b>status</b></td></tr><tr><td style=\"white-space:nowrap\">E<a name=\"v3-AcknowledgementDetailType-E\"> </a></td><td>Error</td><td><div><p>**Definition:**An issue which has prevented, or will prevent (unless a management is provided for the issue by the sender), the successful processing of an interaction. Response interactions which include an issue which is an Error are a 'rejection', indicating that the request was not successfully processed.</p>\n<p>**Example:**Unable to find specified patient.</p>\n</div></td><td>19786</td><td>active</td></tr><tr><td style=\"white-space:nowrap\">I<a name=\"v3-AcknowledgementDetailType-I\"> </a></td><td>Information</td><td><div><p><strong>Definition:</strong> The message relates to an issue which has no bearing on the successful processing of the request. Information issues cannot be overridden by specifying a management.</p>\n<p><strong>Example:</strong> A Patient's coverage will expire in 5 days.</p>\n</div></td><td>19788</td><td>active</td></tr><tr><td style=\"white-space:nowrap\">W<a name=\"v3-AcknowledgementDetailType-W\"> </a></td><td>Warning</td><td><div><p><strong>Definition:</strong> The message relates to an issue which cannot prevent the successful processing of a request, but which could result in the processing not having the ideal or intended effect. Managing a warning issue is not required for successful processing, but will suppress the warning from being raised.</p>\n<p><strong>Example:</strong></p>\n<p>Unexpected additional repetitions of phone number have been ignored.</p>\n</div></td><td>19787</td><td>active</td></tr><tr style=\"background-color: #ffeeee\"><td style=\"white-space:nowrap\">ERR<a name=\"v3-AcknowledgementDetailType-ERR\"> </a></td><td/><td/><td>20071</td><td>retired</td></tr><tr style=\"background-color: #ffeeee\"><td style=\"white-space:nowrap\">INFO<a name=\"v3-AcknowledgementDetailType-INFO\"> </a></td><td/><td/><td>20073</td><td>retired</td></tr><tr style=\"background-color: #ffeeee\"><td style=\"white-space:nowrap\">WARN<a name=\"v3-AcknowledgementDetailType-WARN\"> </a></td><td/><td/><td>20072</td><td>retired</td></tr></table></div>"},"url":"http://terminology.hl7.org/CodeSystem/v3-AcknowledgementDetailType","identifier":[{"system":"urn:ietf:rfc:3986","value":"urn:oid:2.16.840.1.113883.5.1082"}],"version":"0.1.0","name":"AcknowledgementDetailType","title":"AcknowledgementDetailType","status":"active","experimental":false,"date":"2019-03-20","publisher":"SatuSehat","contact":[{"name":"SatuSehat","telecom":[{"system":"url","value":"https://satusehat.kemkes.go.id/"},{"system":"email","value":"fhir@dto.kemkes.go.id"}]}],"description":"A code identifying the specific message to be provided.\r\n\r\n*Discussion:* A textual value may be specified as the print name, or for non-coded messages, as the original text.\r\n\r\n*Examples:* 'Required attribute xxx is missing', 'System will be unavailable March 19 from 0100 to 0300'","copyright":"This material derives from the HL7 Terminology THO. THO is copyright ©1989+ Health Level Seven International and is made available under the CC0 designation. For more licensing information see: https://terminology.hl7.org/license","caseSensitive":true,"hierarchyMeaning":"is-a","content":"complete","property":[{"extension":[{"url":"http://terminology.hl7.org/StructureDefinition/ext-mif-relationship-symmetry","valueCode":"antisymmetric"},{"url":"http://terminology.hl7.org/StructureDefinition/ext-mif-relationship-transitivity","valueCode":"transitive"},{"url":"http://terminology.hl7.org/StructureDefinition/ext-mif-relationship-reflexivity","valueCode":"irreflexive"},{"url":"http://terminology.hl7.org/StructureDefinition/ext-mif-relationship-isNavigable","valueBoolean":true},{"url":"http://terminology.hl7.org/StructureDefinition/ext-mif-relationship-relationshipKind","valueCode":"Specializes"},{"url":"http://terminology.hl7.org/StructureDefinition/ext-mif-relationship-inverseName","valueString":"Generalizes"}],"code":"Specializes","description":"The child code is a more narrow version of the concept represented by the parent code.  I.e. Every child concept is also a valid parent concept.  Used to allow determination of subsumption.  Must be transitive, irreflexive, antisymmetric.","type":"Coding"},{"extension":[{"url":"http://terminology.hl7.org/StructureDefinition/ext-mif-relationship-symmetry","valueCode":"antisymmetric"},{"url":"http://terminology.hl7.org/StructureDefinition/ext-mif-relationship-transitivity","valueCode":"transitive"},{"url":"http://terminology.hl7.org/StructureDefinition/ext-mif-relationship-reflexivity","valueCode":"irreflexive"},{"url":"http://terminology.hl7.org/StructureDefinition/ext-mif-relationship-isNavigable","valueBoolean":true},{"url":"http://terminology.hl7.org/StructureDefinition/ext-mif-relationship-relationshipKind","valueCode":"Generalizes"},{"url":"http://terminology.hl7.org/StructureDefinition/ext-mif-relationship-inverseName","valueString":"Specializes"}],"code":"Generalizes","description":"Inverse of Specializes.  Only included as a derived relationship.","type":"Coding"},{"code":"internalId","uri":"http://terminology.hl7.org/CodeSystem/utg-concept-properties#v3-internal-id","description":"The internal identifier for the concept in the HL7 Access database repository.","type":"code"},{"code":"status","uri":"http://hl7.org/fhir/concept-properties#status","description":"Designation of a concept's state.  Normally is not populated unless the state is retired..","type":"code"}],"concept":[{"code":"E","display":"Error","definition":"**Definition:**An issue which has prevented, or will prevent (unless a management is provided for the issue by the sender), the successful processing of an interaction. Response interactions which include an issue which is an Error are a 'rejection', indicating that the request was not successfully processed.\r\n\r\n**Example:**Unable to find specified patient.","property":[{"code":"status","valueCode":"active"},{"code":"internalId","valueCode":"19786"}]},{"code":"I","display":"Information","definition":"**Definition:** The message relates to an issue which has no bearing on the successful processing of the request. Information issues cannot be overridden by specifying a management.\r\n\r\n**Example:** A Patient's coverage will expire in 5 days.","property":[{"code":"status","valueCode":"active"},{"code":"internalId","valueCode":"19788"}]},{"code":"W","display":"Warning","definition":"**Definition:** The message relates to an issue which cannot prevent the successful processing of a request, but which could result in the processing not having the ideal or intended effect. Managing a warning issue is not required for successful processing, but will suppress the warning from being raised.\r\n\r\n**Example:**\r\n\r\nUnexpected additional repetitions of phone number have been ignored.","property":[{"code":"status","valueCode":"active"},{"code":"internalId","valueCode":"19787"}]},{"code":"ERR","property":[{"code":"status","valueCode":"retired"},{"code":"internalId","valueCode":"20071"}]},{"code":"INFO","property":[{"code":"status","valueCode":"retired"},{"code":"internalId","valueCode":"20073"}]},{"code":"WARN","property":[{"code":"status","valueCode":"retired"},{"code":"internalId","valueCode":"20072"}]}]}