{"resourceType":"CodeSystem","id":"KemkesImmunizationFundingSourceCS","meta":{"versionId":"2","lastUpdated":"2023-11-09T13:31:14.515+07:00"},"language":"Indonesia","text":{"status":"generated","div":"<div xmlns=\"http://www.w3.org/1999/xhtml\" xml:lang=\"Indonesia\" lang=\"Indonesia\"><p>This case-sensitive code system <code>http://terminology.kemkes.go.id/CodeSystem/immunization-fundingSource</code> defines the following codes in a Is-A heirarchy:</p><table class=\"codes\"><tr><td style=\"white-space:nowrap\"><b>Code</b></td><td><b>Display</b></td></tr><tr><td style=\"white-space:nowrap\">IF000001<a name=\"KemkesImmunizationFundingSourceCS-IF000001\"> </a></td><td>Program Pemerintah</td></tr><tr><td style=\"white-space:nowrap\">IF000002<a name=\"KemkesImmunizationFundingSourceCS-IF000002\"> </a></td><td>Program Pilihan</td></tr></table></div>"},"url":"http://terminology.kemkes.go.id/CodeSystem/immunization-fundingSource","version":"0.1.0","name":"KemkesImmunizationFundingSourceCS","title":"Terminology Kemkes immunization- funding source CodeSystem","status":"active","experimental":false,"date":"2024-02-05T00:00:00.000Z","publisher":"Thomas Chaidir","contact":[{"name":"Thomas Chaidir","telecom":[{"system":"url","value":"https://satusehat.kemkes.go.id/"}]}],"description":"Terminology Kemkes immunization- funding source CodeSystem","caseSensitive":true,"valueSet":"http://terminology.kemkes.go.id/ValueSet/immunization-fundingSource","hierarchyMeaning":"is-a","compositional":false,"versionNeeded":true,"content":"complete","count":2,"concept":[{"code":"IF000001","display":"Program Pemerintah"},{"code":"IF000002","display":"Program Pilihan"}]}