{"resourceType":"CodeSystem","id":"pnds","text":{"status":"generated","div":"<div xmlns=\"http://www.w3.org/1999/xhtml\"><p>This case-sensitive code system <code>http://terminology.hl7.org/CodeSystem/pnds</code> defines codes, but no codes are represented here</p></div>"},"url":"http://terminology.hl7.org/CodeSystem/pnds","identifier":[{"system":"urn:ietf:rfc:3986","value":"urn:oid:2.16.840.1.113883.6.22"}],"version":"0.1.0","name":"Pnds","title":"Perioperative Nursing Data Set","status":"retired","experimental":false,"date":"2021-11-09T10:00:00+10:00","publisher":"SatuSehat","contact":[{"name":"SatuSehat","telecom":[{"system":"url","value":"https://satusehat.kemkes.go.id/"},{"system":"email","value":"fhir@dto.kemkes.go.id"}]}],"description":"The PNDS provides standardized terms and codes for patient problems/nursing diagnoses, nursing interventions including actual or expected (goal) outcomes. The PNDS provides standardized terms and codes for nursing diagnoses (a subset of NANDA), nursing interventions and outcomes. The outcomes and interventions are in a relational database. The PNDS intervention and outcome statements are attached in an Access Database. The NANDA diagnoses in the PNDS have already been registered by HL7.","caseSensitive":true,"content":"not-present"}