{"resourceType":"ImplementationGuide","id":"hl7.fhir.id.core","text":{"status":"extensions","div":"<div xmlns=\"http://www.w3.org/1999/xhtml\"><h2>IDCore</h2><p>The official URL for this implementation guide is: </p><pre>https://fhir.kemkes.go.id/r4/ImplementationGuide/hl7.fhir.id.core</pre></div>"},"url":"https://fhir.kemkes.go.id/r4/ImplementationGuide/hl7.fhir.id.core","version":"0.1.0","name":"IDCore","title":"ID Core Implementation Guide","status":"active","date":"2024-05-23T10:54:59+07:00","publisher":"Thomas Chaidir","contact":[{"name":"Thomas Chaidir","telecom":[{"system":"url","value":"https://satusehat.kemkes.go.id/"}]}],"packageId":"hl7.fhir.id.core","license":"CC0-1.0","fhirVersion":["4.0.1"],"dependsOn":[{"id":"hl7tx","extension":[{"url":"http://hl7.org/fhir/tools/StructureDefinition/implementationguide-dependency-comment","valueMarkdown":"Automatically added as a dependency - all IGs depend on HL7 Terminology"}],"uri":"http://terminology.hl7.org/ImplementationGuide/hl7.terminology","packageId":"hl7.terminology.r4","version":"5.5.0"},{"id":"hl7ext","extension":[{"url":"http://hl7.org/fhir/tools/StructureDefinition/implementationguide-dependency-comment","valueMarkdown":"Automatically added as a dependency - all IGs depend on the HL7 Extension Pack"}],"uri":"http://hl7.org/fhir/extensions/ImplementationGuide/hl7.fhir.uv.extensions","packageId":"hl7.fhir.uv.extensions.r4","version":"5.1.0"}],"definition":{"extension":[{"extension":[{"url":"code","valueString":"copyrightyear"},{"url":"value","valueString":"2023+"}],"url":"http://hl7.org/fhir/tools/StructureDefinition/ig-parameter"},{"extension":[{"url":"code","valueString":"releaselabel"},{"url":"value","valueString":"ci-build"}],"url":"http://hl7.org/fhir/tools/StructureDefinition/ig-parameter"},{"extension":[{"url":"code","valueString":"autoload-resources"},{"url":"value","valueString":"true"}],"url":"http://hl7.org/fhir/tools/StructureDefinition/ig-parameter"},{"extension":[{"url":"code","valueString":"path-liquid"},{"url":"value","valueString":"template/liquid"}],"url":"http://hl7.org/fhir/tools/StructureDefinition/ig-parameter"},{"extension":[{"url":"code","valueString":"path-liquid"},{"url":"value","valueString":"input/liquid"}],"url":"http://hl7.org/fhir/tools/StructureDefinition/ig-parameter"},{"extension":[{"url":"code","valueString":"path-qa"},{"url":"value","valueString":"temp/qa"}],"url":"http://hl7.org/fhir/tools/StructureDefinition/ig-parameter"},{"extension":[{"url":"code","valueString":"path-temp"},{"url":"value","valueString":"temp/pages"}],"url":"http://hl7.org/fhir/tools/StructureDefinition/ig-parameter"},{"extension":[{"url":"code","valueString":"path-output"},{"url":"value","valueString":"output"}],"url":"http://hl7.org/fhir/tools/StructureDefinition/ig-parameter"},{"extension":[{"url":"code","valueString":"path-suppressed-warnings"},{"url":"value","valueString":"input/ignoreWarnings.txt"}],"url":"http://hl7.org/fhir/tools/StructureDefinition/ig-parameter"},{"extension":[{"url":"code","valueString":"path-history"},{"url":"value","valueString":"https://fhir.kemkes.go.id/r4/history.html"}],"url":"http://hl7.org/fhir/tools/StructureDefinition/ig-parameter"},{"extension":[{"url":"code","valueString":"template-html"},{"url":"value","valueString":"template-page.html"}],"url":"http://hl7.org/fhir/tools/StructureDefinition/ig-parameter"},{"extension":[{"url":"code","valueString":"template-md"},{"url":"value","valueString":"template-page-md.html"}],"url":"http://hl7.org/fhir/tools/StructureDefinition/ig-parameter"},{"extension":[{"url":"code","valueString":"apply-contact"},{"url":"value","valueString":"true"}],"url":"http://hl7.org/fhir/tools/StructureDefinition/ig-parameter"},{"extension":[{"url":"code","valueString":"apply-context"},{"url":"value","valueString":"true"}],"url":"http://hl7.org/fhir/tools/StructureDefinition/ig-parameter"},{"extension":[{"url":"code","valueString":"apply-copyright"},{"url":"value","valueString":"true"}],"url":"http://hl7.org/fhir/tools/StructureDefinition/ig-parameter"},{"extension":[{"url":"code","valueString":"apply-jurisdiction"},{"url":"value","valueString":"true"}],"url":"http://hl7.org/fhir/tools/StructureDefinition/ig-parameter"},{"extension":[{"url":"code","valueString":"apply-license"},{"url":"value","valueString":"true"}],"url":"http://hl7.org/fhir/tools/StructureDefinition/ig-parameter"},{"extension":[{"url":"code","valueString":"apply-publisher"},{"url":"value","valueString":"true"}],"url":"http://hl7.org/fhir/tools/StructureDefinition/ig-parameter"},{"extension":[{"url":"code","valueString":"apply-version"},{"url":"value","valueString":"true"}],"url":"http://hl7.org/fhir/tools/StructureDefinition/ig-parameter"},{"extension":[{"url":"code","valueString":"apply-wg"},{"url":"value","valueString":"true"}],"url":"http://hl7.org/fhir/tools/StructureDefinition/ig-parameter"},{"extension":[{"url":"code","valueString":"active-tables"},{"url":"value","valueString":"true"}],"url":"http://hl7.org/fhir/tools/StructureDefinition/ig-parameter"},{"extension":[{"url":"code","valueString":"fmm-definition"},{"url":"value","valueString":"http://hl7.org/fhir/versions.html#maturity"}],"url":"http://hl7.org/fhir/tools/StructureDefinition/ig-parameter"},{"extension":[{"url":"code","valueString":"propagate-status"},{"url":"value","valueString":"true"}],"url":"http://hl7.org/fhir/tools/StructureDefinition/ig-parameter"},{"extension":[{"url":"code","valueString":"excludelogbinaryformat"},{"url":"value","valueString":"true"}],"url":"http://hl7.org/fhir/tools/StructureDefinition/ig-parameter"},{"extension":[{"url":"code","valueString":"tabbed-snapshots"},{"url":"value","valueString":"true"}],"url":"http://hl7.org/fhir/tools/StructureDefinition/ig-parameter"},{"url":"http://hl7.org/fhir/tools/StructureDefinition/ig-internal-dependency","valueCode":"hl7.fhir.uv.tools#current"},{"extension":[{"url":"code","valueCode":"copyrightyear"},{"url":"value","valueString":"2023+"}],"url":"http://hl7.org/fhir/tools/StructureDefinition/ig-parameter"},{"extension":[{"url":"code","valueCode":"releaselabel"},{"url":"value","valueString":"ci-build"}],"url":"http://hl7.org/fhir/tools/StructureDefinition/ig-parameter"},{"extension":[{"url":"code","valueCode":"autoload-resources"},{"url":"value","valueString":"true"}],"url":"http://hl7.org/fhir/tools/StructureDefinition/ig-parameter"},{"extension":[{"url":"code","valueCode":"path-liquid"},{"url":"value","valueString":"template/liquid"}],"url":"http://hl7.org/fhir/tools/StructureDefinition/ig-parameter"},{"extension":[{"url":"code","valueCode":"path-liquid"},{"url":"value","valueString":"input/liquid"}],"url":"http://hl7.org/fhir/tools/StructureDefinition/ig-parameter"},{"extension":[{"url":"code","valueCode":"path-qa"},{"url":"value","valueString":"temp/qa"}],"url":"http://hl7.org/fhir/tools/StructureDefinition/ig-parameter"},{"extension":[{"url":"code","valueCode":"path-temp"},{"url":"value","valueString":"temp/pages"}],"url":"http://hl7.org/fhir/tools/StructureDefinition/ig-parameter"},{"extension":[{"url":"code","valueCode":"path-output"},{"url":"value","valueString":"output"}],"url":"http://hl7.org/fhir/tools/StructureDefinition/ig-parameter"},{"extension":[{"url":"code","valueCode":"path-suppressed-warnings"},{"url":"value","valueString":"input/ignoreWarnings.txt"}],"url":"http://hl7.org/fhir/tools/StructureDefinition/ig-parameter"},{"extension":[{"url":"code","valueCode":"path-history"},{"url":"value","valueString":"https://fhir.kemkes.go.id/r4/history.html"}],"url":"http://hl7.org/fhir/tools/StructureDefinition/ig-parameter"},{"extension":[{"url":"code","valueCode":"template-html"},{"url":"value","valueString":"template-page.html"}],"url":"http://hl7.org/fhir/tools/StructureDefinition/ig-parameter"},{"extension":[{"url":"code","valueCode":"template-md"},{"url":"value","valueString":"template-page-md.html"}],"url":"http://hl7.org/fhir/tools/StructureDefinition/ig-parameter"},{"extension":[{"url":"code","valueCode":"apply-contact"},{"url":"value","valueString":"true"}],"url":"http://hl7.org/fhir/tools/StructureDefinition/ig-parameter"},{"extension":[{"url":"code","valueCode":"apply-context"},{"url":"value","valueString":"true"}],"url":"http://hl7.org/fhir/tools/StructureDefinition/ig-parameter"},{"extension":[{"url":"code","valueCode":"apply-copyright"},{"url":"value","valueString":"true"}],"url":"http://hl7.org/fhir/tools/StructureDefinition/ig-parameter"},{"extension":[{"url":"code","valueCode":"apply-jurisdiction"},{"url":"value","valueString":"true"}],"url":"http://hl7.org/fhir/tools/StructureDefinition/ig-parameter"},{"extension":[{"url":"code","valueCode":"apply-license"},{"url":"value","valueString":"true"}],"url":"http://hl7.org/fhir/tools/StructureDefinition/ig-parameter"},{"extension":[{"url":"code","valueCode":"apply-publisher"},{"url":"value","valueString":"true"}],"url":"http://hl7.org/fhir/tools/StructureDefinition/ig-parameter"},{"extension":[{"url":"code","valueCode":"apply-version"},{"url":"value","valueString":"true"}],"url":"http://hl7.org/fhir/tools/StructureDefinition/ig-parameter"},{"extension":[{"url":"code","valueCode":"apply-wg"},{"url":"value","valueString":"true"}],"url":"http://hl7.org/fhir/tools/StructureDefinition/ig-parameter"},{"extension":[{"url":"code","valueCode":"active-tables"},{"url":"value","valueString":"true"}],"url":"http://hl7.org/fhir/tools/StructureDefinition/ig-parameter"},{"extension":[{"url":"code","valueCode":"fmm-definition"},{"url":"value","valueString":"http://hl7.org/fhir/versions.html#maturity"}],"url":"http://hl7.org/fhir/tools/StructureDefinition/ig-parameter"},{"extension":[{"url":"code","valueCode":"propagate-status"},{"url":"value","valueString":"true"}],"url":"http://hl7.org/fhir/tools/StructureDefinition/ig-parameter"},{"extension":[{"url":"code","valueCode":"excludelogbinaryformat"},{"url":"value","valueString":"true"}],"url":"http://hl7.org/fhir/tools/StructureDefinition/ig-parameter"},{"extension":[{"url":"code","valueCode":"tabbed-snapshots"},{"url":"value","valueString":"true"}],"url":"http://hl7.org/fhir/tools/StructureDefinition/ig-parameter"},{"extension":[{"url":"code","valueCode":"copyrightyear"},{"url":"value","valueString":"2023+"}],"url":"http://hl7.org/fhir/tools/StructureDefinition/ig-parameter"},{"extension":[{"url":"code","valueCode":"releaselabel"},{"url":"value","valueString":"ci-build"}],"url":"http://hl7.org/fhir/tools/StructureDefinition/ig-parameter"},{"extension":[{"url":"code","valueCode":"autoload-resources"},{"url":"value","valueString":"true"}],"url":"http://hl7.org/fhir/tools/StructureDefinition/ig-parameter"},{"extension":[{"url":"code","valueCode":"path-liquid"},{"url":"value","valueString":"template/liquid"}],"url":"http://hl7.org/fhir/tools/StructureDefinition/ig-parameter"},{"extension":[{"url":"code","valueCode":"path-liquid"},{"url":"value","valueString":"input/liquid"}],"url":"http://hl7.org/fhir/tools/StructureDefinition/ig-parameter"},{"extension":[{"url":"code","valueCode":"path-qa"},{"url":"value","valueString":"temp/qa"}],"url":"http://hl7.org/fhir/tools/StructureDefinition/ig-parameter"},{"extension":[{"url":"code","valueCode":"path-temp"},{"url":"value","valueString":"temp/pages"}],"url":"http://hl7.org/fhir/tools/StructureDefinition/ig-parameter"},{"extension":[{"url":"code","valueCode":"path-output"},{"url":"value","valueString":"output"}],"url":"http://hl7.org/fhir/tools/StructureDefinition/ig-parameter"},{"extension":[{"url":"code","valueCode":"path-suppressed-warnings"},{"url":"value","valueString":"input/ignoreWarnings.txt"}],"url":"http://hl7.org/fhir/tools/StructureDefinition/ig-parameter"},{"extension":[{"url":"code","valueCode":"path-history"},{"url":"value","valueString":"https://fhir.kemkes.go.id/r4/history.html"}],"url":"http://hl7.org/fhir/tools/StructureDefinition/ig-parameter"},{"extension":[{"url":"code","valueCode":"template-html"},{"url":"value","valueString":"template-page.html"}],"url":"http://hl7.org/fhir/tools/StructureDefinition/ig-parameter"},{"extension":[{"url":"code","valueCode":"template-md"},{"url":"value","valueString":"template-page-md.html"}],"url":"http://hl7.org/fhir/tools/StructureDefinition/ig-parameter"},{"extension":[{"url":"code","valueCode":"apply-contact"},{"url":"value","valueString":"true"}],"url":"http://hl7.org/fhir/tools/StructureDefinition/ig-parameter"},{"extension":[{"url":"code","valueCode":"apply-context"},{"url":"value","valueString":"true"}],"url":"http://hl7.org/fhir/tools/StructureDefinition/ig-parameter"},{"extension":[{"url":"code","valueCode":"apply-copyright"},{"url":"value","valueString":"true"}],"url":"http://hl7.org/fhir/tools/StructureDefinition/ig-parameter"},{"extension":[{"url":"code","valueCode":"apply-jurisdiction"},{"url":"value","valueString":"true"}],"url":"http://hl7.org/fhir/tools/StructureDefinition/ig-parameter"},{"extension":[{"url":"code","valueCode":"apply-license"},{"url":"value","valueString":"true"}],"url":"http://hl7.org/fhir/tools/StructureDefinition/ig-parameter"},{"extension":[{"url":"code","valueCode":"apply-publisher"},{"url":"value","valueString":"true"}],"url":"http://hl7.org/fhir/tools/StructureDefinition/ig-parameter"},{"extension":[{"url":"code","valueCode":"apply-version"},{"url":"value","valueString":"true"}],"url":"http://hl7.org/fhir/tools/StructureDefinition/ig-parameter"},{"extension":[{"url":"code","valueCode":"apply-wg"},{"url":"value","valueString":"true"}],"url":"http://hl7.org/fhir/tools/StructureDefinition/ig-parameter"},{"extension":[{"url":"code","valueCode":"active-tables"},{"url":"value","valueString":"true"}],"url":"http://hl7.org/fhir/tools/StructureDefinition/ig-parameter"},{"extension":[{"url":"code","valueCode":"fmm-definition"},{"url":"value","valueString":"http://hl7.org/fhir/versions.html#maturity"}],"url":"http://hl7.org/fhir/tools/StructureDefinition/ig-parameter"},{"extension":[{"url":"code","valueCode":"propagate-status"},{"url":"value","valueString":"true"}],"url":"http://hl7.org/fhir/tools/StructureDefinition/ig-parameter"},{"extension":[{"url":"code","valueCode":"excludelogbinaryformat"},{"url":"value","valueString":"true"}],"url":"http://hl7.org/fhir/tools/StructureDefinition/ig-parameter"},{"extension":[{"url":"code","valueCode":"tabbed-snapshots"},{"url":"value","valueString":"true"}],"url":"http://hl7.org/fhir/tools/StructureDefinition/ig-parameter"}],"grouping":[{"id":"-str-profile","name":"Structures: Resource Profiles","description":"These define constraints on FHIR resources for systems conforming to this implementation guide."},{"id":"-str-extension","name":"Structures: Extension Definitions","description":"These define constraints on FHIR data types for systems conforming to this implementation guide."},{"id":"-term-valueset","name":"Terminology: Value Sets","description":"These define sets of codes used by systems conforming to this implementation guide."},{"id":"-term-codesystem","name":"Terminology: Code Systems","description":"These define new code systems used by systems conforming to this implementation guide."},{"id":"-ex-example","name":"Example: Example Instances","description":"These are example instances that show what data produced and consumed by systems conforming with this implementation guide might look like."}],"resource":[{"extension":[{"url":"http://hl7.org/fhir/tools/StructureDefinition/resource-sort","valueInteger":999999999},{"url":"http://hl7.org/fhir/StructureDefinition/implementationguide-page","valueUri":"StructureDefinition-IDCoreVSBPDiastolic.html"}],"reference":{"reference":"StructureDefinition/IDCoreVSBPDiastolic"},"name":"Diastolic Blood Pressure","description":"Profile for diastolic blood pressure value.","exampleBoolean":false,"groupingId":"-str-profile"},{"extension":[{"url":"http://hl7.org/fhir/tools/StructureDefinition/resource-sort","valueInteger":999999999},{"url":"http://hl7.org/fhir/StructureDefinition/implementationguide-page","valueUri":"StructureDefinition-IDCoreCondition.html"}],"reference":{"reference":"StructureDefinition/IDCoreCondition"},"name":"IDCoreCondition","description":"ID Core Condition profile","exampleBoolean":false,"groupingId":"-str-profile"},{"extension":[{"url":"http://hl7.org/fhir/tools/StructureDefinition/resource-sort","valueInteger":999999999},{"url":"http://hl7.org/fhir/StructureDefinition/implementationguide-page","valueUri":"StructureDefinition-IDCoreEncounter.html"}],"reference":{"reference":"StructureDefinition/IDCoreEncounter"},"name":"IDCoreEncounter","description":"ID Core Encounter profile","exampleBoolean":false,"groupingId":"-str-profile"},{"extension":[{"url":"http://hl7.org/fhir/tools/StructureDefinition/resource-sort","valueInteger":999999999},{"url":"http://hl7.org/fhir/StructureDefinition/implementationguide-page","valueUri":"StructureDefinition-IDCoreEncounterEMER.html"}],"reference":{"reference":"StructureDefinition/IDCoreEncounterEMER"},"name":"IDCoreEncounterEMER","description":"Encounter profile for Emergency patient","exampleBoolean":false,"groupingId":"-str-profile"},{"extension":[{"url":"http://hl7.org/fhir/tools/StructureDefinition/resource-sort","valueInteger":999999999},{"url":"http://hl7.org/fhir/StructureDefinition/implementationguide-page","valueUri":"StructureDefinition-IDCoreEncounterIMP.html"}],"reference":{"reference":"StructureDefinition/IDCoreEncounterIMP"},"name":"IDCoreEncounterIMP","description":"Encounter profile for inpatient patient","exampleBoolean":false,"groupingId":"-str-profile"},{"extension":[{"url":"http://hl7.org/fhir/tools/StructureDefinition/resource-sort","valueInteger":999999999},{"url":"http://hl7.org/fhir/StructureDefinition/implementationguide-page","valueUri":"StructureDefinition-IDCoreEncounterStatusFinished.html"}],"reference":{"reference":"StructureDefinition/IDCoreEncounterStatusFinished"},"name":"IDCoreEncounterStatusFinished","description":"Encounter profile when the Status is Finished","exampleBoolean":false,"groupingId":"-str-profile"},{"extension":[{"url":"http://hl7.org/fhir/tools/StructureDefinition/resource-sort","valueInteger":999999999},{"url":"http://hl7.org/fhir/StructureDefinition/implementationguide-page","valueUri":"StructureDefinition-IDCoreObservation.html"}],"reference":{"reference":"StructureDefinition/IDCoreObservation"},"name":"IDCoreObservation","description":"ID Core Observation profile","exampleBoolean":false,"groupingId":"-str-profile"},{"extension":[{"url":"http://hl7.org/fhir/tools/StructureDefinition/resource-sort","valueInteger":999999999},{"url":"http://hl7.org/fhir/StructureDefinition/implementationguide-page","valueUri":"StructureDefinition-IDCorePatient.html"}],"reference":{"reference":"StructureDefinition/IDCorePatient"},"name":"IDCorePatient","description":"ID Core Patient profile","exampleBoolean":false,"groupingId":"-str-profile"},{"extension":[{"url":"http://hl7.org/fhir/tools/StructureDefinition/resource-sort","valueInteger":999999999},{"url":"http://hl7.org/fhir/StructureDefinition/implementationguide-page","valueUri":"StructureDefinition-IDCorePractitioner.html"}],"reference":{"reference":"StructureDefinition/IDCorePractitioner"},"name":"IDCorePractitioner","description":"ID Core Practitioner profile","exampleBoolean":false,"groupingId":"-str-profile"},{"extension":[{"url":"http://hl7.org/fhir/tools/StructureDefinition/resource-sort","valueInteger":999999999},{"url":"http://hl7.org/fhir/StructureDefinition/implementationguide-page","valueUri":"StructureDefinition-IDCoreVSBPSystolic.html"}],"reference":{"reference":"StructureDefinition/IDCoreVSBPSystolic"},"name":"Systolic Blood Pressure","description":"Profile for systolic blood pressure value.","exampleBoolean":false,"groupingId":"-str-profile"},{"extension":[{"url":"http://hl7.org/fhir/tools/StructureDefinition/resource-sort","valueInteger":999999999},{"url":"http://hl7.org/fhir/StructureDefinition/implementationguide-page","valueUri":"StructureDefinition-IDCoreObservationVitalSigns.html"}],"reference":{"reference":"StructureDefinition/IDCoreObservationVitalSigns"},"name":"Vital Signs Profile","description":"IDCore Vital Signs Profile","exampleBoolean":false,"groupingId":"-str-profile"},{"extension":[{"url":"http://hl7.org/fhir/tools/StructureDefinition/resource-sort","valueInteger":999999999},{"url":"http://hl7.org/fhir/StructureDefinition/implementationguide-page","valueUri":"StructureDefinition-AddressExtension.html"}],"reference":{"reference":"StructureDefinition/AddressExtension"},"name":"Address administrative code extension","exampleBoolean":false,"groupingId":"-str-extension"},{"extension":[{"url":"http://hl7.org/fhir/tools/StructureDefinition/resource-sort","valueInteger":999999999},{"url":"http://hl7.org/fhir/StructureDefinition/implementationguide-page","valueUri":"StructureDefinition-EncounterLocation.html"}],"reference":{"reference":"StructureDefinition/EncounterLocation"},"name":"Encounter Location Extention","exampleBoolean":false,"groupingId":"-str-extension"},{"extension":[{"url":"http://hl7.org/fhir/tools/StructureDefinition/resource-sort","valueInteger":999999999},{"url":"http://hl7.org/fhir/StructureDefinition/implementationguide-page","valueUri":"StructureDefinition-CitizenshipStatusExtension.html"}],"reference":{"reference":"StructureDefinition/CitizenshipStatusExtension"},"name":"Patient citizenship status extension","exampleBoolean":false,"groupingId":"-str-extension"},{"extension":[{"url":"http://hl7.org/fhir/tools/StructureDefinition/resource-sort","valueInteger":999999999},{"url":"http://hl7.org/fhir/StructureDefinition/implementationguide-page","valueUri":"ValueSet-EncounterLocationServiceClassExtension.html"}],"reference":{"reference":"ValueSet/EncounterLocationServiceClassExtension"},"name":"Encounter Location Extension","description":"A set of codes, specifying location extension valueset.","exampleBoolean":false,"groupingId":"-term-valueset"},{"extension":[{"url":"http://hl7.org/fhir/tools/StructureDefinition/resource-sort","valueInteger":999999999},{"url":"http://hl7.org/fhir/StructureDefinition/implementationguide-page","valueUri":"ValueSet-EncounterLocationServiceClassInpatient.html"}],"reference":{"reference":"ValueSet/EncounterLocationServiceClassInpatient"},"name":"Encounter Location ServiceClass-Inpatient","description":"A set of codes, specifying location ServiceClass for inpatient patient.","exampleBoolean":false,"groupingId":"-term-valueset"},{"extension":[{"url":"http://hl7.org/fhir/tools/StructureDefinition/resource-sort","valueInteger":999999999},{"url":"http://hl7.org/fhir/StructureDefinition/implementationguide-page","valueUri":"ValueSet-EncounterLocationServiceClassOutpatient.html"}],"reference":{"reference":"ValueSet/EncounterLocationServiceClassOutpatient"},"name":"Encounter Location ServiceClass-Outpatient","description":"A set of codes, specifying location ServiceClass for outpatient patient.","exampleBoolean":false,"groupingId":"-term-valueset"},{"extension":[{"url":"http://hl7.org/fhir/tools/StructureDefinition/resource-sort","valueInteger":999999999},{"url":"http://hl7.org/fhir/StructureDefinition/implementationguide-page","valueUri":"ValueSet-EncounterLocationUpgradeClass.html"}],"reference":{"reference":"ValueSet/EncounterLocationUpgradeClass"},"name":"Encounter Location Upgrade Class","description":"A set of codes, specifying location UpgradeClass.","exampleBoolean":false,"groupingId":"-term-valueset"},{"extension":[{"url":"http://hl7.org/fhir/tools/StructureDefinition/resource-sort","valueInteger":999999999},{"url":"http://hl7.org/fhir/StructureDefinition/implementationguide-page","valueUri":"ValueSet-ObservationBodySite.html"}],"reference":{"reference":"ValueSet/ObservationBodySite"},"name":"Value set specific for Observation BodySite","description":"Value set specific for Observation BodySite","exampleBoolean":false,"groupingId":"-term-valueset"},{"extension":[{"url":"http://hl7.org/fhir/tools/StructureDefinition/resource-sort","valueInteger":999999999},{"url":"http://hl7.org/fhir/StructureDefinition/implementationguide-page","valueUri":"ValueSet-Observation.interpretation.html"}],"reference":{"reference":"ValueSet/Observation.interpretation"},"name":"Value set specific for Observation Code","description":"Value set specific for Observation Code","exampleBoolean":false,"groupingId":"-term-valueset"},{"extension":[{"url":"http://hl7.org/fhir/tools/StructureDefinition/resource-sort","valueInteger":999999999},{"url":"http://hl7.org/fhir/StructureDefinition/implementationguide-page","valueUri":"ValueSet-Observationcode.html"}],"reference":{"reference":"ValueSet/Observationcode"},"name":"Value set specific for Observation Code","description":"Value set specific for Observation Code","exampleBoolean":false,"groupingId":"-term-valueset"},{"extension":[{"url":"http://hl7.org/fhir/tools/StructureDefinition/resource-sort","valueInteger":999999999},{"url":"http://hl7.org/fhir/StructureDefinition/implementationguide-page","valueUri":"ValueSet-Observation.valueCodeableConceptSpecific.html"}],"reference":{"reference":"ValueSet/Observation.valueCodeableConceptSpecific"},"name":"Value set specific for Observation specific value CodeableConcept","description":"Value set specific for Observation specific value CodeableConcept","exampleBoolean":false,"groupingId":"-term-valueset"},{"extension":[{"url":"http://hl7.org/fhir/tools/StructureDefinition/resource-sort","valueInteger":999999999},{"url":"http://hl7.org/fhir/StructureDefinition/implementationguide-page","valueUri":"ValueSet-Observation.valueCodeableConcept.html"}],"reference":{"reference":"ValueSet/Observation.valueCodeableConcept"},"name":"Value set specific for Observation value CodeableConcept","description":"Value set specific for Observation value CodeableConcept","exampleBoolean":false,"groupingId":"-term-valueset"},{"extension":[{"url":"http://hl7.org/fhir/tools/StructureDefinition/resource-sort","valueInteger":999999999},{"url":"http://hl7.org/fhir/StructureDefinition/implementationguide-page","valueUri":"CodeSystem-EncounterLocationServiceClassInpatient.html"}],"reference":{"reference":"CodeSystem/EncounterLocationServiceClassInpatient"},"name":"Encounter Location ServiceClass Inpatient","description":"Local ID encounter location ServiceClass Inpatient","exampleBoolean":false,"groupingId":"-term-codesystem"},{"extension":[{"url":"http://hl7.org/fhir/tools/StructureDefinition/resource-sort","valueInteger":999999999},{"url":"http://hl7.org/fhir/StructureDefinition/implementationguide-page","valueUri":"CodeSystem-EncounterLocationServiceClassOutpatient.html"}],"reference":{"reference":"CodeSystem/EncounterLocationServiceClassOutpatient"},"name":"Encounter Location ServiceClass Outpatient","description":"Local ID encounter location ServiceClass Outpatient","exampleBoolean":false,"groupingId":"-term-codesystem"},{"extension":[{"url":"http://hl7.org/fhir/tools/StructureDefinition/resource-sort","valueInteger":999999999},{"url":"http://hl7.org/fhir/StructureDefinition/implementationguide-page","valueUri":"CodeSystem-EncounterLocationUpgradeClass.html"}],"reference":{"reference":"CodeSystem/EncounterLocationUpgradeClass"},"name":"Encounter Location UpgradeClass","description":"Local ID encounter location UpgradeClass","exampleBoolean":false,"groupingId":"-term-codesystem"},{"extension":[{"url":"http://hl7.org/fhir/tools/StructureDefinition/resource-sort","valueInteger":999999999},{"url":"http://hl7.org/fhir/StructureDefinition/implementationguide-page","valueUri":"CodeSystem-KemkesICDOMorphologyCS.html"}],"reference":{"reference":"CodeSystem/KemkesICDOMorphologyCS"},"name":"ICD-0 Morphology","description":"Created by: Fadhil Muhammad","exampleBoolean":false,"groupingId":"-term-codesystem"},{"extension":[{"url":"http://hl7.org/fhir/tools/StructureDefinition/resource-sort","valueInteger":999999999},{"url":"http://hl7.org/fhir/StructureDefinition/implementationguide-page","valueUri":"CodeSystem-KemkesICDOTopographyCS.html"}],"reference":{"reference":"CodeSystem/KemkesICDOTopographyCS"},"name":"ICD-0 Topography","description":"Created by: Fadhil Muhammad","exampleBoolean":false,"groupingId":"-term-codesystem"},{"extension":[{"url":"http://hl7.org/fhir/tools/StructureDefinition/resource-sort","valueInteger":999999999},{"url":"http://hl7.org/fhir/StructureDefinition/implementationguide-page","valueUri":"CodeSystem-KemkesCancerMCategory.html"}],"reference":{"reference":"CodeSystem/KemkesCancerMCategory"},"name":"Kemkes Cancer M Category","exampleBoolean":false,"groupingId":"-term-codesystem"},{"extension":[{"url":"http://hl7.org/fhir/tools/StructureDefinition/resource-sort","valueInteger":999999999},{"url":"http://hl7.org/fhir/StructureDefinition/implementationguide-page","valueUri":"CodeSystem-KemkesCancerNCategory.html"}],"reference":{"reference":"CodeSystem/KemkesCancerNCategory"},"name":"Kemkes Cancer N Category","exampleBoolean":false,"groupingId":"-term-codesystem"},{"extension":[{"url":"http://hl7.org/fhir/tools/StructureDefinition/resource-sort","valueInteger":999999999},{"url":"http://hl7.org/fhir/StructureDefinition/implementationguide-page","valueUri":"CodeSystem-KemkesCancerTCategoryCS.html"}],"reference":{"reference":"CodeSystem/KemkesCancerTCategoryCS"},"name":"Kemkes Cancer T Category","exampleBoolean":false,"groupingId":"-term-codesystem"},{"extension":[{"url":"http://hl7.org/fhir/tools/StructureDefinition/resource-sort","valueInteger":999999999},{"url":"http://hl7.org/fhir/StructureDefinition/implementationguide-page","valueUri":"CodeSystem-KemkesCarePlanCategoryCS.html"}],"reference":{"reference":"CodeSystem/KemkesCarePlanCategoryCS"},"name":"Terminology Kemkes Clinical Term CodeSystem","description":"Terminology Kemkes Clinical Speciality CodeSystem","exampleBoolean":false,"groupingId":"-term-codesystem"},{"extension":[{"url":"http://hl7.org/fhir/tools/StructureDefinition/resource-sort","valueInteger":999999999},{"url":"http://hl7.org/fhir/StructureDefinition/implementationguide-page","valueUri":"CodeSystem-KemkesClinicalSpecialityCS.html"}],"reference":{"reference":"CodeSystem/KemkesClinicalSpecialityCS"},"name":"Terminology Kemkes Clinical Term CodeSystem","description":"Terminology Kemkes Clinical Speciality CodeSystem","exampleBoolean":false,"groupingId":"-term-codesystem"},{"extension":[{"url":"http://hl7.org/fhir/tools/StructureDefinition/resource-sort","valueInteger":999999999},{"url":"http://hl7.org/fhir/StructureDefinition/implementationguide-page","valueUri":"CodeSystem-KemkesClinicalTermCS.html"}],"reference":{"reference":"CodeSystem/KemkesClinicalTermCS"},"name":"Terminology Kemkes Clinical Term CodeSystem","description":"Terminology Kemkes Clinical Term CodeSystem","exampleBoolean":false,"groupingId":"-term-codesystem"},{"extension":[{"url":"http://hl7.org/fhir/tools/StructureDefinition/resource-sort","valueInteger":999999999},{"url":"http://hl7.org/fhir/StructureDefinition/implementationguide-page","valueUri":"CodeSystem-KemkesHospitalClassCS.html"}],"reference":{"reference":"CodeSystem/KemkesHospitalClassCS"},"name":"Terminology Kemkes Hospital Class CodeSystem","description":"Terminology Kemkes Hospital Class CodeSystem","exampleBoolean":false,"groupingId":"-term-codesystem"},{"extension":[{"url":"http://hl7.org/fhir/tools/StructureDefinition/resource-sort","valueInteger":999999999},{"url":"http://hl7.org/fhir/StructureDefinition/implementationguide-page","valueUri":"CodeSystem-KemkesObservationInterpretation.html"}],"reference":{"reference":"CodeSystem/KemkesObservationInterpretation"},"name":"Terminology Kemkes ObservationInterpretation CodeSystem","description":"Terminology Kemkes Observation Interpretation CodeSystem","exampleBoolean":false,"groupingId":"-term-codesystem"},{"extension":[{"url":"http://hl7.org/fhir/tools/StructureDefinition/resource-sort","valueInteger":999999999},{"url":"http://hl7.org/fhir/StructureDefinition/implementationguide-page","valueUri":"CodeSystem-KemkesCompositionSectionCS.html"}],"reference":{"reference":"CodeSystem/KemkesCompositionSectionCS"},"name":"Terminology Kemkes composition section CodeSystem","description":"Terminology Kemkes composition section CodeSystem","exampleBoolean":false,"groupingId":"-term-codesystem"},{"extension":[{"url":"http://hl7.org/fhir/tools/StructureDefinition/resource-sort","valueInteger":999999999},{"url":"http://hl7.org/fhir/StructureDefinition/implementationguide-page","valueUri":"CodeSystem-KemkesCompositionTypeCS.html"}],"reference":{"reference":"CodeSystem/KemkesCompositionTypeCS"},"name":"Terminology Kemkes composition type CodeSystem","description":"Terminology Kemkes composition type CodeSystem","exampleBoolean":false,"groupingId":"-term-codesystem"},{"extension":[{"url":"http://hl7.org/fhir/tools/StructureDefinition/resource-sort","valueInteger":999999999},{"url":"http://hl7.org/fhir/StructureDefinition/implementationguide-page","valueUri":"CodeSystem-KemkesExaminationCS.html"}],"reference":{"reference":"CodeSystem/KemkesExaminationCS"},"name":"Terminology Kemkes examination CodeSystem","description":"Terminology Kemkes examination CodeSystem","exampleBoolean":false,"groupingId":"-term-codesystem"},{"extension":[{"url":"http://hl7.org/fhir/tools/StructureDefinition/resource-sort","valueInteger":999999999},{"url":"http://hl7.org/fhir/StructureDefinition/implementationguide-page","valueUri":"CodeSystem-KemkesImmunizationProgramEligibilityCS.html"}],"reference":{"reference":"CodeSystem/KemkesImmunizationProgramEligibilityCS"},"name":"Terminology Kemkes immunization program eligibility CodeSystem","description":"Terminology Kemkes immunization program eligibility CodeSystem","exampleBoolean":false,"groupingId":"-term-codesystem"},{"extension":[{"url":"http://hl7.org/fhir/tools/StructureDefinition/resource-sort","valueInteger":999999999},{"url":"http://hl7.org/fhir/StructureDefinition/implementationguide-page","valueUri":"CodeSystem-KemkesImmunizationReasonCS.html"}],"reference":{"reference":"CodeSystem/KemkesImmunizationReasonCS"},"name":"Terminology Kemkes immunization reason CodeSystem","description":"Terminology Kemkes immunization reason CodeSystem","exampleBoolean":false,"groupingId":"-term-codesystem"},{"extension":[{"url":"http://hl7.org/fhir/tools/StructureDefinition/resource-sort","valueInteger":999999999},{"url":"http://hl7.org/fhir/StructureDefinition/implementationguide-page","valueUri":"CodeSystem-KemkesImmunizationRoutineTimingCS.html"}],"reference":{"reference":"CodeSystem/KemkesImmunizationRoutineTimingCS"},"name":"Terminology Kemkes immunization routine timing CodeSystem","description":"Terminology Kemkes immunization routine timing CodeSystem","exampleBoolean":false,"groupingId":"-term-codesystem"},{"extension":[{"url":"http://hl7.org/fhir/tools/StructureDefinition/resource-sort","valueInteger":999999999},{"url":"http://hl7.org/fhir/StructureDefinition/implementationguide-page","valueUri":"CodeSystem-KemkesImmunizationStatusReasonCS.html"}],"reference":{"reference":"CodeSystem/KemkesImmunizationStatusReasonCS"},"name":"Terminology Kemkes immunization statusReason CodeSystem","description":"Terminology Kemkes immunization statusReason  CodeSystem","exampleBoolean":false,"groupingId":"-term-codesystem"},{"extension":[{"url":"http://hl7.org/fhir/tools/StructureDefinition/resource-sort","valueInteger":999999999},{"url":"http://hl7.org/fhir/StructureDefinition/implementationguide-page","valueUri":"CodeSystem-KemkesImmunizationFundingSourceCS.html"}],"reference":{"reference":"CodeSystem/KemkesImmunizationFundingSourceCS"},"name":"Terminology Kemkes immunization- funding source CodeSystem","description":"Terminology Kemkes immunization- funding source CodeSystem","exampleBoolean":false,"groupingId":"-term-codesystem"},{"extension":[{"url":"http://hl7.org/fhir/tools/StructureDefinition/resource-sort","valueInteger":999999999},{"url":"http://hl7.org/fhir/StructureDefinition/implementationguide-page","valueUri":"CodeSystem-KemkesKPSP.html"}],"reference":{"reference":"CodeSystem/KemkesKPSP"},"name":"Terminology Kemkes kpsp CodeSystem","description":"Terminology Kemkes kpsp CodeSystem","exampleBoolean":false,"groupingId":"-term-codesystem"},{"extension":[{"url":"http://hl7.org/fhir/tools/StructureDefinition/resource-sort","valueInteger":999999999},{"url":"http://hl7.org/fhir/StructureDefinition/implementationguide-page","valueUri":"CodeSystem-KemkesLocationUpgradeClass.html"}],"reference":{"reference":"CodeSystem/KemkesLocationUpgradeClass"},"name":"Terminology Kemkes location upgrade class CodeSystem","description":"Terminology Kemkes location upgrade class CodeSystem","exampleBoolean":false,"groupingId":"-term-codesystem"},{"extension":[{"url":"http://hl7.org/fhir/tools/StructureDefinition/resource-sort","valueInteger":999999999},{"url":"http://hl7.org/fhir/StructureDefinition/implementationguide-page","valueUri":"CodeSystem-KemkesLocationType.html"}],"reference":{"reference":"CodeSystem/KemkesLocationType"},"name":"Terminology Kemkes location-type CodeSystem","description":"Terminology Kemkes location-type CodeSystem","exampleBoolean":false,"groupingId":"-term-codesystem"},{"extension":[{"url":"http://hl7.org/fhir/tools/StructureDefinition/resource-sort","valueInteger":999999999},{"url":"http://hl7.org/fhir/StructureDefinition/implementationguide-page","valueUri":"CodeSystem-KemkesMedicationForm.html"}],"reference":{"reference":"CodeSystem/KemkesMedicationForm"},"name":"Terminology Kemkes medication form CodeSystem","description":"Terminology Kemkes medication form CodeSystem","exampleBoolean":false,"groupingId":"-term-codesystem"},{"extension":[{"url":"http://hl7.org/fhir/tools/StructureDefinition/resource-sort","valueInteger":999999999},{"url":"http://hl7.org/fhir/StructureDefinition/implementationguide-page","valueUri":"CodeSystem-KemkesMedicationType.html"}],"reference":{"reference":"CodeSystem/KemkesMedicationType"},"name":"Terminology Kemkes medication type CodeSystem","description":"Terminology Kemkes medication type CodeSystem","exampleBoolean":false,"groupingId":"-term-codesystem"},{"extension":[{"url":"http://hl7.org/fhir/tools/StructureDefinition/resource-sort","valueInteger":999999999},{"url":"http://hl7.org/fhir/StructureDefinition/implementationguide-page","valueUri":"CodeSystem-KemkesOrganizationType.html"}],"reference":{"reference":"CodeSystem/KemkesOrganizationType"},"name":"Terminology Kemkes organization type CodeSystem","description":"Terminology Kemkes organization type CodeSystem","exampleBoolean":false,"groupingId":"-term-codesystem"},{"extension":[{"url":"http://hl7.org/fhir/tools/StructureDefinition/resource-sort","valueInteger":999999999},{"url":"http://hl7.org/fhir/StructureDefinition/implementationguide-page","valueUri":"CodeSystem-KemkesPrevTBTreatment.html"}],"reference":{"reference":"CodeSystem/KemkesPrevTBTreatment"},"name":"Terminology Kemkes prev-tb-treatment CodeSystem","description":"Terminology Kemkes prev-tb-treatment CodeSystem","exampleBoolean":false,"groupingId":"-term-codesystem"},{"extension":[{"url":"http://hl7.org/fhir/tools/StructureDefinition/resource-sort","valueInteger":999999999},{"url":"http://hl7.org/fhir/StructureDefinition/implementationguide-page","valueUri":"CodeSystem-KemkesSmallestLogisticUnit.html"}],"reference":{"reference":"CodeSystem/KemkesSmallestLogisticUnit"},"name":"Terminology Kemkes smallest logistic unit CodeSystem","description":"Terminology Kemkes smallest logistic unit CodeSystem","exampleBoolean":false,"groupingId":"-term-codesystem"},{"extension":[{"url":"http://hl7.org/fhir/tools/StructureDefinition/resource-sort","valueInteger":999999999},{"url":"http://hl7.org/fhir/StructureDefinition/implementationguide-page","valueUri":"Condition-IDCoreCondition.html"}],"reference":{"reference":"Condition/IDCoreCondition"},"name":"IDCoreCondition","exampleBoolean":true,"groupingId":"-ex-example"},{"extension":[{"url":"http://hl7.org/fhir/tools/StructureDefinition/resource-sort","valueInteger":999999999},{"url":"http://hl7.org/fhir/StructureDefinition/implementationguide-page","valueUri":"Encounter-IDCoreEncounter.html"}],"reference":{"reference":"Encounter/IDCoreEncounter"},"name":"IDCoreEncounter","exampleBoolean":true,"groupingId":"-ex-example"},{"extension":[{"url":"http://hl7.org/fhir/tools/StructureDefinition/resource-sort","valueInteger":999999999},{"url":"http://hl7.org/fhir/StructureDefinition/implementationguide-page","valueUri":"Encounter-IDCoreEncounterEMER.html"}],"reference":{"reference":"Encounter/IDCoreEncounterEMER"},"name":"IDCoreEncounterEMER","exampleCanonical":"https://fhir.kemkes.go.id/r4/StructureDefinition/IDCoreEncounter","groupingId":"-ex-example"},{"extension":[{"url":"http://hl7.org/fhir/tools/StructureDefinition/resource-sort","valueInteger":999999999},{"url":"http://hl7.org/fhir/StructureDefinition/implementationguide-page","valueUri":"Encounter-IDCoreEncounterIMP.html"}],"reference":{"reference":"Encounter/IDCoreEncounterIMP"},"name":"IDCoreEncounterIMP","exampleCanonical":"https://fhir.kemkes.go.id/r4/StructureDefinition/IDCoreEncounter","groupingId":"-ex-example"}],"page":{"extension":[{"url":"http://hl7.org/fhir/tools/StructureDefinition/ig-page-name","valueUrl":"toc.html"}],"nameUrl":"toc.html","title":"Table of Contents","generation":"html","page":[{"extension":[{"url":"http://hl7.org/fhir/tools/StructureDefinition/ig-page-name","valueUrl":"index.html"}],"nameUrl":"index.html","title":"Home","generation":"markdown"},{"extension":[{"url":"http://hl7.org/fhir/tools/StructureDefinition/ig-page-name","valueUrl":"modul-pelayanan.html"}],"nameUrl":"modul-pelayanan.html","title":"Modul Pelayanan","generation":"markdown","page":[{"extension":[{"url":"http://hl7.org/fhir/tools/StructureDefinition/ig-page-name","valueUrl":"resume-medis-jilid1.html"}],"nameUrl":"resume-medis-jilid1.html","title":"Resume Medis Jilid 1","generation":"markdown"},{"extension":[{"url":"http://hl7.org/fhir/tools/StructureDefinition/ig-page-name","valueUrl":"resume-medis-jilid2.html"}],"nameUrl":"resume-medis-jilid2.html","title":"Resume Medis Jilid 2","generation":"markdown"},{"extension":[{"url":"http://hl7.org/fhir/tools/StructureDefinition/ig-page-name","valueUrl":"rawat-inap-fase1.html"}],"nameUrl":"rawat-inap-fase1.html","title":"Rawat Inap Fase 1","generation":"markdown"},{"extension":[{"url":"http://hl7.org/fhir/tools/StructureDefinition/ig-page-name","valueUrl":"rawat-inap-fase2.html"}],"nameUrl":"rawat-inap-fase2.html","title":"Rawat Inap Fase 2","generation":"markdown"},{"extension":[{"url":"http://hl7.org/fhir/tools/StructureDefinition/ig-page-name","valueUrl":"igd-fase1.html"}],"nameUrl":"igd-fase1.html","title":"Igd Fase 1","generation":"markdown"},{"extension":[{"url":"http://hl7.org/fhir/tools/StructureDefinition/ig-page-name","valueUrl":"igd-fase2.html"}],"nameUrl":"igd-fase2.html","title":"Igd Fase 2","generation":"markdown"}]},{"extension":[{"url":"http://hl7.org/fhir/tools/StructureDefinition/ig-page-name","valueUrl":"useCase.html"}],"nameUrl":"useCase.html","title":"Penerapan (Use Case)","generation":"markdown","page":[{"extension":[{"url":"http://hl7.org/fhir/tools/StructureDefinition/ig-page-name","valueUrl":"imunisasi.html"}],"nameUrl":"imunisasi.html","title":"Imunisasi","generation":"markdown"},{"extension":[{"url":"http://hl7.org/fhir/tools/StructureDefinition/ig-page-name","valueUrl":"gizi-tumbang.html"}],"nameUrl":"gizi-tumbang.html","title":"Gizi Tumbang","generation":"markdown"},{"extension":[{"url":"http://hl7.org/fhir/tools/StructureDefinition/ig-page-name","valueUrl":"shk.html"}],"nameUrl":"shk.html","title":"Shk","generation":"markdown"},{"extension":[{"url":"http://hl7.org/fhir/tools/StructureDefinition/ig-page-name","valueUrl":"anc.html"}],"nameUrl":"anc.html","title":"Anc","generation":"markdown"},{"extension":[{"url":"http://hl7.org/fhir/tools/StructureDefinition/ig-page-name","valueUrl":"inc.html"}],"nameUrl":"inc.html","title":"Inc","generation":"markdown"},{"extension":[{"url":"http://hl7.org/fhir/tools/StructureDefinition/ig-page-name","valueUrl":"pnc.html"}],"nameUrl":"pnc.html","title":"Pnc","generation":"markdown"}]},{"extension":[{"url":"http://hl7.org/fhir/tools/StructureDefinition/ig-page-name","valueUrl":"dicom.html"}],"nameUrl":"dicom.html","title":"Sistem DICOM","generation":"markdown","page":[{"extension":[{"url":"http://hl7.org/fhir/tools/StructureDefinition/ig-page-name","valueUrl":"architecture.html"}],"nameUrl":"architecture.html","title":"Architecture","generation":"markdown"},{"extension":[{"url":"http://hl7.org/fhir/tools/StructureDefinition/ig-page-name","valueUrl":"dicom-requirement.html"}],"nameUrl":"dicom-requirement.html","title":"Dicom Requirement","generation":"markdown"},{"extension":[{"url":"http://hl7.org/fhir/tools/StructureDefinition/ig-page-name","valueUrl":"dicom-router.html"}],"nameUrl":"dicom-router.html","title":"Dicom Router","generation":"markdown"}]},{"extension":[{"url":"http://hl7.org/fhir/tools/StructureDefinition/ig-page-name","valueUrl":"artifacts.html"}],"nameUrl":"artifacts.html","title":"Artifacts Summary","generation":"html","page":[{"extension":[{"url":"http://hl7.org/fhir/tools/StructureDefinition/ig-page-name","valueUrl":"StructureDefinition-IDCoreVSBPDiastolic.html"}],"nameUrl":"StructureDefinition-IDCoreVSBPDiastolic.html","title":"Diastolic Blood Pressure","generation":"generated"},{"extension":[{"url":"http://hl7.org/fhir/tools/StructureDefinition/ig-page-name","valueUrl":"StructureDefinition-IDCoreCondition.html"}],"nameUrl":"StructureDefinition-IDCoreCondition.html","title":"IDCoreCondition","generation":"generated"},{"extension":[{"url":"http://hl7.org/fhir/tools/StructureDefinition/ig-page-name","valueUrl":"StructureDefinition-IDCoreEncounter.html"}],"nameUrl":"StructureDefinition-IDCoreEncounter.html","title":"IDCoreEncounter","generation":"generated"},{"extension":[{"url":"http://hl7.org/fhir/tools/StructureDefinition/ig-page-name","valueUrl":"StructureDefinition-IDCoreEncounterEMER.html"}],"nameUrl":"StructureDefinition-IDCoreEncounterEMER.html","title":"IDCoreEncounterEMER","generation":"generated"},{"extension":[{"url":"http://hl7.org/fhir/tools/StructureDefinition/ig-page-name","valueUrl":"StructureDefinition-IDCoreEncounterIMP.html"}],"nameUrl":"StructureDefinition-IDCoreEncounterIMP.html","title":"IDCoreEncounterIMP","generation":"generated"},{"extension":[{"url":"http://hl7.org/fhir/tools/StructureDefinition/ig-page-name","valueUrl":"StructureDefinition-IDCoreEncounterStatusFinished.html"}],"nameUrl":"StructureDefinition-IDCoreEncounterStatusFinished.html","title":"IDCoreEncounterStatusFinished","generation":"generated"},{"extension":[{"url":"http://hl7.org/fhir/tools/StructureDefinition/ig-page-name","valueUrl":"StructureDefinition-IDCoreObservation.html"}],"nameUrl":"StructureDefinition-IDCoreObservation.html","title":"IDCoreObservation","generation":"generated"},{"extension":[{"url":"http://hl7.org/fhir/tools/StructureDefinition/ig-page-name","valueUrl":"StructureDefinition-IDCorePatient.html"}],"nameUrl":"StructureDefinition-IDCorePatient.html","title":"IDCorePatient","generation":"generated"},{"extension":[{"url":"http://hl7.org/fhir/tools/StructureDefinition/ig-page-name","valueUrl":"StructureDefinition-IDCorePractitioner.html"}],"nameUrl":"StructureDefinition-IDCorePractitioner.html","title":"IDCorePractitioner","generation":"generated"},{"extension":[{"url":"http://hl7.org/fhir/tools/StructureDefinition/ig-page-name","valueUrl":"StructureDefinition-IDCoreVSBPSystolic.html"}],"nameUrl":"StructureDefinition-IDCoreVSBPSystolic.html","title":"Systolic Blood Pressure","generation":"generated"},{"extension":[{"url":"http://hl7.org/fhir/tools/StructureDefinition/ig-page-name","valueUrl":"StructureDefinition-IDCoreObservationVitalSigns.html"}],"nameUrl":"StructureDefinition-IDCoreObservationVitalSigns.html","title":"Vital Signs Profile","generation":"generated"},{"extension":[{"url":"http://hl7.org/fhir/tools/StructureDefinition/ig-page-name","valueUrl":"StructureDefinition-AddressExtension.html"}],"nameUrl":"StructureDefinition-AddressExtension.html","title":"Address administrative code extension","generation":"generated"},{"extension":[{"url":"http://hl7.org/fhir/tools/StructureDefinition/ig-page-name","valueUrl":"StructureDefinition-EncounterLocation.html"}],"nameUrl":"StructureDefinition-EncounterLocation.html","title":"Encounter Location Extention","generation":"generated"},{"extension":[{"url":"http://hl7.org/fhir/tools/StructureDefinition/ig-page-name","valueUrl":"StructureDefinition-CitizenshipStatusExtension.html"}],"nameUrl":"StructureDefinition-CitizenshipStatusExtension.html","title":"Patient citizenship status extension","generation":"generated"},{"extension":[{"url":"http://hl7.org/fhir/tools/StructureDefinition/ig-page-name","valueUrl":"ValueSet-EncounterLocationServiceClassExtension.html"}],"nameUrl":"ValueSet-EncounterLocationServiceClassExtension.html","title":"Encounter Location Extension","generation":"generated"},{"extension":[{"url":"http://hl7.org/fhir/tools/StructureDefinition/ig-page-name","valueUrl":"ValueSet-EncounterLocationServiceClassInpatient.html"}],"nameUrl":"ValueSet-EncounterLocationServiceClassInpatient.html","title":"Encounter Location ServiceClass-Inpatient","generation":"generated"},{"extension":[{"url":"http://hl7.org/fhir/tools/StructureDefinition/ig-page-name","valueUrl":"ValueSet-EncounterLocationServiceClassOutpatient.html"}],"nameUrl":"ValueSet-EncounterLocationServiceClassOutpatient.html","title":"Encounter Location ServiceClass-Outpatient","generation":"generated"},{"extension":[{"url":"http://hl7.org/fhir/tools/StructureDefinition/ig-page-name","valueUrl":"ValueSet-EncounterLocationUpgradeClass.html"}],"nameUrl":"ValueSet-EncounterLocationUpgradeClass.html","title":"Encounter Location Upgrade Class","generation":"generated"},{"extension":[{"url":"http://hl7.org/fhir/tools/StructureDefinition/ig-page-name","valueUrl":"ValueSet-ObservationBodySite.html"}],"nameUrl":"ValueSet-ObservationBodySite.html","title":"Value set specific for Observation BodySite","generation":"generated"},{"extension":[{"url":"http://hl7.org/fhir/tools/StructureDefinition/ig-page-name","valueUrl":"ValueSet-Observationcode.html"}],"nameUrl":"ValueSet-Observationcode.html","title":"Value set specific for Observation Code","generation":"generated"},{"extension":[{"url":"http://hl7.org/fhir/tools/StructureDefinition/ig-page-name","valueUrl":"ValueSet-Observation.interpretation.html"}],"nameUrl":"ValueSet-Observation.interpretation.html","title":"Value set specific for Observation Code","generation":"generated"},{"extension":[{"url":"http://hl7.org/fhir/tools/StructureDefinition/ig-page-name","valueUrl":"ValueSet-Observation.valueCodeableConceptSpecific.html"}],"nameUrl":"ValueSet-Observation.valueCodeableConceptSpecific.html","title":"Value set specific for Observation specific value CodeableConcept","generation":"generated"},{"extension":[{"url":"http://hl7.org/fhir/tools/StructureDefinition/ig-page-name","valueUrl":"ValueSet-Observation.valueCodeableConcept.html"}],"nameUrl":"ValueSet-Observation.valueCodeableConcept.html","title":"Value set specific for Observation value CodeableConcept","generation":"generated"},{"extension":[{"url":"http://hl7.org/fhir/tools/StructureDefinition/ig-page-name","valueUrl":"CodeSystem-EncounterLocationServiceClassInpatient.html"}],"nameUrl":"CodeSystem-EncounterLocationServiceClassInpatient.html","title":"Encounter Location ServiceClass Inpatient","generation":"generated"},{"extension":[{"url":"http://hl7.org/fhir/tools/StructureDefinition/ig-page-name","valueUrl":"CodeSystem-EncounterLocationServiceClassOutpatient.html"}],"nameUrl":"CodeSystem-EncounterLocationServiceClassOutpatient.html","title":"Encounter Location ServiceClass Outpatient","generation":"generated"},{"extension":[{"url":"http://hl7.org/fhir/tools/StructureDefinition/ig-page-name","valueUrl":"CodeSystem-EncounterLocationUpgradeClass.html"}],"nameUrl":"CodeSystem-EncounterLocationUpgradeClass.html","title":"Encounter Location UpgradeClass","generation":"generated"},{"extension":[{"url":"http://hl7.org/fhir/tools/StructureDefinition/ig-page-name","valueUrl":"CodeSystem-KemkesICDOMorphologyCS.html"}],"nameUrl":"CodeSystem-KemkesICDOMorphologyCS.html","title":"ICD-0 Morphology","generation":"generated"},{"extension":[{"url":"http://hl7.org/fhir/tools/StructureDefinition/ig-page-name","valueUrl":"CodeSystem-KemkesICDOTopographyCS.html"}],"nameUrl":"CodeSystem-KemkesICDOTopographyCS.html","title":"ICD-0 Topography","generation":"generated"},{"extension":[{"url":"http://hl7.org/fhir/tools/StructureDefinition/ig-page-name","valueUrl":"CodeSystem-KemkesCancerMCategory.html"}],"nameUrl":"CodeSystem-KemkesCancerMCategory.html","title":"Kemkes Cancer M Category","generation":"generated"},{"extension":[{"url":"http://hl7.org/fhir/tools/StructureDefinition/ig-page-name","valueUrl":"CodeSystem-KemkesCancerNCategory.html"}],"nameUrl":"CodeSystem-KemkesCancerNCategory.html","title":"Kemkes Cancer N Category","generation":"generated"},{"extension":[{"url":"http://hl7.org/fhir/tools/StructureDefinition/ig-page-name","valueUrl":"CodeSystem-KemkesCancerTCategoryCS.html"}],"nameUrl":"CodeSystem-KemkesCancerTCategoryCS.html","title":"Kemkes Cancer T Category","generation":"generated"},{"extension":[{"url":"http://hl7.org/fhir/tools/StructureDefinition/ig-page-name","valueUrl":"CodeSystem-KemkesCarePlanCategoryCS.html"}],"nameUrl":"CodeSystem-KemkesCarePlanCategoryCS.html","title":"Terminology Kemkes Clinical Term CodeSystem","generation":"generated"},{"extension":[{"url":"http://hl7.org/fhir/tools/StructureDefinition/ig-page-name","valueUrl":"CodeSystem-KemkesClinicalSpecialityCS.html"}],"nameUrl":"CodeSystem-KemkesClinicalSpecialityCS.html","title":"Terminology Kemkes Clinical Term CodeSystem","generation":"generated"},{"extension":[{"url":"http://hl7.org/fhir/tools/StructureDefinition/ig-page-name","valueUrl":"CodeSystem-KemkesClinicalTermCS.html"}],"nameUrl":"CodeSystem-KemkesClinicalTermCS.html","title":"Terminology Kemkes Clinical Term CodeSystem","generation":"generated"},{"extension":[{"url":"http://hl7.org/fhir/tools/StructureDefinition/ig-page-name","valueUrl":"CodeSystem-KemkesCompositionSectionCS.html"}],"nameUrl":"CodeSystem-KemkesCompositionSectionCS.html","title":"Terminology Kemkes composition section CodeSystem","generation":"generated"},{"extension":[{"url":"http://hl7.org/fhir/tools/StructureDefinition/ig-page-name","valueUrl":"CodeSystem-KemkesCompositionTypeCS.html"}],"nameUrl":"CodeSystem-KemkesCompositionTypeCS.html","title":"Terminology Kemkes composition type CodeSystem","generation":"generated"},{"extension":[{"url":"http://hl7.org/fhir/tools/StructureDefinition/ig-page-name","valueUrl":"CodeSystem-KemkesExaminationCS.html"}],"nameUrl":"CodeSystem-KemkesExaminationCS.html","title":"Terminology Kemkes examination CodeSystem","generation":"generated"},{"extension":[{"url":"http://hl7.org/fhir/tools/StructureDefinition/ig-page-name","valueUrl":"CodeSystem-KemkesHospitalClassCS.html"}],"nameUrl":"CodeSystem-KemkesHospitalClassCS.html","title":"Terminology Kemkes Hospital Class CodeSystem","generation":"generated"},{"extension":[{"url":"http://hl7.org/fhir/tools/StructureDefinition/ig-page-name","valueUrl":"CodeSystem-KemkesImmunizationProgramEligibilityCS.html"}],"nameUrl":"CodeSystem-KemkesImmunizationProgramEligibilityCS.html","title":"Terminology Kemkes immunization program eligibility CodeSystem","generation":"generated"},{"extension":[{"url":"http://hl7.org/fhir/tools/StructureDefinition/ig-page-name","valueUrl":"CodeSystem-KemkesImmunizationReasonCS.html"}],"nameUrl":"CodeSystem-KemkesImmunizationReasonCS.html","title":"Terminology Kemkes immunization reason CodeSystem","generation":"generated"},{"extension":[{"url":"http://hl7.org/fhir/tools/StructureDefinition/ig-page-name","valueUrl":"CodeSystem-KemkesImmunizationRoutineTimingCS.html"}],"nameUrl":"CodeSystem-KemkesImmunizationRoutineTimingCS.html","title":"Terminology Kemkes immunization routine timing CodeSystem","generation":"generated"},{"extension":[{"url":"http://hl7.org/fhir/tools/StructureDefinition/ig-page-name","valueUrl":"CodeSystem-KemkesImmunizationStatusReasonCS.html"}],"nameUrl":"CodeSystem-KemkesImmunizationStatusReasonCS.html","title":"Terminology Kemkes immunization statusReason CodeSystem","generation":"generated"},{"extension":[{"url":"http://hl7.org/fhir/tools/StructureDefinition/ig-page-name","valueUrl":"CodeSystem-KemkesImmunizationFundingSourceCS.html"}],"nameUrl":"CodeSystem-KemkesImmunizationFundingSourceCS.html","title":"Terminology Kemkes immunization- funding source CodeSystem","generation":"generated"},{"extension":[{"url":"http://hl7.org/fhir/tools/StructureDefinition/ig-page-name","valueUrl":"CodeSystem-KemkesKPSP.html"}],"nameUrl":"CodeSystem-KemkesKPSP.html","title":"Terminology Kemkes kpsp CodeSystem","generation":"generated"},{"extension":[{"url":"http://hl7.org/fhir/tools/StructureDefinition/ig-page-name","valueUrl":"CodeSystem-KemkesLocationUpgradeClass.html"}],"nameUrl":"CodeSystem-KemkesLocationUpgradeClass.html","title":"Terminology Kemkes location upgrade class CodeSystem","generation":"generated"},{"extension":[{"url":"http://hl7.org/fhir/tools/StructureDefinition/ig-page-name","valueUrl":"CodeSystem-KemkesLocationType.html"}],"nameUrl":"CodeSystem-KemkesLocationType.html","title":"Terminology Kemkes location-type CodeSystem","generation":"generated"},{"extension":[{"url":"http://hl7.org/fhir/tools/StructureDefinition/ig-page-name","valueUrl":"CodeSystem-KemkesMedicationForm.html"}],"nameUrl":"CodeSystem-KemkesMedicationForm.html","title":"Terminology Kemkes medication form CodeSystem","generation":"generated"},{"extension":[{"url":"http://hl7.org/fhir/tools/StructureDefinition/ig-page-name","valueUrl":"CodeSystem-KemkesMedicationType.html"}],"nameUrl":"CodeSystem-KemkesMedicationType.html","title":"Terminology Kemkes medication type CodeSystem","generation":"generated"},{"extension":[{"url":"http://hl7.org/fhir/tools/StructureDefinition/ig-page-name","valueUrl":"CodeSystem-KemkesObservationInterpretation.html"}],"nameUrl":"CodeSystem-KemkesObservationInterpretation.html","title":"Terminology Kemkes ObservationInterpretation CodeSystem","generation":"generated"},{"extension":[{"url":"http://hl7.org/fhir/tools/StructureDefinition/ig-page-name","valueUrl":"CodeSystem-KemkesOrganizationType.html"}],"nameUrl":"CodeSystem-KemkesOrganizationType.html","title":"Terminology Kemkes organization type CodeSystem","generation":"generated"},{"extension":[{"url":"http://hl7.org/fhir/tools/StructureDefinition/ig-page-name","valueUrl":"CodeSystem-KemkesPrevTBTreatment.html"}],"nameUrl":"CodeSystem-KemkesPrevTBTreatment.html","title":"Terminology Kemkes prev-tb-treatment CodeSystem","generation":"generated"},{"extension":[{"url":"http://hl7.org/fhir/tools/StructureDefinition/ig-page-name","valueUrl":"CodeSystem-KemkesSmallestLogisticUnit.html"}],"nameUrl":"CodeSystem-KemkesSmallestLogisticUnit.html","title":"Terminology Kemkes smallest logistic unit CodeSystem","generation":"generated"},{"extension":[{"url":"http://hl7.org/fhir/tools/StructureDefinition/ig-page-name","valueUrl":"Condition-IDCoreCondition.html"}],"nameUrl":"Condition-IDCoreCondition.html","title":"IDCoreCondition","generation":"generated"},{"extension":[{"url":"http://hl7.org/fhir/tools/StructureDefinition/ig-page-name","valueUrl":"Encounter-IDCoreEncounter.html"}],"nameUrl":"Encounter-IDCoreEncounter.html","title":"IDCoreEncounter","generation":"generated"},{"extension":[{"url":"http://hl7.org/fhir/tools/StructureDefinition/ig-page-name","valueUrl":"Encounter-IDCoreEncounterEMER.html"}],"nameUrl":"Encounter-IDCoreEncounterEMER.html","title":"IDCoreEncounterEMER","generation":"generated"},{"extension":[{"url":"http://hl7.org/fhir/tools/StructureDefinition/ig-page-name","valueUrl":"Encounter-IDCoreEncounterIMP.html"}],"nameUrl":"Encounter-IDCoreEncounterIMP.html","title":"IDCoreEncounterIMP","generation":"generated"}]}]},"parameter":[{"code":"path-resource","value":"input/includes"},{"code":"path-resource","value":"fsh-generated/resources"},{"code":"path-pages","value":"input/pagecontent/valueset"},{"code":"path-pages","value":"input/pagecontent/codesystem"},{"code":"path-pages","value":"fsh-generated/includes"},{"code":"path-resource","value":"input/capabilities"},{"code":"path-resource","value":"input/examples"},{"code":"path-resource","value":"input/extensions"},{"code":"path-resource","value":"input/models"},{"code":"path-resource","value":"input/operations"},{"code":"path-resource","value":"input/profiles"},{"code":"path-resource","value":"input/resources"},{"code":"path-resource","value":"input/vocabulary"},{"code":"path-resource","value":"input/testing"},{"code":"path-resource","value":"input/history"},{"code":"path-pages","value":"template/config"},{"code":"path-pages","value":"input/images"},{"code":"path-tx-cache","value":"input-cache/txcache"}]}}