{"resourceType":"ValueSet","id":"measure-aggregate-method","text":{"status":"generated","div":"<div xmlns=\"http://www.w3.org/1999/xhtml\"><ul><li>Include all codes defined in <a href=\"CodeSystem-measure-aggregate-method.html\"><code>http://terminology.hl7.org/CodeSystem/measure-aggregate-method</code></a></li></ul></div>"},"extension":[{"url":"http://hl7.org/fhir/StructureDefinition/structuredefinition-wg","valueCode":"cqi"}],"url":"http://terminology.hl7.org/ValueSet/measure-aggregate-method","version":"0.1.0","name":"MeasureAggregateMethod","title":"Measure Aggregate Method","status":"active","experimental":false,"date":"2023-02-08T23:21:03-06:00","publisher":"SatuSehat","contact":[{"name":"SatuSehat","telecom":[{"system":"url","value":"https://satusehat.kemkes.go.id/"},{"system":"email","value":"fhir@dto.kemkes.go.id"}]}],"description":"Aggregation method for a measure (e.g. sum, average, median, minimum, maximum,    count)","jurisdiction":[{"coding":[{"system":"http://unstats.un.org/unsd/methods/m49/m49.htm","code":"001","display":"World"}]}],"copyright":"This material derives from the HL7 Terminology THO. THO is copyright ©1989+ Health Level Seven International and is made available under the CC0 designation. For more licensing information see: https://terminology.hl7.org/license","compose":{"include":[{"system":"http://terminology.hl7.org/CodeSystem/measure-aggregate-method"}]}}