{"resourceType":"ValueSet","id":"v3-EthnicityHispanicSouthAmerican","language":"en","text":{"status":"generated","div":"<div xml:lang=\"en\" xmlns=\"http://www.w3.org/1999/xhtml\" lang=\"en\"><ul><li>Include codes from <a href=\"CodeSystem-v3-Ethnicity.html\"><code>http://terminology.hl7.org/CodeSystem/v3-Ethnicity</code></a> where concept  is-a  <a href=\"CodeSystem-v3-Ethnicity.html#v3-Ethnicity-2165-9\">2165-9</a></li></ul></div>"},"url":"http://terminology.hl7.org/ValueSet/v3-EthnicityHispanicSouthAmerican","identifier":[{"system":"urn:ietf:rfc:3986","value":"urn:oid:2.16.840.1.113883.1.11.15863"}],"version":"0.1.0","name":"EthnicityHispanicSouthAmerican","title":"EthnicityHispanicSouthAmerican","status":"active","experimental":false,"date":"2014-03-26","publisher":"SatuSehat","contact":[{"name":"SatuSehat","telecom":[{"system":"url","value":"https://satusehat.kemkes.go.id/"},{"system":"email","value":"fhir@dto.kemkes.go.id"}]}],"description":"***No description***","copyright":"This material derives from the HL7 Terminology THO. THO is copyright ©1989+ Health Level Seven International and is made available under the CC0 designation. For more licensing information see: https://terminology.hl7.org/license","compose":{"include":[{"system":"http://terminology.hl7.org/CodeSystem/v3-Ethnicity","filter":[{"property":"concept","op":"is-a","value":"2165-9"}]}]}}