{"resourceType":"ValueSet","id":"v3-FontStyle","language":"en","text":{"status":"generated","div":"<div xml:lang=\"en\" xmlns=\"http://www.w3.org/1999/xhtml\" lang=\"en\"><ul><li>Include codes from <a href=\"CodeSystem-v3-styleType.html\"><code>http://terminology.hl7.org/CodeSystem/v3-styleType</code></a> where concept  is-a  <a href=\"CodeSystem-v3-styleType.html#v3-styleType-_FontStyle\">_FontStyle</a></li></ul></div>"},"url":"http://terminology.hl7.org/ValueSet/v3-FontStyle","identifier":[{"system":"urn:ietf:rfc:3986","value":"urn:oid:2.16.840.1.113883.1.11.19603"}],"version":"0.1.0","name":"FontStyle","title":"FontStyle","status":"active","experimental":false,"date":"2014-03-26","publisher":"SatuSehat","contact":[{"name":"SatuSehat","telecom":[{"system":"url","value":"https://satusehat.kemkes.go.id/"},{"system":"email","value":"fhir@dto.kemkes.go.id"}]}],"description":"(abstract) Defines font rendering characteristics","copyright":"This material derives from the HL7 Terminology THO. THO is copyright ©1989+ Health Level Seven International and is made available under the CC0 designation. For more licensing information see: https://terminology.hl7.org/license","compose":{"include":[{"system":"http://terminology.hl7.org/CodeSystem/v3-styleType","filter":[{"property":"concept","op":"is-a","value":"_FontStyle"}]}]}}