{"resourceType":"ValueSet","id":"ActPriorityVS","text":{"status":"generated","div":"<div xmlns=\"http://www.w3.org/1999/xhtml\"><ul><li>Include all codes defined in <a href=\"http://terminology.hl7.org/5.3.0/CodeSystem-v3-ActPriority.html\"><code>http://terminology.hl7.org/CodeSystem/v3-ActPriority</code></a></li></ul></div>"},"url":"https://fhir.kemkes.go.id/r4/ValueSet/ActPriorityVS","version":"0.1.0","name":"ActPriorityVS","title":"v3 Code System ActPriority","status":"active","date":"2024-02-04T23:26:43+07:00","publisher":"Thomas Chaidir","contact":[{"name":"Thomas Chaidir","telecom":[{"system":"url","value":"https://satusehat.kemkes.go.id/"}]}],"description":"A set of codes (e.g., for routine, emergency), specifying the urgency under which the Act happened, can happen, is happening, is intended to happen, or is requested/demanded to happen.","compose":{"include":[{"system":"http://terminology.hl7.org/CodeSystem/v3-ActPriority"}]}}