{"resourceType":"ValueSet","id":"v3-ObservationInterpretationNormalityAbnormal","language":"en","text":{"status":"generated","div":"<div xml:lang=\"en\" xmlns=\"http://www.w3.org/1999/xhtml\" lang=\"en\"><ul><li>Include codes from <a href=\"CodeSystem-v3-ObservationInterpretation.html\"><code>http://terminology.hl7.org/CodeSystem/v3-ObservationInterpretation</code></a> where concept  is-a  <a href=\"CodeSystem-v3-ObservationInterpretation.html#v3-ObservationInterpretation-A\">A</a></li></ul></div>"},"url":"http://terminology.hl7.org/ValueSet/v3-ObservationInterpretationNormalityAbnormal","identifier":[{"system":"urn:ietf:rfc:3986","value":"urn:oid:2.16.840.1.113883.1.11.10208"}],"version":"0.1.0","name":"ObservationInterpretationNormalityAbnormal","title":"ObservationInterpretationNormalityAbnormal","status":"active","experimental":false,"date":"2014-03-26","publisher":"SatuSehat","contact":[{"name":"SatuSehat","telecom":[{"system":"url","value":"https://satusehat.kemkes.go.id/"},{"system":"email","value":"fhir@dto.kemkes.go.id"}]}],"description":"Interpretation of degree of abnormality (including critical or \"alert\" level). Concepts in this category are mutually exclusive, i.e., at most one is allowed.","copyright":"This material derives from the HL7 Terminology THO. THO is copyright ©1989+ Health Level Seven International and is made available under the CC0 designation. For more licensing information see: https://terminology.hl7.org/license","compose":{"include":[{"system":"http://terminology.hl7.org/CodeSystem/v3-ObservationInterpretation","filter":[{"property":"concept","op":"is-a","value":"A"}]}]}}