{"resourceType":"ValueSet","id":"v3-RoleClassMilitaryPerson","language":"en","text":{"status":"generated","div":"<div xml:lang=\"en\" xmlns=\"http://www.w3.org/1999/xhtml\" lang=\"en\"><ul><li>Include codes from <a href=\"CodeSystem-v3-RoleClass.html\"><code>http://terminology.hl7.org/CodeSystem/v3-RoleClass</code></a> where concept  is-a  <a href=\"CodeSystem-v3-RoleClass.html#v3-RoleClass-MIL\">MIL</a></li></ul></div>"},"url":"http://terminology.hl7.org/ValueSet/v3-RoleClassMilitaryPerson","identifier":[{"system":"urn:ietf:rfc:3986","value":"urn:oid:2.16.840.1.113883.1.11.20146"}],"version":"0.1.0","name":"RoleClassMilitaryPerson","title":"RoleClassMilitaryPerson","status":"active","experimental":false,"date":"2014-03-26","publisher":"SatuSehat","contact":[{"name":"SatuSehat","telecom":[{"system":"url","value":"https://satusehat.kemkes.go.id/"},{"system":"email","value":"fhir@dto.kemkes.go.id"}]}],"description":"A role played by a member of a military service. Scoper is the military service (e.g. Army, Navy, Air Force, etc.) or, more specifically, the unit (e.g. Company C, 3rd Battalion, 4th Division, etc.)","immutable":true,"copyright":"This material derives from the HL7 Terminology THO. THO is copyright ©1989+ Health Level Seven International and is made available under the CC0 designation. For more licensing information see: https://terminology.hl7.org/license","compose":{"include":[{"system":"http://terminology.hl7.org/CodeSystem/v3-RoleClass","filter":[{"property":"concept","op":"is-a","value":"MIL"}]}]}}