{"resourceType":"ValueSet","id":"v3-xPhysicalVerbalParticipationMode","language":"en","text":{"status":"extensions","div":"<div xml:lang=\"en\" xmlns=\"http://www.w3.org/1999/xhtml\" lang=\"en\"><ul><li>Include these codes as defined in <a href=\"CodeSystem-v3-ParticipationMode.html\"><code>http://terminology.hl7.org/CodeSystem/v3-ParticipationMode</code></a><table class=\"none\"><tr><td style=\"white-space:nowrap\"><b>Code</b></td><td><b>Display</b></td><td><b>Definition</b></td></tr><tr><td><a href=\"CodeSystem-v3-ParticipationMode.html#v3-ParticipationMode-PHYSICAL\">PHYSICAL</a></td><td style=\"color: #cccccc\">physical presence</td><td>Participation by direct action where subject and actor are in the same location. (The participation involves more than communication.)</td></tr><tr><td><a href=\"CodeSystem-v3-ParticipationMode.html#v3-ParticipationMode-VERBAL\">VERBAL</a></td><td style=\"color: #cccccc\">verbal</td><td>Participation by voice communication</td></tr></table></li></ul></div>"},"url":"http://terminology.hl7.org/ValueSet/v3-xPhysicalVerbalParticipationMode","identifier":[{"system":"urn:ietf:rfc:3986","value":"urn:oid:2.16.840.1.113883.1.11.19739"}],"version":"0.1.0","name":"XPhysicalVerbalParticipationMode","title":"x_PhysicalVerbalParticipationMode","status":"active","experimental":false,"date":"2014-03-26","publisher":"SatuSehat","contact":[{"name":"SatuSehat","telecom":[{"system":"url","value":"https://satusehat.kemkes.go.id/"},{"system":"email","value":"fhir@dto.kemkes.go.id"}]}],"description":"Restricts participation to either physical or verbal","immutable":true,"copyright":"This material derives from the HL7 Terminology THO. THO is copyright ©1989+ Health Level Seven International and is made available under the CC0 designation. For more licensing information see: https://terminology.hl7.org/license","compose":{"include":[{"system":"http://terminology.hl7.org/CodeSystem/v3-ParticipationMode","concept":[{"code":"PHYSICAL"},{"code":"VERBAL"}]}]}}