{"resourceType":"ValueSet","id":"v3-ControlActNullificationReasonCode","language":"en","text":{"status":"extensions","div":"<div xml:lang=\"en\" xmlns=\"http://www.w3.org/1999/xhtml\" lang=\"en\"><ul><li>Include these codes as defined in <a href=\"CodeSystem-v3-ActReason.html\"><code>http://terminology.hl7.org/CodeSystem/v3-ActReason</code></a><table class=\"none\"><tr><td style=\"white-space:nowrap\"><b>Code</b></td><td><b>Display</b></td><td><b>Definition</b></td></tr><tr><td><a href=\"CodeSystem-v3-ActReason.html#v3-ActReason-ALTD\">ALTD</a></td><td style=\"color: #cccccc\">altered decision</td><td>**Description:**The decision on which the recorded information was based was changed before the decision had an effect.<br/><br/>**Example:**Aborted prescription before patient left office, released prescription before suspend took effect.</td></tr><tr><td><a href=\"CodeSystem-v3-ActReason.html#v3-ActReason-EIE\">EIE</a></td><td style=\"color: #cccccc\">entered in error</td><td>**Description:**The information was recorded incorrectly or was recorded in the wrong record.</td></tr></table></li></ul></div>"},"url":"http://terminology.hl7.org/ValueSet/v3-ControlActNullificationReasonCode","identifier":[{"system":"urn:ietf:rfc:3986","value":"urn:oid:2.16.840.1.113883.1.11.19826"}],"version":"0.1.0","name":"ControlActNullificationReasonCode","title":"ControlActNullificationReasonCode","status":"active","experimental":false,"date":"2014-03-26","publisher":"SatuSehat","contact":[{"name":"SatuSehat","telecom":[{"system":"url","value":"https://satusehat.kemkes.go.id/"},{"system":"email","value":"fhir@dto.kemkes.go.id"}]}],"description":"**Description:**Identifies reasons for nullifying (retracting) a particular control act.\r\n\r\n**Examples:**\"Entered in error\", \"altered decision\", etc.","copyright":"This material derives from the HL7 Terminology THO. THO is copyright ©1989+ Health Level Seven International and is made available under the CC0 designation. For more licensing information see: https://terminology.hl7.org/license","compose":{"include":[{"system":"http://terminology.hl7.org/CodeSystem/v3-ActReason","concept":[{"code":"ALTD"},{"code":"EIE"}]}]}}