{"resourceType":"ValueSet","id":"v3-ActRelationshipBlocks","language":"en","text":{"status":"generated","div":"<div xml:lang=\"en\" xmlns=\"http://www.w3.org/1999/xhtml\" lang=\"en\"><ul><li>Include codes from <a href=\"CodeSystem-v3-ActRelationshipType.html\"><code>http://terminology.hl7.org/CodeSystem/v3-ActRelationshipType</code></a> where concept  is-a  <a href=\"CodeSystem-v3-ActRelationshipType.html#v3-ActRelationshipType-BLOCK\">BLOCK</a></li></ul></div>"},"url":"http://terminology.hl7.org/ValueSet/v3-ActRelationshipBlocks","identifier":[{"system":"urn:ietf:rfc:3986","value":"urn:oid:2.16.840.1.113883.1.11.19966"}],"version":"0.1.0","name":"ActRelationshipBlocks","title":"ActRelationshipBlocks","status":"active","experimental":false,"date":"2014-03-26","publisher":"SatuSehat","contact":[{"name":"SatuSehat","telecom":[{"system":"url","value":"https://satusehat.kemkes.go.id/"},{"system":"email","value":"fhir@dto.kemkes.go.id"}]}],"description":"**Definition:** The source act is performed to block the effects of the target act. This act relationship should be used when describing near miss type incidents where potential harm could have occurred, but the action described in the source act blocked the potential harmful effects of the incident actually occurring.","immutable":true,"copyright":"This material derives from the HL7 Terminology THO. THO is copyright ©1989+ Health Level Seven International and is made available under the CC0 designation. For more licensing information see: https://terminology.hl7.org/license","compose":{"include":[{"system":"http://terminology.hl7.org/CodeSystem/v3-ActRelationshipType","filter":[{"property":"concept","op":"is-a","value":"BLOCK"}]}]}}