{"resourceType":"ValueSet","id":"v3-ActClassCondition","language":"en","text":{"status":"generated","div":"<div xml:lang=\"en\" xmlns=\"http://www.w3.org/1999/xhtml\" lang=\"en\"><ul><li>Include codes from <a href=\"CodeSystem-v3-ActClass.html\"><code>http://terminology.hl7.org/CodeSystem/v3-ActClass</code></a> where concept  is-a  <a href=\"CodeSystem-v3-ActClass.html#v3-ActClass-COND\">COND</a></li></ul></div>"},"url":"http://terminology.hl7.org/ValueSet/v3-ActClassCondition","identifier":[{"system":"urn:ietf:rfc:3986","value":"urn:oid:2.16.840.1.113883.1.11.19580"}],"version":"0.1.0","name":"ActClassCondition","title":"ActClassCondition","status":"active","experimental":false,"date":"2014-03-26","publisher":"SatuSehat","contact":[{"name":"SatuSehat","telecom":[{"system":"url","value":"https://satusehat.kemkes.go.id/"},{"system":"email","value":"fhir@dto.kemkes.go.id"}]}],"description":"An observable finding or state that persists over time and tends to require intervention or management, and, therefore, distinguished from an Observation made at a point in time; may exist before an Observation of the Condition is made or after interventions to manage the Condition are undertaken. Examples: equipment repair status, device recall status, a health risk, a financial risk, public health risk, pregnancy, health maintenance, chronic illness","immutable":true,"copyright":"This material derives from the HL7 Terminology THO. THO is copyright ©1989+ Health Level Seven International and is made available under the CC0 designation. For more licensing information see: https://terminology.hl7.org/license","compose":{"include":[{"system":"http://terminology.hl7.org/CodeSystem/v3-ActClass","filter":[{"property":"concept","op":"is-a","value":"COND"}]}]}}