{"resourceType":"ValueSet","id":"v3-ActClassCorrelatedObservationSequences","language":"en","text":{"status":"generated","div":"<div xml:lang=\"en\" xmlns=\"http://www.w3.org/1999/xhtml\" lang=\"en\"><ul><li>Include codes from <a href=\"CodeSystem-v3-ActClass.html\"><code>http://terminology.hl7.org/CodeSystem/v3-ActClass</code></a> where concept  is-a  <a href=\"CodeSystem-v3-ActClass.html#v3-ActClass-OBSCOR\">OBSCOR</a></li></ul></div>"},"url":"http://terminology.hl7.org/ValueSet/v3-ActClassCorrelatedObservationSequences","identifier":[{"system":"urn:ietf:rfc:3986","value":"urn:oid:2.16.840.1.113883.1.11.20230"}],"version":"0.1.0","name":"ActClassCorrelatedObservationSequences","title":"ActClassCorrelatedObservationSequences","status":"active","experimental":false,"date":"2014-03-26","publisher":"SatuSehat","contact":[{"name":"SatuSehat","telecom":[{"system":"url","value":"https://satusehat.kemkes.go.id/"},{"system":"email","value":"fhir@dto.kemkes.go.id"}]}],"description":"Container for Observation Sequences (Observations whose values are contained in LIST<>'s) having values correlated with each other. Each contained Observation Sequence LIST<> must be the same length. Values in the LIST<>'s are correlated based on index. E.g. the values in position 2 in all the LIST<>'s are correlated. This is analogous to a table where each column is an Observation Sequence with a LIST<> of values, and each row in the table is a correlation between the columns. For example, a 12-lead ECG would contain 13 sequences: one sequence for time, and a sequence for each of the 12 leads.","immutable":true,"copyright":"This material derives from the HL7 Terminology THO. THO is copyright ©1989+ Health Level Seven International and is made available under the CC0 designation. For more licensing information see: https://terminology.hl7.org/license","compose":{"include":[{"system":"http://terminology.hl7.org/CodeSystem/v3-ActClass","filter":[{"property":"concept","op":"is-a","value":"OBSCOR"}]}]}}