{"resourceType":"ValueSet","id":"v3-xRoleClassAccommodationRequestor","language":"en","text":{"status":"extensions","div":"<div xml:lang=\"en\" xmlns=\"http://www.w3.org/1999/xhtml\" lang=\"en\"><ul><li>Include these codes as defined in <a href=\"CodeSystem-v3-RoleClass.html\"><code>http://terminology.hl7.org/CodeSystem/v3-RoleClass</code></a><table class=\"none\"><tr><td style=\"white-space:nowrap\"><b>Code</b></td><td><b>Display</b></td><td><b>Definition</b></td></tr><tr><td><a href=\"CodeSystem-v3-RoleClass.html#v3-RoleClass-AGNT\">AGNT</a></td><td style=\"color: #cccccc\">agent</td><td>An entity (player) that acts or is authorized to act on behalf of another entity (scoper).</td></tr><tr><td><a href=\"CodeSystem-v3-RoleClass.html#v3-RoleClass-PAT\">PAT</a></td><td style=\"color: #cccccc\">patient</td><td>A Role of a LivingSubject (player) as an actual or potential recipient of health care services from a healthcare provider organization (scoper).<br/><br/>*Usage Note:* Communication about relationships between patients and specific healthcare practitioners (people) is not done via scoper. Instead this is generally done using the CareProvision act. This allows linkage between patient and a particular healthcare practitioner role and also allows description of the type of care involved in the relationship.</td></tr><tr><td><a href=\"CodeSystem-v3-RoleClass.html#v3-RoleClass-PROV\">PROV</a></td><td style=\"color: #cccccc\">healthcare provider</td><td>An Entity (player) that is authorized to provide health care services by some authorizing agency (scoper).</td></tr><tr><td><a href=\"CodeSystem-v3-RoleClass.html#v3-RoleClass-PRS\">PRS</a></td><td style=\"color: #cccccc\">personal relationship</td><td>Links two entities with classCode PSN (person) in a personal relationship. The character of the relationship must be defined by a PersonalRelationshipRoleType code. The player and scoper are determined by PersonalRelationshipRoleType code as well.</td></tr></table></li></ul></div>"},"extension":[{"extension":[{"url":"name","valueString":"Name:Class"},{"url":"value","valueString":"accommodationRequestor"}],"url":"http://terminology.hl7.org/StructureDefinition/ext-mif-assocConceptProp"},{"extension":[{"url":"name","valueString":"Name:Role:player:Entity"},{"url":"value","valueString":"accommodationRequestor"}],"url":"http://terminology.hl7.org/StructureDefinition/ext-mif-assocConceptProp"},{"extension":[{"url":"name","valueString":"Name:Role:scoper:Entity"},{"url":"value","valueString":"scoping&"}],"url":"http://terminology.hl7.org/StructureDefinition/ext-mif-assocConceptProp"},{"extension":[{"url":"name","valueString":"Sort:Entity:playedRole:Role"},{"url":"value","valueString":"AAAAA____"}],"url":"http://terminology.hl7.org/StructureDefinition/ext-mif-assocConceptProp"},{"extension":[{"url":"name","valueString":"Sort:Entity:scopedRole:Role"},{"url":"value","valueString":"AAAAA____"}],"url":"http://terminology.hl7.org/StructureDefinition/ext-mif-assocConceptProp"}],"url":"http://terminology.hl7.org/ValueSet/v3-xRoleClassAccommodationRequestor","identifier":[{"system":"urn:ietf:rfc:3986","value":"urn:oid:2.16.840.1.113883.1.11.19382"}],"version":"0.1.0","name":"XRoleClassAccommodationRequestor","title":"x_RoleClassAccommodationRequestor","status":"active","experimental":false,"date":"2014-03-26","publisher":"SatuSehat","contact":[{"name":"SatuSehat","telecom":[{"system":"url","value":"https://satusehat.kemkes.go.id/"},{"system":"email","value":"fhir@dto.kemkes.go.id"}]}],"description":"The requestor for the accommodation. Steward is Financial Management Technical Committee","copyright":"This material derives from the HL7 Terminology THO. THO is copyright ©1989+ Health Level Seven International and is made available under the CC0 designation. For more licensing information see: https://terminology.hl7.org/license","compose":{"include":[{"system":"http://terminology.hl7.org/CodeSystem/v3-RoleClass","concept":[{"code":"AGNT"},{"code":"PAT"},{"code":"PROV"},{"code":"PRS"}]}]}}