{"resourceType":"ValueSet","id":"measure-supplemental-data","meta":{"lastUpdated":"2023-02-06T12:41:39.109+11:00","profile":["http://hl7.org/fhir/StructureDefinition/shareablevalueset"]},"text":{"status":"generated","div":"<div xmlns=\"http://www.w3.org/1999/xhtml\"><ul><li>Include all codes defined in <a href=\"CodeSystem-measure-supplemental-data.html\"><code>http://terminology.hl7.org/CodeSystem/measure-supplemental-data</code></a></li></ul></div>"},"extension":[{"url":"http://hl7.org/fhir/StructureDefinition/structuredefinition-wg","valueCode":"cqi"}],"url":"http://terminology.hl7.org/ValueSet/measure-supplemental-data","version":"0.1.0","name":"MeasureSupplementalData","title":"MeasureSupplementalData","status":"draft","experimental":false,"date":"2023-02-06T12:41:39+11:00","publisher":"SatuSehat","contact":[{"name":"SatuSehat","telecom":[{"system":"url","value":"https://satusehat.kemkes.go.id/"},{"system":"email","value":"fhir@dto.kemkes.go.id"}]}],"description":"Supplemental data in a population for measuring purposes.","copyright":"This material derives from the HL7 Terminology THO. THO is copyright ©1989+ Health Level Seven International and is made available under the CC0 designation. For more licensing information see: https://terminology.hl7.org/license","compose":{"include":[{"system":"http://terminology.hl7.org/CodeSystem/measure-supplemental-data"}]}}