{"resourceType":"ValueSet","id":"v3-SubsidizedHealthProgram","language":"en","text":{"status":"generated","div":"<div xml:lang=\"en\" xmlns=\"http://www.w3.org/1999/xhtml\" lang=\"en\"><ul><li>Include codes from <a href=\"CodeSystem-v3-ActCode.html\"><code>http://terminology.hl7.org/CodeSystem/v3-ActCode</code></a> where concept  is-a  <a href=\"CodeSystem-v3-ActCode.html#v3-ActCode-SUBSIDIZ\">SUBSIDIZ</a></li></ul></div>"},"url":"http://terminology.hl7.org/ValueSet/v3-SubsidizedHealthProgram","identifier":[{"system":"urn:ietf:rfc:3986","value":"urn:oid:2.16.840.1.113883.1.11.19864"}],"version":"0.1.0","name":"SubsidizedHealthProgram","title":"SubsidizedHealthProgram","status":"active","experimental":false,"date":"2014-03-26","publisher":"SatuSehat","contact":[{"name":"SatuSehat","telecom":[{"system":"url","value":"https://satusehat.kemkes.go.id/"},{"system":"email","value":"fhir@dto.kemkes.go.id"}]}],"description":"**Definition:** A government health program that provides coverage for health services to persons meeting eligibility criteria such as income, location of residence, access to other coverages, health condition, and age, the cost of which is to some extent subsidized by public funds.","copyright":"This material derives from the HL7 Terminology THO. THO is copyright ©1989+ Health Level Seven International and is made available under the CC0 designation. For more licensing information see: https://terminology.hl7.org/license","compose":{"include":[{"system":"http://terminology.hl7.org/CodeSystem/v3-ActCode","filter":[{"property":"concept","op":"is-a","value":"SUBSIDIZ"}]}]}}