{"resourceType":"ValueSet","id":"EncounterLocationServiceClassOutpatient","text":{"status":"generated","div":"<div xmlns=\"http://www.w3.org/1999/xhtml\"><ul><li>Include all codes defined in <a href=\"CodeSystem-EncounterLocationServiceClassOutpatient.html\"><code>http://terminology.kemkes.go.id/CodeSystem/locationServiceClass-Outpatient</code></a></li></ul></div>"},"url":"http://terminology.kemkes.go.id/ValueSet/locationServiceClass-Outpatient","version":"0.1.0","name":"EncounterLocationServiceClassOutpatient","title":"Encounter Location ServiceClass-Outpatient","status":"active","date":"2024-05-23T10:54:59+07:00","publisher":"Thomas Chaidir","contact":[{"name":"Thomas Chaidir","telecom":[{"system":"url","value":"https://satusehat.kemkes.go.id/"}]}],"description":"A set of codes, specifying location ServiceClass for outpatient patient.","compose":{"include":[{"system":"http://terminology.kemkes.go.id/CodeSystem/locationServiceClass-Outpatient"}]}}