{"resourceType":"ValueSet","id":"appropriateness-score","meta":{"profile":["http://hl7.org/fhir/StructureDefinition/shareablevalueset"]},"text":{"status":"generated","div":"<div xmlns=\"http://www.w3.org/1999/xhtml\"><ul><li>Include all codes defined in <a href=\"CodeSystem-appropriateness-score.html\"><code>http://terminology.hl7.org/CodeSystem/appropriateness-score</code></a></li></ul></div>"},"url":"http://terminology.hl7.org/ValueSet/appropriateness-score","identifier":[{"use":"old","value":"http://hl7.org/fhir/us/qicore/ValueSet/appropriateness-score"}],"version":"0.1.0","name":"AppropriatenessScore","title":"Appropriateness Score","status":"active","experimental":false,"date":"2022-10-19","publisher":"SatuSehat","contact":[{"name":"SatuSehat","telecom":[{"system":"url","value":"https://satusehat.kemkes.go.id/"},{"system":"email","value":"fhir@dto.kemkes.go.id"}]}],"description":"The scoring for appropriateness of an action based upon RAND.","copyright":"This material derives from the HL7 Terminology THO. THO is copyright ©1989+ Health Level Seven International and is made available under the CC0 designation. For more licensing information see: https://terminology.hl7.org/license","compose":{"include":[{"system":"http://terminology.hl7.org/CodeSystem/appropriateness-score"}]}}