{"resourceType":"ValueSet","id":"v3-ExposureMode","language":"en","text":{"status":"generated","div":"<div xml:lang=\"en\" xmlns=\"http://www.w3.org/1999/xhtml\" lang=\"en\"><ul><li>Include codes from <a href=\"CodeSystem-v3-ExposureMode.html\"><code>http://terminology.hl7.org/CodeSystem/v3-ExposureMode</code></a> where concept  is-a  <a href=\"CodeSystem-v3-ExposureMode.html#v3-ExposureMode-_ExposureMode\">_ExposureMode</a></li></ul></div>"},"url":"http://terminology.hl7.org/ValueSet/v3-ExposureMode","identifier":[{"system":"urn:ietf:rfc:3986","value":"urn:oid:2.16.840.1.113883.1.11.19940"}],"version":"0.1.0","name":"ExposureMode","title":"ExposureMode","status":"active","experimental":false,"date":"2014-03-26","publisher":"SatuSehat","contact":[{"name":"SatuSehat","telecom":[{"system":"url","value":"https://satusehat.kemkes.go.id/"},{"system":"email","value":"fhir@dto.kemkes.go.id"}]}],"description":"Code for the mechanism by which the exposure agent was exchanged or potentially exchanged by the participants involved in the exposure.","copyright":"This material derives from the HL7 Terminology THO. THO is copyright ©1989+ Health Level Seven International and is made available under the CC0 designation. For more licensing information see: https://terminology.hl7.org/license","compose":{"include":[{"system":"http://terminology.hl7.org/CodeSystem/v3-ExposureMode","filter":[{"property":"concept","op":"is-a","value":"_ExposureMode"}]}]}}