{"resourceType":"ValueSet","id":"v3-ActRelationshipProvidesEvidenceFor","language":"en","text":{"status":"generated","div":"<div xml:lang=\"en\" xmlns=\"http://www.w3.org/1999/xhtml\" lang=\"en\"><ul><li>Include codes from <a href=\"CodeSystem-v3-ActRelationshipType.html\"><code>http://terminology.hl7.org/CodeSystem/v3-ActRelationshipType</code></a> where concept  is-a  <a href=\"CodeSystem-v3-ActRelationshipType.html#v3-ActRelationshipType-EVID\">EVID</a></li></ul></div>"},"url":"http://terminology.hl7.org/ValueSet/v3-ActRelationshipProvidesEvidenceFor","identifier":[{"system":"urn:ietf:rfc:3986","value":"urn:oid:2.16.840.1.113883.1.11.19982"}],"version":"0.1.0","name":"ActRelationshipProvidesEvidenceFor","title":"ActRelationshipProvidesEvidenceFor","status":"active","experimental":false,"date":"2014-03-26","publisher":"SatuSehat","contact":[{"name":"SatuSehat","telecom":[{"system":"url","value":"https://satusehat.kemkes.go.id/"},{"system":"email","value":"fhir@dto.kemkes.go.id"}]}],"description":"Indicates that the target Act provides evidence in support of the action represented by the source Act. The target is not a 'reason' for the source act, but rather gives supporting information on why the source act is an appropriate course of action. Possible targets might be clinical trial results, journal articles, similar successful therapies, etc.\r\n\r\n*Rationale:* Provides a mechanism for conveying clinical justification for non-approved or otherwise non-traditional therapies.","immutable":true,"copyright":"This material derives from the HL7 Terminology THO. THO is copyright ©1989+ Health Level Seven International and is made available under the CC0 designation. For more licensing information see: https://terminology.hl7.org/license","compose":{"include":[{"system":"http://terminology.hl7.org/CodeSystem/v3-ActRelationshipType","filter":[{"property":"concept","op":"is-a","value":"EVID"}]}]}}