{"resourceType":"ValueSet","id":"v3-DrugEntity","language":"en","text":{"status":"generated","div":"<div xml:lang=\"en\" xmlns=\"http://www.w3.org/1999/xhtml\" lang=\"en\"><ul><li>Include codes from <a href=\"CodeSystem-v3-EntityCode.html\"><code>http://terminology.hl7.org/CodeSystem/v3-EntityCode</code></a> where concept  is-a  <a href=\"CodeSystem-v3-EntityCode.html#v3-EntityCode-_DrugEntity\">_DrugEntity</a></li></ul></div>"},"url":"http://terminology.hl7.org/ValueSet/v3-DrugEntity","identifier":[{"system":"urn:ietf:rfc:3986","value":"urn:oid:2.16.840.1.113883.11.21013"}],"version":"0.1.0","name":"DrugEntity","title":"Drug Entity","status":"active","experimental":true,"date":"2022-10-11","publisher":"SatuSehat","contact":[{"name":"SatuSehat","telecom":[{"system":"url","value":"https://satusehat.kemkes.go.id/"},{"system":"email","value":"fhir@dto.kemkes.go.id"}]}],"description":"A value representing the specific kind of Drug Entity the instance represents.","copyright":"This material derives from the HL7 Terminology THO. THO is copyright ©1989+ Health Level Seven International and is made available under the CC0 designation. For more licensing information see: https://terminology.hl7.org/license","compose":{"include":[{"system":"http://terminology.hl7.org/CodeSystem/v3-EntityCode","filter":[{"property":"concept","op":"is-a","value":"_DrugEntity"}]}]}}