{"resourceType":"ValueSet","id":"Observation.interpretation","text":{"status":"generated","div":"<div xmlns=\"http://www.w3.org/1999/xhtml\"><p>This value set includes codes based on the following rules:</p><ul><li>Include codes from <a href=\"CodeSystem-KemkesClinicalTermCS.html\"><code>http://terminology.kemkes.go.id/CodeSystem/clinical-term</code></a> where concept  is-a  <a href=\"CodeSystem-KemkesClinicalTermCS.html#KemkesClinicalTermCS-OI000001\">OI000001</a></li><li>Include codes from <a href=\"CodeSystem-KemkesClinicalTermCS.html\"><code>http://terminology.kemkes.go.id/CodeSystem/clinical-term</code></a> where concept  is-a  <a href=\"CodeSystem-KemkesClinicalTermCS.html#KemkesClinicalTermCS-OI000002\">OI000002</a></li><li>Include codes from <a href=\"CodeSystem-KemkesClinicalTermCS.html\"><code>http://terminology.kemkes.go.id/CodeSystem/clinical-term</code></a> where concept  is-a  <a href=\"CodeSystem-KemkesClinicalTermCS.html#KemkesClinicalTermCS-OI000003\">OI000003</a></li><li>Include codes from <a href=\"CodeSystem-KemkesClinicalTermCS.html\"><code>http://terminology.kemkes.go.id/CodeSystem/clinical-term</code></a> where concept  is-a  <a href=\"CodeSystem-KemkesClinicalTermCS.html#KemkesClinicalTermCS-OI000004\">OI000004</a></li><li>Include codes from <a href=\"CodeSystem-KemkesClinicalTermCS.html\"><code>http://terminology.kemkes.go.id/CodeSystem/clinical-term</code></a> where concept  is-a  <a href=\"CodeSystem-KemkesClinicalTermCS.html#KemkesClinicalTermCS-OI000005\">OI000005</a></li><li>Include codes from <a href=\"CodeSystem-KemkesClinicalTermCS.html\"><code>http://terminology.kemkes.go.id/CodeSystem/clinical-term</code></a> where concept  is-a  <a href=\"CodeSystem-KemkesClinicalTermCS.html#KemkesClinicalTermCS-OI000006\">OI000006</a></li><li>Include codes from <a href=\"CodeSystem-KemkesClinicalTermCS.html\"><code>http://terminology.kemkes.go.id/CodeSystem/clinical-term</code></a> where concept  is-a  <a href=\"CodeSystem-KemkesClinicalTermCS.html#KemkesClinicalTermCS-OI000007\">OI000007</a></li><li>Include codes from <a href=\"CodeSystem-KemkesClinicalTermCS.html\"><code>http://terminology.kemkes.go.id/CodeSystem/clinical-term</code></a> where concept  is-a  <a href=\"CodeSystem-KemkesClinicalTermCS.html#KemkesClinicalTermCS-OI000008\">OI000008</a></li><li>Include codes from <a href=\"CodeSystem-KemkesClinicalTermCS.html\"><code>http://terminology.kemkes.go.id/CodeSystem/clinical-term</code></a> where concept  is-a  <a href=\"CodeSystem-KemkesClinicalTermCS.html#KemkesClinicalTermCS-OI000009\">OI000009</a></li><li>Include codes from <a href=\"CodeSystem-KemkesClinicalTermCS.html\"><code>http://terminology.kemkes.go.id/CodeSystem/clinical-term</code></a> where concept  is-a  <a href=\"CodeSystem-KemkesClinicalTermCS.html#KemkesClinicalTermCS-OI000010\">OI000010</a></li><li>Include codes from <a href=\"CodeSystem-KemkesClinicalTermCS.html\"><code>http://terminology.kemkes.go.id/CodeSystem/clinical-term</code></a> where concept  is-a  <a href=\"CodeSystem-KemkesClinicalTermCS.html#KemkesClinicalTermCS-OI000011\">OI000011</a></li><li>Include codes from <a href=\"CodeSystem-KemkesClinicalTermCS.html\"><code>http://terminology.kemkes.go.id/CodeSystem/clinical-term</code></a> where concept  is-a  <a href=\"CodeSystem-KemkesClinicalTermCS.html#KemkesClinicalTermCS-OI000012\">OI000012</a></li><li>Include codes from <a href=\"CodeSystem-KemkesClinicalTermCS.html\"><code>http://terminology.kemkes.go.id/CodeSystem/clinical-term</code></a> where concept  is-a  <a href=\"CodeSystem-KemkesClinicalTermCS.html#KemkesClinicalTermCS-OI000013\">OI000013</a></li><li>Include codes from <a href=\"CodeSystem-KemkesClinicalTermCS.html\"><code>http://terminology.kemkes.go.id/CodeSystem/clinical-term</code></a> where concept  is-a  <a href=\"CodeSystem-KemkesClinicalTermCS.html#KemkesClinicalTermCS-OI000014\">OI000014</a></li><li>Include codes from <a href=\"CodeSystem-KemkesClinicalTermCS.html\"><code>http://terminology.kemkes.go.id/CodeSystem/clinical-term</code></a> where concept  is-a  <a href=\"CodeSystem-KemkesClinicalTermCS.html#KemkesClinicalTermCS-OI000015\">OI000015</a></li><li>Include codes from <a href=\"CodeSystem-KemkesClinicalTermCS.html\"><code>http://terminology.kemkes.go.id/CodeSystem/clinical-term</code></a> where concept  is-a  <a href=\"CodeSystem-KemkesClinicalTermCS.html#KemkesClinicalTermCS-OI000016\">OI000016</a></li><li>Include codes from <a href=\"CodeSystem-KemkesClinicalTermCS.html\"><code>http://terminology.kemkes.go.id/CodeSystem/clinical-term</code></a> where concept  is-a  <a href=\"CodeSystem-KemkesClinicalTermCS.html#KemkesClinicalTermCS-OI000017\">OI000017</a></li><li>Include codes from <a href=\"CodeSystem-KemkesClinicalTermCS.html\"><code>http://terminology.kemkes.go.id/CodeSystem/clinical-term</code></a> where concept  is-a  <a href=\"CodeSystem-KemkesClinicalTermCS.html#KemkesClinicalTermCS-OI000018\">OI000018</a></li><li>Include codes from <a href=\"CodeSystem-KemkesClinicalTermCS.html\"><code>http://terminology.kemkes.go.id/CodeSystem/clinical-term</code></a> where concept  is-a  <a href=\"CodeSystem-KemkesClinicalTermCS.html#KemkesClinicalTermCS-OI000019\">OI000019</a></li><li>Include codes from <a href=\"CodeSystem-KemkesClinicalTermCS.html\"><code>http://terminology.kemkes.go.id/CodeSystem/clinical-term</code></a> where concept  is-a  <a href=\"CodeSystem-KemkesClinicalTermCS.html#KemkesClinicalTermCS-OI000020\">OI000020</a></li><li>Include codes from <a href=\"CodeSystem-KemkesClinicalTermCS.html\"><code>http://terminology.kemkes.go.id/CodeSystem/clinical-term</code></a> where concept  is-a  <a href=\"CodeSystem-KemkesClinicalTermCS.html#KemkesClinicalTermCS-OI000021\">OI000021</a></li><li>Include codes from <a href=\"CodeSystem-KemkesClinicalTermCS.html\"><code>http://terminology.kemkes.go.id/CodeSystem/clinical-term</code></a> where concept  is-a  <a href=\"CodeSystem-KemkesClinicalTermCS.html#KemkesClinicalTermCS-OI000022\">OI000022</a></li><li>Include codes from <a href=\"CodeSystem-KemkesClinicalTermCS.html\"><code>http://terminology.kemkes.go.id/CodeSystem/clinical-term</code></a> where concept  is-a  <a href=\"CodeSystem-KemkesClinicalTermCS.html#KemkesClinicalTermCS-OI000023\">OI000023</a></li><li>Include codes from <a href=\"CodeSystem-KemkesClinicalTermCS.html\"><code>http://terminology.kemkes.go.id/CodeSystem/clinical-term</code></a> where concept  is-a  <a href=\"CodeSystem-KemkesClinicalTermCS.html#KemkesClinicalTermCS-OI000024\">OI000024</a></li><li>Include codes from <a href=\"CodeSystem-KemkesClinicalTermCS.html\"><code>http://terminology.kemkes.go.id/CodeSystem/clinical-term</code></a> where concept  is-a  <a href=\"CodeSystem-KemkesClinicalTermCS.html#KemkesClinicalTermCS-OI000025\">OI000025</a></li><li>Include codes from <a href=\"CodeSystem-KemkesClinicalTermCS.html\"><code>http://terminology.kemkes.go.id/CodeSystem/clinical-term</code></a> where concept  is-a  <a href=\"CodeSystem-KemkesClinicalTermCS.html#KemkesClinicalTermCS-OI000026\">OI000026</a></li><li>Include codes from <a href=\"CodeSystem-KemkesClinicalTermCS.html\"><code>http://terminology.kemkes.go.id/CodeSystem/clinical-term</code></a> where concept  is-a  <a href=\"CodeSystem-KemkesClinicalTermCS.html#KemkesClinicalTermCS-OI000027\">OI000027</a></li><li>Include codes from <a href=\"CodeSystem-KemkesClinicalTermCS.html\"><code>http://terminology.kemkes.go.id/CodeSystem/clinical-term</code></a> where concept  is-a  <a href=\"CodeSystem-KemkesClinicalTermCS.html#KemkesClinicalTermCS-OI000028\">OI000028</a></li><li>Include codes from <a href=\"CodeSystem-KemkesClinicalTermCS.html\"><code>http://terminology.kemkes.go.id/CodeSystem/clinical-term</code></a> where concept  is-a  <a href=\"CodeSystem-KemkesClinicalTermCS.html#KemkesClinicalTermCS-OI000029\">OI000029</a></li><li>Include codes from <a href=\"CodeSystem-KemkesClinicalTermCS.html\"><code>http://terminology.kemkes.go.id/CodeSystem/clinical-term</code></a> where concept  is-a  <a href=\"CodeSystem-KemkesClinicalTermCS.html#KemkesClinicalTermCS-OI000030\">OI000030</a></li><li>Include codes from <a href=\"CodeSystem-KemkesClinicalTermCS.html\"><code>http://terminology.kemkes.go.id/CodeSystem/clinical-term</code></a> where concept  is-a  <a href=\"CodeSystem-KemkesClinicalTermCS.html#KemkesClinicalTermCS-OI000031\">OI000031</a></li><li>Include codes from <a href=\"CodeSystem-KemkesClinicalTermCS.html\"><code>http://terminology.kemkes.go.id/CodeSystem/clinical-term</code></a> where concept  is-a  <a href=\"CodeSystem-KemkesClinicalTermCS.html#KemkesClinicalTermCS-OI000032\">OI000032</a></li><li>Include codes from <a href=\"CodeSystem-KemkesClinicalTermCS.html\"><code>http://terminology.kemkes.go.id/CodeSystem/clinical-term</code></a> where concept  is-a  <a href=\"CodeSystem-KemkesClinicalTermCS.html#KemkesClinicalTermCS-OI000033\">OI000033</a></li><li>Include codes from <a href=\"CodeSystem-KemkesClinicalTermCS.html\"><code>http://terminology.kemkes.go.id/CodeSystem/clinical-term</code></a> where concept  is-a  <a href=\"CodeSystem-KemkesClinicalTermCS.html#KemkesClinicalTermCS-OI000034\">OI000034</a></li><li>Include codes from <a href=\"CodeSystem-KemkesClinicalTermCS.html\"><code>http://terminology.kemkes.go.id/CodeSystem/clinical-term</code></a> where concept  is-a  <a href=\"CodeSystem-KemkesClinicalTermCS.html#KemkesClinicalTermCS-OI000035\">OI000035</a></li><li>Include codes from <a href=\"CodeSystem-KemkesClinicalTermCS.html\"><code>http://terminology.kemkes.go.id/CodeSystem/clinical-term</code></a> where concept  is-a  <a href=\"CodeSystem-KemkesClinicalTermCS.html#KemkesClinicalTermCS-OI000036\">OI000036</a></li><li>Include codes from <a href=\"CodeSystem-KemkesClinicalTermCS.html\"><code>http://terminology.kemkes.go.id/CodeSystem/clinical-term</code></a> where concept  is-a  <a href=\"CodeSystem-KemkesClinicalTermCS.html#KemkesClinicalTermCS-OI000037\">OI000037</a></li><li>Include codes from <a href=\"CodeSystem-KemkesClinicalTermCS.html\"><code>http://terminology.kemkes.go.id/CodeSystem/clinical-term</code></a> where concept  is-a  <a href=\"CodeSystem-KemkesClinicalTermCS.html#KemkesClinicalTermCS-OI000038\">OI000038</a></li><li>Include codes from <a href=\"CodeSystem-KemkesClinicalTermCS.html\"><code>http://terminology.kemkes.go.id/CodeSystem/clinical-term</code></a> where concept  is-a  <a href=\"CodeSystem-KemkesClinicalTermCS.html#KemkesClinicalTermCS-OI000039\">OI000039</a></li><li>Include codes from <a href=\"CodeSystem-KemkesClinicalTermCS.html\"><code>http://terminology.kemkes.go.id/CodeSystem/clinical-term</code></a> where concept  is-a  <a href=\"CodeSystem-KemkesClinicalTermCS.html#KemkesClinicalTermCS-OI000040\">OI000040</a></li><li>Include codes from <a href=\"CodeSystem-KemkesClinicalTermCS.html\"><code>http://terminology.kemkes.go.id/CodeSystem/clinical-term</code></a> where concept  is-a  <a href=\"CodeSystem-KemkesClinicalTermCS.html#KemkesClinicalTermCS-OI000041\">OI000041</a></li><li>Include codes from <a href=\"CodeSystem-KemkesClinicalTermCS.html\"><code>http://terminology.kemkes.go.id/CodeSystem/clinical-term</code></a> where concept  is-a  <a href=\"CodeSystem-KemkesClinicalTermCS.html#KemkesClinicalTermCS-OI000042\">OI000042</a></li><li>Include codes from <a href=\"CodeSystem-KemkesClinicalTermCS.html\"><code>http://terminology.kemkes.go.id/CodeSystem/clinical-term</code></a> where concept  is-a  <a href=\"CodeSystem-KemkesClinicalTermCS.html#KemkesClinicalTermCS-OI000043\">OI000043</a></li><li>Include codes from <a href=\"CodeSystem-KemkesClinicalTermCS.html\"><code>http://terminology.kemkes.go.id/CodeSystem/clinical-term</code></a> where concept  is-a  <a href=\"CodeSystem-KemkesClinicalTermCS.html#KemkesClinicalTermCS-OI000044\">OI000044</a></li><li>Include codes from <a href=\"CodeSystem-KemkesClinicalTermCS.html\"><code>http://terminology.kemkes.go.id/CodeSystem/clinical-term</code></a> where concept  is-a  <a href=\"CodeSystem-KemkesClinicalTermCS.html#KemkesClinicalTermCS-OI000045\">OI000045</a></li><li>Include codes from <a href=\"CodeSystem-KemkesClinicalTermCS.html\"><code>http://terminology.kemkes.go.id/CodeSystem/clinical-term</code></a> where concept  is-a  <a href=\"CodeSystem-KemkesClinicalTermCS.html#KemkesClinicalTermCS-OI000046\">OI000046</a></li><li>Include codes from <a href=\"CodeSystem-KemkesClinicalTermCS.html\"><code>http://terminology.kemkes.go.id/CodeSystem/clinical-term</code></a> where concept  is-a  <a href=\"CodeSystem-KemkesClinicalTermCS.html#KemkesClinicalTermCS-OI000047\">OI000047</a></li><li>Include codes from <a href=\"CodeSystem-KemkesClinicalTermCS.html\"><code>http://terminology.kemkes.go.id/CodeSystem/clinical-term</code></a> where concept  is-a  <a href=\"CodeSystem-KemkesClinicalTermCS.html#KemkesClinicalTermCS-OI000048\">OI000048</a></li><li>Include codes from <a href=\"CodeSystem-KemkesClinicalTermCS.html\"><code>http://terminology.kemkes.go.id/CodeSystem/clinical-term</code></a> where concept  is-a  <a href=\"CodeSystem-KemkesClinicalTermCS.html#KemkesClinicalTermCS-OV000298\">OV000298</a></li><li>Include codes from <a href=\"CodeSystem-KemkesClinicalTermCS.html\"><code>http://terminology.kemkes.go.id/CodeSystem/clinical-term</code></a> where concept  is-a  <a href=\"CodeSystem-KemkesClinicalTermCS.html#KemkesClinicalTermCS-OV000299\">OV000299</a></li><li>Include codes from <a href=\"CodeSystem-KemkesClinicalTermCS.html\"><code>http://terminology.kemkes.go.id/CodeSystem/clinical-term</code></a> where concept  is-a  <a href=\"CodeSystem-KemkesClinicalTermCS.html#KemkesClinicalTermCS-OV000300\">OV000300</a></li><li>Include codes from <a href=\"CodeSystem-KemkesExaminationCS.html\"><code>http://terminology.kemkes.go.id/CodeSystem/examination</code></a> where concept  is-a  <a href=\"CodeSystem-KemkesExaminationCS.html#KemkesExaminationCS-X099770\">X099770</a></li><li>Include codes from <a href=\"CodeSystem-KemkesExaminationCS.html\"><code>http://terminology.kemkes.go.id/CodeSystem/examination</code></a> where concept  is-a  <a href=\"CodeSystem-KemkesExaminationCS.html#KemkesExaminationCS-X099771\">X099771</a></li><li>Include codes from <a href=\"CodeSystem-KemkesExaminationCS.html\"><code>http://terminology.kemkes.go.id/CodeSystem/examination</code></a> where concept  is-a  <a href=\"CodeSystem-KemkesExaminationCS.html#KemkesExaminationCS-X099772\">X099772</a></li><li>Include codes from <a href=\"CodeSystem-KemkesExaminationCS.html\"><code>http://terminology.kemkes.go.id/CodeSystem/examination</code></a> where concept  is-a  <a href=\"CodeSystem-KemkesExaminationCS.html#KemkesExaminationCS-IP099352\">IP099352</a></li><li>Include codes from <a href=\"CodeSystem-KemkesExaminationCS.html\"><code>http://terminology.kemkes.go.id/CodeSystem/examination</code></a> where concept  is-a  <a href=\"CodeSystem-KemkesExaminationCS.html#KemkesExaminationCS-IP099353\">IP099353</a></li><li>Include codes from <a href=\"CodeSystem-KemkesExaminationCS.html\"><code>http://terminology.kemkes.go.id/CodeSystem/examination</code></a> where concept  is-a  <a href=\"CodeSystem-KemkesExaminationCS.html#KemkesExaminationCS-IP099354\">IP099354</a></li><li>Include codes from <a href=\"CodeSystem-KemkesExaminationCS.html\"><code>http://terminology.kemkes.go.id/CodeSystem/examination</code></a> where concept  is-a  <a href=\"CodeSystem-KemkesExaminationCS.html#KemkesExaminationCS-IP099355\">IP099355</a></li><li>Include codes from <a href=\"CodeSystem-KemkesObservationInterpretation.html\"><code>http://terminology.kemkes.go.id/CodeSystem/ObservationInterpretation</code></a> where concept  is-a  <a href=\"CodeSystem-KemkesObservationInterpretation.html#KemkesObservationInterpretation-BMI-SevereUnder\">BMI-SevereUnder</a></li><li>Include codes from <a href=\"http://www.snomed.org/\"><code>http://snomed.info/sct</code></a> where concept  is-a  827069000 (Hypertension stage 1)</li><li>Include codes from <a href=\"http://www.snomed.org/\"><code>http://snomed.info/sct</code></a> where concept  is-a  827068008 (Hypertension stage 2)</li><li>Include codes from <a href=\"http://www.snomed.org/\"><code>http://snomed.info/sct</code></a> where concept  is-a  56218007 (Systolic hypertension)</li><li>Include codes from <a href=\"http://www.snomed.org/\"><code>http://snomed.info/sct</code></a> where concept  is-a  248311001 (Centripetal obesity)</li><li>Include codes from <a href=\"http://www.snomed.org/\"><code>http://snomed.info/sct</code></a> where concept  is-a  73211009 (Diabetes mellitus)</li><li>Include codes from <a href=\"http://www.snomed.org/\"><code>http://snomed.info/sct</code></a> where concept  is-a  45089002 (Normal vision)</li><li>Include codes from <a href=\"http://www.snomed.org/\"><code>http://snomed.info/sct</code></a> where concept  is-a  397543001 (Mild visual impairment (disorder))</li><li>Include codes from <a href=\"http://www.snomed.org/\"><code>http://snomed.info/sct</code></a> where concept  is-a  397542006 (Moderate visual impairment (disorder))</li><li>Include codes from <a href=\"http://www.snomed.org/\"><code>http://snomed.info/sct</code></a> where concept  is-a  397541004 (Severe visual impairment (disorder))</li><li>Include codes from <a href=\"http://www.snomed.org/\"><code>http://snomed.info/sct</code></a> where concept  is-a  274572000 (Loss of vision of right eye)</li><li>Include codes from <a href=\"http://www.snomed.org/\"><code>http://snomed.info/sct</code></a> where concept  is-a  23986001 (Glaucoma)</li><li>Include codes from <a href=\"http://www.snomed.org/\"><code>http://snomed.info/sct</code></a> where concept  is-a  248325000 (Undernourished)</li><li>Include codes from <a href=\"http://www.snomed.org/\"><code>http://snomed.info/sct</code></a> where concept  is-a  248324001 (Well nourished)</li><li>Include codes from <a href=\"http://www.snomed.org/\"><code>http://snomed.info/sct</code></a> where concept  is-a  414915002 (Obese (finding))</li><li>Include codes from <a href=\"http://www.snomed.org/\"><code>http://snomed.info/sct</code></a> where concept  is-a  2004005 (Normal blood pressure)</li><li>Include codes from <a href=\"http://www.snomed.org/\"><code>http://snomed.info/sct</code></a> where concept  is-a  255330009 (BP rise)</li><li>Include codes from <a href=\"http://www.snomed.org/\"><code>http://snomed.info/sct</code></a> where concept  is-a  860635002 (No anemia present)</li><li>Include codes from <a href=\"http://www.snomed.org/\"><code>http://snomed.info/sct</code></a> where concept  is-a  714628002 (Prediabetes)</li><li>Include codes from <a href=\"http://www.snomed.org/\"><code>http://snomed.info/sct</code></a> where concept  is-a  39021009 (Disorder of refraction)</li><li>Include codes from <a href=\"http://www.snomed.org/\"><code>http://snomed.info/sct</code></a> where concept  is-a  260305007 (+1)</li><li>Include codes from <a href=\"http://www.snomed.org/\"><code>http://snomed.info/sct</code></a> where concept  is-a  260306008 (+2)</li><li>Include codes from <a href=\"http://www.snomed.org/\"><code>http://snomed.info/sct</code></a> where concept  is-a  260307004 (+3)</li><li>Include codes from <a href=\"http://www.snomed.org/\"><code>http://snomed.info/sct</code></a> where concept  is-a  260308009 (+4)</li><li>Include codes from <a href=\"http://www.snomed.org/\"><code>http://snomed.info/sct</code></a> where concept  is-a  263865001 (Scanty)</li><li>Include codes from <a href=\"http://www.snomed.org/\"><code>http://snomed.info/sct</code></a> where concept  is-a  264605009 (+5)</li><li>Include codes from <a href=\"http://www.snomed.org/\"><code>http://snomed.info/sct</code></a> where concept  is-a  272069004 (Positive integer)</li><li>Include codes from <a href=\"http://www.snomed.org/\"><code>http://snomed.info/sct</code></a> where concept  is-a  76948002 (Severe pain)</li></ul></div>"},"url":"http://terminology.kemkes.go.id/ValueSet/Observation.interpretation","version":"0.1.0","name":"Observation.interpretation","title":"Value set specific for Observation Code","status":"active","date":"2024-05-22T17:23:47+07:00","publisher":"Thomas Chaidir","contact":[{"name":"Thomas Chaidir","telecom":[{"system":"url","value":"https://satusehat.kemkes.go.id/"}]}],"description":"Value set specific for Observation Code","compose":{"include":[{"system":"http://terminology.kemkes.go.id/CodeSystem/clinical-term","filter":[{"property":"concept","op":"is-a","value":"OI000001"}]},{"system":"http://terminology.kemkes.go.id/CodeSystem/clinical-term","filter":[{"property":"concept","op":"is-a","value":"OI000002"}]},{"system":"http://terminology.kemkes.go.id/CodeSystem/clinical-term","filter":[{"property":"concept","op":"is-a","value":"OI000003"}]},{"system":"http://terminology.kemkes.go.id/CodeSystem/clinical-term","filter":[{"property":"concept","op":"is-a","value":"OI000004"}]},{"system":"http://terminology.kemkes.go.id/CodeSystem/clinical-term","filter":[{"property":"concept","op":"is-a","value":"OI000005"}]},{"system":"http://terminology.kemkes.go.id/CodeSystem/clinical-term","filter":[{"property":"concept","op":"is-a","value":"OI000006"}]},{"system":"http://terminology.kemkes.go.id/CodeSystem/clinical-term","filter":[{"property":"concept","op":"is-a","value":"OI000007"}]},{"system":"http://terminology.kemkes.go.id/CodeSystem/clinical-term","filter":[{"property":"concept","op":"is-a","value":"OI000008"}]},{"system":"http://terminology.kemkes.go.id/CodeSystem/clinical-term","filter":[{"property":"concept","op":"is-a","value":"OI000009"}]},{"system":"http://terminology.kemkes.go.id/CodeSystem/clinical-term","filter":[{"property":"concept","op":"is-a","value":"OI000010"}]},{"system":"http://terminology.kemkes.go.id/CodeSystem/clinical-term","filter":[{"property":"concept","op":"is-a","value":"OI000011"}]},{"system":"http://terminology.kemkes.go.id/CodeSystem/clinical-term","filter":[{"property":"concept","op":"is-a","value":"OI000012"}]},{"system":"http://terminology.kemkes.go.id/CodeSystem/clinical-term","filter":[{"property":"concept","op":"is-a","value":"OI000013"}]},{"system":"http://terminology.kemkes.go.id/CodeSystem/clinical-term","filter":[{"property":"concept","op":"is-a","value":"OI000014"}]},{"system":"http://terminology.kemkes.go.id/CodeSystem/clinical-term","filter":[{"property":"concept","op":"is-a","value":"OI000015"}]},{"system":"http://terminology.kemkes.go.id/CodeSystem/clinical-term","filter":[{"property":"concept","op":"is-a","value":"OI000016"}]},{"system":"http://terminology.kemkes.go.id/CodeSystem/clinical-term","filter":[{"property":"concept","op":"is-a","value":"OI000017"}]},{"system":"http://terminology.kemkes.go.id/CodeSystem/clinical-term","filter":[{"property":"concept","op":"is-a","value":"OI000018"}]},{"system":"http://terminology.kemkes.go.id/CodeSystem/clinical-term","filter":[{"property":"concept","op":"is-a","value":"OI000019"}]},{"system":"http://terminology.kemkes.go.id/CodeSystem/clinical-term","filter":[{"property":"concept","op":"is-a","value":"OI000020"}]},{"system":"http://terminology.kemkes.go.id/CodeSystem/clinical-term","filter":[{"property":"concept","op":"is-a","value":"OI000021"}]},{"system":"http://terminology.kemkes.go.id/CodeSystem/clinical-term","filter":[{"property":"concept","op":"is-a","value":"OI000022"}]},{"system":"http://terminology.kemkes.go.id/CodeSystem/clinical-term","filter":[{"property":"concept","op":"is-a","value":"OI000023"}]},{"system":"http://terminology.kemkes.go.id/CodeSystem/clinical-term","filter":[{"property":"concept","op":"is-a","value":"OI000024"}]},{"system":"http://terminology.kemkes.go.id/CodeSystem/clinical-term","filter":[{"property":"concept","op":"is-a","value":"OI000025"}]},{"system":"http://terminology.kemkes.go.id/CodeSystem/clinical-term","filter":[{"property":"concept","op":"is-a","value":"OI000026"}]},{"system":"http://terminology.kemkes.go.id/CodeSystem/clinical-term","filter":[{"property":"concept","op":"is-a","value":"OI000027"}]},{"system":"http://terminology.kemkes.go.id/CodeSystem/clinical-term","filter":[{"property":"concept","op":"is-a","value":"OI000028"}]},{"system":"http://terminology.kemkes.go.id/CodeSystem/clinical-term","filter":[{"property":"concept","op":"is-a","value":"OI000029"}]},{"system":"http://terminology.kemkes.go.id/CodeSystem/clinical-term","filter":[{"property":"concept","op":"is-a","value":"OI000030"}]},{"system":"http://terminology.kemkes.go.id/CodeSystem/clinical-term","filter":[{"property":"concept","op":"is-a","value":"OI000031"}]},{"system":"http://terminology.kemkes.go.id/CodeSystem/clinical-term","filter":[{"property":"concept","op":"is-a","value":"OI000032"}]},{"system":"http://terminology.kemkes.go.id/CodeSystem/clinical-term","filter":[{"property":"concept","op":"is-a","value":"OI000033"}]},{"system":"http://terminology.kemkes.go.id/CodeSystem/clinical-term","filter":[{"property":"concept","op":"is-a","value":"OI000034"}]},{"system":"http://terminology.kemkes.go.id/CodeSystem/clinical-term","filter":[{"property":"concept","op":"is-a","value":"OI000035"}]},{"system":"http://terminology.kemkes.go.id/CodeSystem/clinical-term","filter":[{"property":"concept","op":"is-a","value":"OI000036"}]},{"system":"http://terminology.kemkes.go.id/CodeSystem/clinical-term","filter":[{"property":"concept","op":"is-a","value":"OI000037"}]},{"system":"http://terminology.kemkes.go.id/CodeSystem/clinical-term","filter":[{"property":"concept","op":"is-a","value":"OI000038"}]},{"system":"http://terminology.kemkes.go.id/CodeSystem/clinical-term","filter":[{"property":"concept","op":"is-a","value":"OI000039"}]},{"system":"http://terminology.kemkes.go.id/CodeSystem/clinical-term","filter":[{"property":"concept","op":"is-a","value":"OI000040"}]},{"system":"http://terminology.kemkes.go.id/CodeSystem/clinical-term","filter":[{"property":"concept","op":"is-a","value":"OI000041"}]},{"system":"http://terminology.kemkes.go.id/CodeSystem/clinical-term","filter":[{"property":"concept","op":"is-a","value":"OI000042"}]},{"system":"http://terminology.kemkes.go.id/CodeSystem/clinical-term","filter":[{"property":"concept","op":"is-a","value":"OI000043"}]},{"system":"http://terminology.kemkes.go.id/CodeSystem/clinical-term","filter":[{"property":"concept","op":"is-a","value":"OI000044"}]},{"system":"http://terminology.kemkes.go.id/CodeSystem/clinical-term","filter":[{"property":"concept","op":"is-a","value":"OI000045"}]},{"system":"http://terminology.kemkes.go.id/CodeSystem/clinical-term","filter":[{"property":"concept","op":"is-a","value":"OI000046"}]},{"system":"http://terminology.kemkes.go.id/CodeSystem/clinical-term","filter":[{"property":"concept","op":"is-a","value":"OI000047"}]},{"system":"http://terminology.kemkes.go.id/CodeSystem/clinical-term","filter":[{"property":"concept","op":"is-a","value":"OI000048"}]},{"system":"http://terminology.kemkes.go.id/CodeSystem/clinical-term","filter":[{"property":"concept","op":"is-a","value":"OV000298"}]},{"system":"http://terminology.kemkes.go.id/CodeSystem/clinical-term","filter":[{"property":"concept","op":"is-a","value":"OV000299"}]},{"system":"http://terminology.kemkes.go.id/CodeSystem/clinical-term","filter":[{"property":"concept","op":"is-a","value":"OV000300"}]},{"system":"http://terminology.kemkes.go.id/CodeSystem/examination","filter":[{"property":"concept","op":"is-a","value":"X099770"}]},{"system":"http://terminology.kemkes.go.id/CodeSystem/examination","filter":[{"property":"concept","op":"is-a","value":"X099771"}]},{"system":"http://terminology.kemkes.go.id/CodeSystem/examination","filter":[{"property":"concept","op":"is-a","value":"X099772"}]},{"system":"http://terminology.kemkes.go.id/CodeSystem/examination","filter":[{"property":"concept","op":"is-a","value":"IP099352"}]},{"system":"http://terminology.kemkes.go.id/CodeSystem/examination","filter":[{"property":"concept","op":"is-a","value":"IP099353"}]},{"system":"http://terminology.kemkes.go.id/CodeSystem/examination","filter":[{"property":"concept","op":"is-a","value":"IP099354"}]},{"system":"http://terminology.kemkes.go.id/CodeSystem/examination","filter":[{"property":"concept","op":"is-a","value":"IP099355"}]},{"system":"http://terminology.kemkes.go.id/CodeSystem/ObservationInterpretation","filter":[{"property":"concept","op":"is-a","value":"BMI-SevereUnder"}]},{"system":"http://snomed.info/sct","filter":[{"property":"concept","op":"is-a","value":"827069000"}]},{"system":"http://snomed.info/sct","filter":[{"property":"concept","op":"is-a","value":"827068008"}]},{"system":"http://snomed.info/sct","filter":[{"property":"concept","op":"is-a","value":"56218007"}]},{"system":"http://snomed.info/sct","filter":[{"property":"concept","op":"is-a","value":"248311001"}]},{"system":"http://snomed.info/sct","filter":[{"property":"concept","op":"is-a","value":"73211009"}]},{"system":"http://snomed.info/sct","filter":[{"property":"concept","op":"is-a","value":"45089002"}]},{"system":"http://snomed.info/sct","filter":[{"property":"concept","op":"is-a","value":"397543001"}]},{"system":"http://snomed.info/sct","filter":[{"property":"concept","op":"is-a","value":"397542006"}]},{"system":"http://snomed.info/sct","filter":[{"property":"concept","op":"is-a","value":"397541004"}]},{"system":"http://snomed.info/sct","filter":[{"property":"concept","op":"is-a","value":"274572000"}]},{"system":"http://snomed.info/sct","filter":[{"property":"concept","op":"is-a","value":"23986001"}]},{"system":"http://snomed.info/sct","filter":[{"property":"concept","op":"is-a","value":"248325000"}]},{"system":"http://snomed.info/sct","filter":[{"property":"concept","op":"is-a","value":"248324001"}]},{"system":"http://snomed.info/sct","filter":[{"property":"concept","op":"is-a","value":"414915002"}]},{"system":"http://snomed.info/sct","filter":[{"property":"concept","op":"is-a","value":"2004005"}]},{"system":"http://snomed.info/sct","filter":[{"property":"concept","op":"is-a","value":"255330009"}]},{"system":"http://snomed.info/sct","filter":[{"property":"concept","op":"is-a","value":"860635002"}]},{"system":"http://snomed.info/sct","filter":[{"property":"concept","op":"is-a","value":"714628002"}]},{"system":"http://snomed.info/sct","filter":[{"property":"concept","op":"is-a","value":"39021009"}]},{"system":"http://snomed.info/sct","filter":[{"property":"concept","op":"is-a","value":"260305007"}]},{"system":"http://snomed.info/sct","filter":[{"property":"concept","op":"is-a","value":"260306008"}]},{"system":"http://snomed.info/sct","filter":[{"property":"concept","op":"is-a","value":"260307004"}]},{"system":"http://snomed.info/sct","filter":[{"property":"concept","op":"is-a","value":"260308009"}]},{"system":"http://snomed.info/sct","filter":[{"property":"concept","op":"is-a","value":"263865001"}]},{"system":"http://snomed.info/sct","filter":[{"property":"concept","op":"is-a","value":"264605009"}]},{"system":"http://snomed.info/sct","filter":[{"property":"concept","op":"is-a","value":"272069004"}]},{"system":"http://snomed.info/sct","filter":[{"property":"concept","op":"is-a","value":"76948002"}]}]}}