{"resourceType":"ValueSet","id":"v3-RoleClassIndividual","language":"en","text":{"status":"generated","div":"<div xml:lang=\"en\" xmlns=\"http://www.w3.org/1999/xhtml\" lang=\"en\"><ul><li>Include codes from <a href=\"CodeSystem-v3-RoleClass.html\"><code>http://terminology.hl7.org/CodeSystem/v3-RoleClass</code></a> where concept  is-a  <a href=\"CodeSystem-v3-RoleClass.html#v3-RoleClass-INDIV\">INDIV</a></li></ul></div>"},"url":"http://terminology.hl7.org/ValueSet/v3-RoleClassIndividual","identifier":[{"system":"urn:ietf:rfc:3986","value":"urn:oid:2.16.840.1.113883.1.11.20141"}],"version":"0.1.0","name":"RoleClassIndividual","title":"RoleClassIndividual","status":"active","experimental":false,"date":"2014-03-26","publisher":"SatuSehat","contact":[{"name":"SatuSehat","telecom":[{"system":"url","value":"https://satusehat.kemkes.go.id/"},{"system":"email","value":"fhir@dto.kemkes.go.id"}]}],"description":"**Description:** A role played by a party covered under a policy as the policy holder. An individual may be either a person or an organization.\r\n\r\n**Note:** The party playing the role of an individual insured is not a claimant in the sense conveyed by the RoleClassCoveredParty CLAIM (claimant). However, a named insured may make a claim under a policy, e.g., a party that is the named insured and policy holder under a comprehensive automobile insurance policy may become the claimant for coverage under that policy if injured in an automobile accident and there is no liable third party. In the case of an individual insured making a claim, a role type code INSCLM (insured claimant) subtypes the class to indicate that an individual insured has filed a claim for a loss.\r\n\r\n**Example:** The individual insured under a comprehensive automobile, disability, or property and casualty policy that is the policy holder.","immutable":true,"copyright":"This material derives from the HL7 Terminology THO. THO is copyright ©1989+ Health Level Seven International and is made available under the CC0 designation. For more licensing information see: https://terminology.hl7.org/license","compose":{"include":[{"system":"http://terminology.hl7.org/CodeSystem/v3-RoleClass","filter":[{"property":"concept","op":"is-a","value":"INDIV"}]}]}}