{"resourceType":"ValueSet","id":"v3-ActClassFinancialAdjudication","language":"en","text":{"status":"generated","div":"<div xml:lang=\"en\" xmlns=\"http://www.w3.org/1999/xhtml\" lang=\"en\"><ul><li>Include codes from <a href=\"CodeSystem-v3-ActClass.html\"><code>http://terminology.hl7.org/CodeSystem/v3-ActClass</code></a> where concept  is-a  <a href=\"CodeSystem-v3-ActClass.html#v3-ActClass-ADJUD\">ADJUD</a></li></ul></div>"},"url":"http://terminology.hl7.org/ValueSet/v3-ActClassFinancialAdjudication","identifier":[{"system":"urn:ietf:rfc:3986","value":"urn:oid:2.16.840.1.113883.1.11.20197"}],"version":"0.1.0","name":"ActClassFinancialAdjudication","title":"ActClassFinancialAdjudication","status":"active","experimental":false,"date":"2014-03-26","publisher":"SatuSehat","contact":[{"name":"SatuSehat","telecom":[{"system":"url","value":"https://satusehat.kemkes.go.id/"},{"system":"email","value":"fhir@dto.kemkes.go.id"}]}],"description":"A transformation process where a requested invoice is transformed into an agreed invoice. Represents the adjudication processing of an invoice (claim). Adjudication results can be adjudicated as submitted, with adjustments or refused.\r\n\r\nAdjudication results comprise 2 components: the adjudication processing results and a restated (or adjudicated) invoice or claim","immutable":true,"copyright":"This material derives from the HL7 Terminology THO. THO is copyright ©1989+ Health Level Seven International and is made available under the CC0 designation. For more licensing information see: https://terminology.hl7.org/license","compose":{"include":[{"system":"http://terminology.hl7.org/CodeSystem/v3-ActClass","filter":[{"property":"concept","op":"is-a","value":"ADJUD"}]}]}}