{"resourceType":"ValueSet","id":"v3-Country","language":"en","text":{"status":"generated","div":"<div xml:lang=\"en\" xmlns=\"http://www.w3.org/1999/xhtml\" lang=\"en\"><ul><li>Include codes from <a href=\"CodeSystem-ISO3166Part1.html\"><code>urn:iso:std:iso:3166</code></a> where code  matches (by regex)  [A-Z]{3}</li></ul></div>"},"url":"http://terminology.hl7.org/ValueSet/v3-Country","identifier":[{"system":"urn:ietf:rfc:3986","value":"urn:oid:2.16.840.1.113883.1.11.171"}],"version":"0.1.0","name":"Country","title":"Country","status":"active","experimental":false,"date":"2014-03-26","publisher":"SatuSehat","contact":[{"name":"SatuSehat","telecom":[{"system":"url","value":"https://satusehat.kemkes.go.id/"},{"system":"email","value":"fhir@dto.kemkes.go.id"}]}],"description":"Countries of the world. ISO 3166, part 1, alpha-3 set.","copyright":"This material derives from the HL7 Terminology THO. THO is copyright ©1989+ Health Level Seven International and is made available under the CC0 designation. For more licensing information see: https://terminology.hl7.org/license","compose":{"include":[{"system":"urn:iso:std:iso:3166","filter":[{"property":"code","op":"regex","value":"[A-Z]{3}"}]}]}}