{"resourceType":"ValueSet","id":"EncounterHospitalizationDischargeDispositionVS","text":{"status":"generated","div":"<div xmlns=\"http://www.w3.org/1999/xhtml\"><ul><li>Include all codes defined in <a href=\"http://terminology.hl7.org/5.3.0/CodeSystem-discharge-disposition.html\"><code>http://terminology.hl7.org/CodeSystem/discharge-disposition</code></a></li></ul></div>"},"url":"https://fhir.kemkes.go.id/r4/ValueSet/EncounterHospitalizationDischargeDispositionVS","version":"0.1.0","name":"EncounterHospitalizationDischargeDispositionVS","title":"Discharge disposition","status":"active","date":"2024-02-15T12:08:26+07:00","publisher":"Thomas Chaidir","contact":[{"name":"Thomas Chaidir","telecom":[{"system":"url","value":"https://satusehat.kemkes.go.id/"}]}],"description":"This value set defines a set of codes that can be used to where the patient left the hospital.","compose":{"include":[{"system":"http://terminology.hl7.org/CodeSystem/discharge-disposition"}]}}