{"resourceType":"ValueSet","id":"ConditionClinicalStatusVS","text":{"status":"generated","div":"<div xmlns=\"http://www.w3.org/1999/xhtml\"><ul><li>Include all codes defined in <a href=\"http://terminology.hl7.org/5.3.0/CodeSystem-condition-clinical.html\"><code>http://terminology.hl7.org/CodeSystem/condition-clinical</code></a></li></ul></div>"},"url":"https://fhir.kemkes.go.id/r4/ValueSet/ConditionClinicalStatusVS","version":"0.1.0","name":"ConditionClinicalStatusVS","title":"Condition Clinical Status","status":"active","date":"2024-02-15T12:08:26+07:00","publisher":"Thomas Chaidir","contact":[{"name":"Thomas Chaidir","telecom":[{"system":"url","value":"https://satusehat.kemkes.go.id/"}]}],"description":"This defines a set of codes for Condition Clinical Status.","compose":{"include":[{"system":"http://terminology.hl7.org/CodeSystem/condition-clinical"}]}}