{"resourceType":"ValueSet","id":"EncounterClassVS","text":{"status":"generated","div":"<div xmlns=\"http://www.w3.org/1999/xhtml\"><p>This value set includes codes based on the following rules:</p><ul><li>Include all codes defined in <a href=\"http://terminology.hl7.org/5.3.0/CodeSystem-v3-ActCode.html\"><code>http://terminology.hl7.org/CodeSystem/v3-ActCode</code></a></li><li>Include all codes defined in <a href=\"CodeSystem-EncounterClassCS.html\"><code>http://terminology.kemkes.go.id/CodeSystem/encounter-class</code></a></li></ul></div>"},"url":"https://fhir.kemkes.go.id/r4/ValueSet/EncounterClassVS","version":"0.1.0","name":"EncounterClassVS","title":"V3 Value SetActEncounterCode","status":"active","date":"2024-02-15T12:08:26+07:00","publisher":"Thomas Chaidir","contact":[{"name":"Thomas Chaidir","telecom":[{"system":"url","value":"https://satusehat.kemkes.go.id/"}]}],"description":"Domain provides codes that qualify the ActEncounterClass (ENC)","compose":{"include":[{"system":"http://terminology.hl7.org/CodeSystem/v3-ActCode"},{"system":"http://terminology.kemkes.go.id/CodeSystem/encounter-class"}]}}