{"resourceType":"ValueSet","id":"ObservationBodySite","text":{"status":"generated","div":"<div xmlns=\"http://www.w3.org/1999/xhtml\"><ul><li>Include codes from <a href=\"http://www.snomed.org/\"><code>http://snomed.info/sct</code></a> where concept  is-a  442083009 (Anatomical or acquired body structure (body structure))</li></ul></div>"},"url":"http://terminology.kemkes.go.id/ValueSet/Observation.bodysite","version":"0.1.0","name":"ObservationBodySite","title":"Value set specific for Observation BodySite","status":"active","date":"2024-05-22T17:23:47+07:00","publisher":"Thomas Chaidir","contact":[{"name":"Thomas Chaidir","telecom":[{"system":"url","value":"https://satusehat.kemkes.go.id/"}]}],"description":"Value set specific for Observation BodySite","compose":{"include":[{"system":"http://snomed.info/sct","filter":[{"property":"concept","op":"is-a","value":"442083009"}]}]}}