{"resourceType":"ValueSet","id":"v3-ParticipationModeWritten","language":"en","text":{"status":"generated","div":"<div xml:lang=\"en\" xmlns=\"http://www.w3.org/1999/xhtml\" lang=\"en\"><ul><li>Include codes from <a href=\"CodeSystem-v3-ParticipationMode.html\"><code>http://terminology.hl7.org/CodeSystem/v3-ParticipationMode</code></a> where concept  is-a  <a href=\"CodeSystem-v3-ParticipationMode.html#v3-ParticipationMode-WRITTEN\">WRITTEN</a></li></ul></div>"},"url":"http://terminology.hl7.org/ValueSet/v3-ParticipationModeWritten","identifier":[{"system":"urn:ietf:rfc:3986","value":"urn:oid:2.16.840.1.113883.1.11.16549"}],"version":"0.1.0","name":"ParticipationModeWritten","title":"ParticipationModeWritten","status":"active","experimental":false,"date":"2014-03-26","publisher":"SatuSehat","contact":[{"name":"SatuSehat","telecom":[{"system":"url","value":"https://satusehat.kemkes.go.id/"},{"system":"email","value":"fhir@dto.kemkes.go.id"}]}],"description":"Participation by human language recorded on a physical material","copyright":"This material derives from the HL7 Terminology THO. THO is copyright ©1989+ Health Level Seven International and is made available under the CC0 designation. For more licensing information see: https://terminology.hl7.org/license","compose":{"include":[{"system":"http://terminology.hl7.org/CodeSystem/v3-ParticipationMode","filter":[{"property":"concept","op":"is-a","value":"WRITTEN"}]}]}}