{"resourceType":"ValueSet","id":"v3-ActRelationshipDocumentProvenance","language":"en","text":{"status":"extensions","div":"<div xml:lang=\"en\" xmlns=\"http://www.w3.org/1999/xhtml\" lang=\"en\"><ul><li>Include these codes as defined in <a href=\"CodeSystem-v3-ActRelationshipType.html\"><code>http://terminology.hl7.org/CodeSystem/v3-ActRelationshipType</code></a><table class=\"none\"><tr><td style=\"white-space:nowrap\"><b>Code</b></td><td><b>Display</b></td><td><b>Definition</b></td></tr><tr><td><a href=\"CodeSystem-v3-ActRelationshipType.html#v3-ActRelationshipType-APND\">APND</a></td><td style=\"color: #cccccc\">is appendage</td><td>An addendum (source) to an existing service object (target), containing supplemental information. The addendum is itself an original service object linked to the supplemented service object. The supplemented service object remains in place and its content and status are unaltered.</td></tr><tr><td><a href=\"CodeSystem-v3-ActRelationshipType.html#v3-ActRelationshipType-COMP\">COMP</a></td><td style=\"color: #cccccc\">has component</td><td>The target act is a component of the source act, with no semantics regarding composition or aggregation implied.</td></tr><tr><td><a href=\"CodeSystem-v3-ActRelationshipType.html#v3-ActRelationshipType-RPLC\">RPLC</a></td><td style=\"color: #cccccc\">replaces</td><td>A replacement source act replaces an existing target act. The state of the target act being replaced becomes obselete, but the act is typically still retained in the system for historical reference. The source and target must be of the same type.</td></tr><tr><td><a href=\"CodeSystem-v3-ActRelationshipType.html#v3-ActRelationshipType-XCRPT\">XCRPT</a></td><td style=\"color: #cccccc\">Excerpts</td><td>The source is an excerpt from the target.</td></tr><tr><td><a href=\"CodeSystem-v3-ActRelationshipType.html#v3-ActRelationshipType-XFRM\">XFRM</a></td><td style=\"color: #cccccc\">transformation</td><td>Used when the target Act is a transformation of the source Act. (For instance, used to show that a CDA document is a transformation of a DICOM SR document.)</td></tr></table></li></ul></div>"},"url":"http://terminology.hl7.org/ValueSet/v3-ActRelationshipDocumentProvenance","identifier":[{"system":"urn:ietf:rfc:3986","value":"urn:oid:2.16.840.1.113883.1.11.20528"}],"version":"0.1.0","name":"ActRelationshipDocumentProvenance","title":"ActRelationshipDocumentProvenance","status":"active","experimental":false,"date":"2014-08-07","publisher":"SatuSehat","contact":[{"name":"SatuSehat","telecom":[{"system":"url","value":"https://satusehat.kemkes.go.id/"},{"system":"email","value":"fhir@dto.kemkes.go.id"}]}],"description":"Used to convey the relationship between two or more Documents for purpose of tracking provenance relationships such as a predecessor Document and a successor Document.\r\n\r\nFor example, a predecessor Clinical Summary Document from which a successor Clinical Summary Document is derived.","copyright":"This material derives from the HL7 Terminology THO. THO is copyright ©1989+ Health Level Seven International and is made available under the CC0 designation. For more licensing information see: https://terminology.hl7.org/license","compose":{"include":[{"system":"http://terminology.hl7.org/CodeSystem/v3-ActRelationshipType","concept":[{"code":"APND"},{"code":"COMP"},{"code":"RPLC"},{"code":"XCRPT"},{"code":"XFRM"}]}]}}