{"resourceType":"ValueSet","id":"ConditionVerificationStatusVS","meta":{"versionId":"2","lastUpdated":"2024-02-05T13:27:56.064+07:00"},"language":"English","text":{"status":"generated","div":"<div xmlns=\"http://www.w3.org/1999/xhtml\" xml:lang=\"English\" lang=\"English\"><ul><li>Include all codes defined in <a href=\"http://terminology.hl7.org/5.3.0/CodeSystem-condition-ver-status.html\"><code>http://terminology.hl7.org/CodeSystem/condition-ver-status</code></a></li></ul></div>"},"url":"http://dto.kemkes.go.id//VS/Condition.verificationStatus","version":"0.1.0","name":"ConditionVerificationStatusVS","title":"Condition Verification Status","status":"active","experimental":false,"date":"2023-11-02T09:00:26.000Z","publisher":"Thomas Chaidir","contact":[{"name":"Thomas Chaidir","telecom":[{"system":"url","value":"https://satusehat.kemkes.go.id/"}]}],"description":"Created by: Fadhil Muhammad","compose":{"include":[{"system":"http://terminology.hl7.org/CodeSystem/condition-ver-status"}]}}