{"resourceType":"ValueSet","id":"v3-ActPrivacyLaw","language":"en","text":{"status":"generated","div":"<div xml:lang=\"en\" xmlns=\"http://www.w3.org/1999/xhtml\" lang=\"en\"><ul><li>Include codes from <a href=\"CodeSystem-v3-ActCode.html\"><code>http://terminology.hl7.org/CodeSystem/v3-ActCode</code></a> where concept  is-a  <a href=\"CodeSystem-v3-ActCode.html#v3-ActCode-_ActPrivacyLaw\">_ActPrivacyLaw</a></li></ul></div>"},"url":"http://terminology.hl7.org/ValueSet/v3-ActPrivacyLaw","identifier":[{"system":"urn:ietf:rfc:3986","value":"urn:oid:2.16.840.1.113883.1.11.20426"}],"version":"0.1.0","name":"ActPrivacyLaw","title":"ActPrivacyLaw","status":"active","experimental":false,"date":"2014-03-26","publisher":"SatuSehat","contact":[{"name":"SatuSehat","telecom":[{"system":"url","value":"https://satusehat.kemkes.go.id/"},{"system":"email","value":"fhir@dto.kemkes.go.id"}]}],"description":"ActPrivacyLaw codes may be associated with an Act or a Role to indicate the legal provision to which the assignment of an Act.confidentialityCode or Role.confidentialtyCode complies. May be used to further specify rationale for assignment of other ActPrivacyPolicy codes in the US realm, e.g., ETH and 42CFRPart2 can be differentiated from ETH and Title38Part1.","copyright":"This material derives from the HL7 Terminology THO. THO is copyright ©1989+ Health Level Seven International and is made available under the CC0 designation. For more licensing information see: https://terminology.hl7.org/license","compose":{"include":[{"system":"http://terminology.hl7.org/CodeSystem/v3-ActCode","filter":[{"property":"concept","op":"is-a","value":"_ActPrivacyLaw"}]}]}}