{"resourceType":"ValueSet","id":"v3-SnodentDentitionStateInternational","language":"en","text":{"status":"extensions","div":"<div xml:lang=\"en\" xmlns=\"http://www.w3.org/1999/xhtml\" lang=\"en\"><ul><li>Include these codes as defined in <a href=\"CodeSystem-v3-ada-snodent.html\"><code>http://www.ada.org/snodent</code></a><table class=\"none\"><tr><td style=\"white-space:nowrap\"><b>Code</b></td><td><b>Display</b></td><td><b>Definition</b></td></tr><tr><td><a href=\"CodeSystem-v3-ada-snodent.html#v3-ada-snodent-121288D\">121288D</a></td><td style=\"color: #cccccc\">Primary Dentition</td><td>Primary Dentition</td></tr><tr><td><a href=\"CodeSystem-v3-ada-snodent.html#v3-ada-snodent-139017D\">139017D</a></td><td style=\"color: #cccccc\">Permanent Dentition</td><td>Permanent Dentition</td></tr><tr><td><a href=\"CodeSystem-v3-ada-snodent.html#v3-ada-snodent-210962D\">210962D</a></td><td style=\"color: #cccccc\">Mixed Dentition</td><td>Mixed Dentition</td></tr></table></li></ul></div>"},"extension":[{"url":"http://hl7.org/fhir/StructureDefinition/structuredefinition-wg","valueCode":"att"}],"url":"http://terminology.hl7.org/ValueSet/v3-SnodentDentitionStateInternational","identifier":[{"system":"urn:ietf:rfc:3986","value":"urn:oid:2.16.840.1.113883.1.11.20567"}],"version":"0.1.0","name":"SnodentDentitionStateInternational","title":"SnodentDentitionStateInternational","status":"active","experimental":false,"date":"2019-03-20","publisher":"SatuSehat","contact":[{"name":"SatuSehat","telecom":[{"system":"url","value":"https://satusehat.kemkes.go.id/"},{"system":"email","value":"fhir@dto.kemkes.go.id"}]}],"description":"The SNODENT identifiers for the stages of dentition an individual progresses through during a lifetime.\r\n\r\nThis value set contains content from SNODENT® Copyright American Dental Association (ADA). All rights reserved. SNODENT is a registered trademark of the ADA.\r\n\r\nhttp://www.ada.org/en/member-center/member-benefits/practice-resources/dental-informatics/snodent/licensing-snodent\r\n\r\n*Steward:* Attachments WG","copyright":"This material derives from the HL7 Terminology THO. THO is copyright ©1989+ Health Level Seven International and is made available under the CC0 designation. For more licensing information see: https://terminology.hl7.org/license","compose":{"include":[{"system":"http://www.ada.org/snodent","concept":[{"code":"121288D"},{"code":"139017D"},{"code":"210962D"}]}]}}