{"resourceType":"ValueSet","id":"v3-WeightAlert","language":"en","text":{"status":"extensions","div":"<div xml:lang=\"en\" xmlns=\"http://www.w3.org/1999/xhtml\" lang=\"en\"><ul><li>Include these codes as defined in <a href=\"CodeSystem-v3-ActCode.html\"><code>http://terminology.hl7.org/CodeSystem/v3-ActCode</code></a><table class=\"none\"><tr><td style=\"white-space:nowrap\"><b>Code</b></td><td><b>Display</b></td><td><b>Definition</b></td></tr><tr><td><a href=\"CodeSystem-v3-ActCode.html#v3-ActCode-DOSEHINDW\">DOSEHINDW</a></td><td style=\"color: #cccccc\">High Dose for Weight Alert</td><td>Proposed dosage exceeds standard practice for the patient's weight</td></tr><tr><td><a href=\"CodeSystem-v3-ActCode.html#v3-ActCode-DOSELINDW\">DOSELINDW</a></td><td style=\"color: #cccccc\">Low Dose for Weight Alert</td><td>Proposed dosage is below suggested therapeutic levels for the patient's weight</td></tr></table></li></ul></div>"},"url":"http://terminology.hl7.org/ValueSet/v3-WeightAlert","identifier":[{"system":"urn:ietf:rfc:3986","value":"urn:oid:2.16.840.1.113883.1.11.17794"}],"version":"0.1.0","name":"WeightAlert","title":"WeightAlert","status":"active","experimental":false,"date":"2014-03-26","publisher":"SatuSehat","contact":[{"name":"SatuSehat","telecom":[{"system":"url","value":"https://satusehat.kemkes.go.id/"},{"system":"email","value":"fhir@dto.kemkes.go.id"}]}],"description":"Proposed therapy may be inappropriate based on the patient's weight","copyright":"This material derives from the HL7 Terminology THO. THO is copyright ©1989+ Health Level Seven International and is made available under the CC0 designation. For more licensing information see: https://terminology.hl7.org/license","compose":{"include":[{"system":"http://terminology.hl7.org/CodeSystem/v3-ActCode","concept":[{"code":"DOSEHINDW"},{"code":"DOSELINDW"}]}]}}