{"resourceType":"ValueSet","id":"v3-EntityInformationSensitivityPolicy","language":"en","text":{"status":"generated","div":"<div xml:lang=\"en\" xmlns=\"http://www.w3.org/1999/xhtml\" lang=\"en\"><ul><li>Include codes from <a href=\"CodeSystem-v3-ActCode.html\"><code>http://terminology.hl7.org/CodeSystem/v3-ActCode</code></a> where concept  is-a  <a href=\"CodeSystem-v3-ActCode.html#v3-ActCode-_EntitySensitivityPolicyType\">_EntitySensitivityPolicyType</a></li></ul></div>"},"url":"http://terminology.hl7.org/ValueSet/v3-EntityInformationSensitivityPolicy","identifier":[{"system":"urn:ietf:rfc:3986","value":"urn:oid:2.16.840.1.113883.1.11.20431"}],"version":"0.1.0","name":"EntityInformationSensitivityPolicy","title":"EntityInformationSensitivityPolicy","status":"active","experimental":false,"date":"2014-03-26","publisher":"SatuSehat","contact":[{"name":"SatuSehat","telecom":[{"system":"url","value":"https://satusehat.kemkes.go.id/"},{"system":"email","value":"fhir@dto.kemkes.go.id"}]}],"description":"EntitySensitivity codes are used to convey a policy that is applicable to sensitive information conveyed by an entity attribute. May be used to bind a Role.confidentialityCode associated with an Entity per organizational policy. Role.confidentialityCode is defined in the RIM as \"an indication of the appropriate disclosure of information about this Role with respect to the playing Entity.\"","copyright":"This material derives from the HL7 Terminology THO. THO is copyright ©1989+ Health Level Seven International and is made available under the CC0 designation. For more licensing information see: https://terminology.hl7.org/license","compose":{"include":[{"system":"http://terminology.hl7.org/CodeSystem/v3-ActCode","filter":[{"property":"concept","op":"is-a","value":"_EntitySensitivityPolicyType"}]}]}}