{"resourceType":"ValueSet","id":"v3-CoverageSponsorRoleType","language":"en","text":{"status":"generated","div":"<div xml:lang=\"en\" xmlns=\"http://www.w3.org/1999/xhtml\" lang=\"en\"><ul><li>Include codes from <a href=\"CodeSystem-v3-RoleCode.html\"><code>http://terminology.hl7.org/CodeSystem/v3-RoleCode</code></a> where concept  is-a  <a href=\"CodeSystem-v3-RoleCode.html#v3-RoleCode-_CoverageSponsorRoleType\">_CoverageSponsorRoleType</a></li></ul></div>"},"url":"http://terminology.hl7.org/ValueSet/v3-CoverageSponsorRoleType","identifier":[{"system":"urn:ietf:rfc:3986","value":"urn:oid:2.16.840.1.113883.1.11.19877"}],"version":"0.1.0","name":"CoverageSponsorRoleType","title":"CoverageSponsorRoleType","status":"active","experimental":false,"date":"2014-03-26","publisher":"SatuSehat","contact":[{"name":"SatuSehat","telecom":[{"system":"url","value":"https://satusehat.kemkes.go.id/"},{"system":"email","value":"fhir@dto.kemkes.go.id"}]}],"description":"**Description:**Codes that indicate a specific type of sponsor. Used when the sponsor's role is only either as a fully insured sponsor or only as a self-insured sponsor. NOTE: Where a sponsor may be either, use the SponsorParticipationFunction.code (fully insured or self insured) to indicate the type of responsibility. (CO6-0057)","copyright":"This material derives from the HL7 Terminology THO. THO is copyright ©1989+ Health Level Seven International and is made available under the CC0 designation. For more licensing information see: https://terminology.hl7.org/license","compose":{"include":[{"system":"http://terminology.hl7.org/CodeSystem/v3-RoleCode","filter":[{"property":"concept","op":"is-a","value":"_CoverageSponsorRoleType"}]}]}}