{"resourceType":"ValueSet","id":"v3-RoleClassFomite","language":"en","text":{"status":"generated","div":"<div xml:lang=\"en\" xmlns=\"http://www.w3.org/1999/xhtml\" lang=\"en\"><ul><li>Include codes from <a href=\"CodeSystem-v3-RoleClass.html\"><code>http://terminology.hl7.org/CodeSystem/v3-RoleClass</code></a> where concept  is-a  <a href=\"CodeSystem-v3-RoleClass.html#v3-RoleClass-FOMITE\">FOMITE</a></li></ul></div>"},"url":"http://terminology.hl7.org/ValueSet/v3-RoleClassFomite","identifier":[{"system":"urn:ietf:rfc:3986","value":"urn:oid:2.16.840.1.113883.1.11.20134"}],"version":"0.1.0","name":"RoleClassFomite","title":"RoleClassFomite","status":"active","experimental":false,"date":"2014-03-26","publisher":"SatuSehat","contact":[{"name":"SatuSehat","telecom":[{"system":"url","value":"https://satusehat.kemkes.go.id/"},{"system":"email","value":"fhir@dto.kemkes.go.id"}]}],"description":"**Description:** A fomite is a non-living entity that is capable of conveying exposure agent from one entity to another. A doorknob contaminated with a Norovirus is an example of a fomite. Anyone touching the doorknob would be exposed to the virus. The scoper of the role must be the exposure agent (e.g., pathogen).","immutable":true,"copyright":"This material derives from the HL7 Terminology THO. THO is copyright ©1989+ Health Level Seven International and is made available under the CC0 designation. For more licensing information see: https://terminology.hl7.org/license","compose":{"include":[{"system":"http://terminology.hl7.org/CodeSystem/v3-RoleClass","filter":[{"property":"concept","op":"is-a","value":"FOMITE"}]}]}}