{"resourceType":"ValueSet","id":"v3-ChronicCareFacility","language":"en","text":{"status":"generated","div":"<div xml:lang=\"en\" xmlns=\"http://www.w3.org/1999/xhtml\" lang=\"en\"><ul><li>Include codes from <a href=\"CodeSystem-v3-RoleCode.html\"><code>http://terminology.hl7.org/CodeSystem/v3-RoleCode</code></a> where concept  is-a  <a href=\"CodeSystem-v3-RoleCode.html#v3-RoleCode-CHR\">CHR</a></li></ul></div>"},"url":"http://terminology.hl7.org/ValueSet/v3-ChronicCareFacility","identifier":[{"system":"urn:ietf:rfc:3986","value":"urn:oid:2.16.840.1.113883.1.11.13792"}],"version":"0.1.0","name":"ChronicCareFacility","title":"ChronicCareFacility","status":"active","experimental":false,"date":"2014-03-26","publisher":"SatuSehat","contact":[{"name":"SatuSehat","telecom":[{"system":"url","value":"https://satusehat.kemkes.go.id/"},{"system":"email","value":"fhir@dto.kemkes.go.id"}]}],"description":"(1) A hospital including a physical plant and personnel that provides multidisciplinary diagnosis and treatment for diseases that have one or more of the following characteristics: is permanent; leaves residual disability; is caused by nonreversible pathological alteration; requires special training of the patient for rehabilitation; and/or may be expected to require a long period of supervision or care. In addition, patients require the safety, security, and shelter of these specialized inpatient or partial hospitalization settings. (2) A hospital that provides medical and skilled nursing services to patients with long-term illnesses who are not in an acute phase but who require an intensity of services not available in nursing homes","copyright":"This material derives from the HL7 Terminology THO. THO is copyright ©1989+ Health Level Seven International and is made available under the CC0 designation. For more licensing information see: https://terminology.hl7.org/license","compose":{"include":[{"system":"http://terminology.hl7.org/CodeSystem/v3-RoleCode","filter":[{"property":"concept","op":"is-a","value":"CHR"}]}]}}