{"resourceType":"ValueSet","id":"v3-ActMoodCompletionTrack","language":"en","text":{"status":"extensions","div":"<div xml:lang=\"en\" xmlns=\"http://www.w3.org/1999/xhtml\" lang=\"en\"><p>This value set includes codes based on the following rules:</p><ul><li>Include codes from <a href=\"CodeSystem-v3-ActMood.html\"><code>http://terminology.hl7.org/CodeSystem/v3-ActMood</code></a> where concept  is-a  <a href=\"CodeSystem-v3-ActMood.html#v3-ActMood-_ActMoodCompletionTrack\">_ActMoodCompletionTrack</a></li></ul><p>This value set excludes codes based on the following rules:</p><ul><li>Exclude these codes as defined in <a href=\"CodeSystem-v3-ActMood.html\"><code>http://terminology.hl7.org/CodeSystem/v3-ActMood</code></a><table class=\"none\"><tr><td style=\"white-space:nowrap\"><b>Code</b></td><td><b>Display</b></td><td><b>Definition</b></td></tr><tr><td><a href=\"CodeSystem-v3-ActMood.html#v3-ActMood-_ActMoodCompletionTrack\">_ActMoodCompletionTrack</a></td><td style=\"color: #cccccc\">ActMoodCompletionTrack</td><td>These are moods describing activities as they progress in the business cycle, from defined, through planned and ordered to completed.</td></tr></table></li></ul></div>"},"url":"http://terminology.hl7.org/ValueSet/v3-ActMoodCompletionTrack","identifier":[{"system":"urn:ietf:rfc:3986","value":"urn:oid:2.16.840.1.113883.1.11.10197"}],"version":"0.1.0","name":"ActMoodCompletionTrack","title":"ActMoodCompletionTrack","status":"active","experimental":false,"date":"2014-03-26","publisher":"SatuSehat","contact":[{"name":"SatuSehat","telecom":[{"system":"url","value":"https://satusehat.kemkes.go.id/"},{"system":"email","value":"fhir@dto.kemkes.go.id"}]}],"description":"These are moods describing activities as they progress in the business cycle, from defined, through planned and ordered to completed.","immutable":true,"copyright":"This material derives from the HL7 Terminology THO. THO is copyright ©1989+ Health Level Seven International and is made available under the CC0 designation. For more licensing information see: https://terminology.hl7.org/license","compose":{"include":[{"system":"http://terminology.hl7.org/CodeSystem/v3-ActMood","filter":[{"property":"concept","op":"is-a","value":"_ActMoodCompletionTrack"}]}],"exclude":[{"system":"http://terminology.hl7.org/CodeSystem/v3-ActMood","concept":[{"code":"_ActMoodCompletionTrack"}]}]}}