{"resourceType":"ValueSet","id":"v3-ActStatusAbortedCancelledCompleted","language":"en","text":{"status":"extensions","div":"<div xml:lang=\"en\" xmlns=\"http://www.w3.org/1999/xhtml\" lang=\"en\"><ul><li>Include these codes as defined in <a href=\"CodeSystem-v3-ActStatus.html\"><code>http://terminology.hl7.org/CodeSystem/v3-ActStatus</code></a><table class=\"none\"><tr><td style=\"white-space:nowrap\"><b>Code</b></td><td><b>Display</b></td><td><b>Definition</b></td></tr><tr><td><a href=\"CodeSystem-v3-ActStatus.html#v3-ActStatus-aborted\">aborted</a></td><td style=\"color: #cccccc\">aborted</td><td>The Act has been terminated prior to the originally intended completion.</td></tr><tr><td><a href=\"CodeSystem-v3-ActStatus.html#v3-ActStatus-cancelled\">cancelled</a></td><td style=\"color: #cccccc\">cancelled</td><td>The Act has been abandoned before activation.</td></tr><tr><td><a href=\"CodeSystem-v3-ActStatus.html#v3-ActStatus-completed\">completed</a></td><td style=\"color: #cccccc\">completed</td><td>An Act that has terminated normally after all of its constituents have been performed.</td></tr></table></li></ul></div>"},"url":"http://terminology.hl7.org/ValueSet/v3-ActStatusAbortedCancelledCompleted","identifier":[{"system":"urn:ietf:rfc:3986","value":"urn:oid:2.16.840.1.113883.1.11.20309"}],"version":"0.1.0","name":"ActStatusAbortedCancelledCompleted","title":"ActStatusAbortedCancelledCompleted","status":"active","experimental":false,"date":"2014-03-26","publisher":"SatuSehat","contact":[{"name":"SatuSehat","telecom":[{"system":"url","value":"https://satusehat.kemkes.go.id/"},{"system":"email","value":"fhir@dto.kemkes.go.id"}]}],"description":"**Description:** The status of an assessment for indications of an abnormal condition.","immutable":true,"copyright":"This material derives from the HL7 Terminology THO. THO is copyright ©1989+ Health Level Seven International and is made available under the CC0 designation. For more licensing information see: https://terminology.hl7.org/license","compose":{"include":[{"system":"http://terminology.hl7.org/CodeSystem/v3-ActStatus","concept":[{"code":"aborted"},{"code":"cancelled"},{"code":"completed"}]}]}}