{"resourceType":"ValueSet","id":"EncounterStatusVS","text":{"status":"generated","div":"<div xmlns=\"http://www.w3.org/1999/xhtml\"><ul><li>Include all codes defined in <a href=\"http://hl7.org/fhir/R4/codesystem-encounter-status.html\"><code>http://hl7.org/fhir/encounter-status</code></a></li></ul></div>"},"url":"https://fhir.kemkes.go.id/r4/ValueSet/EncounterStatusVS","version":"0.1.0","name":"EncounterStatusVS","title":"EncounterStatus","status":"active","date":"2024-02-04T23:26:43+07:00","publisher":"Thomas Chaidir","contact":[{"name":"Thomas Chaidir","telecom":[{"system":"url","value":"https://satusehat.kemkes.go.id/"}]}],"description":"Current state of the encounter.","compose":{"include":[{"system":"http://hl7.org/fhir/encounter-status"}]}}