{"resourceType":"ValueSet","id":"v3-SecurityTrustObservationType","language":"en","text":{"status":"generated","div":"<div xml:lang=\"en\" xmlns=\"http://www.w3.org/1999/xhtml\" lang=\"en\"><ul><li>Include codes from <a href=\"CodeSystem-v3-ActCode.html\"><code>http://terminology.hl7.org/CodeSystem/v3-ActCode</code></a> where concept  is-a  <a href=\"CodeSystem-v3-ActCode.html#v3-ActCode-SECTRSTOBS\">SECTRSTOBS</a></li></ul></div>"},"url":"http://terminology.hl7.org/ValueSet/v3-SecurityTrustObservationType","identifier":[{"system":"urn:ietf:rfc:3986","value":"urn:oid:2.16.840.1.113883.1.11.20531"}],"version":"0.1.0","name":"SecurityTrustObservationType","title":"SecurityTrustObservationType","status":"active","experimental":false,"date":"2023-06-02","publisher":"SatuSehat","contact":[{"name":"SatuSehat","telecom":[{"system":"url","value":"https://satusehat.kemkes.go.id/"},{"system":"email","value":"fhir@dto.kemkes.go.id"}]}],"description":"Type of security metadata observation made about aspects of trust applicable to an IT resource (data, information object, service, or system capability). Trust applicable to IT resources is established and maintained in and among security domains, and may be comprised of observations about the domain's trust authority, trust framework, trust policy, trust interaction rules, means for assessing and monitoring adherence to trust policies, mechanisms that enforce trust, and quality and reliability measures of assurance in those mechanisms. \\[Based on ISO IEC 10181-1 and NIST SP 800-63-2\\]\r\n\r\n*Usage Note:* SecurityTrustObservationType may be used as a trust attribute in a computable trust policy, trust credential, trust assertion, or trust label field in a security label and populated with trust observation values. The valued trust attributes may be used for used for authentication, authorization, and access control decisions. These may also be used to negotiate trust relationships, adjudicate or bridge trust policies, and to specify requirements for participation in a Trust Domain or for asserting compliance with a Trust Framework.","immutable":true,"copyright":"This material derives from the HL7 Terminology THO. THO is copyright ©1989+ Health Level Seven International and is made available under the CC0 designation. For more licensing information see: https://terminology.hl7.org/license","compose":{"include":[{"system":"http://terminology.hl7.org/CodeSystem/v3-ActCode","filter":[{"property":"concept","op":"is-a","value":"SECTRSTOBS"}]}]}}