{"resourceType":"ValueSet","id":"v3-ParticipationTargetLocation","language":"en","text":{"status":"generated","div":"<div xml:lang=\"en\" xmlns=\"http://www.w3.org/1999/xhtml\" lang=\"en\"><ul><li>Include codes from <a href=\"CodeSystem-v3-ParticipationType.html\"><code>http://terminology.hl7.org/CodeSystem/v3-ParticipationType</code></a> where concept  is-a  <a href=\"CodeSystem-v3-ParticipationType.html#v3-ParticipationType-LOC\">LOC</a></li></ul></div>"},"url":"http://terminology.hl7.org/ValueSet/v3-ParticipationTargetLocation","identifier":[{"system":"urn:ietf:rfc:3986","value":"urn:oid:2.16.840.1.113883.1.11.10302"}],"version":"0.1.0","name":"ParticipationTargetLocation","title":"ParticipationTargetLocation","status":"active","experimental":false,"date":"2014-03-26","publisher":"SatuSehat","contact":[{"name":"SatuSehat","telecom":[{"system":"url","value":"https://satusehat.kemkes.go.id/"},{"system":"email","value":"fhir@dto.kemkes.go.id"}]}],"description":"The facility where the service is done. May be a static building (or room therein) or a moving location (e.g., ambulance, helicopter, aircraft, train, truck, ship, etc.)","immutable":true,"copyright":"This material derives from the HL7 Terminology THO. THO is copyright ©1989+ Health Level Seven International and is made available under the CC0 designation. For more licensing information see: https://terminology.hl7.org/license","compose":{"include":[{"system":"http://terminology.hl7.org/CodeSystem/v3-ParticipationType","filter":[{"property":"concept","op":"is-a","value":"LOC"}]}]}}