{"resourceType":"ValueSet","id":"definition-use","meta":{"lastUpdated":"2020-02-24T12:41:39.109+11:00","profile":["http://hl7.org/fhir/StructureDefinition/shareablevalueset"]},"text":{"status":"generated","div":"<div xmlns=\"http://www.w3.org/1999/xhtml\"><ul><li>Include all codes defined in <a href=\"CodeSystem-definition-use.html\"><code>http://terminology.hl7.org/CodeSystem/definition-use</code></a></li></ul></div>"},"url":"http://terminology.hl7.org/ValueSet/definition-use","identifier":[{"system":"urn:ietf:rfc:3986","value":"urn:oid:2.16.840.1.113883.4.642.3.1190"}],"version":"0.1.0","name":"DefinitionUseCodes","title":"Structure Definition Use Codes / Keywords","status":"active","experimental":false,"date":"2020-02-24T12:41:39+11:00","publisher":"SatuSehat","contact":[{"name":"SatuSehat","telecom":[{"system":"url","value":"https://satusehat.kemkes.go.id/"},{"system":"email","value":"fhir@dto.kemkes.go.id"}]}],"description":"Structure Definition Use Codes / Keywords","immutable":true,"copyright":"This material derives from the HL7 Terminology THO. THO is copyright ©1989+ Health Level Seven International and is made available under the CC0 designation. For more licensing information see: https://terminology.hl7.org/license","compose":{"include":[{"system":"http://terminology.hl7.org/CodeSystem/definition-use"}]}}