{"resourceType":"ValueSet","id":"v3-SecurityTrustCertificateObservationType","language":"en","text":{"status":"generated","div":"<div xml:lang=\"en\" xmlns=\"http://www.w3.org/1999/xhtml\" lang=\"en\"><ul><li>Include codes from <a href=\"CodeSystem-v3-ActCode.html\"><code>http://terminology.hl7.org/CodeSystem/v3-ActCode</code></a> where concept  is-a  <a href=\"CodeSystem-v3-ActCode.html#v3-ActCode-TRSTCERTOBS\">TRSTCERTOBS</a></li></ul></div>"},"url":"http://terminology.hl7.org/ValueSet/v3-SecurityTrustCertificateObservationType","identifier":[{"system":"urn:ietf:rfc:3986","value":"urn:oid:2.16.840.1.113883.1.11.20534"}],"version":"0.1.0","name":"SecurityTrustCertificateObservationType","title":"SecurityTrustCertificateObservationType","status":"active","experimental":false,"date":"2014-08-07","publisher":"SatuSehat","contact":[{"name":"SatuSehat","telecom":[{"system":"url","value":"https://satusehat.kemkes.go.id/"},{"system":"email","value":"fhir@dto.kemkes.go.id"}]}],"description":"Type of security metadata observation made about a set of security-relevant data issued by a security authority or trusted third party, together with security information which is used to provide the integrity and data origin authentication services for an IT resource (data, information object, service, or system capability). \\[Based on ISO IEC 10181-1\\]","immutable":true,"copyright":"This material derives from the HL7 Terminology THO. THO is copyright ©1989+ Health Level Seven International and is made available under the CC0 designation. For more licensing information see: https://terminology.hl7.org/license","compose":{"include":[{"system":"http://terminology.hl7.org/CodeSystem/v3-ActCode","filter":[{"property":"concept","op":"is-a","value":"TRSTCERTOBS"}]}]}}