{"resourceType":"ValueSet","id":"v3-ActRelationshipIsDerivedFrom","language":"en","text":{"status":"generated","div":"<div xml:lang=\"en\" xmlns=\"http://www.w3.org/1999/xhtml\" lang=\"en\"><ul><li>Include codes from <a href=\"CodeSystem-v3-ActRelationshipType.html\"><code>http://terminology.hl7.org/CodeSystem/v3-ActRelationshipType</code></a> where concept  is-a  <a href=\"CodeSystem-v3-ActRelationshipType.html#v3-ActRelationshipType-DRIV\">DRIV</a></li></ul></div>"},"url":"http://terminology.hl7.org/ValueSet/v3-ActRelationshipIsDerivedFrom","identifier":[{"system":"urn:ietf:rfc:3986","value":"urn:oid:2.16.840.1.113883.1.11.19980"}],"version":"0.1.0","name":"ActRelationshipIsDerivedFrom","title":"ActRelationshipIsDerivedFrom","status":"active","experimental":false,"date":"2014-03-26","publisher":"SatuSehat","contact":[{"name":"SatuSehat","telecom":[{"system":"url","value":"https://satusehat.kemkes.go.id/"},{"system":"email","value":"fhir@dto.kemkes.go.id"}]}],"description":"Associates a derived Act with its input parameters. E.G., an anion-gap observation can be associated as being derived from given sodium-, (potassium-,), chloride-, and bicarbonate-observations. The narrative content (Act.text) of a source act is wholly machine-derived from the collection of target acts.","immutable":true,"copyright":"This material derives from the HL7 Terminology THO. THO is copyright ©1989+ Health Level Seven International and is made available under the CC0 designation. For more licensing information see: https://terminology.hl7.org/license","compose":{"include":[{"system":"http://terminology.hl7.org/CodeSystem/v3-ActRelationshipType","filter":[{"property":"concept","op":"is-a","value":"DRIV"}]}]}}