{"resourceType":"ValueSet","id":"v3-PharmacistHIPAA","language":"en","text":{"status":"generated","div":"<div xml:lang=\"en\" xmlns=\"http://www.w3.org/1999/xhtml\" lang=\"en\"><ul><li>Include codes from <code>http://nucc.org/provider-taxonomy</code> where concept  is-a  183500000X (Pharmacist)</li></ul></div>"},"url":"http://terminology.hl7.org/ValueSet/v3-PharmacistHIPAA","identifier":[{"system":"urn:ietf:rfc:3986","value":"urn:oid:2.16.840.1.113883.1.11.13355"}],"version":"0.1.0","name":"PharmacistHIPAA","title":"PharmacistHIPAA","status":"retired","experimental":false,"date":"2014-03-26","publisher":"SatuSehat","contact":[{"name":"SatuSehat","telecom":[{"system":"url","value":"https://satusehat.kemkes.go.id/"},{"system":"email","value":"fhir@dto.kemkes.go.id"}]}],"description":"An individual who is licensed to prepare and sell or dispense drugs and compounds and to make up prescriptions.","copyright":"This material derives from the HL7 Terminology THO. THO is copyright ©1989+ Health Level Seven International and is made available under the CC0 designation. For more licensing information see: https://terminology.hl7.org/license","compose":{"include":[{"system":"http://nucc.org/provider-taxonomy","filter":[{"property":"concept","op":"is-a","value":"183500000X"}]}]}}