{"resourceType":"ValueSet","id":"v3-ActMood","language":"en","text":{"status":"generated","div":"<div xml:lang=\"en\" xmlns=\"http://www.w3.org/1999/xhtml\" lang=\"en\"><ul><li>Include all codes defined in <a href=\"CodeSystem-v3-ActMood.html\"><code>http://terminology.hl7.org/CodeSystem/v3-ActMood</code></a></li></ul></div>"},"url":"http://terminology.hl7.org/ValueSet/v3-ActMood","identifier":[{"system":"urn:ietf:rfc:3986","value":"urn:oid:2.16.840.1.113883.1.11.10196"}],"version":"0.1.0","name":"ActMood","title":"ActMood","status":"active","experimental":false,"date":"2014-03-26","publisher":"SatuSehat","contact":[{"name":"SatuSehat","telecom":[{"system":"url","value":"https://satusehat.kemkes.go.id/"},{"system":"email","value":"fhir@dto.kemkes.go.id"}]}],"description":"A code distinguishing whether an Act is conceived of as a factual statement or in some other manner as a command, possibility, goal, etc.\r\n\r\n*Constraints:* An Act-instance must have one and only one moodCode value.\r\n\r\nThe moodCode of a single Act-instance never changes. Mood is not state.\r\n\r\nTo describe the progression of a business activity from defined to planned to executed, etc. one must instantiate different Act-instances in the different moods and link them using ActRelationship of general type \"sequel\". (See ActRelationship.type.)","immutable":true,"copyright":"This material derives from the HL7 Terminology THO. THO is copyright ©1989+ Health Level Seven International and is made available under the CC0 designation. For more licensing information see: https://terminology.hl7.org/license","compose":{"include":[{"system":"http://terminology.hl7.org/CodeSystem/v3-ActMood"}]}}