{"resourceType":"ValueSet","id":"v3-SnodentDentalAbnormalityInternational","language":"en","text":{"status":"extensions","div":"<div xml:lang=\"en\" xmlns=\"http://www.w3.org/1999/xhtml\" lang=\"en\"><ul><li>Include these codes as defined in <a href=\"CodeSystem-v3-ada-snodent.html\"><code>http://www.ada.org/snodent</code></a><table class=\"none\"><tr><td style=\"white-space:nowrap\"><b>Code</b></td><td><b>Display</b></td><td><b>Definition</b></td></tr><tr><td><a href=\"CodeSystem-v3-ada-snodent.html#v3-ada-snodent-100203D\">100203D</a></td><td style=\"color: #cccccc\">Tooth Absent</td><td>Tooth Absent</td></tr><tr><td><a href=\"CodeSystem-v3-ada-snodent.html#v3-ada-snodent-104161D\">104161D</a></td><td style=\"color: #cccccc\">Impacted tooth</td><td>Impacted tooth</td></tr><tr><td><a href=\"CodeSystem-v3-ada-snodent.html#v3-ada-snodent-116259D\">116259D</a></td><td style=\"color: #cccccc\">Supernumerary tooth</td><td>Supernumerary tooth</td></tr><tr><td><a href=\"CodeSystem-v3-ada-snodent.html#v3-ada-snodent-127066D\">127066D</a></td><td style=\"color: #cccccc\">Ankylosis of tooth</td><td>Ankylosis of tooth</td></tr><tr><td><a href=\"CodeSystem-v3-ada-snodent.html#v3-ada-snodent-139347D\">139347D</a></td><td style=\"color: #cccccc\">Ectopic tooth</td><td>Ectopic tooth</td></tr></table></li></ul></div>"},"extension":[{"url":"http://hl7.org/fhir/StructureDefinition/structuredefinition-wg","valueCode":"att"}],"url":"http://terminology.hl7.org/ValueSet/v3-SnodentDentalAbnormalityInternational","identifier":[{"system":"urn:ietf:rfc:3986","value":"urn:oid:2.16.840.1.113883.1.11.20566"}],"version":"0.1.0","name":"SnodentDentalAbnormalityInternational","title":"SnodentDentalAbnormalityInternational","status":"active","experimental":false,"date":"2019-03-20","publisher":"SatuSehat","contact":[{"name":"SatuSehat","telecom":[{"system":"url","value":"https://satusehat.kemkes.go.id/"},{"system":"email","value":"fhir@dto.kemkes.go.id"}]}],"description":"The SNODENT identifiers for tooth-specific abnormalities that impact orthodontic treatment.\r\n\r\nThis value set contains content from SNODENT® Copyright American Dental Association (ADA). All rights reserved. SNODENT is a registered trademark of the ADA.\r\n\r\nhttp://www.ada.org/en/member-center/member-benefits/practice-resources/dental-informatics/snodent/licensing-snodent\r\n\r\n*Steward:* Attachments WG","copyright":"This material derives from the HL7 Terminology THO. THO is copyright ©1989+ Health Level Seven International and is made available under the CC0 designation. For more licensing information see: https://terminology.hl7.org/license","compose":{"include":[{"system":"http://www.ada.org/snodent","concept":[{"code":"100203D"},{"code":"104161D"},{"code":"116259D"},{"code":"127066D"},{"code":"139347D"}]}]}}