{"resourceType":"ValueSet","id":"v3-ActClassWorkingList","language":"en","text":{"status":"generated","div":"<div xml:lang=\"en\" xmlns=\"http://www.w3.org/1999/xhtml\" lang=\"en\"><ul><li>Include codes from <a href=\"CodeSystem-v3-ActClass.html\"><code>http://terminology.hl7.org/CodeSystem/v3-ActClass</code></a> where concept  is-a  <a href=\"CodeSystem-v3-ActClass.html#v3-ActClass-LIST\">LIST</a></li></ul></div>"},"url":"http://terminology.hl7.org/ValueSet/v3-ActClassWorkingList","identifier":[{"system":"urn:ietf:rfc:3986","value":"urn:oid:2.16.840.1.113883.1.11.20226"}],"version":"0.1.0","name":"ActClassWorkingList","title":"ActClassWorkingList","status":"active","experimental":false,"date":"2014-03-26","publisher":"SatuSehat","contact":[{"name":"SatuSehat","telecom":[{"system":"url","value":"https://satusehat.kemkes.go.id/"},{"system":"email","value":"fhir@dto.kemkes.go.id"}]}],"description":"Working list collects a dynamic list of individual instances of Act via ActRelationship which reflects the need of an individual worker, team of workers, or an organization to manage lists of acts for many different clinical and administrative reasons. Examples of working lists include problem lists, goal lists, allergy lists, and to-do lists.","immutable":true,"copyright":"This material derives from the HL7 Terminology THO. THO is copyright ©1989+ Health Level Seven International and is made available under the CC0 designation. For more licensing information see: https://terminology.hl7.org/license","compose":{"include":[{"system":"http://terminology.hl7.org/CodeSystem/v3-ActClass","filter":[{"property":"concept","op":"is-a","value":"LIST"}]}]}}