{"resourceType":"ValueSet","id":"v3-ActClassOrganizationalPolicy","language":"en","text":{"status":"generated","div":"<div xml:lang=\"en\" xmlns=\"http://www.w3.org/1999/xhtml\" lang=\"en\"><ul><li>Include codes from <a href=\"CodeSystem-v3-ActClass.html\"><code>http://terminology.hl7.org/CodeSystem/v3-ActClass</code></a> where concept  is-a  <a href=\"CodeSystem-v3-ActClass.html#v3-ActClass-ORGPOL\">ORGPOL</a></li></ul></div>"},"url":"http://terminology.hl7.org/ValueSet/v3-ActClassOrganizationalPolicy","identifier":[{"system":"urn:ietf:rfc:3986","value":"urn:oid:2.16.840.1.113883.1.11.20231"}],"version":"0.1.0","name":"ActClassOrganizationalPolicy","title":"ActClassOrganizationalPolicy","status":"active","experimental":false,"date":"2014-03-26","publisher":"SatuSehat","contact":[{"name":"SatuSehat","telecom":[{"system":"url","value":"https://satusehat.kemkes.go.id/"},{"system":"email","value":"fhir@dto.kemkes.go.id"}]}],"description":"**Description:**A mandate, obligation, requirement, rule, or expectation unilaterally imposed by an organization on:\r\n\r\n *  The activity of another party\r\n *  The behavior of another party\r\n *  The manner in which an act is executed\r\n\r\n**Examples:**A clinical or research protocols imposed by a payer, a malpractice insurer, or an institution to which a provider must adhere. A mandate imposed by a denominational institution for a provider to provide or withhold certain information from the patient about treatment options.","immutable":true,"copyright":"This material derives from the HL7 Terminology THO. THO is copyright ©1989+ Health Level Seven International and is made available under the CC0 designation. For more licensing information see: https://terminology.hl7.org/license","compose":{"include":[{"system":"http://terminology.hl7.org/CodeSystem/v3-ActClass","filter":[{"property":"concept","op":"is-a","value":"ORGPOL"}]}]}}