{"resourceType":"ValueSet","id":"EncounterReasonCodesVS","text":{"status":"generated","div":"<div xmlns=\"http://www.w3.org/1999/xhtml\"><ul><li>Include all codes defined in <a href=\"http://terminology.hl7.org/5.3.0/CodeSystem-icd10.html\"><code>http://hl7.org/fhir/sid/icd-10</code></a></li></ul></div>"},"url":"https://fhir.kemkes.go.id/r4/ValueSet/EncounterReasonCodesVS","version":"0.1.0","name":"EncounterReasonCodesVS","title":"Reason Code","status":"active","date":"2024-02-04T23:26:43+07:00","publisher":"Thomas Chaidir","contact":[{"name":"Thomas Chaidir","telecom":[{"system":"url","value":"https://satusehat.kemkes.go.id/"}]}],"description":"This examples value set defines the set of codes that can be used to indicate reasons for an encounter.","compose":{"include":[{"system":"http://hl7.org/fhir/sid/icd-10"}]}}