{"resourceType":"ValueSet","id":"v3-PayorRoleType","language":"en","text":{"status":"generated","div":"<div xml:lang=\"en\" xmlns=\"http://www.w3.org/1999/xhtml\" lang=\"en\"><ul><li>Include codes from <a href=\"CodeSystem-v3-RoleCode.html\"><code>http://terminology.hl7.org/CodeSystem/v3-RoleCode</code></a> where concept  is-a  <a href=\"CodeSystem-v3-RoleCode.html#v3-RoleCode-_PayorRoleType\">_PayorRoleType</a></li></ul></div>"},"url":"http://terminology.hl7.org/ValueSet/v3-PayorRoleType","identifier":[{"system":"urn:ietf:rfc:3986","value":"urn:oid:2.16.840.1.113883.1.11.19853"}],"version":"0.1.0","name":"PayorRoleType","title":"PayorRoleType","status":"active","experimental":false,"date":"2014-03-26","publisher":"SatuSehat","contact":[{"name":"SatuSehat","telecom":[{"system":"url","value":"https://satusehat.kemkes.go.id/"},{"system":"email","value":"fhir@dto.kemkes.go.id"}]}],"description":"**Description:**PayorRoleType for a particular type of policy or program benefit package or plan where more detail about the coverage administration role of the Payor is required. The functions performed by a Payor qualified by a PayorRoleType may be specified by the PayorParticpationFunction value set.\r\n\r\n**Examples:**A Payor that is a TPA may administer a managed care plan without underwriting the risk.","copyright":"This material derives from the HL7 Terminology THO. THO is copyright ©1989+ Health Level Seven International and is made available under the CC0 designation. For more licensing information see: https://terminology.hl7.org/license","compose":{"include":[{"system":"http://terminology.hl7.org/CodeSystem/v3-RoleCode","filter":[{"property":"concept","op":"is-a","value":"_PayorRoleType"}]}]}}