{"resourceType":"ValueSet","id":"adverse-event-clinical-research-causality-relatedness","meta":{"profile":["http://hl7.org/fhir/StructureDefinition/shareablevalueset"]},"text":{"status":"generated","div":"<div xmlns=\"http://www.w3.org/1999/xhtml\"><ul><li>Include these codes as defined in <a href=\"CodeSystem-v3-nciThesaurus.html\"><code>http://ncicb.nci.nih.gov/xml/owl/EVS/Thesaurus.owl</code></a><table class=\"none\"><tr><td style=\"white-space:nowrap\"><b>Code</b></td><td><b>Display</b></td></tr><tr><td>C53256</td><td>Not Related</td></tr><tr><td>C53257</td><td>Unlikely Related</td></tr><tr><td>C53258</td><td>Possibly Related</td></tr><tr><td>C53260</td><td>Related</td></tr></table></li></ul></div>"},"extension":[{"url":"http://hl7.org/fhir/StructureDefinition/structuredefinition-wg","valueCode":"brr"},{"url":"http://hl7.org/fhir/StructureDefinition/structuredefinition-fmm","valueInteger":1}],"url":"http://terminology.hl7.org/ValueSet/adverse-event-clinical-research-causality-relatedness","identifier":[{"system":"urn:ietf:rfc:3986","value":"urn:oid:2.16.840.1.113883.11.21028"}],"version":"0.1.0","name":"AdverseEventClinicalResearchCausalityRelatedness","title":"Adverse Event Clinical Research Causality Relatedness","status":"active","experimental":false,"date":"2023-07-28T19:27:19+00:00","publisher":"SatuSehat","contact":[{"name":"SatuSehat","telecom":[{"system":"url","value":"https://satusehat.kemkes.go.id/"},{"system":"email","value":"fhir@dto.kemkes.go.id"}]}],"description":"Value set for stating if a suspected entity is Not Related, Unlikely Related, Possibly Related, or Related to the cause of the adverse event. Using NCI codes. The values originate with ICH. For information on ICH see https://admin.ich.org/sites/default/files/inline-files/OID_Information_Paper_1.pdf from the INTERNATIONAL CONFERENCE ON HARMONISATION OF TECHNICAL REQUIREMENTS FOR REGISTRATION OF PHARMACEUTICALS FOR HUMAN USE (ICH) document ICH E2B(R3), the Electronic Transmission of Individual Case Safety Reports (ICSRs) Implementation Guide Data Elements and Message Specification, and ICH M8, the Electronic Common Technical Document","copyright":"This material derives from the HL7 Terminology THO. THO is copyright ©1989+ Health Level Seven International and is made available under the CC0 designation. For more licensing information see: https://terminology.hl7.org/license","compose":{"include":[{"system":"http://ncicb.nci.nih.gov/xml/owl/EVS/Thesaurus.owl","concept":[{"code":"C53256","display":"Not Related"},{"code":"C53257","display":"Unlikely Related"},{"code":"C53258","display":"Possibly Related"},{"code":"C53260","display":"Related"}]}]}}