{"resourceType":"ValueSet","id":"v3-CreamDrugForm","language":"en","text":{"status":"generated","div":"<div xml:lang=\"en\" xmlns=\"http://www.w3.org/1999/xhtml\" lang=\"en\"><ul><li>Include codes from <a href=\"CodeSystem-v3-orderableDrugForm.html\"><code>http://terminology.hl7.org/CodeSystem/v3-orderableDrugForm</code></a> where concept  is-a  <a href=\"CodeSystem-v3-orderableDrugForm.html#v3-orderableDrugForm-CRM\">CRM</a></li></ul></div>"},"url":"http://terminology.hl7.org/ValueSet/v3-CreamDrugForm","identifier":[{"system":"urn:ietf:rfc:3986","value":"urn:oid:2.16.840.1.113883.1.11.14466"}],"version":"0.1.0","name":"CreamDrugForm","title":"CreamDrugForm","status":"active","experimental":false,"date":"2014-03-26","publisher":"SatuSehat","contact":[{"name":"SatuSehat","telecom":[{"system":"url","value":"https://satusehat.kemkes.go.id/"},{"system":"email","value":"fhir@dto.kemkes.go.id"}]}],"description":"A semisolid dosage form containing one or more drug substances dissolved or dispersed in a suitable base; more recently, the term has been restricted to products consisting of oil-in-water emulsions or aqueous microcrystalline dispersions of long chain fatty acids or alcohols that are water washable and more cosmetically and aesthetically acceptable.","copyright":"This material derives from the HL7 Terminology THO. THO is copyright ©1989+ Health Level Seven International and is made available under the CC0 designation. For more licensing information see: https://terminology.hl7.org/license","compose":{"include":[{"system":"http://terminology.hl7.org/CodeSystem/v3-orderableDrugForm","filter":[{"property":"concept","op":"is-a","value":"CRM"}]}]}}