{"resourceType":"ValueSet","id":"v3-ActRelationshipHasCharge","language":"en","text":{"status":"generated","div":"<div xml:lang=\"en\" xmlns=\"http://www.w3.org/1999/xhtml\" lang=\"en\"><ul><li>Include codes from <a href=\"CodeSystem-v3-ActRelationshipType.html\"><code>http://terminology.hl7.org/CodeSystem/v3-ActRelationshipType</code></a> where concept  is-a  <a href=\"CodeSystem-v3-ActRelationshipType.html#v3-ActRelationshipType-CHRG\">CHRG</a></li></ul></div>"},"url":"http://terminology.hl7.org/ValueSet/v3-ActRelationshipHasCharge","identifier":[{"system":"urn:ietf:rfc:3986","value":"urn:oid:2.16.840.1.113883.1.11.19968"}],"version":"0.1.0","name":"ActRelationshipHasCharge","title":"ActRelationshipHasCharge","status":"active","experimental":false,"date":"2014-03-26","publisher":"SatuSehat","contact":[{"name":"SatuSehat","telecom":[{"system":"url","value":"https://satusehat.kemkes.go.id/"},{"system":"email","value":"fhir@dto.kemkes.go.id"}]}],"description":"A relationship that provides an ability to associate a financial transaction (target) as a charge to a clinical act (source). A clinical act may have a charge associated with the execution or delivery of the service.\r\n\r\nThe financial transaction will define the charge (bill) for delivery or performance of the service.\r\n\r\nCharges and costs are distinct terms. A charge defines what is charged or billed to another organization or entity within an organization. The cost defines what it costs an organization to perform or deliver a service or product.","immutable":true,"copyright":"This material derives from the HL7 Terminology THO. THO is copyright ©1989+ Health Level Seven International and is made available under the CC0 designation. For more licensing information see: https://terminology.hl7.org/license","compose":{"include":[{"system":"http://terminology.hl7.org/CodeSystem/v3-ActRelationshipType","filter":[{"property":"concept","op":"is-a","value":"CHRG"}]}]}}