{"resourceType":"ValueSet","id":"v3-ActMoodEventOccurrence","language":"en","text":{"status":"generated","div":"<div xml:lang=\"en\" xmlns=\"http://www.w3.org/1999/xhtml\" lang=\"en\"><ul><li>Include codes from <a href=\"CodeSystem-v3-ActMood.html\"><code>http://terminology.hl7.org/CodeSystem/v3-ActMood</code></a> where concept  is-a  <a href=\"CodeSystem-v3-ActMood.html#v3-ActMood-EVN\">EVN</a></li></ul></div>"},"url":"http://terminology.hl7.org/ValueSet/v3-ActMoodEventOccurrence","identifier":[{"system":"urn:ietf:rfc:3986","value":"urn:oid:2.16.840.1.113883.1.11.20267"}],"version":"0.1.0","name":"ActMoodEventOccurrence","title":"ActMoodEventOccurrence","status":"active","experimental":false,"date":"2014-03-26","publisher":"SatuSehat","contact":[{"name":"SatuSehat","telecom":[{"system":"url","value":"https://satusehat.kemkes.go.id/"},{"system":"email","value":"fhir@dto.kemkes.go.id"}]}],"description":"A service that actually happens, may be an ongoing service or a documentation of a past service.\r\n\r\nHistorical note: in previous RIM versions, the event mood was captured as a separate class hierarchy, called Patient\\_service\\_event, and later Service\\_event.","immutable":true,"copyright":"This material derives from the HL7 Terminology THO. THO is copyright ©1989+ Health Level Seven International and is made available under the CC0 designation. For more licensing information see: https://terminology.hl7.org/license","compose":{"include":[{"system":"http://terminology.hl7.org/CodeSystem/v3-ActMood","filter":[{"property":"concept","op":"is-a","value":"EVN"}]}]}}