{"resourceType":"ValueSet","id":"EncounterLocationServiceClassInpatient","text":{"status":"generated","div":"<div xmlns=\"http://www.w3.org/1999/xhtml\"><ul><li>Include all codes defined in <a href=\"CodeSystem-EncounterLocationServiceClassInpatient.html\"><code>http://terminology.kemkes.go.id/CodeSystem/locationServiceClass-Inpatient</code></a></li></ul></div>"},"url":"http://terminology.kemkes.go.id/ValueSet/locationServiceClass-Inpatient","version":"0.1.0","name":"EncounterLocationServiceClassInpatient","title":"Encounter Location ServiceClass-Inpatient","status":"active","date":"2024-05-23T10:54:59+07:00","publisher":"Thomas Chaidir","contact":[{"name":"Thomas Chaidir","telecom":[{"system":"url","value":"https://satusehat.kemkes.go.id/"}]}],"description":"A set of codes, specifying location ServiceClass for inpatient patient.","compose":{"include":[{"system":"http://terminology.kemkes.go.id/CodeSystem/locationServiceClass-Inpatient"}]}}