{"resourceType":"ValueSet","id":"v3-SecurityCategoryObservationType","language":"en","text":{"status":"generated","div":"<div xml:lang=\"en\" xmlns=\"http://www.w3.org/1999/xhtml\" lang=\"en\"><ul><li>Include codes from <a href=\"CodeSystem-v3-ActCode.html\"><code>http://terminology.hl7.org/CodeSystem/v3-ActCode</code></a> where concept  is-a  <a href=\"CodeSystem-v3-ActCode.html#v3-ActCode-SECCATOBS\">SECCATOBS</a></li></ul></div>"},"url":"http://terminology.hl7.org/ValueSet/v3-SecurityCategoryObservationType","identifier":[{"system":"urn:ietf:rfc:3986","value":"urn:oid:2.16.840.1.113883.1.11.20459"}],"version":"0.1.0","name":"SecurityCategoryObservationType","title":"SecurityCategoryObservationType","status":"active","experimental":false,"date":"2014-03-26","publisher":"SatuSehat","contact":[{"name":"SatuSehat","telecom":[{"system":"url","value":"https://satusehat.kemkes.go.id/"},{"system":"email","value":"fhir@dto.kemkes.go.id"}]}],"description":"Type of security metadata observation made about the category of an IT resource (data, information object, service, or system capability), which may be used to make access control decisions. Security category metadata is defined by ISO/IEC 2382-8:1998(E/F)/ T-REC-X.812-1995 as: \"A nonhierarchical grouping of sensitive information used to control access to data more finely than with hierarchical security classification alone.\"","immutable":true,"copyright":"This material derives from the HL7 Terminology THO. THO is copyright ©1989+ Health Level Seven International and is made available under the CC0 designation. For more licensing information see: https://terminology.hl7.org/license","compose":{"include":[{"system":"http://terminology.hl7.org/CodeSystem/v3-ActCode","filter":[{"property":"concept","op":"is-a","value":"SECCATOBS"}]}]}}