{"resourceType":"ValueSet","id":"EncounterLocationServiceClassOutpatientVS","text":{"status":"generated","div":"<div xmlns=\"http://www.w3.org/1999/xhtml\"><ul><li>Include all codes defined in <code>http://terminology.kemkes.go.id/CodeSystem/locationServiceClass-Outpatient</code></li></ul></div>"},"url":"https://fhir.kemkes.go.id/r4/ValueSet/EncounterLocationServiceClassOutpatientVS","version":"0.1.0","name":"EncounterLocationServiceClassOutpatientVS","title":"Encounter Location ServiceClass-Outpatient","status":"active","date":"2024-02-04T23:26:43+07:00","publisher":"Thomas Chaidir","contact":[{"name":"Thomas Chaidir","telecom":[{"system":"url","value":"https://satusehat.kemkes.go.id/"}]}],"description":"A set of codes, specifying location ServiceClass for outpatient patient.","compose":{"include":[{"system":"http://terminology.kemkes.go.id/CodeSystem/locationServiceClass-Outpatient"}]}}