{"resourceType":"ValueSet","id":"v3-CountryEntityType","language":"en","text":{"status":"generated","div":"<div xml:lang=\"en\" xmlns=\"http://www.w3.org/1999/xhtml\" lang=\"en\"><ul><li>Include all codes defined in <a href=\"CodeSystem-ISO3166Part1.html\"><code>urn:iso:std:iso:3166</code></a></li></ul></div>"},"url":"http://terminology.hl7.org/ValueSet/v3-CountryEntityType","identifier":[{"system":"urn:ietf:rfc:3986","value":"urn:oid:2.16.840.1.113883.1.11.19675"}],"version":"0.1.0","name":"CountryEntityType","title":"CountryEntityType","status":"active","experimental":false,"date":"2014-03-26","publisher":"SatuSehat","contact":[{"name":"SatuSehat","telecom":[{"system":"url","value":"https://satusehat.kemkes.go.id/"},{"system":"email","value":"fhir@dto.kemkes.go.id"}]}],"description":"A set of codes identifying specific countries.","copyright":"This material derives from the HL7 Terminology THO. THO is copyright ©1989+ Health Level Seven International and is made available under the CC0 designation. For more licensing information see: https://terminology.hl7.org/license","compose":{"include":[{"system":"urn:iso:std:iso:3166"}]}}