{"resourceType":"ValueSet","id":"v3-EntityNamePartQualifierR2","language":"en","text":{"status":"generated","div":"<div xml:lang=\"en\" xmlns=\"http://www.w3.org/1999/xhtml\" lang=\"en\"><ul><li>Include all codes defined in <a href=\"CodeSystem-v3-EntityNamePartQualifierR2.html\"><code>http://terminology.hl7.org/CodeSystem/v3-EntityNamePartQualifierR2</code></a></li></ul></div>"},"url":"http://terminology.hl7.org/ValueSet/v3-EntityNamePartQualifierR2","identifier":[{"system":"urn:ietf:rfc:3986","value":"urn:oid:2.16.840.1.113883.1.11.20323"}],"version":"0.1.0","name":"EntityNamePartQualifierR2","title":"EntityNamePartQualifierR2","status":"active","experimental":false,"date":"2014-03-26","publisher":"SatuSehat","contact":[{"name":"SatuSehat","telecom":[{"system":"url","value":"https://satusehat.kemkes.go.id/"},{"system":"email","value":"fhir@dto.kemkes.go.id"}]}],"description":"**Description:**The qualifier is a set of codes each of which specifies a certain subcategory of the name part in addition to the main name part type. For example, a given name may be flagged as a nickname, a family name may be a pseudonym or a name of public records.","copyright":"This material derives from the HL7 Terminology THO. THO is copyright ©1989+ Health Level Seven International and is made available under the CC0 designation. For more licensing information see: https://terminology.hl7.org/license","compose":{"include":[{"system":"http://terminology.hl7.org/CodeSystem/v3-EntityNamePartQualifierR2"}]}}