{"resourceType":"ValueSet","id":"v3-RoleClassActiveMoiety","language":"en","text":{"status":"generated","div":"<div xml:lang=\"en\" xmlns=\"http://www.w3.org/1999/xhtml\" lang=\"en\"><ul><li>Include codes from <a href=\"CodeSystem-v3-RoleClass.html\"><code>http://terminology.hl7.org/CodeSystem/v3-RoleClass</code></a> where concept  is-a  <a href=\"CodeSystem-v3-RoleClass.html#v3-RoleClass-ACTM\">ACTM</a></li></ul></div>"},"url":"http://terminology.hl7.org/ValueSet/v3-RoleClassActiveMoiety","identifier":[{"system":"urn:ietf:rfc:3986","value":"urn:oid:2.16.840.1.113883.1.11.20109"}],"version":"0.1.0","name":"RoleClassActiveMoiety","title":"RoleClassActiveMoiety","status":"active","experimental":false,"date":"2014-03-26","publisher":"SatuSehat","contact":[{"name":"SatuSehat","telecom":[{"system":"url","value":"https://satusehat.kemkes.go.id/"},{"system":"email","value":"fhir@dto.kemkes.go.id"}]}],"description":"The molecule or ion that is responsible for the intended pharmacological action of the drug substance, excluding those appended or associated parts of the molecule that make the molecule an ester, salt (including a salt with hydrogen or coordination bonds), or other noncovalent derivative (such as a complex, chelate, or clathrate).\r\n\r\nExamples: heparin-sodium and heparin-potassium have the same active moiety, heparin; the active moiety of morphine-hydrochloride is morphine.","immutable":true,"copyright":"This material derives from the HL7 Terminology THO. THO is copyright ©1989+ Health Level Seven International and is made available under the CC0 designation. For more licensing information see: https://terminology.hl7.org/license","compose":{"include":[{"system":"http://terminology.hl7.org/CodeSystem/v3-RoleClass","filter":[{"property":"concept","op":"is-a","value":"ACTM"}]}]}}