{"resourceType":"ValueSet","id":"v3-URLScheme","language":"en","text":{"status":"generated","div":"<div xml:lang=\"en\" xmlns=\"http://www.w3.org/1999/xhtml\" lang=\"en\"><ul><li>Include all codes defined in <a href=\"CodeSystem-v3-URLScheme.html\"><code>http://terminology.hl7.org/CodeSystem/v3-URLScheme</code></a></li></ul></div>"},"url":"http://terminology.hl7.org/ValueSet/v3-URLScheme","identifier":[{"system":"urn:ietf:rfc:3986","value":"urn:oid:2.16.840.1.113883.1.11.14866"}],"version":"0.1.0","name":"URLScheme","title":"URLScheme","status":"active","experimental":false,"date":"2014-03-26","publisher":"SatuSehat","contact":[{"name":"SatuSehat","telecom":[{"system":"url","value":"https://satusehat.kemkes.go.id/"},{"system":"email","value":"fhir@dto.kemkes.go.id"}]}],"description":"A Universal Resource Locator (URL) is a type of telecommunications address specified as Internet standard RFC 1738 \\[http://www.ietf.org/rfc/rfc1738.txt\\]. The URL specifies the protocol and the contact point defined by that protocol for the resource.","copyright":"This material derives from the HL7 Terminology THO. THO is copyright ©1989+ Health Level Seven International and is made available under the CC0 designation. For more licensing information see: https://terminology.hl7.org/license","compose":{"include":[{"system":"http://terminology.hl7.org/CodeSystem/v3-URLScheme"}]}}