{"resourceType":"ValueSet","id":"EncounterServiceTypeVS","text":{"status":"generated","div":"<div xmlns=\"http://www.w3.org/1999/xhtml\"><ul><li>Include all codes defined in <a href=\"http://terminology.hl7.org/5.3.0/CodeSystem-service-type.html\"><code>http://terminology.hl7.org/CodeSystem/service-type</code></a></li></ul></div>"},"url":"https://fhir.kemkes.go.id/r4/ValueSet/EncounterServiceTypeVS","version":"0.1.0","name":"EncounterServiceTypeVS","title":"Service type","status":"active","date":"2024-02-15T12:08:26+07:00","publisher":"Thomas Chaidir","contact":[{"name":"Thomas Chaidir","telecom":[{"system":"url","value":"https://satusehat.kemkes.go.id/"}]}],"description":"This value set defines an example set of codes of service-types.","compose":{"include":[{"system":"http://terminology.hl7.org/CodeSystem/service-type"}]}}