{"resourceType":"ValueSet","id":"v3-ActInvoiceDetailCode","language":"en","text":{"status":"extensions","div":"<div xml:lang=\"en\" xmlns=\"http://www.w3.org/1999/xhtml\" lang=\"en\"><p>This value set includes codes based on the following rules:</p><ul><li>Include codes from <a href=\"CodeSystem-v3-ActCode.html\"><code>http://terminology.hl7.org/CodeSystem/v3-ActCode</code></a> where concept  is-a  <a href=\"CodeSystem-v3-ActCode.html#v3-ActCode-_ActInvoiceDetailCode\">_ActInvoiceDetailCode</a></li><li>Import all the codes that are contained in <a href=\"ValueSet-v3-ActInvoiceDetailDrugProductCode.html\">ActInvoiceDetailDrugProductCode</a></li><li>Import all the codes that are contained in <a href=\"ValueSet-v3-ActInvoiceDetailClinicalProductCode.html\">ActInvoiceDetailClinicalProductCode</a></li><li>Import all the codes that are contained in <a href=\"ValueSet-v3-ActInvoiceDetailPreferredAccommodationCode.html\">ActInvoiceDetailPreferredAccommodationCode</a></li><li>Import all the codes that are contained in <a href=\"ValueSet-v3-ActInvoiceDetailGenericCode.html\">ActInvoiceDetailGenericCode</a></li><li>Import all the codes that are contained in <a href=\"ValueSet-v3-xActInvoiceDetailPharmacyCode.html\">x_ActInvoiceDetailPharmacyCode</a></li><li>Import all the codes that are contained in <a href=\"ValueSet-v3-xActInvoiceDetailPreferredAccommodationCode.html\">x_ActInvoiceDetailPreferredAccommodationCode</a></li></ul><p>This value set excludes codes based on the following rules:</p><ul><li>Exclude these codes as defined in <a href=\"CodeSystem-v3-ActCode.html\"><code>http://terminology.hl7.org/CodeSystem/v3-ActCode</code></a><table class=\"none\"><tr><td style=\"white-space:nowrap\"><b>Code</b></td><td><b>Display</b></td><td><b>Definition</b></td></tr><tr><td><a href=\"CodeSystem-v3-ActCode.html#v3-ActCode-_ActInvoiceDetailCode\">_ActInvoiceDetailCode</a></td><td style=\"color: #cccccc\">ActInvoiceDetailCode</td><td>Codes representing a service or product that is being invoiced (billed). The code can represent such concepts as &quot;office visit&quot;, &quot;drug X&quot;, &quot;wheelchair&quot; and other billable items such as taxes, service charges and discounts.</td></tr></table></li></ul></div>"},"url":"http://terminology.hl7.org/ValueSet/v3-ActInvoiceDetailCode","identifier":[{"system":"urn:ietf:rfc:3986","value":"urn:oid:2.16.840.1.113883.1.11.19401"}],"version":"0.1.0","name":"ActInvoiceDetailCode","title":"ActInvoiceDetailCode","status":"active","experimental":false,"date":"2014-03-26","publisher":"SatuSehat","contact":[{"name":"SatuSehat","telecom":[{"system":"url","value":"https://satusehat.kemkes.go.id/"},{"system":"email","value":"fhir@dto.kemkes.go.id"}]}],"description":"Codes representing a service or product that is being invoiced (billed). The code can represent such concepts as \"office visit\", \"drug X\", \"wheelchair\" and other billable items such as taxes, service charges and discounts.","copyright":"This material derives from the HL7 Terminology THO. THO is copyright ©1989+ Health Level Seven International and is made available under the CC0 designation. For more licensing information see: https://terminology.hl7.org/license","compose":{"include":[{"system":"http://terminology.hl7.org/CodeSystem/v3-ActCode","filter":[{"property":"concept","op":"is-a","value":"_ActInvoiceDetailCode"}]},{"valueSet":["http://terminology.hl7.org/ValueSet/v3-ActInvoiceDetailDrugProductCode"]},{"valueSet":["http://terminology.hl7.org/ValueSet/v3-ActInvoiceDetailClinicalProductCode"]},{"valueSet":["http://terminology.hl7.org/ValueSet/v3-ActInvoiceDetailPreferredAccommodationCode"]},{"valueSet":["http://terminology.hl7.org/ValueSet/v3-ActInvoiceDetailGenericCode"]},{"valueSet":["http://terminology.hl7.org/ValueSet/v3-xActInvoiceDetailPharmacyCode"]},{"valueSet":["http://terminology.hl7.org/ValueSet/v3-xActInvoiceDetailPreferredAccommodationCode"]}],"exclude":[{"system":"http://terminology.hl7.org/CodeSystem/v3-ActCode","concept":[{"code":"_ActInvoiceDetailCode"}]}]}}