{"resourceType":"ValueSet","id":"v3-xActFinancialProductAcquisitionCode","language":"en","text":{"status":"extensions","div":"<div xml:lang=\"en\" xmlns=\"http://www.w3.org/1999/xhtml\" lang=\"en\"><ul><li>Include these codes as defined in <a href=\"CodeSystem-v3-ActCode.html\"><code>http://terminology.hl7.org/CodeSystem/v3-ActCode</code></a><table class=\"none\"><tr><td style=\"white-space:nowrap\"><b>Code</b></td><td><b>Display</b></td><td><b>Definition</b></td></tr><tr><td><a href=\"CodeSystem-v3-ActCode.html#v3-ActCode-RENT\">RENT</a></td><td style=\"color: #cccccc\">Rent</td><td>Temporary supply of a product with financial compensation, without transfer of ownership for the product.</td></tr><tr><td><a href=\"CodeSystem-v3-ActCode.html#v3-ActCode-SALE\">SALE</a></td><td style=\"color: #cccccc\">Sale</td><td>Transfer of ownership for a product for financial compensation.</td></tr></table></li></ul></div>"},"url":"http://terminology.hl7.org/ValueSet/v3-xActFinancialProductAcquisitionCode","identifier":[{"system":"urn:ietf:rfc:3986","value":"urn:oid:2.16.840.1.113883.1.11.17963"}],"version":"0.1.0","name":"XActFinancialProductAcquisitionCode","title":"x_ActFinancialProductAcquisitionCode","status":"active","experimental":false,"date":"2014-03-26","publisher":"SatuSehat","contact":[{"name":"SatuSehat","telecom":[{"system":"url","value":"https://satusehat.kemkes.go.id/"},{"system":"email","value":"fhir@dto.kemkes.go.id"}]}],"description":"The method that a product is obtained for use by the subject of the supply act (e.g. patient), with financial compensation. Product examples are consumable or durable goods.","copyright":"This material derives from the HL7 Terminology THO. THO is copyright ©1989+ Health Level Seven International and is made available under the CC0 designation. For more licensing information see: https://terminology.hl7.org/license","compose":{"include":[{"system":"http://terminology.hl7.org/CodeSystem/v3-ActCode","concept":[{"code":"RENT"},{"code":"SALE"}]}]}}