{"resourceType":"ValueSet","id":"Observation.valueCodeableConcept","text":{"status":"generated","div":"<div xmlns=\"http://www.w3.org/1999/xhtml\"><p>This value set includes codes based on the following rules:</p><ul><li>Include all codes defined in <a href=\"http://loinc.org\"><code>http://loinc.org</code></a></li><li>Include all codes defined in <a href=\"http://www.snomed.org/\"><code>http://snomed.info/sct</code></a></li><li>Include all codes defined in <a href=\"CodeSystem-KemkesClinicalTermCS.html\"><code>http://terminology.kemkes.go.id/CodeSystem/clinical-term</code></a></li></ul></div>"},"url":"http://terminology.kemkes.go.id/ValueSet/Observation.valueCodeableConcept","version":"0.1.0","name":"Observation.valueCodeableConcept","title":"Value set specific for Observation value CodeableConcept","status":"active","date":"2024-05-30T10:41:30+07:00","publisher":"SatuSehat","contact":[{"name":"SatuSehat","telecom":[{"system":"url","value":"https://satusehat.kemkes.go.id/"},{"system":"email","value":"fhir@dto.kemkes.go.id"}]}],"description":"Value set specific for Observation value CodeableConcept","compose":{"include":[{"system":"http://loinc.org"},{"system":"http://snomed.info/sct"},{"system":"http://terminology.kemkes.go.id/CodeSystem/clinical-term"}]}}