{"resourceType":"ValueSet","id":"v3-OrganizationNameUse","language":"en","text":{"status":"generated","div":"<div xml:lang=\"en\" xmlns=\"http://www.w3.org/1999/xhtml\" lang=\"en\"><p>This value set includes codes based on the following rules:</p><ul><li>Include codes from <a href=\"CodeSystem-v3-EntityNameUse.html\"><code>http://terminology.hl7.org/CodeSystem/v3-EntityNameUse</code></a> where concept  descends from  <a href=\"CodeSystem-v3-EntityNameUse.html#v3-EntityNameUse-_OrganizationNameUse\">_OrganizationNameUse</a></li><li>Import all the codes that are contained in <a href=\"ValueSet-v3-AddressRepresentationUse.html\">AddressRepresentationUse</a></li></ul></div>"},"url":"http://terminology.hl7.org/ValueSet/v3-OrganizationNameUse","identifier":[{"system":"urn:ietf:rfc:3986","value":"urn:oid:2.16.840.1.113883.1.11.15914"}],"version":"0.1.0","name":"OrganizationNameUse","title":"OrganizationNameUse","status":"active","experimental":false,"date":"2014-03-26","publisher":"SatuSehat","contact":[{"name":"SatuSehat","telecom":[{"system":"url","value":"https://satusehat.kemkes.go.id/"},{"system":"email","value":"fhir@dto.kemkes.go.id"}]}],"description":"***No description***","copyright":"This material derives from the HL7 Terminology THO. THO is copyright ©1989+ Health Level Seven International and is made available under the CC0 designation. For more licensing information see: https://terminology.hl7.org/license","compose":{"include":[{"system":"http://terminology.hl7.org/CodeSystem/v3-EntityNameUse","filter":[{"property":"concept","op":"descendent-of","value":"_OrganizationNameUse"}]},{"valueSet":["http://terminology.hl7.org/ValueSet/v3-AddressRepresentationUse"]}]}}