{"resourceType":"ValueSet","id":"v3-ActClassObservationSeries","language":"en","text":{"status":"generated","div":"<div xml:lang=\"en\" xmlns=\"http://www.w3.org/1999/xhtml\" lang=\"en\"><ul><li>Include codes from <a href=\"CodeSystem-v3-ActClass.html\"><code>http://terminology.hl7.org/CodeSystem/v3-ActClass</code></a> where concept  is-a  <a href=\"CodeSystem-v3-ActClass.html#v3-ActClass-OBSSER\">OBSSER</a></li></ul></div>"},"url":"http://terminology.hl7.org/ValueSet/v3-ActClassObservationSeries","identifier":[{"system":"urn:ietf:rfc:3986","value":"urn:oid:2.16.840.1.113883.1.11.18875"}],"version":"0.1.0","name":"ActClassObservationSeries","title":"ActClassObservationSeries","status":"active","experimental":false,"date":"2014-03-26","publisher":"SatuSehat","contact":[{"name":"SatuSehat","telecom":[{"system":"url","value":"https://satusehat.kemkes.go.id/"},{"system":"email","value":"fhir@dto.kemkes.go.id"}]}],"description":"Container for Correlated Observation Sequences sharing a common frame of reference. All Observations of the same cd must be comparable and relative to the common frame of reference. For example, a 3-channel ECG device records a 12-lead ECG in 4 steps (3 leads at a time). Each of the separate 3-channel recordings would be in their own \"OBSCOR\". And, all 4 OBSCOR would be contained in one OBSSER because all the times are relative to the same origin (beginning of the recording) and all the ECG signals were from a fixed set of electrodes.","immutable":true,"copyright":"This material derives from the HL7 Terminology THO. THO is copyright ©1989+ Health Level Seven International and is made available under the CC0 designation. For more licensing information see: https://terminology.hl7.org/license","compose":{"include":[{"system":"http://terminology.hl7.org/CodeSystem/v3-ActClass","filter":[{"property":"concept","op":"is-a","value":"OBSSER"}]}]}}