{"resourceType":"ValueSet","id":"v3-ActHealthInsuranceTypeCode","language":"en","text":{"status":"extensions","div":"<div xml:lang=\"en\" xmlns=\"http://www.w3.org/1999/xhtml\" lang=\"en\"><p>This value set includes codes based on the following rules:</p><ul><li>Include these codes as defined in <a href=\"CodeSystem-v3-ActCode.html\"><code>http://terminology.hl7.org/CodeSystem/v3-ActCode</code></a><table class=\"none\"><tr><td style=\"white-space:nowrap\"><b>Code</b></td><td><b>Display</b></td><td><b>Definition</b></td></tr><tr><td><a href=\"CodeSystem-v3-ActCode.html#v3-ActCode-EHCPOL\">EHCPOL</a></td><td style=\"color: #cccccc\">extended healthcare</td><td>Private insurance policy that provides coverage in addition to other policies (e.g. in addition to a Public Healthcare insurance policy).</td></tr><tr><td><a href=\"CodeSystem-v3-ActCode.html#v3-ActCode-HSAPOL\">HSAPOL</a></td><td style=\"color: #cccccc\">health spending account</td><td>Insurance policy that provides for an allotment of funds replenished on a periodic (e.g. annual) basis. The use of the funds under this policy is at the discretion of the covered party.</td></tr></table></li><li>Include codes from <a href=\"CodeSystem-v3-ActCode.html\"><code>http://terminology.hl7.org/CodeSystem/v3-ActCode</code></a> where concept  is-a  <a href=\"CodeSystem-v3-ActCode.html#v3-ActCode-_ActHealthInsuranceTypeCode\">_ActHealthInsuranceTypeCode</a></li></ul></div>"},"url":"http://terminology.hl7.org/ValueSet/v3-ActHealthInsuranceTypeCode","identifier":[{"system":"urn:ietf:rfc:3986","value":"urn:oid:2.16.840.1.113883.1.11.19857"}],"version":"0.1.0","name":"ActHealthInsuranceTypeCode","title":"ActHealthInsuranceTypeCode","status":"active","experimental":false,"date":"2014-03-26","publisher":"SatuSehat","contact":[{"name":"SatuSehat","telecom":[{"system":"url","value":"https://satusehat.kemkes.go.id/"},{"system":"email","value":"fhir@dto.kemkes.go.id"}]}],"description":"**Definition:** Set of codes indicating the type of health insurance policy that covers health services provided to covered parties. A health insurance policy is a written contract for insurance between the insurance company and the policyholder, and contains pertinent facts about the policy owner (the policy holder), the health insurance coverage, the insured subscribers and dependents, and the insurer. Health insurance is typically administered in accordance with a plan, which specifies (1) the type of health services and health conditions that will be covered under what circumstances (e.g., exclusion of a pre-existing condition, service must be deemed medically necessary; service must not be experimental; service must provided in accordance with a protocol; drug must be on a formulary; service must be prior authorized; or be a referral from a primary care provider); (2) the type and affiliation of providers (e.g., only allopathic physicians, only in network, only providers employed by an HMO); (3) financial participations required of covered parties (e.g., co-pays, coinsurance, deductibles, out-of-pocket); and (4) the manner in which services will be paid (e.g., under indemnity or fee-for-service health plans, the covered party typically pays out-of-pocket and then file a claim for reimbursement, while health plans that have contractual relationships with providers, i.e., network providers, typically do not allow the providers to bill the covered party for the cost of the service until after filing a claim with the payer and receiving reimbursement).","copyright":"This material derives from the HL7 Terminology THO. THO is copyright ©1989+ Health Level Seven International and is made available under the CC0 designation. For more licensing information see: https://terminology.hl7.org/license","compose":{"include":[{"system":"http://terminology.hl7.org/CodeSystem/v3-ActCode","concept":[{"code":"EHCPOL"},{"code":"HSAPOL"}]},{"system":"http://terminology.hl7.org/CodeSystem/v3-ActCode","filter":[{"property":"concept","op":"is-a","value":"_ActHealthInsuranceTypeCode"}]}]}}