{"resourceType":"ValueSet","id":"EncounterLocationUpgradeClass","text":{"status":"generated","div":"<div xmlns=\"http://www.w3.org/1999/xhtml\"><ul><li>Include all codes defined in <a href=\"CodeSystem-KemkesLocationUpgradeClass.html\"><code>http://terminology.kemkes.go.id/CodeSystem/locationUpgradeClass</code></a></li></ul></div>"},"url":"http://terminology.kemkes.go.id/ValueSet/locationUpgradeClass","version":"0.1.0","name":"EncounterLocationUpgradeClass","title":"Encounter Location Upgrade Class","status":"active","date":"2024-05-30T10:41:30+07:00","publisher":"SatuSehat","contact":[{"name":"SatuSehat","telecom":[{"system":"url","value":"https://satusehat.kemkes.go.id/"},{"system":"email","value":"fhir@dto.kemkes.go.id"}]}],"description":"A set of codes, specifying location UpgradeClass.","compose":{"include":[{"system":"http://terminology.kemkes.go.id/CodeSystem/locationUpgradeClass"}]}}