{"resourceType":"ValueSet","id":"v3-ActClassPublicHealthCase","language":"en","text":{"status":"generated","div":"<div xml:lang=\"en\" xmlns=\"http://www.w3.org/1999/xhtml\" lang=\"en\"><ul><li>Include codes from <a href=\"CodeSystem-v3-ActClass.html\"><code>http://terminology.hl7.org/CodeSystem/v3-ActClass</code></a> where concept  is-a  <a href=\"CodeSystem-v3-ActClass.html#v3-ActClass-CASE\">CASE</a></li></ul></div>"},"url":"http://terminology.hl7.org/ValueSet/v3-ActClassPublicHealthCase","identifier":[{"system":"urn:ietf:rfc:3986","value":"urn:oid:2.16.840.1.113883.1.11.11530"}],"version":"0.1.0","name":"ActClassPublicHealthCase","title":"ActClassPublicHealthCase","status":"retired","experimental":false,"date":"2014-03-26","publisher":"SatuSehat","contact":[{"name":"SatuSehat","telecom":[{"system":"url","value":"https://satusehat.kemkes.go.id/"},{"system":"email","value":"fhir@dto.kemkes.go.id"}]}],"description":"A public health case is an Observation representing a condition or event that has a specific significance for public health. Typically it involves an instance or instances of a reportable infectious disease or other condition. The public health case can include a health-related event concerning a single individual or it may refer to multiple health-related events that are occurrences of the same disease or condition of interest to public health. An outbreak involving multiple individuals may be considered as a type of public health case. A public health case definition (Act.moodCode = \"definition\") includes the description of the clinical, laboratory, and epidemiologic indicators associated with a disease or condition of interest to public health. There are case definitions for conditions that are reportable, as well as for those that are not. There are also case definitions for outbreaks. A public health case definition is a construct used by public health for the purpose of counting cases, and should not be used as clinical indications for treatment. Examples include AIDS, toxic-shock syndrome, and salmonellosis and their associated indicators that are used to define a case.","immutable":true,"copyright":"This material derives from the HL7 Terminology THO. THO is copyright ©1989+ Health Level Seven International and is made available under the CC0 designation. For more licensing information see: https://terminology.hl7.org/license","compose":{"include":[{"system":"http://terminology.hl7.org/CodeSystem/v3-ActClass","filter":[{"property":"concept","op":"is-a","value":"CASE"}]}]}}