{"resourceType":"ValueSet","id":"EncounterHospitalizationreSpecialCourtesyVS","text":{"status":"generated","div":"<div xmlns=\"http://www.w3.org/1999/xhtml\"><p>This value set includes codes based on the following rules:</p><ul><li>Include all codes defined in <a href=\"http://terminology.hl7.org/5.3.0/CodeSystem-v3-EncounterSpecialCourtesy.html\"><code>http://terminology.hl7.org/CodeSystem/v3-EncounterSpecialCourtesy</code></a></li><li>Include all codes defined in <a href=\"http://terminology.hl7.org/5.3.0/CodeSystem-v3-NullFlavor.html\"><code>http://terminology.hl7.org/CodeSystem/v3-NullFlavor</code></a></li></ul></div>"},"url":"https://fhir.kemkes.go.id/r4/ValueSet/EncounterHospitalizationreSpecialCourtesyVS","version":"0.1.0","name":"EncounterHospitalizationreSpecialCourtesyVS","title":"Special courtesy","status":"active","date":"2024-02-15T12:08:26+07:00","publisher":"Thomas Chaidir","contact":[{"name":"Thomas Chaidir","telecom":[{"system":"url","value":"https://satusehat.kemkes.go.id/"}]}],"description":"This value set defines a set of codes that can be used to indicate special courtesies provided to the patient.","compose":{"include":[{"system":"http://terminology.hl7.org/CodeSystem/v3-EncounterSpecialCourtesy"},{"system":"http://terminology.hl7.org/CodeSystem/v3-NullFlavor"}]}}