{"resourceType":"ValueSet","id":"ConditionSeverityVS","meta":{"versionId":"1","lastUpdated":"2023-11-05T18:45:16.553+07:00"},"language":"English","text":{"status":"generated","div":"<div xmlns=\"http://www.w3.org/1999/xhtml\" xml:lang=\"English\" lang=\"English\"><ul><li>Include these codes as defined in <a href=\"http://www.snomed.org/\"><code>http://snomed.info/sct</code></a><table class=\"none\"><tr><td style=\"white-space:nowrap\"><b>Code</b></td><td><b>Display</b></td></tr><tr><td><a href=\"http://snomed.info/id/24484000\">24484000</a></td><td>Severe</td></tr><tr><td><a href=\"http://snomed.info/id/6736007\">6736007</a></td><td>Moderate</td></tr><tr><td><a href=\"http://snomed.info/id/255604002\">255604002</a></td><td>Mild</td></tr><tr><td><a href=\"http://snomed.info/id/442452003\">442452003</a></td><td>Life threatening severity</td></tr></table></li></ul></div>"},"url":"http://dto.kemkes.go.id//VS/Condition.severity","version":"0.1.0","name":"ConditionSeverityVS","title":"Condition Severity","status":"active","experimental":false,"date":"2023-11-02T09:00:59.000Z","publisher":"Thomas Chaidir","contact":[{"name":"Thomas Chaidir","telecom":[{"system":"url","value":"https://satusehat.kemkes.go.id/"}]}],"description":"Created by: Fadhil Muhammad","compose":{"include":[{"system":"http://snomed.info/sct","concept":[{"code":"24484000","display":"Severe"},{"code":"6736007","display":"Moderate"},{"code":"255604002","display":"Mild"},{"code":"442452003","display":"Life threatening severity"}]}]}}