{"resourceType":"ValueSet","id":"v3-RoleClassPartitive","language":"en","text":{"status":"extensions","div":"<div xml:lang=\"en\" xmlns=\"http://www.w3.org/1999/xhtml\" lang=\"en\"><p>This value set includes codes based on the following rules:</p><ul><li>Include codes from <a href=\"CodeSystem-v3-RoleClass.html\"><code>http://terminology.hl7.org/CodeSystem/v3-RoleClass</code></a> where concept  is-a  <a href=\"CodeSystem-v3-RoleClass.html#v3-RoleClass-_RoleClassPartitive\">_RoleClassPartitive</a></li></ul><p>This value set excludes codes based on the following rules:</p><ul><li>Exclude these codes as defined in <a href=\"CodeSystem-v3-RoleClass.html\"><code>http://terminology.hl7.org/CodeSystem/v3-RoleClass</code></a><table class=\"none\"><tr><td style=\"white-space:nowrap\"><b>Code</b></td><td><b>Display</b></td><td><b>Definition</b></td></tr><tr><td><a href=\"CodeSystem-v3-RoleClass.html#v3-RoleClass-_RoleClassPartitive\">_RoleClassPartitive</a></td><td style=\"color: #cccccc\">RoleClassPartitive</td><td>An association between two Entities where the playing Entity is considered in some way &quot;part&quot; of the scoping Entity, e.g., as a member, component, ingredient, or content. Being &quot;part&quot; in the broadest sense of the word can mean anything from being an integral structural component to a mere incidental temporary association of a playing Entity with a (generally larger) scoping Entity.</td></tr></table></li></ul></div>"},"url":"http://terminology.hl7.org/ValueSet/v3-RoleClassPartitive","identifier":[{"system":"urn:ietf:rfc:3986","value":"urn:oid:2.16.840.1.113883.1.11.10429"}],"version":"0.1.0","name":"RoleClassPartitive","title":"RoleClassPartitive","status":"active","experimental":false,"date":"2014-03-26","publisher":"SatuSehat","contact":[{"name":"SatuSehat","telecom":[{"system":"url","value":"https://satusehat.kemkes.go.id/"},{"system":"email","value":"fhir@dto.kemkes.go.id"}]}],"description":"An association between two Entities where the playing Entity is considered in some way \"part\" of the scoping Entity, e.g., as a member, component, ingredient, or content. Being \"part\" in the broadest sense of the word can mean anything from being an integral structural component to a mere incidental temporary association of a playing Entity with a (generally larger) scoping Entity.","immutable":true,"copyright":"This material derives from the HL7 Terminology THO. THO is copyright ©1989+ Health Level Seven International and is made available under the CC0 designation. For more licensing information see: https://terminology.hl7.org/license","compose":{"include":[{"system":"http://terminology.hl7.org/CodeSystem/v3-RoleClass","filter":[{"property":"concept","op":"is-a","value":"_RoleClassPartitive"}]}],"exclude":[{"system":"http://terminology.hl7.org/CodeSystem/v3-RoleClass","concept":[{"code":"_RoleClassPartitive"}]}]}}