{"resourceType":"ValueSet","id":"v3-WorkClassificationODH","language":"en","text":{"status":"generated","div":"<div xml:lang=\"en\" xmlns=\"http://www.w3.org/1999/xhtml\" lang=\"en\"><ul><li>Include all codes defined in <a href=\"CodeSystem-v3-WorkClassificationODH.html\"><code>http://terminology.hl7.org/CodeSystem/v3-WorkClassificationODH</code></a></li></ul></div>"},"url":"http://terminology.hl7.org/ValueSet/v3-WorkClassificationODH","identifier":[{"system":"urn:ietf:rfc:3986","value":"urn:oid:2.16.840.1.113883.1.11.20560"}],"version":"0.1.0","name":"WorkClassificationODH","title":"WorkClassificationODH","status":"active","experimental":false,"date":"2019-03-20","publisher":"SatuSehat","contact":[{"name":"SatuSehat","telecom":[{"system":"url","value":"https://satusehat.kemkes.go.id/"},{"system":"email","value":"fhir@dto.kemkes.go.id"}]}],"description":"Provide the concepts for the value element of the C-CDA Work Classification Observation entry template.","copyright":"This material derives from the HL7 Terminology THO. THO is copyright ©1989+ Health Level Seven International and is made available under the CC0 designation. For more licensing information see: https://terminology.hl7.org/license","compose":{"include":[{"system":"http://terminology.hl7.org/CodeSystem/v3-WorkClassificationODH"}]}}