{"resourceType":"ValueSet","id":"v3-ActRelationshipHasSubject","language":"en","text":{"status":"generated","div":"<div xml:lang=\"en\" xmlns=\"http://www.w3.org/1999/xhtml\" lang=\"en\"><ul><li>Include codes from <a href=\"CodeSystem-v3-ActRelationshipType.html\"><code>http://terminology.hl7.org/CodeSystem/v3-ActRelationshipType</code></a> where concept  is-a  <a href=\"CodeSystem-v3-ActRelationshipType.html#v3-ActRelationshipType-SUBJ\">SUBJ</a></li></ul></div>"},"url":"http://terminology.hl7.org/ValueSet/v3-ActRelationshipHasSubject","identifier":[{"system":"urn:ietf:rfc:3986","value":"urn:oid:2.16.840.1.113883.1.11.20014"}],"version":"0.1.0","name":"ActRelationshipHasSubject","title":"ActRelationshipHasSubject","status":"active","experimental":false,"date":"2014-03-26","publisher":"SatuSehat","contact":[{"name":"SatuSehat","telecom":[{"system":"url","value":"https://satusehat.kemkes.go.id/"},{"system":"email","value":"fhir@dto.kemkes.go.id"}]}],"description":"Relates an Act to its subject Act that the first Act is primarily concerned with.\r\n\r\nExamples\r\n\r\n1.  The first Act may be a ControlAct manipulating the subject Act\r\n2.  The first act is a region of interest (ROI) that defines a region within the subject Act.\r\n3.  The first act is a reporting or notification Act, that echos the subject Act for a specific new purpose.\r\n\r\nConstraints\r\n\r\nAn Act may have multiple subject acts.\r\n\r\nRationale\r\n\r\nThe ActRelationshipType \"has subject\" is similar to the ParticipationType \"subject\", Acts that primarily operate on physical subjects use the Participation, those Acts that primarily operate on other Acts (other information) use the ActRelationship.","immutable":true,"copyright":"This material derives from the HL7 Terminology THO. THO is copyright ©1989+ Health Level Seven International and is made available under the CC0 designation. For more licensing information see: https://terminology.hl7.org/license","compose":{"include":[{"system":"http://terminology.hl7.org/CodeSystem/v3-ActRelationshipType","filter":[{"property":"concept","op":"is-a","value":"SUBJ"}]}]}}