{"resourceType":"ValueSet","id":"v3-EntityDeterminer","language":"en","text":{"status":"generated","div":"<div xml:lang=\"en\" xmlns=\"http://www.w3.org/1999/xhtml\" lang=\"en\"><ul><li>Include all codes defined in <a href=\"CodeSystem-v3-EntityDeterminer.html\"><code>http://terminology.hl7.org/CodeSystem/v3-EntityDeterminer</code></a></li></ul></div>"},"url":"http://terminology.hl7.org/ValueSet/v3-EntityDeterminer","identifier":[{"system":"urn:ietf:rfc:3986","value":"urn:oid:2.16.840.1.113883.1.11.10878"}],"version":"0.1.0","name":"EntityDeterminer","title":"EntityDeterminer","status":"active","experimental":false,"date":"2014-03-26","publisher":"SatuSehat","contact":[{"name":"SatuSehat","telecom":[{"system":"url","value":"https://satusehat.kemkes.go.id/"},{"system":"email","value":"fhir@dto.kemkes.go.id"}]}],"description":"EntityDeterminer in natural language grammar is the class of words that comprises articles, demonstrative pronouns, and quantifiers. In the RIM, determiner is a structural code in the Entity class to distinguish whether any given Entity object stands for some, any one, or a specific thing.","immutable":true,"copyright":"This material derives from the HL7 Terminology THO. THO is copyright ©1989+ Health Level Seven International and is made available under the CC0 designation. For more licensing information see: https://terminology.hl7.org/license","compose":{"include":[{"system":"http://terminology.hl7.org/CodeSystem/v3-EntityDeterminer"}]}}