{"resourceType":"ValueSet","id":"v3-RoleClassInvoicePayor","language":"en","text":{"status":"generated","div":"<div xml:lang=\"en\" xmlns=\"http://www.w3.org/1999/xhtml\" lang=\"en\"><ul><li>Include codes from <a href=\"CodeSystem-v3-RoleClass.html\"><code>http://terminology.hl7.org/CodeSystem/v3-RoleClass</code></a> where concept  is-a  <a href=\"CodeSystem-v3-RoleClass.html#v3-RoleClass-PAYOR\">PAYOR</a></li></ul></div>"},"url":"http://terminology.hl7.org/ValueSet/v3-RoleClassInvoicePayor","identifier":[{"system":"urn:ietf:rfc:3986","value":"urn:oid:2.16.840.1.113883.1.11.20157"}],"version":"0.1.0","name":"RoleClassInvoicePayor","title":"RoleClassInvoicePayor","status":"active","experimental":false,"date":"2014-03-26","publisher":"SatuSehat","contact":[{"name":"SatuSehat","telecom":[{"system":"url","value":"https://satusehat.kemkes.go.id/"},{"system":"email","value":"fhir@dto.kemkes.go.id"}]}],"description":"The role of an organization that undertakes to accept claims invoices, assess the coverage or payments due for those invoices and pay to the designated payees for those invoices. This role may be either the underwriter or a third-party organization authorized by the underwriter. The scoping entity is the organization that underwrites the claimed coverage.","immutable":true,"copyright":"This material derives from the HL7 Terminology THO. THO is copyright ©1989+ Health Level Seven International and is made available under the CC0 designation. For more licensing information see: https://terminology.hl7.org/license","compose":{"include":[{"system":"http://terminology.hl7.org/CodeSystem/v3-RoleClass","filter":[{"property":"concept","op":"is-a","value":"PAYOR"}]}]}}