{"resourceType":"ValueSet","id":"EncounterLocationServiceClassInpatientVS","text":{"status":"generated","div":"<div xmlns=\"http://www.w3.org/1999/xhtml\"><ul><li>Include all codes defined in <code>http://terminology.kemkes.go.id/CodeSystem/locationServiceClass-Inpatient</code></li></ul></div>"},"url":"https://fhir.kemkes.go.id/r4/ValueSet/EncounterLocationServiceClassInpatientVS","version":"0.1.0","name":"EncounterLocationServiceClassInpatientVS","title":"Encounter Location ServiceClass-Inpatient","status":"active","date":"2024-02-15T12:08:26+07:00","publisher":"Thomas Chaidir","contact":[{"name":"Thomas Chaidir","telecom":[{"system":"url","value":"https://satusehat.kemkes.go.id/"}]}],"description":"A set of codes, specifying location ServiceClass for inpatient patient.","compose":{"include":[{"system":"http://terminology.kemkes.go.id/CodeSystem/locationServiceClass-Inpatient"}]}}