{"resourceType":"ValueSet","id":"v3-xEntityClassDocumentReceiving","language":"en","text":{"status":"extensions","div":"<div xml:lang=\"en\" xmlns=\"http://www.w3.org/1999/xhtml\" lang=\"en\"><p>This value set includes codes based on the following rules:</p><ul><li>Include these codes as defined in <a href=\"CodeSystem-v3-EntityClass.html\"><code>http://terminology.hl7.org/CodeSystem/v3-EntityClass</code></a><table class=\"none\"><tr><td style=\"white-space:nowrap\"><b>Code</b></td><td><b>Display</b></td><td><b>Definition</b></td></tr><tr><td><a href=\"CodeSystem-v3-EntityClass.html#v3-EntityClass-HCE\">HCE</a></td><td style=\"color: #cccccc\">health chart entity</td><td>A health chart included to serve as a document receiving entity in the management of medical records.</td></tr><tr><td><a href=\"CodeSystem-v3-EntityClass.html#v3-EntityClass-PSN\">PSN</a></td><td style=\"color: #cccccc\">person</td><td>A living subject of the species homo sapiens.</td></tr></table></li><li>Import all the codes that are contained in <a href=\"ValueSet-v3-EntityClassOrganization.html\">EntityClassOrganization</a></li></ul></div>"},"extension":[{"extension":[{"url":"name","valueString":"Name:Class"},{"url":"value","valueString":"DocumentRecipient"}],"url":"http://terminology.hl7.org/StructureDefinition/ext-mif-assocConceptProp"}],"url":"http://terminology.hl7.org/ValueSet/v3-xEntityClassDocumentReceiving","identifier":[{"system":"urn:ietf:rfc:3986","value":"urn:oid:2.16.840.1.113883.1.11.19462"}],"version":"0.1.0","name":"XEntityClassDocumentReceiving","title":"x_EntityClassDocumentReceiving","status":"active","experimental":false,"date":"2014-03-26","publisher":"SatuSehat","contact":[{"name":"SatuSehat","telecom":[{"system":"url","value":"https://satusehat.kemkes.go.id/"},{"system":"email","value":"fhir@dto.kemkes.go.id"}]}],"description":"***No description***","copyright":"This material derives from the HL7 Terminology THO. THO is copyright ©1989+ Health Level Seven International and is made available under the CC0 designation. For more licensing information see: https://terminology.hl7.org/license","compose":{"include":[{"system":"http://terminology.hl7.org/CodeSystem/v3-EntityClass","concept":[{"code":"HCE"},{"code":"PSN"}]},{"valueSet":["http://terminology.hl7.org/ValueSet/v3-EntityClassOrganization"]}]}}