{"resourceType":"ValueSet","id":"v3-SnodentOrthodonticDiagnosticFeatureInternational","language":"en","text":{"status":"extensions","div":"<div xml:lang=\"en\" xmlns=\"http://www.w3.org/1999/xhtml\" lang=\"en\"><ul><li>Include these codes as defined in <a href=\"CodeSystem-v3-ada-snodent.html\"><code>http://www.ada.org/snodent</code></a><table class=\"none\"><tr><td style=\"white-space:nowrap\"><b>Code</b></td><td><b>Display</b></td><td><b>Definition</b></td></tr><tr><td><a href=\"CodeSystem-v3-ada-snodent.html#v3-ada-snodent-133426D\">133426D</a></td><td style=\"color: #cccccc\">Gingival Recession</td><td>Gingival Recession</td></tr><tr><td><a href=\"CodeSystem-v3-ada-snodent.html#v3-ada-snodent-157044D\">157044D</a></td><td style=\"color: #cccccc\">Bimaxillary protrusion</td><td>Bimaxillary protrusion</td></tr><tr><td><a href=\"CodeSystem-v3-ada-snodent.html#v3-ada-snodent-210952D\">210952D</a></td><td style=\"color: #cccccc\">Deep impinging overbite with soft tissue destruction</td><td>Deep impinging overbite with soft tissue destruction</td></tr><tr><td><a href=\"CodeSystem-v3-ada-snodent.html#v3-ada-snodent-210953D\">210953D</a></td><td style=\"color: #cccccc\">Anterior crossbite with destruction of oral mucosa</td><td>Anterior crossbite with destruction of oral mucosa</td></tr><tr><td><a href=\"CodeSystem-v3-ada-snodent.html#v3-ada-snodent-210954D\">210954D</a></td><td style=\"color: #cccccc\">Lip incompetence due to horizontal overbite</td><td>Lip incompetence due to horizontal overbite</td></tr><tr><td><a href=\"CodeSystem-v3-ada-snodent.html#v3-ada-snodent-210955D\">210955D</a></td><td style=\"color: #cccccc\">Posterior crossbite limited to left side</td><td>Posterior crossbite limited to left side</td></tr><tr><td><a href=\"CodeSystem-v3-ada-snodent.html#v3-ada-snodent-210956D\">210956D</a></td><td style=\"color: #cccccc\">Posterior crossbite limited to right side</td><td>Posterior crossbite limited to right side</td></tr><tr><td><a href=\"CodeSystem-v3-ada-snodent.html#v3-ada-snodent-210957D\">210957D</a></td><td style=\"color: #cccccc\">Articulatory defect secondary to dental defect</td><td>Articulatory defect secondary to dental defect</td></tr></table></li></ul></div>"},"extension":[{"url":"http://hl7.org/fhir/StructureDefinition/structuredefinition-wg","valueCode":"att"}],"url":"http://terminology.hl7.org/ValueSet/v3-SnodentOrthodonticDiagnosticFeatureInternational","identifier":[{"system":"urn:ietf:rfc:3986","value":"urn:oid:2.16.840.1.113883.1.11.20564"}],"version":"0.1.0","name":"SnodentOrthodonticDiagnosticFeatureInternational","title":"SnodentOrthodonticDiagnosticFeatureInternational","status":"active","experimental":false,"date":"2019-03-20","publisher":"SatuSehat","contact":[{"name":"SatuSehat","telecom":[{"system":"url","value":"https://satusehat.kemkes.go.id/"},{"system":"email","value":"fhir@dto.kemkes.go.id"}]}],"description":"The SNODENT identifiers for gross patient findings that inform the course of orthodontic treatment to be performed.\r\n\r\nThis value set contains content from SNODENT® Copyright American Dental Association (ADA). All rights reserved. SNODENT is a registered trademark of the ADA.\r\n\r\nhttp://www.ada.org/en/member-center/member-benefits/practice-resources/dental-informatics/snodent/licensing-snodent\r\n\r\n*Steward:* Attachments WG","copyright":"This material derives from the HL7 Terminology THO. THO is copyright ©1989+ Health Level Seven International and is made available under the CC0 designation. For more licensing information see: https://terminology.hl7.org/license","compose":{"include":[{"system":"http://www.ada.org/snodent","concept":[{"code":"133426D"},{"code":"157044D"},{"code":"210952D"},{"code":"210953D"},{"code":"210954D"},{"code":"210955D"},{"code":"210956D"},{"code":"210957D"}]}]}}