{"resourceType":"ValueSet","id":"v3-SupernumeraryTooth","language":"en","text":{"status":"extensions","div":"<div xml:lang=\"en\" xmlns=\"http://www.w3.org/1999/xhtml\" lang=\"en\"><p>This value set includes codes based on the following rules:</p><ul><li>Include codes from <a href=\"CodeSystem-v3-Dentition.html\"><code>http://terminology.hl7.org/CodeSystem/v3-Dentition</code></a> where concept  is-a  <a href=\"CodeSystem-v3-Dentition.html#v3-Dentition-SupernumeraryTooth\">SupernumeraryTooth</a></li></ul><p>This value set excludes codes based on the following rules:</p><ul><li>Exclude these codes as defined in <a href=\"CodeSystem-v3-Dentition.html\"><code>http://terminology.hl7.org/CodeSystem/v3-Dentition</code></a><table class=\"none\"><tr><td style=\"white-space:nowrap\"><b>Code</b></td><td><b>Display</b></td><td><b>Definition</b></td></tr><tr><td><a href=\"CodeSystem-v3-Dentition.html#v3-Dentition-SupernumeraryTooth\">SupernumeraryTooth</a></td><td style=\"color: #cccccc\">Supernumerary Tooth</td><td>Supernumerary tooth, any tooth in addition to the normal permanent and primary dentition</td></tr></table></li></ul></div>"},"url":"http://terminology.hl7.org/ValueSet/v3-SupernumeraryTooth","identifier":[{"system":"urn:ietf:rfc:3986","value":"urn:oid:2.16.840.1.113883.1.11.19343"}],"version":"0.1.0","name":"SupernumeraryTooth","title":"SupernumeraryTooth","status":"active","experimental":false,"date":"2014-03-26","publisher":"SatuSehat","contact":[{"name":"SatuSehat","telecom":[{"system":"url","value":"https://satusehat.kemkes.go.id/"},{"system":"email","value":"fhir@dto.kemkes.go.id"}]}],"description":"Supernumerary tooth, any tooth in addition to the normal permanent and primary dentition","copyright":"This material derives from the HL7 Terminology THO. THO is copyright ©1989+ Health Level Seven International and is made available under the CC0 designation. For more licensing information see: https://terminology.hl7.org/license","compose":{"include":[{"system":"http://terminology.hl7.org/CodeSystem/v3-Dentition","filter":[{"property":"concept","op":"is-a","value":"SupernumeraryTooth"}]}],"exclude":[{"system":"http://terminology.hl7.org/CodeSystem/v3-Dentition","concept":[{"code":"SupernumeraryTooth"}]}]}}