{"resourceType":"ValueSet","id":"v3-ParticipationTargetDevice","language":"en","text":{"status":"generated","div":"<div xml:lang=\"en\" xmlns=\"http://www.w3.org/1999/xhtml\" lang=\"en\"><ul><li>Include codes from <a href=\"CodeSystem-v3-ParticipationType.html\"><code>http://terminology.hl7.org/CodeSystem/v3-ParticipationType</code></a> where concept  is-a  <a href=\"CodeSystem-v3-ParticipationType.html#v3-ParticipationType-DEV\">DEV</a></li></ul></div>"},"url":"http://terminology.hl7.org/ValueSet/v3-ParticipationTargetDevice","identifier":[{"system":"urn:ietf:rfc:3986","value":"urn:oid:2.16.840.1.113883.1.11.10298"}],"version":"0.1.0","name":"ParticipationTargetDevice","title":"ParticipationTargetDevice","status":"active","experimental":false,"date":"2014-03-26","publisher":"SatuSehat","contact":[{"name":"SatuSehat","telecom":[{"system":"url","value":"https://satusehat.kemkes.go.id/"},{"system":"email","value":"fhir@dto.kemkes.go.id"}]}],"description":"Something used in delivering the service without being substantially affected by the service (i.e. durable or inert with respect to that particular service.) Examples are: monitoring equipment, tools, but also access/drainage lines, prostheses, pace maker, etc.","immutable":true,"copyright":"This material derives from the HL7 Terminology THO. THO is copyright ©1989+ Health Level Seven International and is made available under the CC0 designation. For more licensing information see: https://terminology.hl7.org/license","compose":{"include":[{"system":"http://terminology.hl7.org/CodeSystem/v3-ParticipationType","filter":[{"property":"concept","op":"is-a","value":"DEV"}]}]}}