{"resourceType":"ValueSet","id":"v3-ActClassDocumentSection","language":"en","text":{"status":"generated","div":"<div xml:lang=\"en\" xmlns=\"http://www.w3.org/1999/xhtml\" lang=\"en\"><ul><li>Include codes from <a href=\"CodeSystem-v3-ActClass.html\"><code>http://terminology.hl7.org/CodeSystem/v3-ActClass</code></a> where concept  is-a  <a href=\"CodeSystem-v3-ActClass.html#v3-ActClass-DOCSECT\">DOCSECT</a></li></ul></div>"},"url":"http://terminology.hl7.org/ValueSet/v3-ActClassDocumentSection","identifier":[{"system":"urn:ietf:rfc:3986","value":"urn:oid:2.16.840.1.113883.1.11.20215"}],"version":"0.1.0","name":"ActClassDocumentSection","title":"ActClassDocumentSection","status":"active","experimental":false,"date":"2014-03-26","publisher":"SatuSehat","contact":[{"name":"SatuSehat","telecom":[{"system":"url","value":"https://satusehat.kemkes.go.id/"},{"system":"email","value":"fhir@dto.kemkes.go.id"}]}],"description":"A context that subdivides the body of a document. Document sections are typically used for human navigation, to give a reader a clue as to the expected content. Document sections are used to organize and provide consistency to the contents of a document body. Document sections can contain document sections and can contain entries.","immutable":true,"copyright":"This material derives from the HL7 Terminology THO. THO is copyright ©1989+ Health Level Seven International and is made available under the CC0 designation. For more licensing information see: https://terminology.hl7.org/license","compose":{"include":[{"system":"http://terminology.hl7.org/CodeSystem/v3-ActClass","filter":[{"property":"concept","op":"is-a","value":"DOCSECT"}]}]}}