{"resourceType":"ValueSet","id":"mif-conceptRelationshipSymmetry","text":{"status":"extensions","div":"<div xmlns=\"http://www.w3.org/1999/xhtml\"><p>This value set includes codes based on the following rules:</p><ul><li>Include codes from <a href=\"CodeSystem-hl7TermMaintInfra.html\"><code>http://terminology.hl7.org/CodeSystem/hl7TermMaintInfra</code></a> where concept  is-a  <a href=\"CodeSystem-hl7TermMaintInfra.html#hl7TermMaintInfra-MIF-ConceptRelationshipSymmetry\">MIF-ConceptRelationshipSymmetry</a></li></ul><p>This value set excludes codes based on the following rules:</p><ul><li>Exclude these codes as defined in <a href=\"CodeSystem-hl7TermMaintInfra.html\"><code>http://terminology.hl7.org/CodeSystem/hl7TermMaintInfra</code></a><table class=\"none\"><tr><td style=\"white-space:nowrap\"><b>Code</b></td><td><b>Display</b></td><td><b>Definition</b></td></tr><tr><td><a href=\"CodeSystem-hl7TermMaintInfra.html#hl7TermMaintInfra-MIF-ConceptRelationshipSymmetry\">MIF-ConceptRelationshipSymmetry</a></td><td/><td>Grouper code for MIF SupportedConceptRelationship.symmetry codes</td></tr></table></li></ul></div>"},"url":"http://terminology.hl7.org/ValueSet/mif-conceptRelationshipSymmetry","version":"0.1.0","name":"MIFConceptRelationshipSymmetry","title":"MIF Concept Relationship Symmetry","status":"draft","experimental":false,"date":"2024-03-09T14:36:19-07:00","publisher":"SatuSehat","contact":[{"name":"SatuSehat","telecom":[{"system":"url","value":"https://satusehat.kemkes.go.id/"},{"system":"email","value":"fhir@dto.kemkes.go.id"}]}],"description":"Codes for use in the ext-mif-relationship-symmetry to capture V3 Model Interchange Format (MIF) SupportedConceptRelationship.symmetry values","copyright":"This material derives from the HL7 Terminology (THO). THO is copyright ©1989+ Health Level Seven International and is made available under the CC0 designation. For more licensing information see: https://terminology.hl7.org/license","compose":{"include":[{"system":"http://terminology.hl7.org/CodeSystem/hl7TermMaintInfra","filter":[{"property":"concept","op":"is-a","value":"MIF-ConceptRelationshipSymmetry"}]}],"exclude":[{"system":"http://terminology.hl7.org/CodeSystem/hl7TermMaintInfra","concept":[{"code":"MIF-ConceptRelationshipSymmetry"}]}]}}