{"resourceType":"ValueSet","id":"v3-ActInformationCategoryCode","language":"en","text":{"status":"extensions","div":"<div xml:lang=\"en\" xmlns=\"http://www.w3.org/1999/xhtml\" lang=\"en\"><ul><li>Include these codes as defined in <a href=\"CodeSystem-v3-ActCode.html\"><code>http://terminology.hl7.org/CodeSystem/v3-ActCode</code></a><table class=\"none\"><tr><td style=\"white-space:nowrap\"><b>Code</b></td><td><b>Display</b></td><td><b>Definition</b></td></tr><tr><td><a href=\"CodeSystem-v3-ActCode.html#v3-ActCode-ALLGCAT\">ALLGCAT</a></td><td style=\"color: #cccccc\">allergy category</td><td>**Definition:**All information pertaining to a patient's allergy and intolerance records.</td></tr><tr><td><a href=\"CodeSystem-v3-ActCode.html#v3-ActCode-COBSCAT\">COBSCAT</a></td><td style=\"color: #cccccc\">common observation category</td><td>**Definition:**All information pertaining to a patient's common observation records (height, weight, blood pressure, temperature, etc.).</td></tr><tr><td><a href=\"CodeSystem-v3-ActCode.html#v3-ActCode-DEMOCAT\">DEMOCAT</a></td><td style=\"color: #cccccc\">demographics category</td><td>**Definition:**All information pertaining to a patient's demographics (such as name, date of birth, gender, address, etc).</td></tr><tr><td><a href=\"CodeSystem-v3-ActCode.html#v3-ActCode-DICAT\">DICAT</a></td><td style=\"color: #cccccc\">diagnostic image category</td><td>**Definition:**All information pertaining to a patient's diagnostic image records (orders &amp; results).</td></tr><tr><td><a href=\"CodeSystem-v3-ActCode.html#v3-ActCode-IMMUCAT\">IMMUCAT</a></td><td style=\"color: #cccccc\">immunization category</td><td>**Definition:**All information pertaining to a patient's vaccination records.</td></tr><tr><td><a href=\"CodeSystem-v3-ActCode.html#v3-ActCode-LABCAT\">LABCAT</a></td><td style=\"color: #cccccc\">lab test category</td><td>**Description:** All information pertaining to a patient's lab test records (orders &amp; results)</td></tr><tr><td><a href=\"CodeSystem-v3-ActCode.html#v3-ActCode-MEDCCAT\">MEDCCAT</a></td><td style=\"color: #cccccc\">medical condition category</td><td>**Definition:**All information pertaining to a patient's medical condition records.</td></tr><tr><td><a href=\"CodeSystem-v3-ActCode.html#v3-ActCode-PSVCCAT\">PSVCCAT</a></td><td style=\"color: #cccccc\">professional service category</td><td>**Definition:**All information pertaining to a patient's professional service records (such as smoking cessation, counseling, medication review, mental health).</td></tr><tr><td><a href=\"CodeSystem-v3-ActCode.html#v3-ActCode-RXCAT\">RXCAT</a></td><td style=\"color: #cccccc\">medication category</td><td>**Definition:**All information pertaining to a patient's medication records (orders, dispenses and other active medications).</td></tr></table></li></ul></div>"},"url":"http://terminology.hl7.org/ValueSet/v3-ActInformationCategoryCode","identifier":[{"system":"urn:ietf:rfc:3986","value":"urn:oid:2.16.840.1.113883.1.11.19752"}],"version":"0.1.0","name":"ActInformationCategoryCode","title":"ActInformationCategoryCode","status":"active","experimental":false,"date":"2014-03-26","publisher":"SatuSehat","contact":[{"name":"SatuSehat","telecom":[{"system":"url","value":"https://satusehat.kemkes.go.id/"},{"system":"email","value":"fhir@dto.kemkes.go.id"}]}],"description":"**Definition:**Indicates the set of information types which may be manipulated or referenced, such as for recommending access restrictions.","copyright":"This material derives from the HL7 Terminology THO. THO is copyright ©1989+ Health Level Seven International and is made available under the CC0 designation. For more licensing information see: https://terminology.hl7.org/license","compose":{"include":[{"system":"http://terminology.hl7.org/CodeSystem/v3-ActCode","concept":[{"code":"ALLGCAT"},{"code":"COBSCAT"},{"code":"DEMOCAT"},{"code":"DICAT"},{"code":"IMMUCAT"},{"code":"LABCAT"},{"code":"MEDCCAT"},{"code":"PSVCCAT"},{"code":"RXCAT"}]}]}}