{"resourceType":"ValueSet","id":"v3-xSubstitutionConditionNoneOrUnconditional","language":"en","text":{"status":"extensions","div":"<div xml:lang=\"en\" xmlns=\"http://www.w3.org/1999/xhtml\" lang=\"en\"><ul><li>Include these codes as defined in <a href=\"CodeSystem-v3-SubstitutionCondition.html\"><code>http://terminology.hl7.org/CodeSystem/v3-SubstitutionCondition</code></a><table class=\"none\"><tr><td style=\"white-space:nowrap\"><b>Code</b></td><td><b>Display</b></td><td><b>Definition</b></td></tr><tr><td><a href=\"CodeSystem-v3-SubstitutionCondition.html#v3-SubstitutionCondition-NOSUB\">NOSUB</a></td><td style=\"color: #cccccc\">No substitution</td><td>Substitution is not permitted.</td></tr><tr><td><a href=\"CodeSystem-v3-SubstitutionCondition.html#v3-SubstitutionCondition-UNCOND\">UNCOND</a></td><td style=\"color: #cccccc\">Unconditional</td><td>No conditions are required.</td></tr></table></li></ul></div>"},"url":"http://terminology.hl7.org/ValueSet/v3-xSubstitutionConditionNoneOrUnconditional","identifier":[{"system":"urn:ietf:rfc:3986","value":"urn:oid:2.16.840.1.113883.1.11.19740"}],"version":"0.1.0","name":"XSubstitutionConditionNoneOrUnconditional","title":"x_SubstitutionConditionNoneOrUnconditional","status":"active","experimental":false,"date":"2014-03-26","publisher":"SatuSehat","contact":[{"name":"SatuSehat","telecom":[{"system":"url","value":"https://satusehat.kemkes.go.id/"},{"system":"email","value":"fhir@dto.kemkes.go.id"}]}],"description":"Restricts substitution to effectively a yes/no decision","immutable":true,"copyright":"This material derives from the HL7 Terminology THO. THO is copyright ©1989+ Health Level Seven International and is made available under the CC0 designation. For more licensing information see: https://terminology.hl7.org/license","compose":{"include":[{"system":"http://terminology.hl7.org/CodeSystem/v3-SubstitutionCondition","concept":[{"code":"NOSUB"},{"code":"UNCOND"}]}]}}