{"resourceType":"ValueSet","id":"v3-ActHealthInformationManagementReason","language":"en","text":{"status":"generated","div":"<div xml:lang=\"en\" xmlns=\"http://www.w3.org/1999/xhtml\" lang=\"en\"><ul><li>Include codes from <a href=\"CodeSystem-v3-ActReason.html\"><code>http://terminology.hl7.org/CodeSystem/v3-ActReason</code></a> where concept  is-a  <a href=\"CodeSystem-v3-ActReason.html#v3-ActReason-_ActHealthInformationManagementReason\">_ActHealthInformationManagementReason</a></li></ul></div>"},"url":"http://terminology.hl7.org/ValueSet/v3-ActHealthInformationManagementReason","identifier":[{"system":"urn:ietf:rfc:3986","value":"urn:oid:2.16.840.1.113883.1.11.20447"}],"version":"0.1.0","name":"ActHealthInformationManagementReason","title":"ActHealthInformationManagementReason","status":"active","experimental":false,"date":"2014-03-26","publisher":"SatuSehat","contact":[{"name":"SatuSehat","telecom":[{"system":"url","value":"https://satusehat.kemkes.go.id/"},{"system":"email","value":"fhir@dto.kemkes.go.id"}]}],"description":"The rationale or purpose for an act relating to health information management, such as archiving information for the purpose of complying with an organization policy or jurisdictional law relating to data retention.","copyright":"This material derives from the HL7 Terminology THO. THO is copyright ©1989+ Health Level Seven International and is made available under the CC0 designation. For more licensing information see: https://terminology.hl7.org/license","compose":{"include":[{"system":"http://terminology.hl7.org/CodeSystem/v3-ActReason","filter":[{"property":"concept","op":"is-a","value":"_ActHealthInformationManagementReason"}]}]}}