{"resourceType":"ValueSet","id":"v3-ActClassExtract","language":"en","text":{"status":"generated","div":"<div xml:lang=\"en\" xmlns=\"http://www.w3.org/1999/xhtml\" lang=\"en\"><ul><li>Include codes from <a href=\"CodeSystem-v3-ActClass.html\"><code>http://terminology.hl7.org/CodeSystem/v3-ActClass</code></a> where concept  is-a  <a href=\"CodeSystem-v3-ActClass.html#v3-ActClass-EXTRACT\">EXTRACT</a></li></ul></div>"},"url":"http://terminology.hl7.org/ValueSet/v3-ActClassExtract","identifier":[{"system":"urn:ietf:rfc:3986","value":"urn:oid:2.16.840.1.113883.1.11.19441"}],"version":"0.1.0","name":"ActClassExtract","title":"ActClassExtract","status":"active","experimental":false,"date":"2014-03-26","publisher":"SatuSehat","contact":[{"name":"SatuSehat","telecom":[{"system":"url","value":"https://satusehat.kemkes.go.id/"},{"system":"email","value":"fhir@dto.kemkes.go.id"}]}],"description":"This context represents the part of a patient record conveyed in a single communication. It is drawn from a providing system for the purposes of communication to a requesting process (which might be another repository, a client application or a middleware service such as an electronic guideline engine), and supporting the faithful inclusion of the communicated data in the receiving system.\r\n\r\nAn extract may be the entirety of the patient record as held by the sender or it may be a part of that record (e.g. changes since a specified date).\r\n\r\nAn extract contains folders or compositions.\r\n\r\nAn extract cannot contain another extract.","immutable":true,"copyright":"This material derives from the HL7 Terminology THO. THO is copyright ©1989+ Health Level Seven International and is made available under the CC0 designation. For more licensing information see: https://terminology.hl7.org/license","compose":{"include":[{"system":"http://terminology.hl7.org/CodeSystem/v3-ActClass","filter":[{"property":"concept","op":"is-a","value":"EXTRACT"}]}]}}