{"resourceType":"ValueSet","id":"v3-xInformationRecipient","language":"en","text":{"status":"extensions","div":"<div xml:lang=\"en\" xmlns=\"http://www.w3.org/1999/xhtml\" lang=\"en\"><ul><li>Include these codes as defined in <a href=\"CodeSystem-v3-ParticipationType.html\"><code>http://terminology.hl7.org/CodeSystem/v3-ParticipationType</code></a><table class=\"none\"><tr><td style=\"white-space:nowrap\"><b>Code</b></td><td><b>Display</b></td><td><b>Definition</b></td></tr><tr><td><a href=\"CodeSystem-v3-ParticipationType.html#v3-ParticipationType-PRCP\">PRCP</a></td><td style=\"color: #cccccc\">primary information recipient</td><td>Information recipient to whom an act statement is primarily directed. E.g., a primary care provider receiving a discharge letter from a hospitalist, a health department receiving information on a suspected case of infectious disease. Multiple of these participations may exist on the same act without requiring that recipients be ranked as primary vs. secondary.</td></tr><tr><td><a href=\"CodeSystem-v3-ParticipationType.html#v3-ParticipationType-TRC\">TRC</a></td><td style=\"color: #cccccc\">tracker</td><td>A secondary information recipient, who receives copies (e.g., a primary care provider receiving copies of results as ordered by specialist).</td></tr></table></li></ul></div>"},"extension":[{"extension":[{"url":"name","valueString":"Name:Act:participation:Participation"},{"url":"value","valueString":"informationRecipient"}],"url":"http://terminology.hl7.org/StructureDefinition/ext-mif-assocConceptProp"},{"extension":[{"url":"name","valueString":"Name:Role:participation:Participation"},{"url":"value","valueString":"informationReceived"}],"url":"http://terminology.hl7.org/StructureDefinition/ext-mif-assocConceptProp"},{"extension":[{"url":"name","valueString":"Sort:Act:participation:Participation"},{"url":"value","valueString":"HA_______"}],"url":"http://terminology.hl7.org/StructureDefinition/ext-mif-assocConceptProp"},{"extension":[{"url":"name","valueString":"Sort:Role:participation:Participation"},{"url":"value","valueString":"HA_______"}],"url":"http://terminology.hl7.org/StructureDefinition/ext-mif-assocConceptProp"}],"url":"http://terminology.hl7.org/ValueSet/v3-xInformationRecipient","identifier":[{"system":"urn:ietf:rfc:3986","value":"urn:oid:2.16.840.1.113883.1.11.19366"}],"version":"0.1.0","name":"XInformationRecipient","title":"x_InformationRecipient","status":"active","experimental":false,"date":"2014-03-26","publisher":"SatuSehat","contact":[{"name":"SatuSehat","telecom":[{"system":"url","value":"https://satusehat.kemkes.go.id/"},{"system":"email","value":"fhir@dto.kemkes.go.id"}]}],"description":"Used to represent participant(s) who should receive a copy of a document.","copyright":"This material derives from the HL7 Terminology THO. THO is copyright ©1989+ Health Level Seven International and is made available under the CC0 designation. For more licensing information see: https://terminology.hl7.org/license","compose":{"include":[{"system":"http://terminology.hl7.org/CodeSystem/v3-ParticipationType","concept":[{"code":"PRCP"},{"code":"TRC"}]}]}}