{"resourceType":"ValueSet","id":"encounter-reason","meta":{"lastUpdated":"2019-11-01T09:29:23.356+11:00","profile":["http://hl7.org/fhir/StructureDefinition/shareablevalueset"]},"text":{"status":"generated","div":"<div xmlns=\"http://www.w3.org/1999/xhtml\"><h2>Encounter Reason Codes</h2><div><p>This examples value set defines the set of codes that can be used to indicate reasons for an encounter.</p>\n</div><p><b>Copyright Statement:</b></p><div><p>This resource includes content from SNOMED Clinical Terms® (SNOMED CT®) which is copyright of the International Health Terminology Standards Development Organisation (IHTSDO). Implementers of these specifications must have the appropriate SNOMED CT Affiliate license - for more information contact http://www.snomed.org/snomed-ct/get-snomed-ct or info@snomed.org</p>\n</div><p>This value set includes codes from the following code systems:</p><ul><li>Include codes from <a href=\"http://www.snomed.org/\"><code>http://snomed.info/sct</code></a> where concept  is-a  404684003 (Clinical finding)</li><li>Include codes from <a href=\"http://www.snomed.org/\"><code>http://snomed.info/sct</code></a> where concept  is-a  71388002 (Procedure)</li><li>Include codes from <a href=\"http://www.snomed.org/\"><code>http://snomed.info/sct</code></a> where concept  is-a  243796009 (Context-dependent categories)</li><li>Include codes from <a href=\"http://www.snomed.org/\"><code>http://snomed.info/sct</code></a> where concept  is-a  272379006 (Events)</li></ul></div>"},"extension":[{"url":"http://hl7.org/fhir/StructureDefinition/structuredefinition-wg","valueCode":"pa"}],"url":"http://hl7.org/fhir/ValueSet/encounter-reason","identifier":[{"system":"urn:ietf:rfc:3986","value":"urn:oid:2.16.840.1.113883.4.642.3.261"}],"version":"0.1.0","name":"EncounterReasonCodes","title":"Encounter Reason Codes","status":"draft","experimental":false,"date":"2019-11-01T09:29:23+11:00","publisher":"SatuSehat","contact":[{"name":"SatuSehat","telecom":[{"system":"url","value":"https://satusehat.kemkes.go.id/"},{"system":"email","value":"fhir@dto.kemkes.go.id"}]}],"description":"This examples value set defines the set of codes that can be used to indicate reasons for an encounter.","copyright":"This resource includes content from SNOMED Clinical Terms® (SNOMED CT®) which is copyright of the International Health Terminology Standards Development Organisation (IHTSDO). Implementers of these specifications must have the appropriate SNOMED CT Affiliate license - for more information contact http://www.snomed.org/snomed-ct/get-snomed-ct or info@snomed.org","compose":{"include":[{"system":"http://snomed.info/sct","filter":[{"property":"concept","op":"is-a","value":"404684003"}]},{"system":"http://snomed.info/sct","filter":[{"property":"concept","op":"is-a","value":"71388002"}]},{"system":"http://snomed.info/sct","filter":[{"property":"concept","op":"is-a","value":"243796009"}]},{"system":"http://snomed.info/sct","filter":[{"property":"concept","op":"is-a","value":"272379006"}]}]}}