{"resourceType":"ValueSet","id":"v3-ObservationEligibilityIndicatorValue","language":"en","text":{"status":"generated","div":"<div xml:lang=\"en\" xmlns=\"http://www.w3.org/1999/xhtml\" lang=\"en\"><ul><li>Include codes from <a href=\"CodeSystem-v3-ObservationValue.html\"><code>http://terminology.hl7.org/CodeSystem/v3-ObservationValue</code></a> where concept  is-a  <a href=\"CodeSystem-v3-ObservationValue.html#v3-ObservationValue-ELSTAT\">ELSTAT</a></li></ul></div>"},"url":"http://terminology.hl7.org/ValueSet/v3-ObservationEligibilityIndicatorValue","identifier":[{"system":"urn:ietf:rfc:3986","value":"urn:oid:2.16.840.1.113883.1.11.19923"}],"version":"0.1.0","name":"ObservationEligibilityIndicatorValue","title":"ObservationEligibilityIndicatorValue","status":"active","experimental":false,"date":"2014-03-26","publisher":"SatuSehat","contact":[{"name":"SatuSehat","telecom":[{"system":"url","value":"https://satusehat.kemkes.go.id/"},{"system":"email","value":"fhir@dto.kemkes.go.id"}]}],"description":"Code specifying eligibility indicators used to assess or establish eligibility for coverage under a policy or program eligibility status, e.g., certificates of creditable coverage; student enrollment; adoption, marriage or birth certificate.","copyright":"This material derives from the HL7 Terminology THO. THO is copyright ©1989+ Health Level Seven International and is made available under the CC0 designation. For more licensing information see: https://terminology.hl7.org/license","compose":{"include":[{"system":"http://terminology.hl7.org/CodeSystem/v3-ObservationValue","filter":[{"property":"concept","op":"is-a","value":"ELSTAT"}]}]}}