{"resourceType":"ValueSet","id":"v3-ParticipationGuarantorParty","language":"en","text":{"status":"generated","div":"<div xml:lang=\"en\" xmlns=\"http://www.w3.org/1999/xhtml\" lang=\"en\"><ul><li>Include codes from <a href=\"CodeSystem-v3-ParticipationType.html\"><code>http://terminology.hl7.org/CodeSystem/v3-ParticipationType</code></a> where concept  is-a  <a href=\"CodeSystem-v3-ParticipationType.html#v3-ParticipationType-GUAR\">GUAR</a></li></ul></div>"},"url":"http://terminology.hl7.org/ValueSet/v3-ParticipationGuarantorParty","identifier":[{"system":"urn:ietf:rfc:3986","value":"urn:oid:2.16.840.1.113883.1.11.20084"}],"version":"0.1.0","name":"ParticipationGuarantorParty","title":"ParticipationGuarantorParty","status":"active","experimental":false,"date":"2014-03-26","publisher":"SatuSehat","contact":[{"name":"SatuSehat","telecom":[{"system":"url","value":"https://satusehat.kemkes.go.id/"},{"system":"email","value":"fhir@dto.kemkes.go.id"}]}],"description":"The target person or organization contractually recognized by the issuer as a participant who has assumed fiscal responsibility for another personaTMs financial obligations by guaranteeing to pay for amounts owed to a particular account\r\n\r\n*Example:*The subscriber of the patientaTMs health insurance policy signs a contract with the provider to be fiscally responsible for the patient billing account balance amount owed.","immutable":true,"copyright":"This material derives from the HL7 Terminology THO. THO is copyright ©1989+ Health Level Seven International and is made available under the CC0 designation. For more licensing information see: https://terminology.hl7.org/license","compose":{"include":[{"system":"http://terminology.hl7.org/CodeSystem/v3-ParticipationType","filter":[{"property":"concept","op":"is-a","value":"GUAR"}]}]}}