{"resourceType":"ValueSet","id":"v3-CodingRationale","language":"en","text":{"status":"generated","div":"<div xml:lang=\"en\" xmlns=\"http://www.w3.org/1999/xhtml\" lang=\"en\"><ul><li>Include all codes defined in <a href=\"CodeSystem-v3-CodingRationale.html\"><code>http://terminology.hl7.org/CodeSystem/v3-CodingRationale</code></a></li></ul></div>"},"url":"http://terminology.hl7.org/ValueSet/v3-CodingRationale","identifier":[{"system":"urn:ietf:rfc:3986","value":"urn:oid:2.16.840.1.113883.1.11.19250"}],"version":"0.1.0","name":"CodingRationale","title":"CodingRationale","status":"active","experimental":false,"date":"2014-03-26","publisher":"SatuSehat","contact":[{"name":"SatuSehat","telecom":[{"system":"url","value":"https://satusehat.kemkes.go.id/"},{"system":"email","value":"fhir@dto.kemkes.go.id"}]}],"description":"Identifies how to interpret the instance of the code, codeSystem value in a set of translations. Since HL7 (or a government body) may mandate that codes from certain code systems be sent in conformant messages, other synonyms that are sent in the translation set need to be distinguished among the originally captured source, the HL7 specified code, or some future role. When this code is NULL, it indicates that the translation is an undefined type. When valued, this property must contain one of the following values:\r\n\r\nSRC - Source (or original) code HL7 - HL7 Specified or Mandated SH - both HL7 mandated and the original code (precoordination)\r\n\r\nThere may be additional values added to this value set as we work through the use of codes in messages and determine other Use Cases requiring special interpretation of the translations.","copyright":"This material derives from the HL7 Terminology THO. THO is copyright ©1989+ Health Level Seven International and is made available under the CC0 designation. For more licensing information see: https://terminology.hl7.org/license","compose":{"include":[{"system":"http://terminology.hl7.org/CodeSystem/v3-CodingRationale"}]}}