{"resourceType":"ValueSet","id":"v3-xBillableProduct","language":"en","text":{"status":"generated","div":"<div xml:lang=\"en\" xmlns=\"http://www.w3.org/1999/xhtml\" lang=\"en\"><p>This value set includes codes based on the following rules:</p><ul><li>Include codes from <a href=\"CodeSystem-v3-EntityCode.html\"><code>http://terminology.hl7.org/CodeSystem/v3-EntityCode</code></a> where concept  descends from  <a href=\"CodeSystem-v3-EntityCode.html#v3-EntityCode-_x_BillableProduct\">_x_BillableProduct</a></li><li>Import all the codes that are contained in <a href=\"ValueSet-v3-SpecimenAdditiveEntity.html\">SpecimenAdditiveEntity</a></li><li>Import all the codes that are contained in <a href=\"ValueSet-v3-ContainerEntityType.html\">ContainerEntityType</a></li><li>Import all the codes that are contained in <a href=\"ValueSet-v3-MedicalDevice.html\">MedicalDevice</a></li><li>Import all the codes that are contained in <a href=\"ValueSet-v3-VaccineEntityType.html\">VaccineEntityType</a></li></ul></div>"},"url":"http://terminology.hl7.org/ValueSet/v3-xBillableProduct","identifier":[{"system":"urn:ietf:rfc:3986","value":"urn:oid:2.16.840.1.113883.1.11.19867"}],"version":"0.1.0","name":"XBillableProduct","title":"x_BillableProduct","status":"active","experimental":false,"date":"2014-03-26","publisher":"SatuSehat","contact":[{"name":"SatuSehat","telecom":[{"system":"url","value":"https://satusehat.kemkes.go.id/"},{"system":"email","value":"fhir@dto.kemkes.go.id"}]}],"description":"**Description:**The billable codes selected for Clinical Product Invoices. Steward is Financial Management.","copyright":"This material derives from the HL7 Terminology THO. THO is copyright ©1989+ Health Level Seven International and is made available under the CC0 designation. For more licensing information see: https://terminology.hl7.org/license","compose":{"include":[{"system":"http://terminology.hl7.org/CodeSystem/v3-EntityCode","filter":[{"property":"concept","op":"descendent-of","value":"_x_BillableProduct"}]},{"valueSet":["http://terminology.hl7.org/ValueSet/v3-SpecimenAdditiveEntity"]},{"valueSet":["http://terminology.hl7.org/ValueSet/v3-ContainerEntityType"]},{"valueSet":["http://terminology.hl7.org/ValueSet/v3-MedicalDevice"]},{"valueSet":["http://terminology.hl7.org/ValueSet/v3-VaccineEntityType"]}]}}