{"resourceType":"ValueSet","id":"EncounterLocationTypeVS","text":{"status":"generated","div":"<div xmlns=\"http://www.w3.org/1999/xhtml\"><ul><li>Include all codes defined in <a href=\"http://terminology.hl7.org/5.3.0/CodeSystem-location-physical-type.html\"><code>http://terminology.hl7.org/CodeSystem/location-physical-type</code></a></li></ul></div>"},"url":"https://fhir.kemkes.go.id/r4/ValueSet/EncounterLocationTypeVS","version":"0.1.0","name":"EncounterLocationTypeVS","title":"Encounter Location Type","status":"active","date":"2024-02-04T23:26:43+07:00","publisher":"Thomas Chaidir","contact":[{"name":"Thomas Chaidir","telecom":[{"system":"url","value":"https://satusehat.kemkes.go.id/"}]}],"description":"This example value set defines a set of codes that can be used to indicate the physical form of the Location.","compose":{"include":[{"system":"http://terminology.hl7.org/CodeSystem/location-physical-type"}]}}