{"resourceType":"ValueSet","id":"v3-SecurityPolicy","language":"en","text":{"status":"generated","div":"<div xml:lang=\"en\" xmlns=\"http://www.w3.org/1999/xhtml\" lang=\"en\"><ul><li>Include codes from <a href=\"CodeSystem-v3-ActCode.html\"><code>http://terminology.hl7.org/CodeSystem/v3-ActCode</code></a> where concept  is-a  <a href=\"CodeSystem-v3-ActCode.html#v3-ActCode-SecurityPolicy\">SecurityPolicy</a></li></ul></div>"},"url":"http://terminology.hl7.org/ValueSet/v3-SecurityPolicy","identifier":[{"system":"urn:ietf:rfc:3986","value":"urn:oid:2.16.840.1.113883.1.11.20444"}],"version":"0.1.0","name":"SecurityPolicy","title":"SecurityPolicy","status":"active","experimental":false,"date":"2014-03-26","publisher":"SatuSehat","contact":[{"name":"SatuSehat","telecom":[{"system":"url","value":"https://satusehat.kemkes.go.id/"},{"system":"email","value":"fhir@dto.kemkes.go.id"}]}],"description":"Types of security policies that further specify the ActClassPolicy value set.\r\n\r\n**Examples:**\r\n\r\n *  encrypt\r\n *  prohibit redisclosure without consent directive","copyright":"This material derives from the HL7 Terminology THO. THO is copyright ©1989+ Health Level Seven International and is made available under the CC0 designation. For more licensing information see: https://terminology.hl7.org/license","compose":{"include":[{"system":"http://terminology.hl7.org/CodeSystem/v3-ActCode","filter":[{"property":"concept","op":"is-a","value":"SecurityPolicy"}]}]}}