{"resourceType":"ValueSet","id":"v3-xActMoodDefEvn","language":"en","text":{"status":"extensions","div":"<div xml:lang=\"en\" xmlns=\"http://www.w3.org/1999/xhtml\" lang=\"en\"><ul><li>Include these codes as defined in <a href=\"CodeSystem-v3-ActMood.html\"><code>http://terminology.hl7.org/CodeSystem/v3-ActMood</code></a><table class=\"none\"><tr><td style=\"white-space:nowrap\"><b>Code</b></td><td><b>Display</b></td><td><b>Definition</b></td></tr><tr><td><a href=\"CodeSystem-v3-ActMood.html#v3-ActMood-DEF\">DEF</a></td><td style=\"color: #cccccc\">definition</td><td>**Definition:** A definition of a kind of act that can occur .<br/><br/>**OpenIssue:** The semantic constructs embodied in DEF and CRT moods seem indistinguishable, and their uses can readily be determined by the context in which these are used. Therefore, this OpenIssue has been created to declare that it is likely that ActMood.DEF will be &quot;retired&quot; in the future in favor of the more general ActMood.CRT.</td></tr><tr><td><a href=\"CodeSystem-v3-ActMood.html#v3-ActMood-EVN\">EVN</a></td><td style=\"color: #cccccc\">event (occurrence)</td><td>**Definition:** An act that actually happens (may be an ongoing act or a documentation of a past act).</td></tr></table></li></ul></div>"},"extension":[{"extension":[{"url":"name","valueString":"Name:Class"},{"url":"value","valueString":"DefinitionOrEvent"}],"url":"http://terminology.hl7.org/StructureDefinition/ext-mif-assocConceptProp"}],"url":"http://terminology.hl7.org/ValueSet/v3-xActMoodDefEvn","identifier":[{"system":"urn:ietf:rfc:3986","value":"urn:oid:2.16.840.1.113883.1.11.19375"}],"version":"0.1.0","name":"XActMoodDefEvn","title":"x_ActMoodDefEvn","status":"active","experimental":false,"date":"2014-03-26","publisher":"SatuSehat","contact":[{"name":"SatuSehat","telecom":[{"system":"url","value":"https://satusehat.kemkes.go.id/"},{"system":"email","value":"fhir@dto.kemkes.go.id"}]}],"description":"A grouping of Definition, Event. These specific moods are used in control wrapper override acts. The domain is restricted to acts that are possible to occur or have already occurred.","immutable":true,"copyright":"This material derives from the HL7 Terminology THO. THO is copyright ©1989+ Health Level Seven International and is made available under the CC0 designation. For more licensing information see: https://terminology.hl7.org/license","compose":{"include":[{"system":"http://terminology.hl7.org/CodeSystem/v3-ActMood","concept":[{"code":"DEF"},{"code":"EVN"}]}]}}