{"resourceType":"ValueSet","id":"v3-SnodentDentalFrenumRegionInternational","language":"en","text":{"status":"extensions","div":"<div xml:lang=\"en\" xmlns=\"http://www.w3.org/1999/xhtml\" lang=\"en\"><ul><li>Include these codes as defined in <a href=\"CodeSystem-v3-ada-snodent.html\"><code>http://www.ada.org/snodent</code></a><table class=\"none\"><tr><td style=\"white-space:nowrap\"><b>Code</b></td><td><b>Display</b></td><td><b>Definition</b></td></tr><tr><td><a href=\"CodeSystem-v3-ada-snodent.html#v3-ada-snodent-209615D\">209615D</a></td><td style=\"color: #cccccc\">Lower labial frenum</td><td>The folds of mucous membrane extending from the gingiva to the midline of the lower lip.</td></tr><tr><td><a href=\"CodeSystem-v3-ada-snodent.html#v3-ada-snodent-209620D\">209620D</a></td><td style=\"color: #cccccc\">Upper labial frenum</td><td>The folds of mucous membrane extending from the gingiva to the midline of the upper lip.</td></tr><tr><td><a href=\"CodeSystem-v3-ada-snodent.html#v3-ada-snodent-209631D\">209631D</a></td><td style=\"color: #cccccc\">Upper buccal frenum</td><td>A fold or band of mucous membrane connecting the upper alveolar ridge to the cheek and separating the labial vestibule from the buccal vestibule</td></tr><tr><td><a href=\"CodeSystem-v3-ada-snodent.html#v3-ada-snodent-209645D\">209645D</a></td><td style=\"color: #cccccc\">Lower buccal frenum</td><td>A fold or band of mucous membrane connecting the lower alveolar ridge to the cheek and separating the labial vestibule from the buccal vestibule</td></tr></table></li></ul></div>"},"extension":[{"url":"http://hl7.org/fhir/StructureDefinition/structuredefinition-wg","valueCode":"att"}],"url":"http://terminology.hl7.org/ValueSet/v3-SnodentDentalFrenumRegionInternational","identifier":[{"system":"urn:ietf:rfc:3986","value":"urn:oid:2.16.840.1.113883.1.11.20558"}],"version":"0.1.0","name":"SnodentDentalFrenumRegionInternational","title":"SnodentDentalFrenumRegionInternational","status":"active","experimental":false,"date":"2019-03-20","publisher":"SatuSehat","contact":[{"name":"SatuSehat","telecom":[{"system":"url","value":"https://satusehat.kemkes.go.id/"},{"system":"email","value":"fhir@dto.kemkes.go.id"}]}],"description":"The SNODENT identifiers for the regions of the human frenum within the mouth.\r\n\r\nThis value set contains content from SNODENT® Copyright American Dental Association (ADA). All rights reserved. SNODENT is a registered trademark of the ADA.\r\n\r\nhttp://www.ada.org/en/member-center/member-benefits/practice-resources/dental-informatics/snodent/licensing-snodent\r\n\r\n*Steward:* Attachments WG","copyright":"This material derives from the HL7 Terminology THO. THO is copyright ©1989+ Health Level Seven International and is made available under the CC0 designation. For more licensing information see: https://terminology.hl7.org/license","compose":{"include":[{"system":"http://www.ada.org/snodent","concept":[{"code":"209615D"},{"code":"209620D"},{"code":"209631D"},{"code":"209645D"}]}]}}