{"resourceType":"ValueSet","id":"v3-RoleClassSubsumedBy","language":"en","text":{"status":"generated","div":"<div xml:lang=\"en\" xmlns=\"http://www.w3.org/1999/xhtml\" lang=\"en\"><ul><li>Include codes from <a href=\"CodeSystem-v3-RoleClass.html\"><code>http://terminology.hl7.org/CodeSystem/v3-RoleClass</code></a> where concept  is-a  <a href=\"CodeSystem-v3-RoleClass.html#v3-RoleClass-SUBY\">SUBY</a></li></ul></div>"},"url":"http://terminology.hl7.org/ValueSet/v3-RoleClassSubsumedBy","identifier":[{"system":"urn:ietf:rfc:3986","value":"urn:oid:2.16.840.1.113883.1.11.20176"}],"version":"0.1.0","name":"RoleClassSubsumedBy","title":"RoleClassSubsumedBy","status":"active","experimental":false,"date":"2014-03-26","publisher":"SatuSehat","contact":[{"name":"SatuSehat","telecom":[{"system":"url","value":"https://satusehat.kemkes.go.id/"},{"system":"email","value":"fhir@dto.kemkes.go.id"}]}],"description":"Relates a prevailing record of an Entity (scoper) with another record (player) that it subsumes.\r\n\r\n*Examples:* Show a correct new Person object (scoper) that subsumes one or more duplicate Person objects that had accidentally been created for the same physical person.\r\n\r\n*Constraints:* Both the player and scoper must have the same classCode.","immutable":true,"copyright":"This material derives from the HL7 Terminology THO. THO is copyright ©1989+ Health Level Seven International and is made available under the CC0 designation. For more licensing information see: https://terminology.hl7.org/license","compose":{"include":[{"system":"http://terminology.hl7.org/CodeSystem/v3-RoleClass","filter":[{"property":"concept","op":"is-a","value":"SUBY"}]}]}}