{"resourceType":"ValueSet","id":"v3-StyleType","language":"en","text":{"status":"extensions","div":"<div xml:lang=\"en\" xmlns=\"http://www.w3.org/1999/xhtml\" lang=\"en\"><p>This value set includes codes based on the following rules:</p><ul><li>Import all the codes that are contained in <a href=\"ValueSet-v3-FontStyle.html\">FontStyle</a></li><li>Import all the codes that are contained in <a href=\"ValueSet-v3-TableRuleStyle.html\">TableRuleStyle</a></li><li>Import all the codes that are contained in <a href=\"ValueSet-v3-ListStyle.html\">ListStyle</a></li></ul><p>This value set excludes codes based on the following rules:</p><ul><li>Exclude these codes as defined in <a href=\"CodeSystem-v3-styleType.html\"><code>http://terminology.hl7.org/CodeSystem/v3-styleType</code></a><table class=\"none\"><tr><td style=\"white-space:nowrap\"><b>Code</b></td><td><b>Display</b></td><td><b>Definition</b></td></tr><tr><td><a href=\"CodeSystem-v3-styleType.html#v3-styleType-_TableRuleStyle\">_TableRuleStyle</a></td><td style=\"color: #cccccc\">Table Rule Style</td><td>Defines table cell rendering characteristics</td></tr></table></li><li>Exclude these codes as defined in <a href=\"CodeSystem-v3-styleType.html\"><code>http://terminology.hl7.org/CodeSystem/v3-styleType</code></a><table class=\"none\"><tr><td style=\"white-space:nowrap\"><b>Code</b></td><td><b>Display</b></td><td><b>Definition</b></td></tr><tr><td><a href=\"CodeSystem-v3-styleType.html#v3-styleType-_ListStyle\">_ListStyle</a></td><td style=\"color: #cccccc\">List Style</td><td>Defines list rendering characteristics</td></tr></table></li><li>Exclude these codes as defined in <a href=\"CodeSystem-v3-styleType.html\"><code>http://terminology.hl7.org/CodeSystem/v3-styleType</code></a><table class=\"none\"><tr><td style=\"white-space:nowrap\"><b>Code</b></td><td><b>Display</b></td><td><b>Definition</b></td></tr><tr><td><a href=\"CodeSystem-v3-styleType.html#v3-styleType-_FontStyle\">_FontStyle</a></td><td style=\"color: #cccccc\">Font Style</td><td>Defines font rendering characteristics</td></tr></table></li></ul></div>"},"url":"http://terminology.hl7.org/ValueSet/v3-StyleType","identifier":[{"system":"urn:ietf:rfc:3986","value":"urn:oid:2.16.840.1.113883.1.11.19602"}],"version":"0.1.0","name":"StyleType","title":"StyleType","status":"active","experimental":false,"date":"2014-03-26","publisher":"SatuSehat","contact":[{"name":"SatuSehat","telecom":[{"system":"url","value":"https://satusehat.kemkes.go.id/"},{"system":"email","value":"fhir@dto.kemkes.go.id"}]}],"description":"(abstract) Used within an instance to give the author some control over various aspects of rendering","copyright":"This material derives from the HL7 Terminology THO. THO is copyright ©1989+ Health Level Seven International and is made available under the CC0 designation. For more licensing information see: https://terminology.hl7.org/license","compose":{"include":[{"valueSet":["http://terminology.hl7.org/ValueSet/v3-FontStyle"]},{"valueSet":["http://terminology.hl7.org/ValueSet/v3-TableRuleStyle"]},{"valueSet":["http://terminology.hl7.org/ValueSet/v3-ListStyle"]}],"exclude":[{"system":"http://terminology.hl7.org/CodeSystem/v3-styleType","concept":[{"code":"_TableRuleStyle"}]},{"system":"http://terminology.hl7.org/CodeSystem/v3-styleType","concept":[{"code":"_ListStyle"}]},{"system":"http://terminology.hl7.org/CodeSystem/v3-styleType","concept":[{"code":"_FontStyle"}]}]}}