{"resourceType":"ValueSet","id":"v3-ActClassAcquisitionExposure","language":"en","text":{"status":"generated","div":"<div xml:lang=\"en\" xmlns=\"http://www.w3.org/1999/xhtml\" lang=\"en\"><ul><li>Include codes from <a href=\"CodeSystem-v3-ActClass.html\"><code>http://terminology.hl7.org/CodeSystem/v3-ActClass</code></a> where concept  is-a  <a href=\"CodeSystem-v3-ActClass.html#v3-ActClass-AEXPOS\">AEXPOS</a></li></ul></div>"},"url":"http://terminology.hl7.org/ValueSet/v3-ActClassAcquisitionExposure","identifier":[{"system":"urn:ietf:rfc:3986","value":"urn:oid:2.16.840.1.113883.1.11.20198"}],"version":"0.1.0","name":"ActClassAcquisitionExposure","title":"ActClassAcquisitionExposure","status":"active","experimental":false,"date":"2014-03-26","publisher":"SatuSehat","contact":[{"name":"SatuSehat","telecom":[{"system":"url","value":"https://satusehat.kemkes.go.id/"},{"system":"email","value":"fhir@dto.kemkes.go.id"}]}],"description":"**Description:** \r\n\r\nAn acquisition exposure act describes the proximity (location and time) through which the participating entity was potentially exposed to a physical (including energy), chemical or biological agent from another entity. The acquisition exposure act is used in conjunction with transmission exposure acts as part of an analysis technique for contact tracing. Although an exposure can be decomposed into transmission and acquisition exposures, there is no requirement that all exposures be treated in this fashion.\r\n\r\n**Constraints:** The Acquisition Exposure inherits the participation constraints that apply to Exposure with the following exception. The EXPSRC (exposure source) participation must never be associated with the Transmission Exposure either directly or via context conduction.","immutable":true,"copyright":"This material derives from the HL7 Terminology THO. THO is copyright ©1989+ Health Level Seven International and is made available under the CC0 designation. For more licensing information see: https://terminology.hl7.org/license","compose":{"include":[{"system":"http://terminology.hl7.org/CodeSystem/v3-ActClass","filter":[{"property":"concept","op":"is-a","value":"AEXPOS"}]}]}}