{"resourceType":"ValueSet","id":"v3-ParticipationParticipation","language":"en","text":{"status":"generated","div":"<div xml:lang=\"en\" xmlns=\"http://www.w3.org/1999/xhtml\" lang=\"en\"><ul><li>Include codes from <a href=\"CodeSystem-v3-ParticipationType.html\"><code>http://terminology.hl7.org/CodeSystem/v3-ParticipationType</code></a> where concept  is-a  <a href=\"CodeSystem-v3-ParticipationType.html#v3-ParticipationType-PART\">PART</a></li></ul></div>"},"url":"http://terminology.hl7.org/ValueSet/v3-ParticipationParticipation","identifier":[{"system":"urn:ietf:rfc:3986","value":"urn:oid:2.16.840.1.113883.1.11.19747"}],"version":"0.1.0","name":"ParticipationParticipation","title":"ParticipationParticipation","status":"active","experimental":false,"date":"2014-03-26","publisher":"SatuSehat","contact":[{"name":"SatuSehat","telecom":[{"system":"url","value":"https://satusehat.kemkes.go.id/"},{"system":"email","value":"fhir@dto.kemkes.go.id"}]}],"description":"Indicates that the target of the participation is involved in some manner in the act, but does not qualify how.\r\n\r\nThis should **not** be used except when no more specific participation type is known or when the participation type is further clarified elsewhere. It should not be used lightly, and should never be used as a \"placeholder\" when a more appropriate specific type does not yet exist.","immutable":true,"copyright":"This material derives from the HL7 Terminology THO. THO is copyright ©1989+ Health Level Seven International and is made available under the CC0 designation. For more licensing information see: https://terminology.hl7.org/license","compose":{"include":[{"system":"http://terminology.hl7.org/CodeSystem/v3-ParticipationType","filter":[{"property":"concept","op":"is-a","value":"PART"}]}]}}