{"resourceType":"ValueSet","id":"v3-SoftwareNameExample","language":"en","text":{"status":"generated","div":"<div xml:lang=\"en\" xmlns=\"http://www.w3.org/1999/xhtml\" lang=\"en\"><ul><li>Include all codes defined in <a href=\"CodeSystem-v3-SoftwareNameExample.html\"><code>http://terminology.hl7.org/CodeSystem/v3-SoftwareNameExample</code></a></li></ul></div>"},"url":"http://terminology.hl7.org/ValueSet/v3-SoftwareNameExample","identifier":[{"system":"urn:ietf:rfc:3986","value":"urn:oid:2.16.840.1.113883.11.21015"}],"version":"0.1.0","name":"SoftwareNameExample","title":"Software Name Example","status":"active","experimental":true,"date":"2022-10-11","publisher":"SatuSehat","contact":[{"name":"SatuSehat","telecom":[{"system":"url","value":"https://satusehat.kemkes.go.id/"},{"system":"email","value":"fhir@dto.kemkes.go.id"}]}],"description":"An example value set representing the SoftwareName concept domain used to convey a coded name for a device..","copyright":"This material derives from the HL7 Terminology THO. THO is copyright ©1989+ Health Level Seven International and is made available under the CC0 designation. For more licensing information see: https://terminology.hl7.org/license","compose":{"include":[{"system":"http://terminology.hl7.org/CodeSystem/v3-SoftwareNameExample"}]}}