{"resourceType":"ValueSet","id":"v3-xEncounterAdmissionUrgency","language":"en","text":{"status":"extensions","div":"<div xml:lang=\"en\" xmlns=\"http://www.w3.org/1999/xhtml\" lang=\"en\"><ul><li>Include these codes as defined in <a href=\"CodeSystem-v3-ActPriority.html\"><code>http://terminology.hl7.org/CodeSystem/v3-ActPriority</code></a><table class=\"none\"><tr><td style=\"white-space:nowrap\"><b>Code</b></td><td><b>Display</b></td><td><b>Definition</b></td></tr><tr><td><a href=\"CodeSystem-v3-ActPriority.html#v3-ActPriority-EL\">EL</a></td><td style=\"color: #cccccc\">elective</td><td>Beneficial to the patient but not essential for survival.</td></tr><tr><td><a href=\"CodeSystem-v3-ActPriority.html#v3-ActPriority-EM\">EM</a></td><td style=\"color: #cccccc\">emergency</td><td>An unforeseen combination of circumstances or the resulting state that calls for immediate action.</td></tr><tr><td><a href=\"CodeSystem-v3-ActPriority.html#v3-ActPriority-R\">R</a></td><td style=\"color: #cccccc\">routine</td><td>Routine service, do at usual work hours.</td></tr><tr><td><a href=\"CodeSystem-v3-ActPriority.html#v3-ActPriority-UR\">UR</a></td><td style=\"color: #cccccc\">urgent</td><td>Calls for prompt action.</td></tr></table></li></ul></div>"},"url":"http://terminology.hl7.org/ValueSet/v3-xEncounterAdmissionUrgency","identifier":[{"system":"urn:ietf:rfc:3986","value":"urn:oid:2.16.840.1.113883.1.11.19457"}],"version":"0.1.0","name":"XEncounterAdmissionUrgency","title":"x_EncounterAdmissionUrgency","status":"active","experimental":false,"date":"2014-03-26","publisher":"SatuSehat","contact":[{"name":"SatuSehat","telecom":[{"system":"url","value":"https://satusehat.kemkes.go.id/"},{"system":"email","value":"fhir@dto.kemkes.go.id"}]}],"description":"The urgency for starting a patient encounter.\r\n\r\n*Example:*Routine, urgent, emergency, and elective.","copyright":"This material derives from the HL7 Terminology THO. THO is copyright ©1989+ Health Level Seven International and is made available under the CC0 designation. For more licensing information see: https://terminology.hl7.org/license","compose":{"include":[{"system":"http://terminology.hl7.org/CodeSystem/v3-ActPriority","concept":[{"code":"EL"},{"code":"EM"},{"code":"R"},{"code":"UR"}]}]}}