{
  "resourceType" : "CodeSystem",
  "id" : "iso3166-1edition2alpha2",
  "text" : {
    "status" : "generated",
    "div" : "<div xmlns=\"http://www.w3.org/1999/xhtml\"><p>This case-sensitive code system <code>http://terminology.hl7.org/CodeSystem/iso3166-1edition2alpha2</code> defines codes, but no codes are represented here</p></div>"
  },
  "url" : "http://terminology.hl7.org/CodeSystem/iso3166-1edition2alpha2",
  "identifier" : [{
    "system" : "urn:ietf:rfc:3986",
    "value" : "urn:oid:1.0.3166.1.2.2"
  }],
  "version" : "0.1.0",
  "name" : "Iso31661edition2alpha2",
  "title" : "ISO 3166 Part 1 Country Codes, 2nd Edition, Alpha-2",
  "status" : "retired",
  "experimental" : false,
  "date" : "2022-08-23T00:00:00-04:00",
  "publisher" : "SatuSehat",
  "contact" : [{
    "name" : "SatuSehat",
    "telecom" : [{
      "system" : "url",
      "value" : "https://satusehat.kemkes.go.id/"
    },
    {
      "system" : "email",
      "value" : "fhir@dto.kemkes.go.id"
    }]
  }],
  "description" : "Identifies the coding system published in the ISO 3166-1 Standard for Country codes, 2nd edition, 2-character alphabetic codes.",
  "caseSensitive" : true,
  "content" : "not-present"
}