{
  "resourceType" : "CodeSystem",
  "id" : "CMSPlaceofServiceCodes",
  "text" : {
    "status" : "generated",
    "div" : "<div xmlns=\"http://www.w3.org/1999/xhtml\"><p>This case-sensitive code system <code>https://www.cms.gov/Medicare/Coding/place-of-service-codes/Place_of_Service_Code_Set</code> defines codes, but no codes are represented here</p></div>"
  },
  "url" : "https://www.cms.gov/Medicare/Coding/place-of-service-codes/Place_of_Service_Code_Set",
  "identifier" : [{
    "system" : "urn:ietf:rfc:3986",
    "value" : "urn:oid:2.16.840.1.113883.15.5"
  }],
  "version" : "0.1.0",
  "name" : "CMSPlaceofServiceCodes",
  "title" : "CMS Place of Service Codes (POS)",
  "status" : "active",
  "experimental" : false,
  "date" : "2022-04-07T00:00:00-00:00",
  "publisher" : "SatuSehat",
  "contact" : [{
    "name" : "SatuSehat",
    "telecom" : [{
      "system" : "url",
      "value" : "https://satusehat.kemkes.go.id/"
    },
    {
      "system" : "email",
      "value" : "fhir@dto.kemkes.go.id"
    }]
  }],
  "description" : "Place of Service Codes are two-digit codes placed on health care professional claims to indicate the setting in which a service was provided. The Centers for Medicare & Medicaid Services (CMS) maintain POS codes used throughout the health care industry.\r\n\r\nThis code set is required for use in the implementation guide adopted as the national standard for electronic transmission of professional health care claims under the provisions of the Health Insurance Portability and Accountability Act of 1996 (HIPAA). HIPAA directed the Secretary of HHS to adopt national standards for electronic transactions. These standard transactions require all health plans and providers to use standard code sets to populate data elements in each transaction. The Transaction and Code Set Rule adopted the ASC X12N-837 Health Care Claim: Professional, volumes 1 and 2, as the standard for electronic submission of professional claims. This standard names the POS code set currently maintained by CMS as the code set to be used for describing sites of service in such claims. POS information is often needed to determine the acceptability of direct billing of Medicare, Medicaid and private insurance services provided by a given provider.",
  "caseSensitive" : true,
  "content" : "not-present"
}