{
  "resourceType" : "CodeSystem",
  "id" : "v3-AcknowledgementType",
  "language" : "en",
  "text" : {
    "status" : "generated",
    "div" : "<div xml:lang=\"en\" xmlns=\"http://www.w3.org/1999/xhtml\" lang=\"en\"><p><b>Properties</b></p><p><b>This code system  defines the following properties for its concepts</b></p><table class=\"grid\"><tr><td><b>Code</b></td><td><b>URI</b></td><td><b>Type</b></td><td><b>Description</b></td></tr><tr><td>Specializes</td><td/><td>Coding</td><td>The child code is a more narrow version of the concept represented by the parent code.  I.e. Every child concept is also a valid parent concept.  Used to allow determination of subsumption.  Must be transitive, irreflexive, antisymmetric.</td></tr><tr><td>Generalizes</td><td/><td>Coding</td><td>Inverse of Specializes.  Only included as a derived relationship.</td></tr><tr><td>internalId</td><td>http://terminology.hl7.org/CodeSystem/utg-concept-properties#v3-internal-id</td><td>code</td><td>The internal identifier for the concept in the HL7 Access database repository.</td></tr><tr><td>status</td><td>http://hl7.org/fhir/concept-properties#status</td><td>code</td><td>Designation of a concept's state. Normally is not populated unless the state is retired.</td></tr></table><p><b>Concepts</b></p><p>This case-sensitive code system <code>http://terminology.hl7.org/CodeSystem/v3-AcknowledgementType</code> defines the following codes in a Is-A heirarchy:</p><table class=\"codes\"><tr><td style=\"white-space:nowrap\"><b>Code</b></td><td><b>Display</b></td><td><b>Definition</b></td><td><b>internalId</b></td><td><b>status</b></td></tr><tr><td style=\"white-space:nowrap\">AA<a name=\"v3-AcknowledgementType-AA\"> </a></td><td>Application Acknowledgement Accept</td><td>Receiving application successfully processed message.</td><td>16022</td><td>active</td></tr><tr><td style=\"white-space:nowrap\">AE<a name=\"v3-AcknowledgementType-AE\"> </a></td><td>Application Acknowledgement Error</td><td>Receiving application found error in processing message. Sending error response with additional error detail information.</td><td>16023</td><td>active</td></tr><tr><td style=\"white-space:nowrap\">AR<a name=\"v3-AcknowledgementType-AR\"> </a></td><td>Application Acknowledgement Reject</td><td>Receiving application failed to process message for reason unrelated to content or format. Original message sender must decide on whether to automatically send message again.</td><td>16024</td><td>active</td></tr><tr><td style=\"white-space:nowrap\">CA<a name=\"v3-AcknowledgementType-CA\"> </a></td><td>Accept Acknowledgement Commit Accept</td><td>Receiving message handling service accepts responsibility for passing message onto receiving application.</td><td>16025</td><td>active</td></tr><tr><td style=\"white-space:nowrap\">CE<a name=\"v3-AcknowledgementType-CE\"> </a></td><td>Accept Acknowledgement Commit Error</td><td>Receiving message handling service cannot accept message for any other reason (e.g. message sequence number, etc.).</td><td>16027</td><td>active</td></tr><tr><td style=\"white-space:nowrap\">CR<a name=\"v3-AcknowledgementType-CR\"> </a></td><td>Accept Acknowledgement Commit Reject</td><td>Receiving message handling service rejects message if interaction identifier, version or processing mode is incompatible with known receiving application role information.</td><td>16026</td><td>active</td></tr></table></div>"
  },
  "url" : "http://terminology.hl7.org/CodeSystem/v3-AcknowledgementType",
  "identifier" : [{
    "system" : "urn:ietf:rfc:3986",
    "value" : "urn:oid:2.16.840.1.113883.5.18"
  }],
  "version" : "0.1.0",
  "name" : "AcknowledgementType",
  "title" : "AcknowledgementType",
  "status" : "active",
  "experimental" : false,
  "date" : "2019-03-20",
  "publisher" : "SatuSehat",
  "contact" : [{
    "name" : "SatuSehat",
    "telecom" : [{
      "system" : "url",
      "value" : "https://satusehat.kemkes.go.id/"
    },
    {
      "system" : "email",
      "value" : "fhir@dto.kemkes.go.id"
    }]
  }],
  "description" : "This attribute contains an acknowledgement code as described in the HL7 message processing rules.\r\n\r\n*OpenIssue:* Description was copied from attribute and needs to be improved to be appropriate for a code system.",
  "copyright" : "This material derives from the HL7 Terminology THO. THO is copyright ©1989+ Health Level Seven International and is made available under the CC0 designation. For more licensing information see: https://terminology.hl7.org/license",
  "caseSensitive" : true,
  "hierarchyMeaning" : "is-a",
  "content" : "complete",
  "property" : [{
    "extension" : [{
      "url" : "http://terminology.hl7.org/StructureDefinition/ext-mif-relationship-symmetry",
      "valueCode" : "antisymmetric"
    },
    {
      "url" : "http://terminology.hl7.org/StructureDefinition/ext-mif-relationship-transitivity",
      "valueCode" : "transitive"
    },
    {
      "url" : "http://terminology.hl7.org/StructureDefinition/ext-mif-relationship-reflexivity",
      "valueCode" : "irreflexive"
    },
    {
      "url" : "http://terminology.hl7.org/StructureDefinition/ext-mif-relationship-isNavigable",
      "valueBoolean" : true
    },
    {
      "url" : "http://terminology.hl7.org/StructureDefinition/ext-mif-relationship-relationshipKind",
      "valueCode" : "Specializes"
    },
    {
      "url" : "http://terminology.hl7.org/StructureDefinition/ext-mif-relationship-inverseName",
      "valueString" : "Generalizes"
    }],
    "code" : "Specializes",
    "description" : "The child code is a more narrow version of the concept represented by the parent code.  I.e. Every child concept is also a valid parent concept.  Used to allow determination of subsumption.  Must be transitive, irreflexive, antisymmetric.",
    "type" : "Coding"
  },
  {
    "extension" : [{
      "url" : "http://terminology.hl7.org/StructureDefinition/ext-mif-relationship-symmetry",
      "valueCode" : "antisymmetric"
    },
    {
      "url" : "http://terminology.hl7.org/StructureDefinition/ext-mif-relationship-transitivity",
      "valueCode" : "transitive"
    },
    {
      "url" : "http://terminology.hl7.org/StructureDefinition/ext-mif-relationship-reflexivity",
      "valueCode" : "irreflexive"
    },
    {
      "url" : "http://terminology.hl7.org/StructureDefinition/ext-mif-relationship-isNavigable",
      "valueBoolean" : true
    },
    {
      "url" : "http://terminology.hl7.org/StructureDefinition/ext-mif-relationship-relationshipKind",
      "valueCode" : "Generalizes"
    },
    {
      "url" : "http://terminology.hl7.org/StructureDefinition/ext-mif-relationship-inverseName",
      "valueString" : "Specializes"
    }],
    "code" : "Generalizes",
    "description" : "Inverse of Specializes.  Only included as a derived relationship.",
    "type" : "Coding"
  },
  {
    "code" : "internalId",
    "uri" : "http://terminology.hl7.org/CodeSystem/utg-concept-properties#v3-internal-id",
    "description" : "The internal identifier for the concept in the HL7 Access database repository.",
    "type" : "code"
  },
  {
    "code" : "status",
    "uri" : "http://hl7.org/fhir/concept-properties#status",
    "description" : "Designation of a concept's state. Normally is not populated unless the state is retired.",
    "type" : "code"
  }],
  "concept" : [{
    "code" : "AA",
    "display" : "Application Acknowledgement Accept",
    "definition" : "Receiving application successfully processed message.",
    "property" : [{
      "code" : "status",
      "valueCode" : "active"
    },
    {
      "code" : "internalId",
      "valueCode" : "16022"
    }]
  },
  {
    "code" : "AE",
    "display" : "Application Acknowledgement Error",
    "definition" : "Receiving application found error in processing message. Sending error response with additional error detail information.",
    "property" : [{
      "code" : "status",
      "valueCode" : "active"
    },
    {
      "code" : "internalId",
      "valueCode" : "16023"
    }]
  },
  {
    "code" : "AR",
    "display" : "Application Acknowledgement Reject",
    "definition" : "Receiving application failed to process message for reason unrelated to content or format. Original message sender must decide on whether to automatically send message again.",
    "property" : [{
      "code" : "status",
      "valueCode" : "active"
    },
    {
      "code" : "internalId",
      "valueCode" : "16024"
    }]
  },
  {
    "code" : "CA",
    "display" : "Accept Acknowledgement Commit Accept",
    "definition" : "Receiving message handling service accepts responsibility for passing message onto receiving application.",
    "property" : [{
      "code" : "status",
      "valueCode" : "active"
    },
    {
      "code" : "internalId",
      "valueCode" : "16025"
    }]
  },
  {
    "code" : "CE",
    "display" : "Accept Acknowledgement Commit Error",
    "definition" : "Receiving message handling service cannot accept message for any other reason (e.g. message sequence number, etc.).",
    "property" : [{
      "code" : "status",
      "valueCode" : "active"
    },
    {
      "code" : "internalId",
      "valueCode" : "16027"
    }]
  },
  {
    "code" : "CR",
    "display" : "Accept Acknowledgement Commit Reject",
    "definition" : "Receiving message handling service rejects message if interaction identifier, version or processing mode is incompatible with known receiving application role information.",
    "property" : [{
      "code" : "status",
      "valueCode" : "active"
    },
    {
      "code" : "internalId",
      "valueCode" : "16026"
    }]
  }]
}