{
  "resourceType" : "CodeSystem",
  "id" : "measure-improvement-notation",
  "meta" : {
    "lastUpdated" : "2020-04-09T21:10:28.568+00:00"
  },
  "text" : {
    "status" : "generated",
    "div" : "<div xmlns=\"http://www.w3.org/1999/xhtml\"><p>This case-sensitive code system <code>http://terminology.hl7.org/CodeSystem/measure-improvement-notation</code> defines the following codes:</p><table class=\"codes\"><tr><td style=\"white-space:nowrap\"><b>Code</b></td><td><b>Display</b></td><td><b>Definition</b></td></tr><tr><td style=\"white-space:nowrap\">increase<a name=\"measure-improvement-notation-increase\"> </a></td><td>Increased score indicates improvement</td><td>Improvement is indicated as an increase in the score or measurement (e.g. Higher score indicates better quality).</td></tr><tr><td style=\"white-space:nowrap\">decrease<a name=\"measure-improvement-notation-decrease\"> </a></td><td>Decreased score indicates improvement</td><td>Improvement is indicated as a decrease in the score or measurement (e.g. Lower score indicates better quality).</td></tr></table></div>"
  },
  "extension" : [{
    "url" : "http://hl7.org/fhir/StructureDefinition/structuredefinition-wg",
    "valueCode" : "cqi"
  },
  {
    "url" : "http://hl7.org/fhir/StructureDefinition/structuredefinition-fmm",
    "valueInteger" : 2
  }],
  "url" : "http://terminology.hl7.org/CodeSystem/measure-improvement-notation",
  "identifier" : [{
    "system" : "urn:ietf:rfc:3986",
    "value" : "urn:oid:2.16.840.1.113883.4.642.1.1395"
  }],
  "version" : "0.1.0",
  "name" : "MeasureImprovementNotation",
  "title" : "MeasureImprovementNotation",
  "status" : "draft",
  "experimental" : false,
  "date" : "2020-04-09T21:10:28+00:00",
  "publisher" : "SatuSehat",
  "contact" : [{
    "name" : "SatuSehat",
    "telecom" : [{
      "system" : "url",
      "value" : "https://satusehat.kemkes.go.id/"
    },
    {
      "system" : "email",
      "value" : "fhir@dto.kemkes.go.id"
    }]
  }],
  "description" : "Observation values that indicate what change in a measurement value or score is indicative of an improvement in the measured item or scored issue.",
  "copyright" : "This material derives from the HL7 Terminology (THO). THO is copyright ©1989+ Health Level Seven International and is made available under the CC0 designation. For more licensing information see: https://terminology.hl7.org/license",
  "caseSensitive" : true,
  "valueSet" : "http://terminology.hl7.org/ValueSet/measure-improvement-notation",
  "content" : "complete",
  "concept" : [{
    "code" : "increase",
    "display" : "Increased score indicates improvement",
    "definition" : "Improvement is indicated as an increase in the score or measurement (e.g. Higher score indicates better quality)."
  },
  {
    "code" : "decrease",
    "display" : "Decreased score indicates improvement",
    "definition" : "Improvement is indicated as a decrease in the score or measurement (e.g. Lower score indicates better quality)."
  }]
}