{
  "resourceType" : "CodeSystem",
  "id" : "medication-admin-location",
  "meta" : {
    "lastUpdated" : "2020-04-09T21:10:28.568+00:00",
    "profile" : ["http://hl7.org/fhir/StructureDefinition/shareablecodesystem"]
  },
  "text" : {
    "status" : "generated",
    "div" : "<div xmlns=\"http://www.w3.org/1999/xhtml\"><p>This case-sensitive code system <code>http://terminology.hl7.org/CodeSystem/medication-admin-location</code> defines the following codes:</p><table class=\"codes\"><tr><td style=\"white-space:nowrap\"><b>Code</b></td><td><b>Display</b></td><td><b>Definition</b></td></tr><tr><td style=\"white-space:nowrap\">inpatient<a name=\"medication-admin-location-inpatient\"> </a></td><td>Inpatient</td><td>Includes administrations in an inpatient or acute care setting</td></tr><tr><td style=\"white-space:nowrap\">outpatient<a name=\"medication-admin-location-outpatient\"> </a></td><td>Outpatient</td><td>Includes administrations in an outpatient setting (for example, Emergency Department, Outpatient Clinic, Outpatient Surgery, Doctor's office)</td></tr><tr><td style=\"white-space:nowrap\">community<a name=\"medication-admin-location-community\"> </a></td><td>Community</td><td>Includes administrations by the patient in their home (this would include long term care or nursing homes, hospices, etc.)</td></tr></table></div>"
  },
  "extension" : [{
    "url" : "http://hl7.org/fhir/StructureDefinition/structuredefinition-wg",
    "valueCode" : "phx"
  },
  {
    "url" : "http://hl7.org/fhir/StructureDefinition/structuredefinition-fmm",
    "valueInteger" : 1
  }],
  "url" : "http://terminology.hl7.org/CodeSystem/medication-admin-location",
  "identifier" : [{
    "system" : "urn:ietf:rfc:3986",
    "value" : "urn:oid:2.16.840.1.113883.4.642.1.0"
  }],
  "version" : "0.1.0",
  "name" : "MedicationAdministrationLocationCodes",
  "title" : "MedicationAdministration Location Codes",
  "status" : "draft",
  "experimental" : false,
  "date" : "2024-03-09T14:36:19-07:00",
  "publisher" : "SatuSehat",
  "contact" : [{
    "name" : "SatuSehat",
    "telecom" : [{
      "system" : "url",
      "value" : "https://satusehat.kemkes.go.id/"
    },
    {
      "system" : "email",
      "value" : "fhir@dto.kemkes.go.id"
    }]
  }],
  "description" : "MedicationAdministration Location Codes",
  "copyright" : "This material derives from the HL7 Terminology (THO). THO is copyright ©1989+ Health Level Seven International and is made available under the CC0 designation. For more licensing information see: https://terminology.hl7.org/license",
  "caseSensitive" : true,
  "valueSet" : "http://terminology.hl7.org/ValueSet/medication-admin-location",
  "content" : "complete",
  "concept" : [{
    "code" : "inpatient",
    "display" : "Inpatient",
    "definition" : "Includes administrations in an inpatient or acute care setting"
  },
  {
    "code" : "outpatient",
    "display" : "Outpatient",
    "definition" : "Includes administrations in an outpatient setting (for example, Emergency Department, Outpatient Clinic, Outpatient Surgery, Doctor's office)"
  },
  {
    "code" : "community",
    "display" : "Community",
    "definition" : "Includes administrations by the patient in their home (this would include long term care or nursing homes, hospices, etc.)"
  }]
}