{
  "resourceType" : "CodeSystem",
  "id" : "v3-Sequencing",
  "language" : "en",
  "text" : {
    "status" : "generated",
    "div" : "<div xml:lang=\"en\" xmlns=\"http://www.w3.org/1999/xhtml\" lang=\"en\"><p><b>Properties</b></p><p><b>This code system  defines the following properties for its concepts</b></p><table class=\"grid\"><tr><td><b>Code</b></td><td><b>URI</b></td><td><b>Type</b></td><td><b>Description</b></td></tr><tr><td>Specializes</td><td/><td>Coding</td><td>The child code is a more narrow version of the concept represented by the parent code.  I.e. Every child concept is also a valid parent concept.  Used to allow determination of subsumption.  Must be transitive, irreflexive, antisymmetric.</td></tr><tr><td>Generalizes</td><td/><td>Coding</td><td>Inverse of Specializes.  Only included as a derived relationship.</td></tr><tr><td>internalId</td><td>http://terminology.hl7.org/CodeSystem/utg-concept-properties#v3-internal-id</td><td>code</td><td>The internal identifier for the concept in the HL7 Access database repository.</td></tr><tr><td>status</td><td>http://hl7.org/fhir/concept-properties#status</td><td>code</td><td>Designation of a concept's state. Normally is not populated unless the state is retired.</td></tr></table><p><b>Concepts</b></p><p>This case-sensitive code system <code>http://terminology.hl7.org/CodeSystem/v3-Sequencing</code> defines the following codes in a Is-A heirarchy:</p><table class=\"codes\"><tr><td style=\"white-space:nowrap\"><b>Code</b></td><td><b>Display</b></td><td><b>Definition</b></td><td><b>internalId</b></td><td><b>status</b></td></tr><tr><td style=\"white-space:nowrap\">A<a name=\"v3-Sequencing-A\"> </a></td><td>Ascending</td><td>Ascending sequence order.</td><td>10160</td><td>active</td></tr><tr><td style=\"white-space:nowrap\">D<a name=\"v3-Sequencing-D\"> </a></td><td>Descending</td><td>Descending sequence order.</td><td>10161</td><td>active</td></tr><tr><td style=\"white-space:nowrap\">N<a name=\"v3-Sequencing-N\"> </a></td><td>None</td><td>No enforced sequence order.</td><td>10162</td><td>active</td></tr></table></div>"
  },
  "url" : "http://terminology.hl7.org/CodeSystem/v3-Sequencing",
  "identifier" : [{
    "system" : "urn:ietf:rfc:3986",
    "value" : "urn:oid:2.16.840.1.113883.5.113"
  }],
  "version" : "0.1.0",
  "name" : "Sequencing",
  "title" : "Sequencing",
  "status" : "active",
  "experimental" : false,
  "date" : "2019-03-20",
  "publisher" : "SatuSehat",
  "contact" : [{
    "name" : "SatuSehat",
    "telecom" : [{
      "system" : "url",
      "value" : "https://satusehat.kemkes.go.id/"
    },
    {
      "system" : "email",
      "value" : "fhir@dto.kemkes.go.id"
    }]
  }],
  "description" : "Specifies sequence of sort order.",
  "copyright" : "This material derives from the HL7 Terminology THO. THO is copyright ©1989+ Health Level Seven International and is made available under the CC0 designation. For more licensing information see: https://terminology.hl7.org/license",
  "caseSensitive" : true,
  "hierarchyMeaning" : "is-a",
  "content" : "complete",
  "property" : [{
    "extension" : [{
      "url" : "http://terminology.hl7.org/StructureDefinition/ext-mif-relationship-symmetry",
      "valueCode" : "antisymmetric"
    },
    {
      "url" : "http://terminology.hl7.org/StructureDefinition/ext-mif-relationship-transitivity",
      "valueCode" : "transitive"
    },
    {
      "url" : "http://terminology.hl7.org/StructureDefinition/ext-mif-relationship-reflexivity",
      "valueCode" : "irreflexive"
    },
    {
      "url" : "http://terminology.hl7.org/StructureDefinition/ext-mif-relationship-isNavigable",
      "valueBoolean" : true
    },
    {
      "url" : "http://terminology.hl7.org/StructureDefinition/ext-mif-relationship-relationshipKind",
      "valueCode" : "Specializes"
    },
    {
      "url" : "http://terminology.hl7.org/StructureDefinition/ext-mif-relationship-inverseName",
      "valueString" : "Generalizes"
    }],
    "code" : "Specializes",
    "description" : "The child code is a more narrow version of the concept represented by the parent code.  I.e. Every child concept is also a valid parent concept.  Used to allow determination of subsumption.  Must be transitive, irreflexive, antisymmetric.",
    "type" : "Coding"
  },
  {
    "extension" : [{
      "url" : "http://terminology.hl7.org/StructureDefinition/ext-mif-relationship-symmetry",
      "valueCode" : "antisymmetric"
    },
    {
      "url" : "http://terminology.hl7.org/StructureDefinition/ext-mif-relationship-transitivity",
      "valueCode" : "transitive"
    },
    {
      "url" : "http://terminology.hl7.org/StructureDefinition/ext-mif-relationship-reflexivity",
      "valueCode" : "irreflexive"
    },
    {
      "url" : "http://terminology.hl7.org/StructureDefinition/ext-mif-relationship-isNavigable",
      "valueBoolean" : true
    },
    {
      "url" : "http://terminology.hl7.org/StructureDefinition/ext-mif-relationship-relationshipKind",
      "valueCode" : "Generalizes"
    },
    {
      "url" : "http://terminology.hl7.org/StructureDefinition/ext-mif-relationship-inverseName",
      "valueString" : "Specializes"
    }],
    "code" : "Generalizes",
    "description" : "Inverse of Specializes.  Only included as a derived relationship.",
    "type" : "Coding"
  },
  {
    "code" : "internalId",
    "uri" : "http://terminology.hl7.org/CodeSystem/utg-concept-properties#v3-internal-id",
    "description" : "The internal identifier for the concept in the HL7 Access database repository.",
    "type" : "code"
  },
  {
    "code" : "status",
    "uri" : "http://hl7.org/fhir/concept-properties#status",
    "description" : "Designation of a concept's state. Normally is not populated unless the state is retired.",
    "type" : "code"
  }],
  "concept" : [{
    "code" : "A",
    "display" : "Ascending",
    "definition" : "Ascending sequence order.",
    "property" : [{
      "code" : "status",
      "valueCode" : "active"
    },
    {
      "code" : "internalId",
      "valueCode" : "10160"
    }]
  },
  {
    "code" : "D",
    "display" : "Descending",
    "definition" : "Descending sequence order.",
    "property" : [{
      "code" : "status",
      "valueCode" : "active"
    },
    {
      "code" : "internalId",
      "valueCode" : "10161"
    }]
  },
  {
    "code" : "N",
    "display" : "None",
    "definition" : "No enforced sequence order.",
    "property" : [{
      "code" : "status",
      "valueCode" : "active"
    },
    {
      "code" : "internalId",
      "valueCode" : "10162"
    }]
  }]
}