{
  "resourceType" : "CodeSystem",
  "id" : "hl7TermMaintInfra",
  "language" : "en",
  "text" : {
    "status" : "generated",
    "div" : "<div xml:lang=\"en\" xmlns=\"http://www.w3.org/1999/xhtml\" lang=\"en\"><p>This case-sensitive code system <code>http://terminology.hl7.org/CodeSystem/hl7TermMaintInfra</code> defines the following codes in a Is-A heirarchy:</p><table class=\"codes\"><tr><td><b>Lvl</b></td><td style=\"white-space:nowrap\"><b>Code</b></td><td><b>Display</b></td><td><b>Definition</b></td></tr><tr><td>1</td><td style=\"white-space:nowrap\">synonymCode<a name=\"hl7TermMaintInfra-synonymCode\"> </a></td><td>synonymCode</td><td>Notes a different identifying concept representation (code) which is the same concept and thus considered a synonym. Used in UTG CodeSystem extensions.</td></tr><tr><td>1</td><td style=\"white-space:nowrap\">preferredForLanguage<a name=\"hl7TermMaintInfra-preferredForLanguage\"> </a></td><td>Preferred For Language</td><td>Denotes a code designation which is preferred for the identified language among more than one for that language. Used in value set designation-use in FHIR.</td></tr><tr><td>1</td><td style=\"white-space:nowrap\">consumer<a name=\"hl7TermMaintInfra-consumer\"> </a></td><td>Consumer-friendly</td><td>Designation for use in display to non-clinicians and those not in healthcare professions as a more friendly term for coommunication.</td></tr><tr><td>1</td><td style=\"white-space:nowrap\">sponsor<a name=\"hl7TermMaintInfra-sponsor\"> </a></td><td>sponsor</td><td>Sponsor of the terminology object, as defined in the MIF using legacy tooling, and held in the codeSystem.header.contributor.role element.</td></tr><tr><td>1</td><td style=\"white-space:nowrap\">Publisher<a name=\"hl7TermMaintInfra-Publisher\"> </a></td><td>Publisher of the terminology object</td><td>Publisher of the terminology object, as defined in the MIF using legacy tooling, and held in the codeSystem.header.contributor.role element. Typically used only where the developer and steward is different than the organization publishing the code system.</td></tr><tr><td>1</td><td style=\"white-space:nowrap\">HL7REALM<a name=\"hl7TermMaintInfra-HL7REALM\"> </a></td><td>Context Binding Realm for codes HL7 v3</td><td>Abstract root node for the realm codes.</td></tr><tr><td>2</td><td style=\"white-space:nowrap\">\u00a0\u00a0UV<a name=\"hl7TermMaintInfra-UV\"> </a></td><td>Universal Realm</td><td>Universal realm or context, used in every instance</td></tr><tr><td>2</td><td style=\"white-space:nowrap\">\u00a0\u00a0X1<a name=\"hl7TermMaintInfra-X1\"> </a></td><td>Example Realm</td><td>Example Realm</td></tr><tr><td>2</td><td style=\"white-space:nowrap\">\u00a0\u00a0C1<a name=\"hl7TermMaintInfra-C1\"> </a></td><td>Unclassified Realm</td><td>Unclassified Realm</td></tr><tr><td>2</td><td style=\"white-space:nowrap\">\u00a0\u00a0R1<a name=\"hl7TermMaintInfra-R1\"> </a></td><td>Representative Realm</td><td>Representative Realm</td></tr><tr><td>2</td><td style=\"white-space:nowrap\">\u00a0\u00a0US<a name=\"hl7TermMaintInfra-US\"> </a></td><td>United States of America</td><td>United States of America</td></tr><tr><td>1</td><td style=\"white-space:nowrap\">UTGLISTUSE<a name=\"hl7TermMaintInfra-UTGLISTUSE\"> </a></td><td>UTG List Usage Codes</td><td>Abstract root for usage codes in the List resources.</td></tr><tr><td>2</td><td style=\"white-space:nowrap\">\u00a0\u00a0UTGCTGManifest<a name=\"hl7TermMaintInfra-UTGCTGManifest\"> </a></td><td>UTG Control Manifest</td><td>Identifies LIst resouce used as a Manifest for control of publishing and releases in UTG.</td></tr><tr><td>2</td><td style=\"white-space:nowrap\">\u00a0\u00a0UTGRELManifest<a name=\"hl7TermMaintInfra-UTGRELManifest\"> </a></td><td>UTG Release Instance Manifest</td><td>Identifies List resourrce instance used as a Manifest of a release of the HL7 Vocabulary through UTG.</td></tr><tr><td>1</td><td style=\"white-space:nowrap\">MIF<a name=\"hl7TermMaintInfra-MIF\"> </a></td><td/><td>Frouper code for MIF-related terminology</td></tr><tr><td>2</td><td style=\"white-space:nowrap\">\u00a0\u00a0MIF-ConceptRelationshipKind<a name=\"hl7TermMaintInfra-MIF-ConceptRelationshipKind\"> </a></td><td/><td>Grouper code for MIF SupportedConceptRelationship.relationshipKind codes</td></tr><tr><td>3</td><td style=\"white-space:nowrap\">\u00a0\u00a0\u00a0\u00a0Specializes<a name=\"hl7TermMaintInfra-Specializes\"> </a></td><td/><td>The child code is a more narrow version of concept represented by the parent code.  I.e. Every child concept is also a valid parent concept.  Used to allow determination of subsumption.  Must be transitive, irreflexive, antisymetric.</td></tr><tr><td>3</td><td style=\"white-space:nowrap\">\u00a0\u00a0\u00a0\u00a0ComponentOf<a name=\"hl7TermMaintInfra-ComponentOf\"> </a></td><td/><td>The child code is a part of the concept represented by the parent code.  Used to determine allowed nesting, for example of address components.  Must be transitive, irreflexive, antisymetric.</td></tr><tr><td>3</td><td style=\"white-space:nowrap\">\u00a0\u00a0\u00a0\u00a0GroupedBy<a name=\"hl7TermMaintInfra-GroupedBy\"> </a></td><td/><td>The child code is a part of a grouping represented by the parent code.  Used to determine navigational hierarchy not based on a specializes or component relationship.  E.g. ICD9 hierarchy.  Is transitive, irreflexive and antisymetric</td></tr><tr><td>3</td><td style=\"white-space:nowrap\">\u00a0\u00a0\u00a0\u00a0LessThan<a name=\"hl7TermMaintInfra-LessThan\"> </a></td><td/><td>For coded ordeinal code systems, indicates that the specified code is considered less than the related code.  Used to determine relationships for coded ordinals.  Must be transitive, irreflexive, antisymetric.</td></tr><tr><td>3</td><td style=\"white-space:nowrap\">\u00a0\u00a0\u00a0\u00a0DefinitionallyQualifies<a name=\"hl7TermMaintInfra-DefinitionallyQualifies\"> </a></td><td/><td>Identifies a code that can act as a qualifier for the referenced code, both as part of concept definition within the code system and as part of run-time concept definition to determine concepts allowed for use as qualifiers for a concept within a CD datatype.  Must be non-transitive, irreflexive.</td></tr><tr><td>3</td><td style=\"white-space:nowrap\">\u00a0\u00a0\u00a0\u00a0NonDefinitionallyQualifies<a name=\"hl7TermMaintInfra-NonDefinitionallyQualifies\"> </a></td><td/><td>Same as definitionally qualifies, but restricted to only being used at run-time.  Must be non-transitive, irreflexive.</td></tr><tr><td>3</td><td style=\"white-space:nowrap\">\u00a0\u00a0\u00a0\u00a0Generalizes<a name=\"hl7TermMaintInfra-Generalizes\"> </a></td><td/><td>Inverse of Specializes.  Only included as a derived relationship</td></tr><tr><td>3</td><td style=\"white-space:nowrap\">\u00a0\u00a0\u00a0\u00a0Component<a name=\"hl7TermMaintInfra-Component\"> </a></td><td/><td>Inverse of ComponentOf.  Only included as a derived relationship</td></tr><tr><td>3</td><td style=\"white-space:nowrap\">\u00a0\u00a0\u00a0\u00a0InGroup<a name=\"hl7TermMaintInfra-InGroup\"> </a></td><td/><td>Inverse of GroupedBy.  Only included as a derived relationship</td></tr><tr><td>3</td><td style=\"white-space:nowrap\">\u00a0\u00a0\u00a0\u00a0GreaterThan<a name=\"hl7TermMaintInfra-GreaterThan\"> </a></td><td/><td>Inverse of LessThan.  Only included as a derived relationship</td></tr><tr><td>3</td><td style=\"white-space:nowrap\">\u00a0\u00a0\u00a0\u00a0DefinitionallyQualifiedBy<a name=\"hl7TermMaintInfra-DefinitionallyQualifiedBy\"> </a></td><td/><td>Inverse of DefinitionallyQualifies.  Only included as a derived relationship</td></tr><tr><td>3</td><td style=\"white-space:nowrap\">\u00a0\u00a0\u00a0\u00a0NonDefinitionallyQualifiedBy<a name=\"hl7TermMaintInfra-NonDefinitionallyQualifiedBy\"> </a></td><td/><td>Inverse of NonDefinitionallyQualifies.  Only included as a derived relationship</td></tr><tr><td>3</td><td style=\"white-space:nowrap\">\u00a0\u00a0\u00a0\u00a0Other<a name=\"hl7TermMaintInfra-Other\"> </a></td><td/><td>The child code has a relationship with the parent that does not follow one of the pre-defined stereotypical patterns.  Any application behavior based on the relationship must be custom-coded.  Transitivity, Reflexivity and Symmetry must be asserted</td></tr><tr><td>2</td><td style=\"white-space:nowrap\">\u00a0\u00a0MIF-ConceptRelationshipReflexivity<a name=\"hl7TermMaintInfra-MIF-ConceptRelationshipReflexivity\"> </a></td><td/><td>Grouper code for MIF SupportedConceptRelationship.reflexivity codes</td></tr><tr><td>3</td><td style=\"white-space:nowrap\">\u00a0\u00a0\u00a0\u00a0reflexive<a name=\"hl7TermMaintInfra-reflexive\"> </a></td><td/><td>Relationship always holds from a code to itself</td></tr><tr><td>3</td><td style=\"white-space:nowrap\">\u00a0\u00a0\u00a0\u00a0irreflexive<a name=\"hl7TermMaintInfra-irreflexive\"> </a></td><td/><td>Relationship never holds from a code to itself</td></tr><tr><td>2</td><td style=\"white-space:nowrap\">\u00a0\u00a0MIF-ConceptRelationshipSymmetry<a name=\"hl7TermMaintInfra-MIF-ConceptRelationshipSymmetry\"> </a></td><td/><td>Grouper code for MIF SupportedConceptRelationship.symmetry codes</td></tr><tr><td>3</td><td style=\"white-space:nowrap\">\u00a0\u00a0\u00a0\u00a0symmetric<a name=\"hl7TermMaintInfra-symmetric\"> </a></td><td/><td>Relationship always holds from target to source if it holds from source to target</td></tr><tr><td>3</td><td style=\"white-space:nowrap\">\u00a0\u00a0\u00a0\u00a0antisymmetric<a name=\"hl7TermMaintInfra-antisymmetric\"> </a></td><td/><td>Relationship never holds from target to source if it holds from source to target</td></tr><tr><td>2</td><td style=\"white-space:nowrap\">\u00a0\u00a0MIF-ConceptRelationshipTransitivity<a name=\"hl7TermMaintInfra-MIF-ConceptRelationshipTransitivity\"> </a></td><td/><td>Grouper code for MIF SupportedConceptRelationship.transitivity codes</td></tr><tr><td>3</td><td style=\"white-space:nowrap\">\u00a0\u00a0\u00a0\u00a0transitive<a name=\"hl7TermMaintInfra-transitive\"> </a></td><td/><td>If a relationship exists from A to B and B to C, it always holds from A to C as well</td></tr><tr><td>3</td><td style=\"white-space:nowrap\">\u00a0\u00a0\u00a0\u00a0antitransitive<a name=\"hl7TermMaintInfra-antitransitive\"> </a></td><td/><td>If a relationship exists from A to B and B to C, it never holds from A to C as well</td></tr></table></div>"
  },
  "url" : "http://terminology.hl7.org/CodeSystem/hl7TermMaintInfra",
  "version" : "0.1.0",
  "name" : "Hl7TermMaintInfra",
  "title" : "HL7 Terminology Maintenance Infrastructure Vocabulary",
  "status" : "active",
  "experimental" : false,
  "date" : "2018-12-15",
  "publisher" : "SatuSehat",
  "contact" : [{
    "name" : "SatuSehat",
    "telecom" : [{
      "system" : "url",
      "value" : "https://satusehat.kemkes.go.id/"
    },
    {
      "system" : "email",
      "value" : "fhir@dto.kemkes.go.id"
    }]
  }],
  "description" : "Codes that may have been strings or other types of data in pre-existing tooling for V3 and V2 terminology maintenance, and moved to codes in this code system for proper handling in the FHIR based UTG maintenance facilities.",
  "copyright" : "This material derives from the HL7 Terminology (THO). THO is copyright ©1989+ Health Level Seven International and is made available under the CC0 designation. For more licensing information see: https://terminology.hl7.org/license",
  "caseSensitive" : true,
  "hierarchyMeaning" : "is-a",
  "content" : "complete",
  "concept" : [{
    "code" : "synonymCode",
    "display" : "synonymCode",
    "definition" : "Notes a different identifying concept representation (code) which is the same concept and thus considered a synonym. Used in UTG CodeSystem extensions."
  },
  {
    "code" : "preferredForLanguage",
    "display" : "Preferred For Language",
    "definition" : "Denotes a code designation which is preferred for the identified language among more than one for that language. Used in value set designation-use in FHIR."
  },
  {
    "code" : "consumer",
    "display" : "Consumer-friendly",
    "definition" : "Designation for use in display to non-clinicians and those not in healthcare professions as a more friendly term for coommunication."
  },
  {
    "code" : "sponsor",
    "display" : "sponsor",
    "definition" : "Sponsor of the terminology object, as defined in the MIF using legacy tooling, and held in the codeSystem.header.contributor.role element."
  },
  {
    "code" : "Publisher",
    "display" : "Publisher of the terminology object",
    "definition" : "Publisher of the terminology object, as defined in the MIF using legacy tooling, and held in the codeSystem.header.contributor.role element. Typically used only where the developer and steward is different than the organization publishing the code system."
  },
  {
    "code" : "HL7REALM",
    "display" : "Context Binding Realm for codes HL7 v3",
    "definition" : "Abstract root node for the realm codes.",
    "concept" : [{
      "code" : "UV",
      "display" : "Universal Realm",
      "definition" : "Universal realm or context, used in every instance"
    },
    {
      "code" : "X1",
      "display" : "Example Realm",
      "definition" : "Example Realm"
    },
    {
      "code" : "C1",
      "display" : "Unclassified Realm",
      "definition" : "Unclassified Realm"
    },
    {
      "code" : "R1",
      "display" : "Representative Realm",
      "definition" : "Representative Realm"
    },
    {
      "code" : "US",
      "display" : "United States of America",
      "definition" : "United States of America"
    }]
  },
  {
    "code" : "UTGLISTUSE",
    "display" : "UTG List Usage Codes",
    "definition" : "Abstract root for usage codes in the List resources.",
    "concept" : [{
      "code" : "UTGCTGManifest",
      "display" : "UTG Control Manifest",
      "definition" : "Identifies LIst resouce used as a Manifest for control of publishing and releases in UTG."
    },
    {
      "code" : "UTGRELManifest",
      "display" : "UTG Release Instance Manifest",
      "definition" : "Identifies List resourrce instance used as a Manifest of a release of the HL7 Vocabulary through UTG."
    }]
  },
  {
    "code" : "MIF",
    "definition" : "Frouper code for MIF-related terminology",
    "concept" : [{
      "code" : "MIF-ConceptRelationshipKind",
      "definition" : "Grouper code for MIF SupportedConceptRelationship.relationshipKind codes",
      "concept" : [{
        "code" : "Specializes",
        "definition" : "The child code is a more narrow version of concept represented by the parent code.  I.e. Every child concept is also a valid parent concept.  Used to allow determination of subsumption.  Must be transitive, irreflexive, antisymetric."
      },
      {
        "code" : "ComponentOf",
        "definition" : "The child code is a part of the concept represented by the parent code.  Used to determine allowed nesting, for example of address components.  Must be transitive, irreflexive, antisymetric."
      },
      {
        "code" : "GroupedBy",
        "definition" : "The child code is a part of a grouping represented by the parent code.  Used to determine navigational hierarchy not based on a specializes or component relationship.  E.g. ICD9 hierarchy.  Is transitive, irreflexive and antisymetric"
      },
      {
        "code" : "LessThan",
        "definition" : "For coded ordeinal code systems, indicates that the specified code is considered less than the related code.  Used to determine relationships for coded ordinals.  Must be transitive, irreflexive, antisymetric."
      },
      {
        "code" : "DefinitionallyQualifies",
        "definition" : "Identifies a code that can act as a qualifier for the referenced code, both as part of concept definition within the code system and as part of run-time concept definition to determine concepts allowed for use as qualifiers for a concept within a CD datatype.  Must be non-transitive, irreflexive."
      },
      {
        "code" : "NonDefinitionallyQualifies",
        "definition" : "Same as definitionally qualifies, but restricted to only being used at run-time.  Must be non-transitive, irreflexive."
      },
      {
        "code" : "Generalizes",
        "definition" : "Inverse of Specializes.  Only included as a derived relationship"
      },
      {
        "code" : "Component",
        "definition" : "Inverse of ComponentOf.  Only included as a derived relationship"
      },
      {
        "code" : "InGroup",
        "definition" : "Inverse of GroupedBy.  Only included as a derived relationship"
      },
      {
        "code" : "GreaterThan",
        "definition" : "Inverse of LessThan.  Only included as a derived relationship"
      },
      {
        "code" : "DefinitionallyQualifiedBy",
        "definition" : "Inverse of DefinitionallyQualifies.  Only included as a derived relationship"
      },
      {
        "code" : "NonDefinitionallyQualifiedBy",
        "definition" : "Inverse of NonDefinitionallyQualifies.  Only included as a derived relationship"
      },
      {
        "code" : "Other",
        "definition" : "The child code has a relationship with the parent that does not follow one of the pre-defined stereotypical patterns.  Any application behavior based on the relationship must be custom-coded.  Transitivity, Reflexivity and Symmetry must be asserted"
      }]
    },
    {
      "code" : "MIF-ConceptRelationshipReflexivity",
      "definition" : "Grouper code for MIF SupportedConceptRelationship.reflexivity codes",
      "concept" : [{
        "code" : "reflexive",
        "definition" : "Relationship always holds from a code to itself"
      },
      {
        "code" : "irreflexive",
        "definition" : "Relationship never holds from a code to itself"
      }]
    },
    {
      "code" : "MIF-ConceptRelationshipSymmetry",
      "definition" : "Grouper code for MIF SupportedConceptRelationship.symmetry codes",
      "concept" : [{
        "code" : "symmetric",
        "definition" : "Relationship always holds from target to source if it holds from source to target"
      },
      {
        "code" : "antisymmetric",
        "definition" : "Relationship never holds from target to source if it holds from source to target"
      }]
    },
    {
      "code" : "MIF-ConceptRelationshipTransitivity",
      "definition" : "Grouper code for MIF SupportedConceptRelationship.transitivity codes",
      "concept" : [{
        "code" : "transitive",
        "definition" : "If a relationship exists from A to B and B to C, it always holds from A to C as well"
      },
      {
        "code" : "antitransitive",
        "definition" : "If a relationship exists from A to B and B to C, it never holds from A to C as well"
      }]
    }]
  }]
}