{
  "resourceType" : "CodeSystem",
  "id" : "allerg-intol-substance-exp-risk",
  "meta" : {
    "lastUpdated" : "2020-04-09T21:10:28.568+00:00"
  },
  "text" : {
    "status" : "generated",
    "div" : "<div xmlns=\"http://www.w3.org/1999/xhtml\"><p>This case-sensitive code system <code>http://terminology.hl7.org/CodeSystem/allerg-intol-substance-exp-risk</code> defines the following codes:</p><table class=\"codes\"><tr><td style=\"white-space:nowrap\"><b>Code</b></td><td><b>Display</b></td><td><b>Definition</b></td></tr><tr><td style=\"white-space:nowrap\">known-reaction-risk<a name=\"allerg-intol-substance-exp-risk-known-reaction-risk\"> </a></td><td>Known Reaction Risk</td><td>Known risk of allergy or intolerance reaction upon exposure to the specified substance.</td></tr><tr><td style=\"white-space:nowrap\">no-known-reaction-risk<a name=\"allerg-intol-substance-exp-risk-no-known-reaction-risk\"> </a></td><td>No Known Reaction Risk</td><td>No known risk of allergy or intolerance reaction upon exposure to the specified substance.</td></tr></table></div>"
  },
  "url" : "http://terminology.hl7.org/CodeSystem/allerg-intol-substance-exp-risk",
  "identifier" : [{
    "system" : "urn:ietf:rfc:3986",
    "value" : "urn:oid:2.16.840.1.113883.4.642.1.1275"
  }],
  "version" : "0.1.0",
  "name" : "AllergyIntoleranceSubstanceExposureRisk",
  "title" : "AllergyIntoleranceSubstanceExposureRisk",
  "status" : "draft",
  "experimental" : false,
  "date" : "2020-04-09T21:10:28+00:00",
  "publisher" : "SatuSehat",
  "contact" : [{
    "name" : "SatuSehat",
    "telecom" : [{
      "system" : "url",
      "value" : "https://satusehat.kemkes.go.id/"
    },
    {
      "system" : "email",
      "value" : "fhir@dto.kemkes.go.id"
    }]
  }],
  "description" : "The risk of an adverse reaction (allergy or intolerance) for this patient upon exposure to the substance (including pharmaceutical products).",
  "copyright" : "This material derives from the HL7 Terminology (THO). THO is copyright ©1989+ Health Level Seven International and is made available under the CC0 designation. For more licensing information see: https://terminology.hl7.org/license",
  "caseSensitive" : true,
  "valueSet" : "http://terminology.hl7.org/ValueSet/allerg-intol-substance-exp-risk",
  "content" : "complete",
  "concept" : [{
    "code" : "known-reaction-risk",
    "display" : "Known Reaction Risk",
    "definition" : "Known risk of allergy or intolerance reaction upon exposure to the specified substance."
  },
  {
    "code" : "no-known-reaction-risk",
    "display" : "No Known Reaction Risk",
    "definition" : "No known risk of allergy or intolerance reaction upon exposure to the specified substance."
  }]
}