{
  "resourceType" : "CodeSystem",
  "id" : "v3-scpqual",
  "text" : {
    "status" : "generated",
    "div" : "<div xmlns=\"http://www.w3.org/1999/xhtml\"><p>This case-sensitive code system <code>https://fhir.infoway-inforoute.ca/CodeSystem/scpqual</code> defines codes, but no codes are represented here</p></div>"
  },
  "url" : "https://fhir.infoway-inforoute.ca/CodeSystem/scpqual",
  "identifier" : [{
    "system" : "urn:ietf:rfc:3986",
    "value" : "urn:oid:2.16.840.1.113883.2.20.5.4"
  }],
  "version" : "0.1.0",
  "name" : "Scpqual",
  "title" : "pan-Canadian Provider Qualification Types",
  "status" : "active",
  "experimental" : false,
  "date" : "2019-03-20T00:00:00-04:00",
  "publisher" : "SatuSehat",
  "contact" : [{
    "name" : "SatuSehat",
    "telecom" : [{
      "system" : "url",
      "value" : "https://satusehat.kemkes.go.id/"
    },
    {
      "system" : "email",
      "value" : "fhir@dto.kemkes.go.id"
    }]
  }],
  "description" : "SCPQUAL is used to encode the degree or educational rank of a healthcare provider credential as defined by the various Royal Canadian Professional Medical Collages. It is also supports the encoding “Expertise type” in the pan-Canadian version 3 messages",
  "caseSensitive" : true,
  "content" : "not-present"
}