{
  "resourceType" : "CodeSystem",
  "id" : "v3-ReligiousAffiliation",
  "language" : "en",
  "text" : {
    "status" : "generated",
    "div" : "<div xml:lang=\"en\" xmlns=\"http://www.w3.org/1999/xhtml\" lang=\"en\"><p><b>Properties</b></p><p><b>This code system  defines the following properties for its concepts</b></p><table class=\"grid\"><tr><td><b>Code</b></td><td><b>URI</b></td><td><b>Type</b></td><td><b>Description</b></td></tr><tr><td>Specializes</td><td/><td>Coding</td><td>The child code is a more narrow version of the concept represented by the parent code.  I.e. Every child concept is also a valid parent concept.  Used to allow determination of subsumption.  Must be transitive, irreflexive, antisymmetric.</td></tr><tr><td>Generalizes</td><td/><td>Coding</td><td>Inverse of Specializes.  Only included as a derived relationship.</td></tr><tr><td>internalId</td><td>http://terminology.hl7.org/CodeSystem/utg-concept-properties#v3-internal-id</td><td>code</td><td>The internal identifier for the concept in the HL7 Access database repository.</td></tr><tr><td>status</td><td>http://hl7.org/fhir/concept-properties#status</td><td>code</td><td>Designation of a concept's state. Normally is not populated unless the state is retired.</td></tr></table><p><b>Concepts</b></p><p>This case-sensitive code system <code>http://terminology.hl7.org/CodeSystem/v3-ReligiousAffiliation</code> defines the following codes in a Is-A heirarchy:</p><table class=\"codes\"><tr><td style=\"white-space:nowrap\"><b>Code</b></td><td><b>Display</b></td><td><b>internalId</b></td><td><b>status</b></td></tr><tr><td style=\"white-space:nowrap\">1001<a name=\"v3-ReligiousAffiliation-1001\"> </a></td><td>Adventist</td><td>19186</td><td>active</td></tr><tr><td style=\"white-space:nowrap\">1002<a name=\"v3-ReligiousAffiliation-1002\"> </a></td><td>African Religions</td><td>19187</td><td>active</td></tr><tr><td style=\"white-space:nowrap\">1003<a name=\"v3-ReligiousAffiliation-1003\"> </a></td><td>Afro-Caribbean Religions</td><td>19188</td><td>active</td></tr><tr><td style=\"white-space:nowrap\">1004<a name=\"v3-ReligiousAffiliation-1004\"> </a></td><td>Agnosticism</td><td>19189</td><td>active</td></tr><tr><td style=\"white-space:nowrap\">1005<a name=\"v3-ReligiousAffiliation-1005\"> </a></td><td>Anglican</td><td>19190</td><td>active</td></tr><tr><td style=\"white-space:nowrap\">1006<a name=\"v3-ReligiousAffiliation-1006\"> </a></td><td>Animism</td><td>19191</td><td>active</td></tr><tr><td style=\"white-space:nowrap\">1007<a name=\"v3-ReligiousAffiliation-1007\"> </a></td><td>Atheism</td><td>19192</td><td>active</td></tr><tr><td style=\"white-space:nowrap\">1008<a name=\"v3-ReligiousAffiliation-1008\"> </a></td><td>Babi &amp; Baha'I faiths</td><td>19193</td><td>active</td></tr><tr><td style=\"white-space:nowrap\">1009<a name=\"v3-ReligiousAffiliation-1009\"> </a></td><td>Baptist</td><td>19194</td><td>active</td></tr><tr><td style=\"white-space:nowrap\">1010<a name=\"v3-ReligiousAffiliation-1010\"> </a></td><td>Bon</td><td>19195</td><td>active</td></tr><tr><td style=\"white-space:nowrap\">1011<a name=\"v3-ReligiousAffiliation-1011\"> </a></td><td>Cao Dai</td><td>19196</td><td>active</td></tr><tr><td style=\"white-space:nowrap\">1012<a name=\"v3-ReligiousAffiliation-1012\"> </a></td><td>Celticism</td><td>19197</td><td>active</td></tr><tr><td style=\"white-space:nowrap\">1013<a name=\"v3-ReligiousAffiliation-1013\"> </a></td><td>Christian (non-Catholic, non-specific)</td><td>19198</td><td>active</td></tr><tr><td style=\"white-space:nowrap\">1014<a name=\"v3-ReligiousAffiliation-1014\"> </a></td><td>Confucianism</td><td>19199</td><td>active</td></tr><tr><td style=\"white-space:nowrap\">1015<a name=\"v3-ReligiousAffiliation-1015\"> </a></td><td>Cyberculture Religions</td><td>19200</td><td>active</td></tr><tr><td style=\"white-space:nowrap\">1016<a name=\"v3-ReligiousAffiliation-1016\"> </a></td><td>Divination</td><td>19201</td><td>active</td></tr><tr><td style=\"white-space:nowrap\">1017<a name=\"v3-ReligiousAffiliation-1017\"> </a></td><td>Fourth Way</td><td>19202</td><td>active</td></tr><tr><td style=\"white-space:nowrap\">1018<a name=\"v3-ReligiousAffiliation-1018\"> </a></td><td>Free Daism</td><td>19203</td><td>active</td></tr><tr><td style=\"white-space:nowrap\">1019<a name=\"v3-ReligiousAffiliation-1019\"> </a></td><td>Gnosis</td><td>19204</td><td>active</td></tr><tr><td style=\"white-space:nowrap\">1020<a name=\"v3-ReligiousAffiliation-1020\"> </a></td><td>Hinduism</td><td>19205</td><td>active</td></tr><tr><td style=\"white-space:nowrap\">1021<a name=\"v3-ReligiousAffiliation-1021\"> </a></td><td>Humanism</td><td>19206</td><td>active</td></tr><tr><td style=\"white-space:nowrap\">1022<a name=\"v3-ReligiousAffiliation-1022\"> </a></td><td>Independent</td><td>19207</td><td>active</td></tr><tr><td style=\"white-space:nowrap\">1023<a name=\"v3-ReligiousAffiliation-1023\"> </a></td><td>Islam</td><td>19208</td><td>active</td></tr><tr><td style=\"white-space:nowrap\">1024<a name=\"v3-ReligiousAffiliation-1024\"> </a></td><td>Jainism</td><td>19209</td><td>active</td></tr><tr><td style=\"white-space:nowrap\">1025<a name=\"v3-ReligiousAffiliation-1025\"> </a></td><td>Jehovah's Witnesses</td><td>19210</td><td>active</td></tr><tr><td style=\"white-space:nowrap\">1026<a name=\"v3-ReligiousAffiliation-1026\"> </a></td><td>Judaism</td><td>19211</td><td>active</td></tr><tr><td style=\"white-space:nowrap\">1027<a name=\"v3-ReligiousAffiliation-1027\"> </a></td><td>Latter Day Saints</td><td>19212</td><td>active</td></tr><tr><td style=\"white-space:nowrap\">1028<a name=\"v3-ReligiousAffiliation-1028\"> </a></td><td>Lutheran</td><td>19213</td><td>active</td></tr><tr><td style=\"white-space:nowrap\">1029<a name=\"v3-ReligiousAffiliation-1029\"> </a></td><td>Mahayana</td><td>19214</td><td>active</td></tr><tr><td style=\"white-space:nowrap\">1030<a name=\"v3-ReligiousAffiliation-1030\"> </a></td><td>Meditation</td><td>19215</td><td>active</td></tr><tr><td style=\"white-space:nowrap\">1031<a name=\"v3-ReligiousAffiliation-1031\"> </a></td><td>Messianic Judaism</td><td>19216</td><td>active</td></tr><tr><td style=\"white-space:nowrap\">1032<a name=\"v3-ReligiousAffiliation-1032\"> </a></td><td>Mitraism</td><td>19217</td><td>active</td></tr><tr><td style=\"white-space:nowrap\">1033<a name=\"v3-ReligiousAffiliation-1033\"> </a></td><td>New Age</td><td>19218</td><td>active</td></tr><tr><td style=\"white-space:nowrap\">1034<a name=\"v3-ReligiousAffiliation-1034\"> </a></td><td>non-Roman Catholic</td><td>19219</td><td>active</td></tr><tr><td style=\"white-space:nowrap\">1035<a name=\"v3-ReligiousAffiliation-1035\"> </a></td><td>Occult</td><td>19220</td><td>active</td></tr><tr><td style=\"white-space:nowrap\">1036<a name=\"v3-ReligiousAffiliation-1036\"> </a></td><td>Orthodox</td><td>19221</td><td>active</td></tr><tr><td style=\"white-space:nowrap\">1037<a name=\"v3-ReligiousAffiliation-1037\"> </a></td><td>Paganism</td><td>19222</td><td>active</td></tr><tr><td style=\"white-space:nowrap\">1038<a name=\"v3-ReligiousAffiliation-1038\"> </a></td><td>Pentecostal</td><td>19223</td><td>active</td></tr><tr><td style=\"white-space:nowrap\">1039<a name=\"v3-ReligiousAffiliation-1039\"> </a></td><td>Process, The</td><td>19224</td><td>active</td></tr><tr><td style=\"white-space:nowrap\">1040<a name=\"v3-ReligiousAffiliation-1040\"> </a></td><td>Reformed/Presbyterian</td><td>19225</td><td>active</td></tr><tr><td style=\"white-space:nowrap\">1041<a name=\"v3-ReligiousAffiliation-1041\"> </a></td><td>Roman Catholic Church</td><td>19226</td><td>active</td></tr><tr><td style=\"white-space:nowrap\">1042<a name=\"v3-ReligiousAffiliation-1042\"> </a></td><td>Satanism</td><td>19227</td><td>active</td></tr><tr><td style=\"white-space:nowrap\">1043<a name=\"v3-ReligiousAffiliation-1043\"> </a></td><td>Scientology</td><td>19228</td><td>active</td></tr><tr><td style=\"white-space:nowrap\">1044<a name=\"v3-ReligiousAffiliation-1044\"> </a></td><td>Shamanism</td><td>19229</td><td>active</td></tr><tr><td style=\"white-space:nowrap\">1045<a name=\"v3-ReligiousAffiliation-1045\"> </a></td><td>Shiite (Islam)</td><td>19230</td><td>active</td></tr><tr><td style=\"white-space:nowrap\">1046<a name=\"v3-ReligiousAffiliation-1046\"> </a></td><td>Shinto</td><td>19231</td><td>active</td></tr><tr><td style=\"white-space:nowrap\">1047<a name=\"v3-ReligiousAffiliation-1047\"> </a></td><td>Sikism</td><td>19232</td><td>active</td></tr><tr><td style=\"white-space:nowrap\">1048<a name=\"v3-ReligiousAffiliation-1048\"> </a></td><td>Spiritualism</td><td>19233</td><td>active</td></tr><tr><td style=\"white-space:nowrap\">1049<a name=\"v3-ReligiousAffiliation-1049\"> </a></td><td>Sunni (Islam)</td><td>19234</td><td>active</td></tr><tr><td style=\"white-space:nowrap\">1050<a name=\"v3-ReligiousAffiliation-1050\"> </a></td><td>Taoism</td><td>19235</td><td>active</td></tr><tr><td style=\"white-space:nowrap\">1051<a name=\"v3-ReligiousAffiliation-1051\"> </a></td><td>Theravada</td><td>19236</td><td>active</td></tr><tr><td style=\"white-space:nowrap\">1052<a name=\"v3-ReligiousAffiliation-1052\"> </a></td><td>Unitarian-Universalism</td><td>19237</td><td>active</td></tr><tr><td style=\"white-space:nowrap\">1053<a name=\"v3-ReligiousAffiliation-1053\"> </a></td><td>Universal Life Church</td><td>19238</td><td>active</td></tr><tr><td style=\"white-space:nowrap\">1054<a name=\"v3-ReligiousAffiliation-1054\"> </a></td><td>Vajrayana (Tibetan)</td><td>19239</td><td>active</td></tr><tr><td style=\"white-space:nowrap\">1055<a name=\"v3-ReligiousAffiliation-1055\"> </a></td><td>Veda</td><td>19240</td><td>active</td></tr><tr><td style=\"white-space:nowrap\">1056<a name=\"v3-ReligiousAffiliation-1056\"> </a></td><td>Voodoo</td><td>19241</td><td>active</td></tr><tr><td style=\"white-space:nowrap\">1057<a name=\"v3-ReligiousAffiliation-1057\"> </a></td><td>Wicca</td><td>19242</td><td>active</td></tr><tr><td style=\"white-space:nowrap\">1058<a name=\"v3-ReligiousAffiliation-1058\"> </a></td><td>Yaohushua</td><td>19243</td><td>active</td></tr><tr><td style=\"white-space:nowrap\">1059<a name=\"v3-ReligiousAffiliation-1059\"> </a></td><td>Zen Buddhism</td><td>19244</td><td>active</td></tr><tr><td style=\"white-space:nowrap\">1060<a name=\"v3-ReligiousAffiliation-1060\"> </a></td><td>Zoroastrianism</td><td>19245</td><td>active</td></tr><tr><td style=\"white-space:nowrap\">1061<a name=\"v3-ReligiousAffiliation-1061\"> </a></td><td>Assembly of God</td><td>21466</td><td>active</td></tr><tr><td style=\"white-space:nowrap\">1062<a name=\"v3-ReligiousAffiliation-1062\"> </a></td><td>Brethren</td><td>21467</td><td>active</td></tr><tr><td style=\"white-space:nowrap\">1063<a name=\"v3-ReligiousAffiliation-1063\"> </a></td><td>Christian Scientist</td><td>21468</td><td>active</td></tr><tr><td style=\"white-space:nowrap\">1064<a name=\"v3-ReligiousAffiliation-1064\"> </a></td><td>Church of Christ</td><td>21469</td><td>active</td></tr><tr><td style=\"white-space:nowrap\">1065<a name=\"v3-ReligiousAffiliation-1065\"> </a></td><td>Church of God</td><td>21470</td><td>active</td></tr><tr><td style=\"white-space:nowrap\">1066<a name=\"v3-ReligiousAffiliation-1066\"> </a></td><td>Congregational</td><td>21471</td><td>active</td></tr><tr><td style=\"white-space:nowrap\">1067<a name=\"v3-ReligiousAffiliation-1067\"> </a></td><td>Disciples of Christ</td><td>21472</td><td>active</td></tr><tr><td style=\"white-space:nowrap\">1068<a name=\"v3-ReligiousAffiliation-1068\"> </a></td><td>Eastern Orthodox</td><td>21473</td><td>active</td></tr><tr><td style=\"white-space:nowrap\">1069<a name=\"v3-ReligiousAffiliation-1069\"> </a></td><td>Episcopalian</td><td>21474</td><td>active</td></tr><tr><td style=\"white-space:nowrap\">1070<a name=\"v3-ReligiousAffiliation-1070\"> </a></td><td>Evangelical Covenant</td><td>21475</td><td>active</td></tr><tr><td style=\"white-space:nowrap\">1071<a name=\"v3-ReligiousAffiliation-1071\"> </a></td><td>Friends</td><td>21476</td><td>active</td></tr><tr><td style=\"white-space:nowrap\">1072<a name=\"v3-ReligiousAffiliation-1072\"> </a></td><td>Full Gospel</td><td>21477</td><td>active</td></tr><tr><td style=\"white-space:nowrap\">1073<a name=\"v3-ReligiousAffiliation-1073\"> </a></td><td>Methodist</td><td>21478</td><td>active</td></tr><tr><td style=\"white-space:nowrap\">1074<a name=\"v3-ReligiousAffiliation-1074\"> </a></td><td>Native American</td><td>21479</td><td>active</td></tr><tr><td style=\"white-space:nowrap\">1075<a name=\"v3-ReligiousAffiliation-1075\"> </a></td><td>Nazarene</td><td>21480</td><td>active</td></tr><tr><td style=\"white-space:nowrap\">1076<a name=\"v3-ReligiousAffiliation-1076\"> </a></td><td>Presbyterian</td><td>21481</td><td>active</td></tr><tr><td style=\"white-space:nowrap\">1077<a name=\"v3-ReligiousAffiliation-1077\"> </a></td><td>Protestant</td><td>21482</td><td>active</td></tr><tr><td style=\"white-space:nowrap\">1078<a name=\"v3-ReligiousAffiliation-1078\"> </a></td><td>Protestant, No Denomination</td><td>21483</td><td>active</td></tr><tr><td style=\"white-space:nowrap\">1079<a name=\"v3-ReligiousAffiliation-1079\"> </a></td><td>Reformed</td><td>21484</td><td>active</td></tr><tr><td style=\"white-space:nowrap\">1080<a name=\"v3-ReligiousAffiliation-1080\"> </a></td><td>Salvation Army</td><td>21485</td><td>active</td></tr><tr><td style=\"white-space:nowrap\">1081<a name=\"v3-ReligiousAffiliation-1081\"> </a></td><td>Unitarian Universalist</td><td>21486</td><td>active</td></tr><tr><td style=\"white-space:nowrap\">1082<a name=\"v3-ReligiousAffiliation-1082\"> </a></td><td>United Church of Christ</td><td>21487</td><td>active</td></tr></table></div>"
  },
  "url" : "http://terminology.hl7.org/CodeSystem/v3-ReligiousAffiliation",
  "identifier" : [{
    "system" : "urn:ietf:rfc:3986",
    "value" : "urn:oid:2.16.840.1.113883.5.1076"
  }],
  "version" : "0.1.0",
  "name" : "ReligiousAffiliation",
  "title" : "Religious Affiliation",
  "status" : "active",
  "experimental" : false,
  "date" : "2019-03-20",
  "publisher" : "SatuSehat",
  "contact" : [{
    "name" : "SatuSehat",
    "telecom" : [{
      "system" : "url",
      "value" : "https://satusehat.kemkes.go.id/"
    },
    {
      "system" : "email",
      "value" : "fhir@dto.kemkes.go.id"
    }]
  }],
  "description" : "Assigment of spiritual faith affiliation",
  "copyright" : "This material derives from the HL7 Terminology THO. THO is copyright ©1989+ Health Level Seven International and is made available under the CC0 designation. For more licensing information see: https://terminology.hl7.org/license",
  "caseSensitive" : true,
  "hierarchyMeaning" : "is-a",
  "content" : "complete",
  "property" : [{
    "extension" : [{
      "url" : "http://terminology.hl7.org/StructureDefinition/ext-mif-relationship-symmetry",
      "valueCode" : "antisymmetric"
    },
    {
      "url" : "http://terminology.hl7.org/StructureDefinition/ext-mif-relationship-transitivity",
      "valueCode" : "transitive"
    },
    {
      "url" : "http://terminology.hl7.org/StructureDefinition/ext-mif-relationship-reflexivity",
      "valueCode" : "irreflexive"
    },
    {
      "url" : "http://terminology.hl7.org/StructureDefinition/ext-mif-relationship-isNavigable",
      "valueBoolean" : true
    },
    {
      "url" : "http://terminology.hl7.org/StructureDefinition/ext-mif-relationship-relationshipKind",
      "valueCode" : "Specializes"
    },
    {
      "url" : "http://terminology.hl7.org/StructureDefinition/ext-mif-relationship-inverseName",
      "valueString" : "Generalizes"
    }],
    "code" : "Specializes",
    "description" : "The child code is a more narrow version of the concept represented by the parent code.  I.e. Every child concept is also a valid parent concept.  Used to allow determination of subsumption.  Must be transitive, irreflexive, antisymmetric.",
    "type" : "Coding"
  },
  {
    "extension" : [{
      "url" : "http://terminology.hl7.org/StructureDefinition/ext-mif-relationship-symmetry",
      "valueCode" : "antisymmetric"
    },
    {
      "url" : "http://terminology.hl7.org/StructureDefinition/ext-mif-relationship-transitivity",
      "valueCode" : "transitive"
    },
    {
      "url" : "http://terminology.hl7.org/StructureDefinition/ext-mif-relationship-reflexivity",
      "valueCode" : "irreflexive"
    },
    {
      "url" : "http://terminology.hl7.org/StructureDefinition/ext-mif-relationship-isNavigable",
      "valueBoolean" : true
    },
    {
      "url" : "http://terminology.hl7.org/StructureDefinition/ext-mif-relationship-relationshipKind",
      "valueCode" : "Generalizes"
    },
    {
      "url" : "http://terminology.hl7.org/StructureDefinition/ext-mif-relationship-inverseName",
      "valueString" : "Specializes"
    }],
    "code" : "Generalizes",
    "description" : "Inverse of Specializes.  Only included as a derived relationship.",
    "type" : "Coding"
  },
  {
    "code" : "internalId",
    "uri" : "http://terminology.hl7.org/CodeSystem/utg-concept-properties#v3-internal-id",
    "description" : "The internal identifier for the concept in the HL7 Access database repository.",
    "type" : "code"
  },
  {
    "code" : "status",
    "uri" : "http://hl7.org/fhir/concept-properties#status",
    "description" : "Designation of a concept's state. Normally is not populated unless the state is retired.",
    "type" : "code"
  }],
  "concept" : [{
    "code" : "1001",
    "display" : "Adventist",
    "property" : [{
      "code" : "status",
      "valueCode" : "active"
    },
    {
      "code" : "internalId",
      "valueCode" : "19186"
    }]
  },
  {
    "code" : "1002",
    "display" : "African Religions",
    "property" : [{
      "code" : "status",
      "valueCode" : "active"
    },
    {
      "code" : "internalId",
      "valueCode" : "19187"
    }]
  },
  {
    "code" : "1003",
    "display" : "Afro-Caribbean Religions",
    "property" : [{
      "code" : "status",
      "valueCode" : "active"
    },
    {
      "code" : "internalId",
      "valueCode" : "19188"
    }]
  },
  {
    "code" : "1004",
    "display" : "Agnosticism",
    "property" : [{
      "code" : "status",
      "valueCode" : "active"
    },
    {
      "code" : "internalId",
      "valueCode" : "19189"
    }]
  },
  {
    "code" : "1005",
    "display" : "Anglican",
    "property" : [{
      "code" : "status",
      "valueCode" : "active"
    },
    {
      "code" : "internalId",
      "valueCode" : "19190"
    }]
  },
  {
    "code" : "1006",
    "display" : "Animism",
    "property" : [{
      "code" : "status",
      "valueCode" : "active"
    },
    {
      "code" : "internalId",
      "valueCode" : "19191"
    }]
  },
  {
    "code" : "1007",
    "display" : "Atheism",
    "property" : [{
      "code" : "status",
      "valueCode" : "active"
    },
    {
      "code" : "internalId",
      "valueCode" : "19192"
    }]
  },
  {
    "code" : "1008",
    "display" : "Babi & Baha'I faiths",
    "property" : [{
      "code" : "status",
      "valueCode" : "active"
    },
    {
      "code" : "internalId",
      "valueCode" : "19193"
    }]
  },
  {
    "code" : "1009",
    "display" : "Baptist",
    "property" : [{
      "code" : "status",
      "valueCode" : "active"
    },
    {
      "code" : "internalId",
      "valueCode" : "19194"
    }]
  },
  {
    "code" : "1010",
    "display" : "Bon",
    "property" : [{
      "code" : "status",
      "valueCode" : "active"
    },
    {
      "code" : "internalId",
      "valueCode" : "19195"
    }]
  },
  {
    "code" : "1011",
    "display" : "Cao Dai",
    "property" : [{
      "code" : "status",
      "valueCode" : "active"
    },
    {
      "code" : "internalId",
      "valueCode" : "19196"
    }]
  },
  {
    "code" : "1012",
    "display" : "Celticism",
    "property" : [{
      "code" : "status",
      "valueCode" : "active"
    },
    {
      "code" : "internalId",
      "valueCode" : "19197"
    }]
  },
  {
    "code" : "1013",
    "display" : "Christian (non-Catholic, non-specific)",
    "property" : [{
      "code" : "status",
      "valueCode" : "active"
    },
    {
      "code" : "internalId",
      "valueCode" : "19198"
    }]
  },
  {
    "code" : "1014",
    "display" : "Confucianism",
    "property" : [{
      "code" : "status",
      "valueCode" : "active"
    },
    {
      "code" : "internalId",
      "valueCode" : "19199"
    }]
  },
  {
    "code" : "1015",
    "display" : "Cyberculture Religions",
    "property" : [{
      "code" : "status",
      "valueCode" : "active"
    },
    {
      "code" : "internalId",
      "valueCode" : "19200"
    }]
  },
  {
    "code" : "1016",
    "display" : "Divination",
    "property" : [{
      "code" : "status",
      "valueCode" : "active"
    },
    {
      "code" : "internalId",
      "valueCode" : "19201"
    }]
  },
  {
    "code" : "1017",
    "display" : "Fourth Way",
    "property" : [{
      "code" : "status",
      "valueCode" : "active"
    },
    {
      "code" : "internalId",
      "valueCode" : "19202"
    }]
  },
  {
    "code" : "1018",
    "display" : "Free Daism",
    "property" : [{
      "code" : "status",
      "valueCode" : "active"
    },
    {
      "code" : "internalId",
      "valueCode" : "19203"
    }]
  },
  {
    "code" : "1019",
    "display" : "Gnosis",
    "property" : [{
      "code" : "status",
      "valueCode" : "active"
    },
    {
      "code" : "internalId",
      "valueCode" : "19204"
    }]
  },
  {
    "code" : "1020",
    "display" : "Hinduism",
    "property" : [{
      "code" : "status",
      "valueCode" : "active"
    },
    {
      "code" : "internalId",
      "valueCode" : "19205"
    }]
  },
  {
    "code" : "1021",
    "display" : "Humanism",
    "property" : [{
      "code" : "status",
      "valueCode" : "active"
    },
    {
      "code" : "internalId",
      "valueCode" : "19206"
    }]
  },
  {
    "code" : "1022",
    "display" : "Independent",
    "property" : [{
      "code" : "status",
      "valueCode" : "active"
    },
    {
      "code" : "internalId",
      "valueCode" : "19207"
    }]
  },
  {
    "code" : "1023",
    "display" : "Islam",
    "property" : [{
      "code" : "status",
      "valueCode" : "active"
    },
    {
      "code" : "internalId",
      "valueCode" : "19208"
    }]
  },
  {
    "code" : "1024",
    "display" : "Jainism",
    "property" : [{
      "code" : "status",
      "valueCode" : "active"
    },
    {
      "code" : "internalId",
      "valueCode" : "19209"
    }]
  },
  {
    "code" : "1025",
    "display" : "Jehovah's Witnesses",
    "property" : [{
      "code" : "status",
      "valueCode" : "active"
    },
    {
      "code" : "internalId",
      "valueCode" : "19210"
    }]
  },
  {
    "code" : "1026",
    "display" : "Judaism",
    "property" : [{
      "code" : "status",
      "valueCode" : "active"
    },
    {
      "code" : "internalId",
      "valueCode" : "19211"
    }]
  },
  {
    "code" : "1027",
    "display" : "Latter Day Saints",
    "property" : [{
      "code" : "status",
      "valueCode" : "active"
    },
    {
      "code" : "internalId",
      "valueCode" : "19212"
    }]
  },
  {
    "code" : "1028",
    "display" : "Lutheran",
    "property" : [{
      "code" : "status",
      "valueCode" : "active"
    },
    {
      "code" : "internalId",
      "valueCode" : "19213"
    }]
  },
  {
    "code" : "1029",
    "display" : "Mahayana",
    "property" : [{
      "code" : "status",
      "valueCode" : "active"
    },
    {
      "code" : "internalId",
      "valueCode" : "19214"
    }]
  },
  {
    "code" : "1030",
    "display" : "Meditation",
    "property" : [{
      "code" : "status",
      "valueCode" : "active"
    },
    {
      "code" : "internalId",
      "valueCode" : "19215"
    }]
  },
  {
    "code" : "1031",
    "display" : "Messianic Judaism",
    "property" : [{
      "code" : "status",
      "valueCode" : "active"
    },
    {
      "code" : "internalId",
      "valueCode" : "19216"
    }]
  },
  {
    "code" : "1032",
    "display" : "Mitraism",
    "property" : [{
      "code" : "status",
      "valueCode" : "active"
    },
    {
      "code" : "internalId",
      "valueCode" : "19217"
    }]
  },
  {
    "code" : "1033",
    "display" : "New Age",
    "property" : [{
      "code" : "status",
      "valueCode" : "active"
    },
    {
      "code" : "internalId",
      "valueCode" : "19218"
    }]
  },
  {
    "code" : "1034",
    "display" : "non-Roman Catholic",
    "property" : [{
      "code" : "status",
      "valueCode" : "active"
    },
    {
      "code" : "internalId",
      "valueCode" : "19219"
    }]
  },
  {
    "code" : "1035",
    "display" : "Occult",
    "property" : [{
      "code" : "status",
      "valueCode" : "active"
    },
    {
      "code" : "internalId",
      "valueCode" : "19220"
    }]
  },
  {
    "code" : "1036",
    "display" : "Orthodox",
    "property" : [{
      "code" : "status",
      "valueCode" : "active"
    },
    {
      "code" : "internalId",
      "valueCode" : "19221"
    }]
  },
  {
    "code" : "1037",
    "display" : "Paganism",
    "property" : [{
      "code" : "status",
      "valueCode" : "active"
    },
    {
      "code" : "internalId",
      "valueCode" : "19222"
    }]
  },
  {
    "code" : "1038",
    "display" : "Pentecostal",
    "property" : [{
      "code" : "status",
      "valueCode" : "active"
    },
    {
      "code" : "internalId",
      "valueCode" : "19223"
    }]
  },
  {
    "code" : "1039",
    "display" : "Process, The",
    "property" : [{
      "code" : "status",
      "valueCode" : "active"
    },
    {
      "code" : "internalId",
      "valueCode" : "19224"
    }]
  },
  {
    "code" : "1040",
    "display" : "Reformed/Presbyterian",
    "property" : [{
      "code" : "status",
      "valueCode" : "active"
    },
    {
      "code" : "internalId",
      "valueCode" : "19225"
    }]
  },
  {
    "code" : "1041",
    "display" : "Roman Catholic Church",
    "property" : [{
      "code" : "status",
      "valueCode" : "active"
    },
    {
      "code" : "internalId",
      "valueCode" : "19226"
    }]
  },
  {
    "code" : "1042",
    "display" : "Satanism",
    "property" : [{
      "code" : "status",
      "valueCode" : "active"
    },
    {
      "code" : "internalId",
      "valueCode" : "19227"
    }]
  },
  {
    "code" : "1043",
    "display" : "Scientology",
    "property" : [{
      "code" : "status",
      "valueCode" : "active"
    },
    {
      "code" : "internalId",
      "valueCode" : "19228"
    }]
  },
  {
    "code" : "1044",
    "display" : "Shamanism",
    "property" : [{
      "code" : "status",
      "valueCode" : "active"
    },
    {
      "code" : "internalId",
      "valueCode" : "19229"
    }]
  },
  {
    "code" : "1045",
    "display" : "Shiite (Islam)",
    "property" : [{
      "code" : "status",
      "valueCode" : "active"
    },
    {
      "code" : "internalId",
      "valueCode" : "19230"
    }]
  },
  {
    "code" : "1046",
    "display" : "Shinto",
    "property" : [{
      "code" : "status",
      "valueCode" : "active"
    },
    {
      "code" : "internalId",
      "valueCode" : "19231"
    }]
  },
  {
    "code" : "1047",
    "display" : "Sikism",
    "property" : [{
      "code" : "status",
      "valueCode" : "active"
    },
    {
      "code" : "internalId",
      "valueCode" : "19232"
    }]
  },
  {
    "code" : "1048",
    "display" : "Spiritualism",
    "property" : [{
      "code" : "status",
      "valueCode" : "active"
    },
    {
      "code" : "internalId",
      "valueCode" : "19233"
    }]
  },
  {
    "code" : "1049",
    "display" : "Sunni (Islam)",
    "property" : [{
      "code" : "status",
      "valueCode" : "active"
    },
    {
      "code" : "internalId",
      "valueCode" : "19234"
    }]
  },
  {
    "code" : "1050",
    "display" : "Taoism",
    "property" : [{
      "code" : "status",
      "valueCode" : "active"
    },
    {
      "code" : "internalId",
      "valueCode" : "19235"
    }]
  },
  {
    "code" : "1051",
    "display" : "Theravada",
    "property" : [{
      "code" : "status",
      "valueCode" : "active"
    },
    {
      "code" : "internalId",
      "valueCode" : "19236"
    }]
  },
  {
    "code" : "1052",
    "display" : "Unitarian-Universalism",
    "property" : [{
      "code" : "status",
      "valueCode" : "active"
    },
    {
      "code" : "internalId",
      "valueCode" : "19237"
    }]
  },
  {
    "code" : "1053",
    "display" : "Universal Life Church",
    "property" : [{
      "code" : "status",
      "valueCode" : "active"
    },
    {
      "code" : "internalId",
      "valueCode" : "19238"
    }]
  },
  {
    "code" : "1054",
    "display" : "Vajrayana (Tibetan)",
    "property" : [{
      "code" : "status",
      "valueCode" : "active"
    },
    {
      "code" : "internalId",
      "valueCode" : "19239"
    }]
  },
  {
    "code" : "1055",
    "display" : "Veda",
    "property" : [{
      "code" : "status",
      "valueCode" : "active"
    },
    {
      "code" : "internalId",
      "valueCode" : "19240"
    }]
  },
  {
    "code" : "1056",
    "display" : "Voodoo",
    "property" : [{
      "code" : "status",
      "valueCode" : "active"
    },
    {
      "code" : "internalId",
      "valueCode" : "19241"
    }]
  },
  {
    "code" : "1057",
    "display" : "Wicca",
    "property" : [{
      "code" : "status",
      "valueCode" : "active"
    },
    {
      "code" : "internalId",
      "valueCode" : "19242"
    }]
  },
  {
    "code" : "1058",
    "display" : "Yaohushua",
    "property" : [{
      "code" : "status",
      "valueCode" : "active"
    },
    {
      "code" : "internalId",
      "valueCode" : "19243"
    }]
  },
  {
    "code" : "1059",
    "display" : "Zen Buddhism",
    "property" : [{
      "code" : "status",
      "valueCode" : "active"
    },
    {
      "code" : "internalId",
      "valueCode" : "19244"
    }]
  },
  {
    "code" : "1060",
    "display" : "Zoroastrianism",
    "property" : [{
      "code" : "status",
      "valueCode" : "active"
    },
    {
      "code" : "internalId",
      "valueCode" : "19245"
    }]
  },
  {
    "code" : "1061",
    "display" : "Assembly of God",
    "property" : [{
      "code" : "status",
      "valueCode" : "active"
    },
    {
      "code" : "internalId",
      "valueCode" : "21466"
    }]
  },
  {
    "code" : "1062",
    "display" : "Brethren",
    "property" : [{
      "code" : "status",
      "valueCode" : "active"
    },
    {
      "code" : "internalId",
      "valueCode" : "21467"
    }]
  },
  {
    "code" : "1063",
    "display" : "Christian Scientist",
    "property" : [{
      "code" : "status",
      "valueCode" : "active"
    },
    {
      "code" : "internalId",
      "valueCode" : "21468"
    }]
  },
  {
    "code" : "1064",
    "display" : "Church of Christ",
    "property" : [{
      "code" : "status",
      "valueCode" : "active"
    },
    {
      "code" : "internalId",
      "valueCode" : "21469"
    }]
  },
  {
    "code" : "1065",
    "display" : "Church of God",
    "property" : [{
      "code" : "status",
      "valueCode" : "active"
    },
    {
      "code" : "internalId",
      "valueCode" : "21470"
    }]
  },
  {
    "code" : "1066",
    "display" : "Congregational",
    "property" : [{
      "code" : "status",
      "valueCode" : "active"
    },
    {
      "code" : "internalId",
      "valueCode" : "21471"
    }]
  },
  {
    "code" : "1067",
    "display" : "Disciples of Christ",
    "property" : [{
      "code" : "status",
      "valueCode" : "active"
    },
    {
      "code" : "internalId",
      "valueCode" : "21472"
    }]
  },
  {
    "code" : "1068",
    "display" : "Eastern Orthodox",
    "property" : [{
      "code" : "status",
      "valueCode" : "active"
    },
    {
      "code" : "internalId",
      "valueCode" : "21473"
    }]
  },
  {
    "code" : "1069",
    "display" : "Episcopalian",
    "property" : [{
      "code" : "status",
      "valueCode" : "active"
    },
    {
      "code" : "internalId",
      "valueCode" : "21474"
    }]
  },
  {
    "code" : "1070",
    "display" : "Evangelical Covenant",
    "property" : [{
      "code" : "status",
      "valueCode" : "active"
    },
    {
      "code" : "internalId",
      "valueCode" : "21475"
    }]
  },
  {
    "code" : "1071",
    "display" : "Friends",
    "property" : [{
      "code" : "status",
      "valueCode" : "active"
    },
    {
      "code" : "internalId",
      "valueCode" : "21476"
    }]
  },
  {
    "code" : "1072",
    "display" : "Full Gospel",
    "property" : [{
      "code" : "status",
      "valueCode" : "active"
    },
    {
      "code" : "internalId",
      "valueCode" : "21477"
    }]
  },
  {
    "code" : "1073",
    "display" : "Methodist",
    "property" : [{
      "code" : "status",
      "valueCode" : "active"
    },
    {
      "code" : "internalId",
      "valueCode" : "21478"
    }]
  },
  {
    "code" : "1074",
    "display" : "Native American",
    "property" : [{
      "code" : "status",
      "valueCode" : "active"
    },
    {
      "code" : "internalId",
      "valueCode" : "21479"
    }]
  },
  {
    "code" : "1075",
    "display" : "Nazarene",
    "property" : [{
      "code" : "status",
      "valueCode" : "active"
    },
    {
      "code" : "internalId",
      "valueCode" : "21480"
    }]
  },
  {
    "code" : "1076",
    "display" : "Presbyterian",
    "property" : [{
      "code" : "status",
      "valueCode" : "active"
    },
    {
      "code" : "internalId",
      "valueCode" : "21481"
    }]
  },
  {
    "code" : "1077",
    "display" : "Protestant",
    "property" : [{
      "code" : "status",
      "valueCode" : "active"
    },
    {
      "code" : "internalId",
      "valueCode" : "21482"
    }]
  },
  {
    "code" : "1078",
    "display" : "Protestant, No Denomination",
    "property" : [{
      "code" : "status",
      "valueCode" : "active"
    },
    {
      "code" : "internalId",
      "valueCode" : "21483"
    }]
  },
  {
    "code" : "1079",
    "display" : "Reformed",
    "property" : [{
      "code" : "status",
      "valueCode" : "active"
    },
    {
      "code" : "internalId",
      "valueCode" : "21484"
    }]
  },
  {
    "code" : "1080",
    "display" : "Salvation Army",
    "property" : [{
      "code" : "status",
      "valueCode" : "active"
    },
    {
      "code" : "internalId",
      "valueCode" : "21485"
    }]
  },
  {
    "code" : "1081",
    "display" : "Unitarian Universalist",
    "property" : [{
      "code" : "status",
      "valueCode" : "active"
    },
    {
      "code" : "internalId",
      "valueCode" : "21486"
    }]
  },
  {
    "code" : "1082",
    "display" : "United Church of Christ",
    "property" : [{
      "code" : "status",
      "valueCode" : "active"
    },
    {
      "code" : "internalId",
      "valueCode" : "21487"
    }]
  }]
}