{
  "resourceType" : "CodeSystem",
  "id" : "chromosome-human",
  "meta" : {
    "lastUpdated" : "2020-04-09T21:10:28.568+00:00"
  },
  "text" : {
    "status" : "generated",
    "div" : "<div xmlns=\"http://www.w3.org/1999/xhtml\"><p>This case-sensitive code system <code>http://terminology.hl7.org/CodeSystem/chromosome-human</code> defines the following codes:</p><table class=\"codes\"><tr><td style=\"white-space:nowrap\"><b>Code</b></td><td><b>Display</b></td><td><b>Definition</b></td></tr><tr><td style=\"white-space:nowrap\">1<a name=\"chromosome-human-1\"> </a></td><td>chromosome 1</td><td>chromosome 1.</td></tr><tr><td style=\"white-space:nowrap\">2<a name=\"chromosome-human-2\"> </a></td><td>chromosome 2</td><td>chromosome 2.</td></tr><tr><td style=\"white-space:nowrap\">3<a name=\"chromosome-human-3\"> </a></td><td>chromosome 3</td><td>chromosome 3.</td></tr><tr><td style=\"white-space:nowrap\">4<a name=\"chromosome-human-4\"> </a></td><td>chromosome 4</td><td>chromosome 4.</td></tr><tr><td style=\"white-space:nowrap\">5<a name=\"chromosome-human-5\"> </a></td><td>chromosome 5</td><td>chromosome 5.</td></tr><tr><td style=\"white-space:nowrap\">6<a name=\"chromosome-human-6\"> </a></td><td>chromosome 6</td><td>chromosome 6.</td></tr><tr><td style=\"white-space:nowrap\">7<a name=\"chromosome-human-7\"> </a></td><td>chromosome 7</td><td>chromosome 7.</td></tr><tr><td style=\"white-space:nowrap\">8<a name=\"chromosome-human-8\"> </a></td><td>chromosome 8</td><td>chromosome 8.</td></tr><tr><td style=\"white-space:nowrap\">9<a name=\"chromosome-human-9\"> </a></td><td>chromosome 9</td><td>chromosome 9.</td></tr><tr><td style=\"white-space:nowrap\">10<a name=\"chromosome-human-10\"> </a></td><td>chromosome 10</td><td>chromosome 10.</td></tr><tr><td style=\"white-space:nowrap\">11<a name=\"chromosome-human-11\"> </a></td><td>chromosome 11</td><td>chromosome 11.</td></tr><tr><td style=\"white-space:nowrap\">12<a name=\"chromosome-human-12\"> </a></td><td>chromosome 12</td><td>chromosome 12.</td></tr><tr><td style=\"white-space:nowrap\">13<a name=\"chromosome-human-13\"> </a></td><td>chromosome 13</td><td>chromosome 13.</td></tr><tr><td style=\"white-space:nowrap\">14<a name=\"chromosome-human-14\"> </a></td><td>chromosome 14</td><td>chromosome 14.</td></tr><tr><td style=\"white-space:nowrap\">15<a name=\"chromosome-human-15\"> </a></td><td>chromosome 15</td><td>chromosome 15.</td></tr><tr><td style=\"white-space:nowrap\">16<a name=\"chromosome-human-16\"> </a></td><td>chromosome 16</td><td>chromosome 16.</td></tr><tr><td style=\"white-space:nowrap\">17<a name=\"chromosome-human-17\"> </a></td><td>chromosome 17</td><td>chromosome 17.</td></tr><tr><td style=\"white-space:nowrap\">18<a name=\"chromosome-human-18\"> </a></td><td>chromosome 18</td><td>chromosome 18.</td></tr><tr><td style=\"white-space:nowrap\">19<a name=\"chromosome-human-19\"> </a></td><td>chromosome 19</td><td>chromosome 19.</td></tr><tr><td style=\"white-space:nowrap\">20<a name=\"chromosome-human-20\"> </a></td><td>chromosome 20</td><td>chromosome 20.</td></tr><tr><td style=\"white-space:nowrap\">21<a name=\"chromosome-human-21\"> </a></td><td>chromosome 21</td><td>chromosome 21.</td></tr><tr><td style=\"white-space:nowrap\">22<a name=\"chromosome-human-22\"> </a></td><td>chromosome 22</td><td>chromosome 22.</td></tr><tr><td style=\"white-space:nowrap\">X<a name=\"chromosome-human-X\"> </a></td><td>chromosome X</td><td>chromosome X.</td></tr><tr><td style=\"white-space:nowrap\">Y<a name=\"chromosome-human-Y\"> </a></td><td>chromosome Y</td><td>chromosome Y.</td></tr></table></div>"
  },
  "extension" : [{
    "url" : "http://hl7.org/fhir/StructureDefinition/structuredefinition-wg",
    "valueCode" : "cg"
  },
  {
    "url" : "http://hl7.org/fhir/StructureDefinition/structuredefinition-fmm",
    "valueInteger" : 1
  }],
  "url" : "http://terminology.hl7.org/CodeSystem/chromosome-human",
  "identifier" : [{
    "system" : "urn:ietf:rfc:3986",
    "value" : "urn:oid:2.16.840.1.113883.4.642.1.1086"
  }],
  "version" : "0.1.0",
  "name" : "Chromosome_human",
  "title" : "chromosome-human",
  "status" : "draft",
  "experimental" : false,
  "date" : "2020-04-09T21:10:28+00:00",
  "publisher" : "SatuSehat",
  "contact" : [{
    "name" : "SatuSehat",
    "telecom" : [{
      "system" : "url",
      "value" : "https://satusehat.kemkes.go.id/"
    },
    {
      "system" : "email",
      "value" : "fhir@dto.kemkes.go.id"
    }]
  }],
  "description" : "Chromosome number for human.",
  "copyright" : "This material derives from the HL7 Terminology (THO). THO is copyright ©1989+ Health Level Seven International and is made available under the CC0 designation. For more licensing information see: https://terminology.hl7.org/license",
  "caseSensitive" : true,
  "valueSet" : "http://terminology.hl7.org/ValueSet/chromosome-human",
  "content" : "complete",
  "concept" : [{
    "code" : "1",
    "display" : "chromosome 1",
    "definition" : "chromosome 1."
  },
  {
    "code" : "2",
    "display" : "chromosome 2",
    "definition" : "chromosome 2."
  },
  {
    "code" : "3",
    "display" : "chromosome 3",
    "definition" : "chromosome 3."
  },
  {
    "code" : "4",
    "display" : "chromosome 4",
    "definition" : "chromosome 4."
  },
  {
    "code" : "5",
    "display" : "chromosome 5",
    "definition" : "chromosome 5."
  },
  {
    "code" : "6",
    "display" : "chromosome 6",
    "definition" : "chromosome 6."
  },
  {
    "code" : "7",
    "display" : "chromosome 7",
    "definition" : "chromosome 7."
  },
  {
    "code" : "8",
    "display" : "chromosome 8",
    "definition" : "chromosome 8."
  },
  {
    "code" : "9",
    "display" : "chromosome 9",
    "definition" : "chromosome 9."
  },
  {
    "code" : "10",
    "display" : "chromosome 10",
    "definition" : "chromosome 10."
  },
  {
    "code" : "11",
    "display" : "chromosome 11",
    "definition" : "chromosome 11."
  },
  {
    "code" : "12",
    "display" : "chromosome 12",
    "definition" : "chromosome 12."
  },
  {
    "code" : "13",
    "display" : "chromosome 13",
    "definition" : "chromosome 13."
  },
  {
    "code" : "14",
    "display" : "chromosome 14",
    "definition" : "chromosome 14."
  },
  {
    "code" : "15",
    "display" : "chromosome 15",
    "definition" : "chromosome 15."
  },
  {
    "code" : "16",
    "display" : "chromosome 16",
    "definition" : "chromosome 16."
  },
  {
    "code" : "17",
    "display" : "chromosome 17",
    "definition" : "chromosome 17."
  },
  {
    "code" : "18",
    "display" : "chromosome 18",
    "definition" : "chromosome 18."
  },
  {
    "code" : "19",
    "display" : "chromosome 19",
    "definition" : "chromosome 19."
  },
  {
    "code" : "20",
    "display" : "chromosome 20",
    "definition" : "chromosome 20."
  },
  {
    "code" : "21",
    "display" : "chromosome 21",
    "definition" : "chromosome 21."
  },
  {
    "code" : "22",
    "display" : "chromosome 22",
    "definition" : "chromosome 22."
  },
  {
    "code" : "X",
    "display" : "chromosome X",
    "definition" : "chromosome X."
  },
  {
    "code" : "Y",
    "display" : "chromosome Y",
    "definition" : "chromosome Y."
  }]
}