{
  "resourceType" : "CodeSystem",
  "id" : "medicationknowledge-status",
  "meta" : {
    "lastUpdated" : "2020-04-09T21:10:28.568+00:00",
    "profile" : ["http://hl7.org/fhir/StructureDefinition/shareablecodesystem"]
  },
  "text" : {
    "status" : "generated",
    "div" : "<div xmlns=\"http://www.w3.org/1999/xhtml\"><p>This case-sensitive code system <code>http://terminology.hl7.org/CodeSystem/medicationknowledge-status</code> defines the following codes:</p><table class=\"codes\"><tr><td style=\"white-space:nowrap\"><b>Code</b></td><td><b>Display</b></td><td><b>Definition</b></td></tr><tr><td style=\"white-space:nowrap\">active<a name=\"medicationknowledge-status-active\"> </a></td><td>Active</td><td>The medication is available for use.</td></tr><tr><td style=\"white-space:nowrap\">inactive<a name=\"medicationknowledge-status-inactive\"> </a></td><td>Inactive</td><td>The medication is not available for use.</td></tr><tr><td style=\"white-space:nowrap\">entered-in-error<a name=\"medicationknowledge-status-entered-in-error\"> </a></td><td>Entered in Error</td><td>The medication was entered in error.</td></tr></table></div>"
  },
  "extension" : [{
    "url" : "http://hl7.org/fhir/StructureDefinition/structuredefinition-wg",
    "valueCode" : "phx"
  },
  {
    "url" : "http://hl7.org/fhir/StructureDefinition/structuredefinition-fmm",
    "valueInteger" : 1
  }],
  "url" : "http://terminology.hl7.org/CodeSystem/medicationknowledge-status",
  "identifier" : [{
    "system" : "urn:ietf:rfc:3986",
    "value" : "urn:oid:2.16.840.1.113883.4.642.1.1336"
  }],
  "version" : "0.1.0",
  "name" : "MedicationKnowledgeStatusCodes",
  "title" : "MedicationKnowledge Status Codes",
  "status" : "draft",
  "experimental" : false,
  "date" : "2024-03-09T14:36:19-07:00",
  "publisher" : "SatuSehat",
  "contact" : [{
    "name" : "SatuSehat",
    "telecom" : [{
      "system" : "url",
      "value" : "https://satusehat.kemkes.go.id/"
    },
    {
      "system" : "email",
      "value" : "fhir@dto.kemkes.go.id"
    }]
  }],
  "description" : "MedicationKnowledge Status Codes",
  "copyright" : "This material derives from the HL7 Terminology (THO). THO is copyright ©1989+ Health Level Seven International and is made available under the CC0 designation. For more licensing information see: https://terminology.hl7.org/license",
  "caseSensitive" : true,
  "valueSet" : "http://terminology.hl7.org/ValueSet/medicationknowledge-status",
  "content" : "complete",
  "concept" : [{
    "code" : "active",
    "display" : "Active",
    "definition" : "The medication is available for use."
  },
  {
    "code" : "inactive",
    "display" : "Inactive",
    "definition" : "The medication is not available for use."
  },
  {
    "code" : "entered-in-error",
    "display" : "Entered in Error",
    "definition" : "The medication was entered in error."
  }]
}