{
  "resourceType" : "CodeSystem",
  "id" : "v3-RoleStatus",
  "language" : "en",
  "text" : {
    "status" : "generated",
    "div" : "<div xml:lang=\"en\" xmlns=\"http://www.w3.org/1999/xhtml\" lang=\"en\"><p><b>Properties</b></p><p><b>This code system  defines the following properties for its concepts</b></p><table class=\"grid\"><tr><td><b>Code</b></td><td><b>URI</b></td><td><b>Type</b></td><td><b>Description</b></td></tr><tr><td>Specializes</td><td/><td>Coding</td><td>The child code is a more narrow version of the concept represented by the parent code.  I.e. Every child concept is also a valid parent concept.  Used to allow determination of subsumption.  Must be transitive, irreflexive, antisymmetric.</td></tr><tr><td>Generalizes</td><td/><td>Coding</td><td>Inverse of Specializes.  Only included as a derived relationship.</td></tr><tr><td>internalId</td><td>http://terminology.hl7.org/CodeSystem/utg-concept-properties#v3-internal-id</td><td>code</td><td>The internal identifier for the concept in the HL7 Access database repository.</td></tr><tr><td>status</td><td>http://hl7.org/fhir/concept-properties#status</td><td>code</td><td>Designation of a concept's state. Normally is not populated unless the state is retired.</td></tr></table><p><b>Concepts</b></p><p>This case-sensitive code system <code>http://terminology.hl7.org/CodeSystem/v3-RoleStatus</code> defines the following codes in a Is-A heirarchy:</p><table class=\"codes\"><tr><td><b>Lvl</b></td><td style=\"white-space:nowrap\"><b>Code</b></td><td><b>Definition</b></td><td><b>internalId</b></td><td><b>status</b></td></tr><tr><td>1</td><td style=\"white-space:nowrap\">normal<a name=\"v3-RoleStatus-normal\"> </a></td><td>The 'typical' state. Excludes &quot;nullified&quot; which represents the termination state of a Role instance that was created in error.</td><td>16000</td><td>active</td></tr><tr><td>2</td><td style=\"white-space:nowrap\">\u00a0\u00a0active<a name=\"v3-RoleStatus-active\"> </a></td><td>The state representing the fact that the Entity is currently active in the Role.</td><td>16001</td><td>active</td></tr><tr><td>2</td><td style=\"white-space:nowrap\">\u00a0\u00a0cancelled<a name=\"v3-RoleStatus-cancelled\"> </a></td><td>The terminal state resulting from cancellation of the role prior to activation.</td><td>21306</td><td>active</td></tr><tr><td>2</td><td style=\"white-space:nowrap\">\u00a0\u00a0pending<a name=\"v3-RoleStatus-pending\"> </a></td><td>The state representing that fact that the role has not yet become active.</td><td>21305</td><td>active</td></tr><tr><td>2</td><td style=\"white-space:nowrap\">\u00a0\u00a0suspended<a name=\"v3-RoleStatus-suspended\"> </a></td><td>The state that represents a suspension of the Entity playing the Role. This state is arrived at from the &quot;active&quot; state.</td><td>16002</td><td>active</td></tr><tr><td>2</td><td style=\"white-space:nowrap\">\u00a0\u00a0terminated<a name=\"v3-RoleStatus-terminated\"> </a></td><td>The state representing the successful termination of the Role.</td><td>16003</td><td>active</td></tr><tr><td>1</td><td style=\"white-space:nowrap\">nullified<a name=\"v3-RoleStatus-nullified\"> </a></td><td>The state representing the termination of a Role instance that was created in error.</td><td>16004</td><td>active</td></tr></table></div>"
  },
  "url" : "http://terminology.hl7.org/CodeSystem/v3-RoleStatus",
  "identifier" : [{
    "system" : "urn:ietf:rfc:3986",
    "value" : "urn:oid:2.16.840.1.113883.5.1068"
  }],
  "version" : "0.1.0",
  "name" : "RoleStatus",
  "title" : "RoleStatus",
  "status" : "active",
  "experimental" : false,
  "date" : "2019-03-20",
  "publisher" : "SatuSehat",
  "contact" : [{
    "name" : "SatuSehat",
    "telecom" : [{
      "system" : "url",
      "value" : "https://satusehat.kemkes.go.id/"
    },
    {
      "system" : "email",
      "value" : "fhir@dto.kemkes.go.id"
    }]
  }],
  "description" : "Codes representing the defined possible states of an Role, as defined by the Role class state machine.",
  "copyright" : "This material derives from the HL7 Terminology THO. THO is copyright ©1989+ Health Level Seven International and is made available under the CC0 designation. For more licensing information see: https://terminology.hl7.org/license",
  "caseSensitive" : true,
  "hierarchyMeaning" : "is-a",
  "content" : "complete",
  "property" : [{
    "extension" : [{
      "url" : "http://terminology.hl7.org/StructureDefinition/ext-mif-relationship-symmetry",
      "valueCode" : "antisymmetric"
    },
    {
      "url" : "http://terminology.hl7.org/StructureDefinition/ext-mif-relationship-transitivity",
      "valueCode" : "transitive"
    },
    {
      "url" : "http://terminology.hl7.org/StructureDefinition/ext-mif-relationship-reflexivity",
      "valueCode" : "irreflexive"
    },
    {
      "url" : "http://terminology.hl7.org/StructureDefinition/ext-mif-relationship-isNavigable",
      "valueBoolean" : true
    },
    {
      "url" : "http://terminology.hl7.org/StructureDefinition/ext-mif-relationship-relationshipKind",
      "valueCode" : "Specializes"
    },
    {
      "url" : "http://terminology.hl7.org/StructureDefinition/ext-mif-relationship-inverseName",
      "valueString" : "Generalizes"
    }],
    "code" : "Specializes",
    "description" : "The child code is a more narrow version of the concept represented by the parent code.  I.e. Every child concept is also a valid parent concept.  Used to allow determination of subsumption.  Must be transitive, irreflexive, antisymmetric.",
    "type" : "Coding"
  },
  {
    "extension" : [{
      "url" : "http://terminology.hl7.org/StructureDefinition/ext-mif-relationship-symmetry",
      "valueCode" : "antisymmetric"
    },
    {
      "url" : "http://terminology.hl7.org/StructureDefinition/ext-mif-relationship-transitivity",
      "valueCode" : "transitive"
    },
    {
      "url" : "http://terminology.hl7.org/StructureDefinition/ext-mif-relationship-reflexivity",
      "valueCode" : "irreflexive"
    },
    {
      "url" : "http://terminology.hl7.org/StructureDefinition/ext-mif-relationship-isNavigable",
      "valueBoolean" : true
    },
    {
      "url" : "http://terminology.hl7.org/StructureDefinition/ext-mif-relationship-relationshipKind",
      "valueCode" : "Generalizes"
    },
    {
      "url" : "http://terminology.hl7.org/StructureDefinition/ext-mif-relationship-inverseName",
      "valueString" : "Specializes"
    }],
    "code" : "Generalizes",
    "description" : "Inverse of Specializes.  Only included as a derived relationship.",
    "type" : "Coding"
  },
  {
    "code" : "internalId",
    "uri" : "http://terminology.hl7.org/CodeSystem/utg-concept-properties#v3-internal-id",
    "description" : "The internal identifier for the concept in the HL7 Access database repository.",
    "type" : "code"
  },
  {
    "code" : "status",
    "uri" : "http://hl7.org/fhir/concept-properties#status",
    "description" : "Designation of a concept's state. Normally is not populated unless the state is retired.",
    "type" : "code"
  }],
  "concept" : [{
    "code" : "normal",
    "display" : "normal",
    "definition" : "The 'typical' state. Excludes \"nullified\" which represents the termination state of a Role instance that was created in error.",
    "property" : [{
      "code" : "status",
      "valueCode" : "active"
    },
    {
      "code" : "internalId",
      "valueCode" : "16000"
    }],
    "concept" : [{
      "code" : "active",
      "display" : "active",
      "definition" : "The state representing the fact that the Entity is currently active in the Role.",
      "property" : [{
        "code" : "status",
        "valueCode" : "active"
      },
      {
        "code" : "internalId",
        "valueCode" : "16001"
      }]
    },
    {
      "code" : "cancelled",
      "display" : "cancelled",
      "definition" : "The terminal state resulting from cancellation of the role prior to activation.",
      "property" : [{
        "code" : "status",
        "valueCode" : "active"
      },
      {
        "code" : "internalId",
        "valueCode" : "21306"
      }]
    },
    {
      "code" : "pending",
      "display" : "pending",
      "definition" : "The state representing that fact that the role has not yet become active.",
      "property" : [{
        "code" : "status",
        "valueCode" : "active"
      },
      {
        "code" : "internalId",
        "valueCode" : "21305"
      }]
    },
    {
      "code" : "suspended",
      "display" : "suspended",
      "definition" : "The state that represents a suspension of the Entity playing the Role. This state is arrived at from the \"active\" state.",
      "property" : [{
        "code" : "status",
        "valueCode" : "active"
      },
      {
        "code" : "internalId",
        "valueCode" : "16002"
      }]
    },
    {
      "code" : "terminated",
      "display" : "terminated",
      "definition" : "The state representing the successful termination of the Role.",
      "property" : [{
        "code" : "status",
        "valueCode" : "active"
      },
      {
        "code" : "internalId",
        "valueCode" : "16003"
      }]
    }]
  },
  {
    "code" : "nullified",
    "display" : "nullified",
    "definition" : "The state representing the termination of a Role instance that was created in error.",
    "property" : [{
      "code" : "status",
      "valueCode" : "active"
    },
    {
      "code" : "internalId",
      "valueCode" : "16004"
    }]
  }]
}