{
  "resourceType" : "CodeSystem",
  "id" : "v3-scptype",
  "text" : {
    "status" : "generated",
    "div" : "<div xmlns=\"http://www.w3.org/1999/xhtml\"><p>This case-sensitive code system <code>https://fhir.infoway-inforoute.ca/CodeSystem/scptype</code> defines codes, but no codes are represented here</p></div>"
  },
  "url" : "https://fhir.infoway-inforoute.ca/CodeSystem/scptype",
  "identifier" : [{
    "system" : "urn:ietf:rfc:3986",
    "value" : "urn:oid:2.16.840.1.113883.2.20.5.3"
  }],
  "version" : "0.1.0",
  "name" : "Scptype",
  "title" : "pan-Canadian Provider Types",
  "status" : "active",
  "experimental" : false,
  "date" : "2019-03-20T00:00:00-04:00",
  "publisher" : "SatuSehat",
  "contact" : [{
    "name" : "SatuSehat",
    "telecom" : [{
      "system" : "url",
      "value" : "https://satusehat.kemkes.go.id/"
    },
    {
      "system" : "email",
      "value" : "fhir@dto.kemkes.go.id"
    }]
  }],
  "description" : "This code system contains the list of provider types used in the pan-Canadian specifications.",
  "caseSensitive" : true,
  "content" : "not-present"
}