{
  "resourceType" : "CodeSystem",
  "id" : "KemkesMedicationType",
  "meta" : {
    "versionId" : "2",
    "lastUpdated" : "2023-11-09T13:31:14.515+07:00"
  },
  "language" : "Indonesia",
  "text" : {
    "status" : "generated",
    "div" : "<div xmlns=\"http://www.w3.org/1999/xhtml\" xml:lang=\"Indonesia\" lang=\"Indonesia\"><p>This case-sensitive code system <code>http://terminology.kemkes.go.id/CodeSystem/medication-type</code> defines the following codes in a Is-A heirarchy:</p><table class=\"codes\"><tr><td style=\"white-space:nowrap\"><b>Code</b></td><td><b>Display</b></td></tr><tr><td style=\"white-space:nowrap\">NC<a name=\"KemkesMedicationType-NC\"> </a></td><td>Non-compound</td></tr><tr><td style=\"white-space:nowrap\">SD<a name=\"KemkesMedicationType-SD\"> </a></td><td>Gives of such doses</td></tr><tr><td style=\"white-space:nowrap\">EP<a name=\"KemkesMedicationType-EP\"> </a></td><td>Divide into equal parts</td></tr></table></div>"
  },
  "url" : "http://terminology.kemkes.go.id/CodeSystem/medication-type",
  "version" : "0.1.0",
  "name" : "KemkesMedicationType",
  "title" : "Terminology Kemkes medication type CodeSystem",
  "status" : "active",
  "experimental" : false,
  "date" : "2024-02-05T00:00:00.000Z",
  "publisher" : "Thomas Chaidir",
  "contact" : [{
    "name" : "Thomas Chaidir",
    "telecom" : [{
      "system" : "url",
      "value" : "https://satusehat.kemkes.go.id/"
    }]
  }],
  "description" : "Terminology Kemkes medication type CodeSystem",
  "caseSensitive" : true,
  "valueSet" : "http://terminology.kemkes.go.id/ValueSet/medication-type",
  "hierarchyMeaning" : "is-a",
  "compositional" : false,
  "versionNeeded" : true,
  "content" : "complete",
  "count" : 3,
  "concept" : [{
    "code" : "NC",
    "display" : "Non-compound"
  },
  {
    "code" : "SD",
    "display" : "Gives of such doses"
  },
  {
    "code" : "EP",
    "display" : "Divide into equal parts"
  }]
}