{
  "resourceType" : "CodeSystem",
  "id" : "v3-ActSite",
  "language" : "en",
  "text" : {
    "status" : "generated",
    "div" : "<div xml:lang=\"en\" xmlns=\"http://www.w3.org/1999/xhtml\" lang=\"en\"><p><b>Properties</b></p><p><b>This code system  defines the following properties for its concepts</b></p><table class=\"grid\"><tr><td><b>Code</b></td><td><b>URI</b></td><td><b>Type</b></td><td><b>Description</b></td></tr><tr><td>Specializes</td><td/><td>Coding</td><td>The child code is a more narrow version of the concept represented by the parent code.  I.e. Every child concept is also a valid parent concept.  Used to allow determination of subsumption.  Must be transitive, irreflexive, antisymmetric.</td></tr><tr><td>Generalizes</td><td/><td>Coding</td><td>Inverse of Specializes.  Only included as a derived relationship.</td></tr><tr><td>internalId</td><td>http://terminology.hl7.org/CodeSystem/utg-concept-properties#v3-internal-id</td><td>code</td><td>The internal identifier for the concept in the HL7 Access database repository.</td></tr><tr><td>status</td><td>http://hl7.org/fhir/concept-properties#status</td><td>code</td><td>Designation of a concept's state.  Normally is not populated unless the state is retired..</td></tr><tr><td>notSelectable</td><td>http://hl7.org/fhir/concept-properties#notSelectable</td><td>boolean</td><td>Indicates that the code is abstract - only intended to be used as a selector for other concepts</td></tr></table><p><b>Concepts</b></p><p>This case-sensitive code system <code>http://terminology.hl7.org/CodeSystem/v3-ActSite</code> defines the following codes in a Is-A heirarchy:</p><table class=\"codes\"><tr><td><b>Lvl</b></td><td style=\"white-space:nowrap\"><b>Code</b></td><td><b>Display</b></td><td><b>Definition</b></td><td><b>internalId</b></td><td><b>status</b></td><td><b>Not Selectable</b></td></tr><tr><td>1</td><td style=\"white-space:nowrap\">_HumanActSite<a name=\"v3-ActSite-_HumanActSite\"> </a></td><td>HumanActSite</td><td>An anatomical location on a human which can be the focus of an act.</td><td>20948</td><td>active</td><td>true</td></tr><tr><td>2</td><td style=\"white-space:nowrap\">\u00a0\u00a0_HumanSubstanceAdministrationSite<a name=\"v3-ActSite-_HumanSubstanceAdministrationSite\"> </a></td><td>HumanSubstanceAdministrationSite</td><td>The set of body locations to or through which a drug product may be administered.</td><td>21534</td><td>active</td><td>true</td></tr><tr><td>3</td><td style=\"white-space:nowrap\">\u00a0\u00a0\u00a0\u00a0BE<a name=\"v3-ActSite-BE\"> </a></td><td>bilateral ears</td><td/><td>21759</td><td>active</td><td/></tr><tr><td>3</td><td style=\"white-space:nowrap\">\u00a0\u00a0\u00a0\u00a0BN<a name=\"v3-ActSite-BN\"> </a></td><td>bilateral nares</td><td/><td>21760</td><td>active</td><td/></tr><tr><td>3</td><td style=\"white-space:nowrap\">\u00a0\u00a0\u00a0\u00a0BU<a name=\"v3-ActSite-BU\"> </a></td><td>buttock</td><td/><td>21761</td><td>active</td><td/></tr><tr><td>3</td><td style=\"white-space:nowrap\">\u00a0\u00a0\u00a0\u00a0LA<a name=\"v3-ActSite-LA\"> </a></td><td>left arm</td><td/><td>21762</td><td>active</td><td/></tr><tr><td>3</td><td style=\"white-space:nowrap\">\u00a0\u00a0\u00a0\u00a0LAC<a name=\"v3-ActSite-LAC\"> </a></td><td>left anterior chest</td><td/><td>21763</td><td>active</td><td/></tr><tr><td>3</td><td style=\"white-space:nowrap\">\u00a0\u00a0\u00a0\u00a0LACF<a name=\"v3-ActSite-LACF\"> </a></td><td>left antecubital fossa</td><td/><td>21764</td><td>active</td><td/></tr><tr><td>3</td><td style=\"white-space:nowrap\">\u00a0\u00a0\u00a0\u00a0LD<a name=\"v3-ActSite-LD\"> </a></td><td>left deltoid</td><td/><td>21765</td><td>active</td><td/></tr><tr><td>3</td><td style=\"white-space:nowrap\">\u00a0\u00a0\u00a0\u00a0LE<a name=\"v3-ActSite-LE\"> </a></td><td>left ear</td><td/><td>21766</td><td>active</td><td/></tr><tr><td>3</td><td style=\"white-space:nowrap\">\u00a0\u00a0\u00a0\u00a0LEJ<a name=\"v3-ActSite-LEJ\"> </a></td><td>left external jugular</td><td/><td>21767</td><td>active</td><td/></tr><tr><td>3</td><td style=\"white-space:nowrap\">\u00a0\u00a0\u00a0\u00a0LF<a name=\"v3-ActSite-LF\"> </a></td><td>left foot</td><td/><td>21768</td><td>active</td><td/></tr><tr><td>3</td><td style=\"white-space:nowrap\">\u00a0\u00a0\u00a0\u00a0LG<a name=\"v3-ActSite-LG\"> </a></td><td>left gluteus medius</td><td/><td>21769</td><td>active</td><td/></tr><tr><td>3</td><td style=\"white-space:nowrap\">\u00a0\u00a0\u00a0\u00a0LH<a name=\"v3-ActSite-LH\"> </a></td><td>left hand</td><td/><td>21770</td><td>active</td><td/></tr><tr><td>3</td><td style=\"white-space:nowrap\">\u00a0\u00a0\u00a0\u00a0LIJ<a name=\"v3-ActSite-LIJ\"> </a></td><td>left internal jugular</td><td/><td>21771</td><td>active</td><td/></tr><tr><td>3</td><td style=\"white-space:nowrap\">\u00a0\u00a0\u00a0\u00a0LLAQ<a name=\"v3-ActSite-LLAQ\"> </a></td><td>left lower abd quadrant</td><td/><td>21772</td><td>active</td><td/></tr><tr><td>3</td><td style=\"white-space:nowrap\">\u00a0\u00a0\u00a0\u00a0LLFA<a name=\"v3-ActSite-LLFA\"> </a></td><td>left lower forearm</td><td/><td>21773</td><td>active</td><td/></tr><tr><td>3</td><td style=\"white-space:nowrap\">\u00a0\u00a0\u00a0\u00a0LMFA<a name=\"v3-ActSite-LMFA\"> </a></td><td>left mid forearm</td><td/><td>21774</td><td>active</td><td/></tr><tr><td>3</td><td style=\"white-space:nowrap\">\u00a0\u00a0\u00a0\u00a0LN<a name=\"v3-ActSite-LN\"> </a></td><td>left naris</td><td/><td>21775</td><td>active</td><td/></tr><tr><td>3</td><td style=\"white-space:nowrap\">\u00a0\u00a0\u00a0\u00a0LPC<a name=\"v3-ActSite-LPC\"> </a></td><td>left posterior chest</td><td/><td>21776</td><td>active</td><td/></tr><tr><td>3</td><td style=\"white-space:nowrap\">\u00a0\u00a0\u00a0\u00a0LSC<a name=\"v3-ActSite-LSC\"> </a></td><td>left subclavian</td><td/><td>21777</td><td>active</td><td/></tr><tr><td>3</td><td style=\"white-space:nowrap\">\u00a0\u00a0\u00a0\u00a0LT<a name=\"v3-ActSite-LT\"> </a></td><td>left thigh</td><td/><td>21778</td><td>active</td><td/></tr><tr><td>3</td><td style=\"white-space:nowrap\">\u00a0\u00a0\u00a0\u00a0LUA<a name=\"v3-ActSite-LUA\"> </a></td><td>left upper arm</td><td/><td>21779</td><td>active</td><td/></tr><tr><td>3</td><td style=\"white-space:nowrap\">\u00a0\u00a0\u00a0\u00a0LUAQ<a name=\"v3-ActSite-LUAQ\"> </a></td><td>left upper abd quadrant</td><td/><td>21780</td><td>active</td><td/></tr><tr><td>3</td><td style=\"white-space:nowrap\">\u00a0\u00a0\u00a0\u00a0LUFA<a name=\"v3-ActSite-LUFA\"> </a></td><td>left upper forearm</td><td/><td>21781</td><td>active</td><td/></tr><tr><td>3</td><td style=\"white-space:nowrap\">\u00a0\u00a0\u00a0\u00a0LVG<a name=\"v3-ActSite-LVG\"> </a></td><td>left ventragluteal</td><td/><td>21782</td><td>active</td><td/></tr><tr><td>3</td><td style=\"white-space:nowrap\">\u00a0\u00a0\u00a0\u00a0LVL<a name=\"v3-ActSite-LVL\"> </a></td><td>left vastus lateralis</td><td/><td>21783</td><td>active</td><td/></tr><tr><td>3</td><td style=\"white-space:nowrap\">\u00a0\u00a0\u00a0\u00a0OD<a name=\"v3-ActSite-OD\"> </a></td><td>right eye</td><td/><td>21784</td><td>active</td><td/></tr><tr><td>3</td><td style=\"white-space:nowrap\">\u00a0\u00a0\u00a0\u00a0OS<a name=\"v3-ActSite-OS\"> </a></td><td>left eye</td><td/><td>21785</td><td>active</td><td/></tr><tr><td>3</td><td style=\"white-space:nowrap\">\u00a0\u00a0\u00a0\u00a0OU<a name=\"v3-ActSite-OU\"> </a></td><td>bilateral eyes</td><td/><td>21786</td><td>active</td><td/></tr><tr><td>3</td><td style=\"white-space:nowrap\">\u00a0\u00a0\u00a0\u00a0PA<a name=\"v3-ActSite-PA\"> </a></td><td>perianal</td><td/><td>21787</td><td>active</td><td/></tr><tr><td>3</td><td style=\"white-space:nowrap\">\u00a0\u00a0\u00a0\u00a0PERIN<a name=\"v3-ActSite-PERIN\"> </a></td><td>perineal</td><td/><td>21788</td><td>active</td><td/></tr><tr><td>3</td><td style=\"white-space:nowrap\">\u00a0\u00a0\u00a0\u00a0RA<a name=\"v3-ActSite-RA\"> </a></td><td>right arm</td><td/><td>21789</td><td>active</td><td/></tr><tr><td>3</td><td style=\"white-space:nowrap\">\u00a0\u00a0\u00a0\u00a0RAC<a name=\"v3-ActSite-RAC\"> </a></td><td>right anterior chest</td><td/><td>21790</td><td>active</td><td/></tr><tr><td>3</td><td style=\"white-space:nowrap\">\u00a0\u00a0\u00a0\u00a0RACF<a name=\"v3-ActSite-RACF\"> </a></td><td>right antecubital fossa</td><td/><td>21791</td><td>active</td><td/></tr><tr><td>3</td><td style=\"white-space:nowrap\">\u00a0\u00a0\u00a0\u00a0RD<a name=\"v3-ActSite-RD\"> </a></td><td>right deltoid</td><td/><td>21792</td><td>active</td><td/></tr><tr><td>3</td><td style=\"white-space:nowrap\">\u00a0\u00a0\u00a0\u00a0RE<a name=\"v3-ActSite-RE\"> </a></td><td>right ear</td><td/><td>21793</td><td>active</td><td/></tr><tr><td>3</td><td style=\"white-space:nowrap\">\u00a0\u00a0\u00a0\u00a0REJ<a name=\"v3-ActSite-REJ\"> </a></td><td>right external jugular</td><td/><td>21794</td><td>active</td><td/></tr><tr><td>3</td><td style=\"white-space:nowrap\">\u00a0\u00a0\u00a0\u00a0RF<a name=\"v3-ActSite-RF\"> </a></td><td>right foot</td><td/><td>21795</td><td>active</td><td/></tr><tr><td>3</td><td style=\"white-space:nowrap\">\u00a0\u00a0\u00a0\u00a0RG<a name=\"v3-ActSite-RG\"> </a></td><td>right gluteus medius</td><td/><td>21796</td><td>active</td><td/></tr><tr><td>3</td><td style=\"white-space:nowrap\">\u00a0\u00a0\u00a0\u00a0RH<a name=\"v3-ActSite-RH\"> </a></td><td>right hand</td><td/><td>21797</td><td>active</td><td/></tr><tr><td>3</td><td style=\"white-space:nowrap\">\u00a0\u00a0\u00a0\u00a0RIJ<a name=\"v3-ActSite-RIJ\"> </a></td><td>right internal jugular</td><td/><td>21798</td><td>active</td><td/></tr><tr><td>3</td><td style=\"white-space:nowrap\">\u00a0\u00a0\u00a0\u00a0RLAQ<a name=\"v3-ActSite-RLAQ\"> </a></td><td>right lower abd quadrant</td><td/><td>21799</td><td>active</td><td/></tr><tr><td>3</td><td style=\"white-space:nowrap\">\u00a0\u00a0\u00a0\u00a0RLFA<a name=\"v3-ActSite-RLFA\"> </a></td><td>right lower forearm</td><td/><td>21800</td><td>active</td><td/></tr><tr><td>3</td><td style=\"white-space:nowrap\">\u00a0\u00a0\u00a0\u00a0RMFA<a name=\"v3-ActSite-RMFA\"> </a></td><td>right mid forearm</td><td/><td>21801</td><td>active</td><td/></tr><tr><td>3</td><td style=\"white-space:nowrap\">\u00a0\u00a0\u00a0\u00a0RN<a name=\"v3-ActSite-RN\"> </a></td><td>right naris</td><td/><td>23250</td><td>active</td><td/></tr><tr><td>3</td><td style=\"white-space:nowrap\">\u00a0\u00a0\u00a0\u00a0RPC<a name=\"v3-ActSite-RPC\"> </a></td><td>right posterior chest</td><td/><td>21802</td><td>active</td><td/></tr><tr><td>3</td><td style=\"white-space:nowrap\">\u00a0\u00a0\u00a0\u00a0RSC<a name=\"v3-ActSite-RSC\"> </a></td><td>right subclavian</td><td/><td>21803</td><td>active</td><td/></tr><tr><td>3</td><td style=\"white-space:nowrap\">\u00a0\u00a0\u00a0\u00a0RT<a name=\"v3-ActSite-RT\"> </a></td><td>right thigh</td><td/><td>21804</td><td>active</td><td/></tr><tr><td>3</td><td style=\"white-space:nowrap\">\u00a0\u00a0\u00a0\u00a0RUA<a name=\"v3-ActSite-RUA\"> </a></td><td>right upper arm</td><td/><td>21805</td><td>active</td><td/></tr><tr><td>3</td><td style=\"white-space:nowrap\">\u00a0\u00a0\u00a0\u00a0RUAQ<a name=\"v3-ActSite-RUAQ\"> </a></td><td>right upper abd quadrant</td><td/><td>21806</td><td>active</td><td/></tr><tr><td>3</td><td style=\"white-space:nowrap\">\u00a0\u00a0\u00a0\u00a0RUFA<a name=\"v3-ActSite-RUFA\"> </a></td><td>right upper forearm</td><td/><td>21807</td><td>active</td><td/></tr><tr><td>3</td><td style=\"white-space:nowrap\">\u00a0\u00a0\u00a0\u00a0RVG<a name=\"v3-ActSite-RVG\"> </a></td><td>right ventragluteal</td><td/><td>21808</td><td>active</td><td/></tr><tr><td>3</td><td style=\"white-space:nowrap\">\u00a0\u00a0\u00a0\u00a0RVL<a name=\"v3-ActSite-RVL\"> </a></td><td>right vastus lateralis</td><td/><td>21809</td><td>active</td><td/></tr><tr style=\"background-color: #ffeeee\"><td>2</td><td style=\"white-space:nowrap\">\u00a0\u00a0_InjuryActSite<a name=\"v3-ActSite-_InjuryActSite\"> </a></td><td>InjuryActSite</td><td>An anatomical location on a human of an injury or disease which is the focus of an act.</td><td>20949</td><td>retired</td><td>true</td></tr><tr style=\"background-color: #ffeeee\"><td>1</td><td style=\"white-space:nowrap\">_AnimalActSite<a name=\"v3-ActSite-_AnimalActSite\"> </a></td><td>AnimalActSite</td><td>An anatomical location on a non-human animal which can be the focus of an act.</td><td>20947</td><td>retired</td><td>true</td></tr></table></div>"
  },
  "url" : "http://terminology.hl7.org/CodeSystem/v3-ActSite",
  "identifier" : [{
    "system" : "urn:ietf:rfc:3986",
    "value" : "urn:oid:2.16.840.1.113883.5.1052"
  }],
  "version" : "0.1.0",
  "name" : "ActSite",
  "title" : "ActSite",
  "status" : "active",
  "experimental" : false,
  "date" : "2019-03-20",
  "publisher" : "SatuSehat",
  "contact" : [{
    "name" : "SatuSehat",
    "telecom" : [{
      "system" : "url",
      "value" : "https://satusehat.kemkes.go.id/"
    },
    {
      "system" : "email",
      "value" : "fhir@dto.kemkes.go.id"
    }]
  }],
  "description" : "An anatomical location on an organism which can be the focus of an act.",
  "copyright" : "This material derives from the HL7 Terminology THO. THO is copyright ©1989+ Health Level Seven International and is made available under the CC0 designation. For more licensing information see: https://terminology.hl7.org/license",
  "caseSensitive" : true,
  "hierarchyMeaning" : "is-a",
  "content" : "complete",
  "property" : [{
    "extension" : [{
      "url" : "http://terminology.hl7.org/StructureDefinition/ext-mif-relationship-symmetry",
      "valueCode" : "antisymmetric"
    },
    {
      "url" : "http://terminology.hl7.org/StructureDefinition/ext-mif-relationship-transitivity",
      "valueCode" : "transitive"
    },
    {
      "url" : "http://terminology.hl7.org/StructureDefinition/ext-mif-relationship-reflexivity",
      "valueCode" : "irreflexive"
    },
    {
      "url" : "http://terminology.hl7.org/StructureDefinition/ext-mif-relationship-isNavigable",
      "valueBoolean" : true
    },
    {
      "url" : "http://terminology.hl7.org/StructureDefinition/ext-mif-relationship-relationshipKind",
      "valueCode" : "Specializes"
    },
    {
      "url" : "http://terminology.hl7.org/StructureDefinition/ext-mif-relationship-inverseName",
      "valueString" : "Generalizes"
    }],
    "code" : "Specializes",
    "description" : "The child code is a more narrow version of the concept represented by the parent code.  I.e. Every child concept is also a valid parent concept.  Used to allow determination of subsumption.  Must be transitive, irreflexive, antisymmetric.",
    "type" : "Coding"
  },
  {
    "extension" : [{
      "url" : "http://terminology.hl7.org/StructureDefinition/ext-mif-relationship-symmetry",
      "valueCode" : "antisymmetric"
    },
    {
      "url" : "http://terminology.hl7.org/StructureDefinition/ext-mif-relationship-transitivity",
      "valueCode" : "transitive"
    },
    {
      "url" : "http://terminology.hl7.org/StructureDefinition/ext-mif-relationship-reflexivity",
      "valueCode" : "irreflexive"
    },
    {
      "url" : "http://terminology.hl7.org/StructureDefinition/ext-mif-relationship-isNavigable",
      "valueBoolean" : true
    },
    {
      "url" : "http://terminology.hl7.org/StructureDefinition/ext-mif-relationship-relationshipKind",
      "valueCode" : "Generalizes"
    },
    {
      "url" : "http://terminology.hl7.org/StructureDefinition/ext-mif-relationship-inverseName",
      "valueString" : "Specializes"
    }],
    "code" : "Generalizes",
    "description" : "Inverse of Specializes.  Only included as a derived relationship.",
    "type" : "Coding"
  },
  {
    "code" : "internalId",
    "uri" : "http://terminology.hl7.org/CodeSystem/utg-concept-properties#v3-internal-id",
    "description" : "The internal identifier for the concept in the HL7 Access database repository.",
    "type" : "code"
  },
  {
    "code" : "status",
    "uri" : "http://hl7.org/fhir/concept-properties#status",
    "description" : "Designation of a concept's state.  Normally is not populated unless the state is retired..",
    "type" : "code"
  },
  {
    "code" : "notSelectable",
    "uri" : "http://hl7.org/fhir/concept-properties#notSelectable",
    "description" : "Indicates that the code is abstract - only intended to be used as a selector for other concepts",
    "type" : "boolean"
  }],
  "concept" : [{
    "code" : "_HumanActSite",
    "display" : "HumanActSite",
    "definition" : "An anatomical location on a human which can be the focus of an act.",
    "property" : [{
      "code" : "notSelectable",
      "valueBoolean" : true
    },
    {
      "code" : "status",
      "valueCode" : "active"
    },
    {
      "code" : "internalId",
      "valueCode" : "20948"
    }],
    "concept" : [{
      "code" : "_HumanSubstanceAdministrationSite",
      "display" : "HumanSubstanceAdministrationSite",
      "definition" : "The set of body locations to or through which a drug product may be administered.",
      "property" : [{
        "code" : "notSelectable",
        "valueBoolean" : true
      },
      {
        "code" : "status",
        "valueCode" : "active"
      },
      {
        "code" : "internalId",
        "valueCode" : "21534"
      }],
      "concept" : [{
        "code" : "BE",
        "display" : "bilateral ears",
        "property" : [{
          "code" : "status",
          "valueCode" : "active"
        },
        {
          "code" : "internalId",
          "valueCode" : "21759"
        }]
      },
      {
        "code" : "BN",
        "display" : "bilateral nares",
        "property" : [{
          "code" : "status",
          "valueCode" : "active"
        },
        {
          "code" : "internalId",
          "valueCode" : "21760"
        }]
      },
      {
        "code" : "BU",
        "display" : "buttock",
        "property" : [{
          "code" : "status",
          "valueCode" : "active"
        },
        {
          "code" : "internalId",
          "valueCode" : "21761"
        }]
      },
      {
        "code" : "LA",
        "display" : "left arm",
        "property" : [{
          "code" : "status",
          "valueCode" : "active"
        },
        {
          "code" : "internalId",
          "valueCode" : "21762"
        }]
      },
      {
        "code" : "LAC",
        "display" : "left anterior chest",
        "property" : [{
          "code" : "status",
          "valueCode" : "active"
        },
        {
          "code" : "internalId",
          "valueCode" : "21763"
        }]
      },
      {
        "code" : "LACF",
        "display" : "left antecubital fossa",
        "property" : [{
          "code" : "status",
          "valueCode" : "active"
        },
        {
          "code" : "internalId",
          "valueCode" : "21764"
        }]
      },
      {
        "code" : "LD",
        "display" : "left deltoid",
        "property" : [{
          "code" : "status",
          "valueCode" : "active"
        },
        {
          "code" : "internalId",
          "valueCode" : "21765"
        }]
      },
      {
        "code" : "LE",
        "display" : "left ear",
        "property" : [{
          "code" : "status",
          "valueCode" : "active"
        },
        {
          "code" : "internalId",
          "valueCode" : "21766"
        }]
      },
      {
        "code" : "LEJ",
        "display" : "left external jugular",
        "property" : [{
          "code" : "status",
          "valueCode" : "active"
        },
        {
          "code" : "internalId",
          "valueCode" : "21767"
        }]
      },
      {
        "code" : "LF",
        "display" : "left foot",
        "property" : [{
          "code" : "status",
          "valueCode" : "active"
        },
        {
          "code" : "internalId",
          "valueCode" : "21768"
        }]
      },
      {
        "code" : "LG",
        "display" : "left gluteus medius",
        "property" : [{
          "code" : "status",
          "valueCode" : "active"
        },
        {
          "code" : "internalId",
          "valueCode" : "21769"
        }]
      },
      {
        "code" : "LH",
        "display" : "left hand",
        "property" : [{
          "code" : "status",
          "valueCode" : "active"
        },
        {
          "code" : "internalId",
          "valueCode" : "21770"
        }]
      },
      {
        "code" : "LIJ",
        "display" : "left internal jugular",
        "property" : [{
          "code" : "status",
          "valueCode" : "active"
        },
        {
          "code" : "internalId",
          "valueCode" : "21771"
        }]
      },
      {
        "code" : "LLAQ",
        "display" : "left lower abd quadrant",
        "property" : [{
          "code" : "status",
          "valueCode" : "active"
        },
        {
          "code" : "internalId",
          "valueCode" : "21772"
        }]
      },
      {
        "code" : "LLFA",
        "display" : "left lower forearm",
        "property" : [{
          "code" : "status",
          "valueCode" : "active"
        },
        {
          "code" : "internalId",
          "valueCode" : "21773"
        }]
      },
      {
        "code" : "LMFA",
        "display" : "left mid forearm",
        "property" : [{
          "code" : "status",
          "valueCode" : "active"
        },
        {
          "code" : "internalId",
          "valueCode" : "21774"
        }]
      },
      {
        "code" : "LN",
        "display" : "left naris",
        "property" : [{
          "code" : "status",
          "valueCode" : "active"
        },
        {
          "code" : "internalId",
          "valueCode" : "21775"
        }]
      },
      {
        "code" : "LPC",
        "display" : "left posterior chest",
        "property" : [{
          "code" : "status",
          "valueCode" : "active"
        },
        {
          "code" : "internalId",
          "valueCode" : "21776"
        }]
      },
      {
        "code" : "LSC",
        "display" : "left subclavian",
        "property" : [{
          "code" : "status",
          "valueCode" : "active"
        },
        {
          "code" : "internalId",
          "valueCode" : "21777"
        }]
      },
      {
        "code" : "LT",
        "display" : "left thigh",
        "property" : [{
          "code" : "status",
          "valueCode" : "active"
        },
        {
          "code" : "internalId",
          "valueCode" : "21778"
        }]
      },
      {
        "code" : "LUA",
        "display" : "left upper arm",
        "property" : [{
          "code" : "status",
          "valueCode" : "active"
        },
        {
          "code" : "internalId",
          "valueCode" : "21779"
        }]
      },
      {
        "code" : "LUAQ",
        "display" : "left upper abd quadrant",
        "property" : [{
          "code" : "status",
          "valueCode" : "active"
        },
        {
          "code" : "internalId",
          "valueCode" : "21780"
        }]
      },
      {
        "code" : "LUFA",
        "display" : "left upper forearm",
        "property" : [{
          "code" : "status",
          "valueCode" : "active"
        },
        {
          "code" : "internalId",
          "valueCode" : "21781"
        }]
      },
      {
        "code" : "LVG",
        "display" : "left ventragluteal",
        "property" : [{
          "code" : "status",
          "valueCode" : "active"
        },
        {
          "code" : "internalId",
          "valueCode" : "21782"
        }]
      },
      {
        "code" : "LVL",
        "display" : "left vastus lateralis",
        "property" : [{
          "code" : "status",
          "valueCode" : "active"
        },
        {
          "code" : "internalId",
          "valueCode" : "21783"
        }]
      },
      {
        "code" : "OD",
        "display" : "right eye",
        "property" : [{
          "code" : "status",
          "valueCode" : "active"
        },
        {
          "code" : "internalId",
          "valueCode" : "21784"
        }]
      },
      {
        "code" : "OS",
        "display" : "left eye",
        "property" : [{
          "code" : "status",
          "valueCode" : "active"
        },
        {
          "code" : "internalId",
          "valueCode" : "21785"
        }]
      },
      {
        "code" : "OU",
        "display" : "bilateral eyes",
        "property" : [{
          "code" : "status",
          "valueCode" : "active"
        },
        {
          "code" : "internalId",
          "valueCode" : "21786"
        }]
      },
      {
        "code" : "PA",
        "display" : "perianal",
        "property" : [{
          "code" : "status",
          "valueCode" : "active"
        },
        {
          "code" : "internalId",
          "valueCode" : "21787"
        }]
      },
      {
        "code" : "PERIN",
        "display" : "perineal",
        "property" : [{
          "code" : "status",
          "valueCode" : "active"
        },
        {
          "code" : "internalId",
          "valueCode" : "21788"
        }]
      },
      {
        "code" : "RA",
        "display" : "right arm",
        "property" : [{
          "code" : "status",
          "valueCode" : "active"
        },
        {
          "code" : "internalId",
          "valueCode" : "21789"
        }]
      },
      {
        "code" : "RAC",
        "display" : "right anterior chest",
        "property" : [{
          "code" : "status",
          "valueCode" : "active"
        },
        {
          "code" : "internalId",
          "valueCode" : "21790"
        }]
      },
      {
        "code" : "RACF",
        "display" : "right antecubital fossa",
        "property" : [{
          "code" : "status",
          "valueCode" : "active"
        },
        {
          "code" : "internalId",
          "valueCode" : "21791"
        }]
      },
      {
        "code" : "RD",
        "display" : "right deltoid",
        "property" : [{
          "code" : "status",
          "valueCode" : "active"
        },
        {
          "code" : "internalId",
          "valueCode" : "21792"
        }]
      },
      {
        "code" : "RE",
        "display" : "right ear",
        "property" : [{
          "code" : "status",
          "valueCode" : "active"
        },
        {
          "code" : "internalId",
          "valueCode" : "21793"
        }]
      },
      {
        "code" : "REJ",
        "display" : "right external jugular",
        "property" : [{
          "code" : "status",
          "valueCode" : "active"
        },
        {
          "code" : "internalId",
          "valueCode" : "21794"
        }]
      },
      {
        "code" : "RF",
        "display" : "right foot",
        "property" : [{
          "code" : "status",
          "valueCode" : "active"
        },
        {
          "code" : "internalId",
          "valueCode" : "21795"
        }]
      },
      {
        "code" : "RG",
        "display" : "right gluteus medius",
        "property" : [{
          "code" : "status",
          "valueCode" : "active"
        },
        {
          "code" : "internalId",
          "valueCode" : "21796"
        }]
      },
      {
        "code" : "RH",
        "display" : "right hand",
        "property" : [{
          "code" : "status",
          "valueCode" : "active"
        },
        {
          "code" : "internalId",
          "valueCode" : "21797"
        }]
      },
      {
        "code" : "RIJ",
        "display" : "right internal jugular",
        "property" : [{
          "code" : "status",
          "valueCode" : "active"
        },
        {
          "code" : "internalId",
          "valueCode" : "21798"
        }]
      },
      {
        "code" : "RLAQ",
        "display" : "right lower abd quadrant",
        "property" : [{
          "code" : "status",
          "valueCode" : "active"
        },
        {
          "code" : "internalId",
          "valueCode" : "21799"
        }]
      },
      {
        "code" : "RLFA",
        "display" : "right lower forearm",
        "property" : [{
          "code" : "status",
          "valueCode" : "active"
        },
        {
          "code" : "internalId",
          "valueCode" : "21800"
        }]
      },
      {
        "code" : "RMFA",
        "display" : "right mid forearm",
        "property" : [{
          "code" : "status",
          "valueCode" : "active"
        },
        {
          "code" : "internalId",
          "valueCode" : "21801"
        }]
      },
      {
        "code" : "RN",
        "display" : "right naris",
        "property" : [{
          "code" : "status",
          "valueCode" : "active"
        },
        {
          "code" : "internalId",
          "valueCode" : "23250"
        }]
      },
      {
        "code" : "RPC",
        "display" : "right posterior chest",
        "property" : [{
          "code" : "status",
          "valueCode" : "active"
        },
        {
          "code" : "internalId",
          "valueCode" : "21802"
        }]
      },
      {
        "code" : "RSC",
        "display" : "right subclavian",
        "property" : [{
          "code" : "status",
          "valueCode" : "active"
        },
        {
          "code" : "internalId",
          "valueCode" : "21803"
        }]
      },
      {
        "code" : "RT",
        "display" : "right thigh",
        "property" : [{
          "code" : "status",
          "valueCode" : "active"
        },
        {
          "code" : "internalId",
          "valueCode" : "21804"
        }]
      },
      {
        "code" : "RUA",
        "display" : "right upper arm",
        "property" : [{
          "code" : "status",
          "valueCode" : "active"
        },
        {
          "code" : "internalId",
          "valueCode" : "21805"
        }]
      },
      {
        "code" : "RUAQ",
        "display" : "right upper abd quadrant",
        "property" : [{
          "code" : "status",
          "valueCode" : "active"
        },
        {
          "code" : "internalId",
          "valueCode" : "21806"
        }]
      },
      {
        "code" : "RUFA",
        "display" : "right upper forearm",
        "property" : [{
          "code" : "status",
          "valueCode" : "active"
        },
        {
          "code" : "internalId",
          "valueCode" : "21807"
        }]
      },
      {
        "code" : "RVG",
        "display" : "right ventragluteal",
        "property" : [{
          "code" : "status",
          "valueCode" : "active"
        },
        {
          "code" : "internalId",
          "valueCode" : "21808"
        }]
      },
      {
        "code" : "RVL",
        "display" : "right vastus lateralis",
        "property" : [{
          "code" : "status",
          "valueCode" : "active"
        },
        {
          "code" : "internalId",
          "valueCode" : "21809"
        }]
      }]
    },
    {
      "code" : "_InjuryActSite",
      "display" : "InjuryActSite",
      "definition" : "An anatomical location on a human of an injury or disease which is the focus of an act.",
      "property" : [{
        "code" : "notSelectable",
        "valueBoolean" : true
      },
      {
        "code" : "status",
        "valueCode" : "retired"
      },
      {
        "code" : "internalId",
        "valueCode" : "20949"
      }]
    }]
  },
  {
    "code" : "_AnimalActSite",
    "display" : "AnimalActSite",
    "definition" : "An anatomical location on a non-human animal which can be the focus of an act.",
    "property" : [{
      "code" : "notSelectable",
      "valueBoolean" : true
    },
    {
      "code" : "status",
      "valueCode" : "retired"
    },
    {
      "code" : "internalId",
      "valueCode" : "20947"
    }]
  }]
}