{
  "resourceType" : "CodeSystem",
  "id" : "ex-relatedclaimrelationship",
  "meta" : {
    "lastUpdated" : "2020-04-09T21:10:28.568+00:00",
    "profile" : ["http://hl7.org/fhir/StructureDefinition/shareablecodesystem"]
  },
  "text" : {
    "status" : "generated",
    "div" : "<div xmlns=\"http://www.w3.org/1999/xhtml\"><p>This case-sensitive code system <code>http://terminology.hl7.org/CodeSystem/ex-relatedclaimrelationship</code> defines the following codes:</p><table class=\"codes\"><tr><td style=\"white-space:nowrap\"><b>Code</b></td><td><b>Display</b></td><td><b>Definition</b></td></tr><tr><td style=\"white-space:nowrap\">prior<a name=\"ex-relatedclaimrelationship-prior\"> </a></td><td>Prior Claim</td><td>A prior claim instance for the same intended suite of services.</td></tr><tr><td style=\"white-space:nowrap\">associated<a name=\"ex-relatedclaimrelationship-associated\"> </a></td><td>Associated Claim</td><td>A claim for a different suite of services which is related the suite claimed here.</td></tr></table></div>"
  },
  "extension" : [{
    "url" : "http://hl7.org/fhir/StructureDefinition/structuredefinition-wg",
    "valueCode" : "fm"
  },
  {
    "url" : "http://hl7.org/fhir/StructureDefinition/structuredefinition-fmm",
    "valueInteger" : 1
  }],
  "url" : "http://terminology.hl7.org/CodeSystem/ex-relatedclaimrelationship",
  "identifier" : [{
    "system" : "urn:ietf:rfc:3986",
    "value" : "urn:oid:2.16.840.1.113883.4.642.1.1159"
  }],
  "version" : "0.1.0",
  "name" : "ExampleRelatedClaimRelationshipCodes",
  "title" : "Example Related Claim Relationship Codes",
  "status" : "draft",
  "experimental" : false,
  "date" : "2024-03-09T14:36:19-07:00",
  "publisher" : "SatuSehat",
  "contact" : [{
    "name" : "SatuSehat",
    "telecom" : [{
      "system" : "url",
      "value" : "https://satusehat.kemkes.go.id/"
    },
    {
      "system" : "email",
      "value" : "fhir@dto.kemkes.go.id"
    }]
  }],
  "description" : "This value set includes sample Related Claim Relationship codes.",
  "copyright" : "This material derives from the HL7 Terminology (THO). THO is copyright ©1989+ Health Level Seven International and is made available under the CC0 designation. For more licensing information see: https://terminology.hl7.org/license",
  "caseSensitive" : true,
  "valueSet" : "http://terminology.hl7.org/ValueSet/related-claim-relationship",
  "content" : "complete",
  "concept" : [{
    "code" : "prior",
    "display" : "Prior Claim",
    "definition" : "A prior claim instance for the same intended suite of services."
  },
  {
    "code" : "associated",
    "display" : "Associated Claim",
    "definition" : "A claim for a different suite of services which is related the suite claimed here."
  }]
}