{
  "resourceType" : "CodeSystem",
  "id" : "rejection-criteria",
  "meta" : {
    "lastUpdated" : "2020-04-09T21:10:28.568+00:00"
  },
  "text" : {
    "status" : "generated",
    "div" : "<div xmlns=\"http://www.w3.org/1999/xhtml\"><p>This case-sensitive code system <code>http://terminology.hl7.org/CodeSystem/rejection-criteria</code> defines the following codes:</p><table class=\"codes\"><tr><td style=\"white-space:nowrap\"><b>Code</b></td><td><b>Display</b></td><td><b>Definition</b></td></tr><tr><td style=\"white-space:nowrap\">hemolized<a name=\"rejection-criteria-hemolized\"> </a></td><td>hemolized specimen</td><td>blood specimen hemolized.</td></tr><tr><td style=\"white-space:nowrap\">insufficient<a name=\"rejection-criteria-insufficient\"> </a></td><td>insufficient specimen volume</td><td>insufficient quantity of specimen.</td></tr><tr><td style=\"white-space:nowrap\">broken<a name=\"rejection-criteria-broken\"> </a></td><td>broken specimen container</td><td>specimen container broken.</td></tr><tr><td style=\"white-space:nowrap\">clotted<a name=\"rejection-criteria-clotted\"> </a></td><td>specimen clotted</td><td>specimen clotted.</td></tr><tr><td style=\"white-space:nowrap\">wrong-temperature<a name=\"rejection-criteria-wrong-temperature\"> </a></td><td>specimen temperature inappropriate</td><td>specimen temperature inappropriate.</td></tr></table></div>"
  },
  "extension" : [{
    "url" : "http://hl7.org/fhir/StructureDefinition/structuredefinition-wg",
    "valueCode" : "oo"
  },
  {
    "url" : "http://hl7.org/fhir/StructureDefinition/structuredefinition-fmm",
    "valueInteger" : 1
  }],
  "url" : "http://terminology.hl7.org/CodeSystem/rejection-criteria",
  "identifier" : [{
    "system" : "urn:ietf:rfc:3986",
    "value" : "urn:oid:2.16.840.1.113883.4.642.1.1260"
  }],
  "version" : "0.1.0",
  "name" : "RejectionCriterion",
  "title" : "RejectionCriterion",
  "status" : "draft",
  "experimental" : false,
  "date" : "2020-04-09T21:10:28+00:00",
  "publisher" : "SatuSehat",
  "contact" : [{
    "name" : "SatuSehat",
    "telecom" : [{
      "system" : "url",
      "value" : "https://satusehat.kemkes.go.id/"
    },
    {
      "system" : "email",
      "value" : "fhir@dto.kemkes.go.id"
    }]
  }],
  "description" : "Criterion for rejection of the specimen by laboratory.",
  "copyright" : "This material derives from the HL7 Terminology (THO). THO is copyright ©1989+ Health Level Seven International and is made available under the CC0 designation. For more licensing information see: https://terminology.hl7.org/license",
  "caseSensitive" : true,
  "valueSet" : "http://terminology.hl7.org/ValueSet/rejection-criteria",
  "content" : "complete",
  "concept" : [{
    "code" : "hemolized",
    "display" : "hemolized specimen",
    "definition" : "blood specimen hemolized."
  },
  {
    "code" : "insufficient",
    "display" : "insufficient specimen volume",
    "definition" : "insufficient quantity of specimen."
  },
  {
    "code" : "broken",
    "display" : "broken specimen container",
    "definition" : "specimen container broken."
  },
  {
    "code" : "clotted",
    "display" : "specimen clotted",
    "definition" : "specimen clotted."
  },
  {
    "code" : "wrong-temperature",
    "display" : "specimen temperature inappropriate",
    "definition" : "specimen temperature inappropriate."
  }]
}