{
  "resourceType" : "CodeSystem",
  "id" : "v3-ResponseLevel",
  "language" : "en",
  "text" : {
    "status" : "generated",
    "div" : "<div xml:lang=\"en\" xmlns=\"http://www.w3.org/1999/xhtml\" lang=\"en\"><p><b>Properties</b></p><p><b>This code system  defines the following properties for its concepts</b></p><table class=\"grid\"><tr><td><b>Code</b></td><td><b>URI</b></td><td><b>Type</b></td><td><b>Description</b></td></tr><tr><td>Specializes</td><td/><td>Coding</td><td>The child code is a more narrow version of the concept represented by the parent code.  I.e. Every child concept is also a valid parent concept.  Used to allow determination of subsumption.  Must be transitive, irreflexive, antisymmetric.</td></tr><tr><td>Generalizes</td><td/><td>Coding</td><td>Inverse of Specializes.  Only included as a derived relationship.</td></tr><tr><td>internalId</td><td>http://terminology.hl7.org/CodeSystem/utg-concept-properties#v3-internal-id</td><td>code</td><td>The internal identifier for the concept in the HL7 Access database repository.</td></tr><tr><td>status</td><td>http://hl7.org/fhir/concept-properties#status</td><td>code</td><td>Designation of a concept's state. Normally is not populated unless the state is retired.</td></tr></table><p><b>Concepts</b></p><p>This case-sensitive code system <code>http://terminology.hl7.org/CodeSystem/v3-ResponseLevel</code> defines the following codes in a Is-A heirarchy:</p><table class=\"codes\"><tr><td style=\"white-space:nowrap\"><b>Code</b></td><td><b>Display</b></td><td><b>Definition</b></td><td><b>internalId</b></td><td><b>status</b></td></tr><tr><td style=\"white-space:nowrap\">C<a name=\"v3-ResponseLevel-C\"> </a></td><td>completion</td><td>Respond with exceptions and a notification of completion</td><td>14763</td><td>active</td></tr><tr><td style=\"white-space:nowrap\">D<a name=\"v3-ResponseLevel-D\"> </a></td><td>detail</td><td>Respond with exceptions, completion, modifications and include more detail information (if applicable)</td><td>14765</td><td>active</td></tr><tr><td style=\"white-space:nowrap\">E<a name=\"v3-ResponseLevel-E\"> </a></td><td>exception</td><td>Respond with exceptions only</td><td>14762</td><td>active</td></tr><tr><td style=\"white-space:nowrap\">F<a name=\"v3-ResponseLevel-F\"> </a></td><td>confirmation</td><td>Respond with exceptions, completion, and modification with detail (as above), and send positive confirmations even if no modifications are being made.</td><td>14766</td><td>active</td></tr><tr><td style=\"white-space:nowrap\">N<a name=\"v3-ResponseLevel-N\"> </a></td><td>message-control</td><td>Respond only with message level acknowledgements, i.e., only notify acceptance or rejection of the message, do not include any application-level detail</td><td>14767</td><td>active</td></tr><tr><td style=\"white-space:nowrap\">R<a name=\"v3-ResponseLevel-R\"> </a></td><td>modification</td><td>Respond with exceptions, completions and modifications or revisions done before completion</td><td>14764</td><td>active</td></tr><tr><td style=\"white-space:nowrap\">X<a name=\"v3-ResponseLevel-X\"> </a></td><td>none</td><td>Do not send any kind of response</td><td>14768</td><td>active</td></tr></table></div>"
  },
  "url" : "http://terminology.hl7.org/CodeSystem/v3-ResponseLevel",
  "identifier" : [{
    "system" : "urn:ietf:rfc:3986",
    "value" : "urn:oid:2.16.840.1.113883.5.108"
  }],
  "version" : "0.1.0",
  "name" : "ResponseLevel",
  "title" : "ResponseLevel",
  "status" : "active",
  "experimental" : false,
  "date" : "2019-03-20",
  "publisher" : "SatuSehat",
  "contact" : [{
    "name" : "SatuSehat",
    "telecom" : [{
      "system" : "url",
      "value" : "https://satusehat.kemkes.go.id/"
    },
    {
      "system" : "email",
      "value" : "fhir@dto.kemkes.go.id"
    }]
  }],
  "description" : "Specifies whether a response is expected from the addressee of this interaction and what level of detail that response should include",
  "copyright" : "This material derives from the HL7 Terminology THO. THO is copyright ©1989+ Health Level Seven International and is made available under the CC0 designation. For more licensing information see: https://terminology.hl7.org/license",
  "caseSensitive" : true,
  "hierarchyMeaning" : "is-a",
  "content" : "complete",
  "property" : [{
    "extension" : [{
      "url" : "http://terminology.hl7.org/StructureDefinition/ext-mif-relationship-symmetry",
      "valueCode" : "antisymmetric"
    },
    {
      "url" : "http://terminology.hl7.org/StructureDefinition/ext-mif-relationship-transitivity",
      "valueCode" : "transitive"
    },
    {
      "url" : "http://terminology.hl7.org/StructureDefinition/ext-mif-relationship-reflexivity",
      "valueCode" : "irreflexive"
    },
    {
      "url" : "http://terminology.hl7.org/StructureDefinition/ext-mif-relationship-isNavigable",
      "valueBoolean" : true
    },
    {
      "url" : "http://terminology.hl7.org/StructureDefinition/ext-mif-relationship-relationshipKind",
      "valueCode" : "Specializes"
    },
    {
      "url" : "http://terminology.hl7.org/StructureDefinition/ext-mif-relationship-inverseName",
      "valueString" : "Generalizes"
    }],
    "code" : "Specializes",
    "description" : "The child code is a more narrow version of the concept represented by the parent code.  I.e. Every child concept is also a valid parent concept.  Used to allow determination of subsumption.  Must be transitive, irreflexive, antisymmetric.",
    "type" : "Coding"
  },
  {
    "extension" : [{
      "url" : "http://terminology.hl7.org/StructureDefinition/ext-mif-relationship-symmetry",
      "valueCode" : "antisymmetric"
    },
    {
      "url" : "http://terminology.hl7.org/StructureDefinition/ext-mif-relationship-transitivity",
      "valueCode" : "transitive"
    },
    {
      "url" : "http://terminology.hl7.org/StructureDefinition/ext-mif-relationship-reflexivity",
      "valueCode" : "irreflexive"
    },
    {
      "url" : "http://terminology.hl7.org/StructureDefinition/ext-mif-relationship-isNavigable",
      "valueBoolean" : true
    },
    {
      "url" : "http://terminology.hl7.org/StructureDefinition/ext-mif-relationship-relationshipKind",
      "valueCode" : "Generalizes"
    },
    {
      "url" : "http://terminology.hl7.org/StructureDefinition/ext-mif-relationship-inverseName",
      "valueString" : "Specializes"
    }],
    "code" : "Generalizes",
    "description" : "Inverse of Specializes.  Only included as a derived relationship.",
    "type" : "Coding"
  },
  {
    "code" : "internalId",
    "uri" : "http://terminology.hl7.org/CodeSystem/utg-concept-properties#v3-internal-id",
    "description" : "The internal identifier for the concept in the HL7 Access database repository.",
    "type" : "code"
  },
  {
    "code" : "status",
    "uri" : "http://hl7.org/fhir/concept-properties#status",
    "description" : "Designation of a concept's state. Normally is not populated unless the state is retired.",
    "type" : "code"
  }],
  "concept" : [{
    "code" : "C",
    "display" : "completion",
    "definition" : "Respond with exceptions and a notification of completion",
    "property" : [{
      "code" : "status",
      "valueCode" : "active"
    },
    {
      "code" : "internalId",
      "valueCode" : "14763"
    }]
  },
  {
    "code" : "D",
    "display" : "detail",
    "definition" : "Respond with exceptions, completion, modifications and include more detail information (if applicable)",
    "property" : [{
      "code" : "status",
      "valueCode" : "active"
    },
    {
      "code" : "internalId",
      "valueCode" : "14765"
    }]
  },
  {
    "code" : "E",
    "display" : "exception",
    "definition" : "Respond with exceptions only",
    "property" : [{
      "code" : "status",
      "valueCode" : "active"
    },
    {
      "code" : "internalId",
      "valueCode" : "14762"
    }]
  },
  {
    "code" : "F",
    "display" : "confirmation",
    "definition" : "Respond with exceptions, completion, and modification with detail (as above), and send positive confirmations even if no modifications are being made.",
    "property" : [{
      "code" : "status",
      "valueCode" : "active"
    },
    {
      "code" : "internalId",
      "valueCode" : "14766"
    }]
  },
  {
    "code" : "N",
    "display" : "message-control",
    "definition" : "Respond only with message level acknowledgements, i.e., only notify acceptance or rejection of the message, do not include any application-level detail",
    "property" : [{
      "code" : "status",
      "valueCode" : "active"
    },
    {
      "code" : "internalId",
      "valueCode" : "14767"
    }]
  },
  {
    "code" : "R",
    "display" : "modification",
    "definition" : "Respond with exceptions, completions and modifications or revisions done before completion",
    "property" : [{
      "code" : "status",
      "valueCode" : "active"
    },
    {
      "code" : "internalId",
      "valueCode" : "14764"
    }]
  },
  {
    "code" : "X",
    "display" : "none",
    "definition" : "Do not send any kind of response",
    "property" : [{
      "code" : "status",
      "valueCode" : "active"
    },
    {
      "code" : "internalId",
      "valueCode" : "14768"
    }]
  }]
}