{
  "resourceType" : "CodeSystem",
  "id" : "adjudication-error",
  "meta" : {
    "lastUpdated" : "2020-04-09T21:10:28.568+00:00",
    "profile" : ["http://hl7.org/fhir/StructureDefinition/shareablecodesystem"]
  },
  "text" : {
    "status" : "generated",
    "div" : "<div xmlns=\"http://www.w3.org/1999/xhtml\"><p>This case-sensitive code system <code>http://terminology.hl7.org/CodeSystem/adjudication-error</code> defines the following codes:</p><table class=\"codes\"><tr><td style=\"white-space:nowrap\"><b>Code</b></td><td><b>Display</b></td><td><b>Definition</b></td></tr><tr><td style=\"white-space:nowrap\">a001<a name=\"adjudication-error-a001\"> </a></td><td>Missing Identifier</td><td>Missing Identifier</td></tr><tr><td style=\"white-space:nowrap\">a002<a name=\"adjudication-error-a002\"> </a></td><td>Missing Creation Date</td><td>Missing Creation Date</td></tr></table></div>"
  },
  "extension" : [{
    "url" : "http://hl7.org/fhir/StructureDefinition/structuredefinition-wg",
    "valueCode" : "fm"
  },
  {
    "url" : "http://hl7.org/fhir/StructureDefinition/structuredefinition-fmm",
    "valueInteger" : 1
  }],
  "url" : "http://terminology.hl7.org/CodeSystem/adjudication-error",
  "identifier" : [{
    "system" : "urn:ietf:rfc:3986",
    "value" : "urn:oid:2.16.840.1.113883.4.642.1.1053"
  }],
  "version" : "0.1.0",
  "name" : "AdjudicationErrorCodes",
  "title" : "Adjudication Error Codes",
  "status" : "draft",
  "experimental" : true,
  "date" : "2024-03-09T14:36:19-07:00",
  "publisher" : "SatuSehat",
  "contact" : [{
    "name" : "SatuSehat",
    "telecom" : [{
      "system" : "url",
      "value" : "https://satusehat.kemkes.go.id/"
    },
    {
      "system" : "email",
      "value" : "fhir@dto.kemkes.go.id"
    }]
  }],
  "description" : "This value set includes a smattering of adjudication codes.",
  "copyright" : "This material derives from the HL7 Terminology (THO). THO is copyright ©1989+ Health Level Seven International and is made available under the CC0 designation. For more licensing information see: https://terminology.hl7.org/license",
  "caseSensitive" : true,
  "valueSet" : "http://terminology.hl7.org/ValueSet/adjudication-error",
  "content" : "complete",
  "concept" : [{
    "code" : "a001",
    "display" : "Missing Identifier",
    "definition" : "Missing Identifier"
  },
  {
    "code" : "a002",
    "display" : "Missing Creation Date",
    "definition" : "Missing Creation Date"
  }]
}