{
  "resourceType" : "CodeSystem",
  "id" : "v3-ActStatus",
  "language" : "en",
  "text" : {
    "status" : "generated",
    "div" : "<div xml:lang=\"en\" xmlns=\"http://www.w3.org/1999/xhtml\" lang=\"en\"><p><b>Properties</b></p><p><b>This code system  defines the following properties for its concepts</b></p><table class=\"grid\"><tr><td><b>Code</b></td><td><b>URI</b></td><td><b>Type</b></td><td><b>Description</b></td></tr><tr><td>Specializes</td><td/><td>Coding</td><td>The child code is a more narrow version of the concept represented by the parent code.  I.e. Every child concept is also a valid parent concept.  Used to allow determination of subsumption.  Must be transitive, irreflexive, antisymmetric.</td></tr><tr><td>Generalizes</td><td/><td>Coding</td><td>Inverse of Specializes.  Only included as a derived relationship.</td></tr><tr><td>internalId</td><td>http://terminology.hl7.org/CodeSystem/utg-concept-properties#v3-internal-id</td><td>code</td><td>The internal identifier for the concept in the HL7 Access database repository.</td></tr><tr><td>status</td><td>http://hl7.org/fhir/concept-properties#status</td><td>code</td><td>Designation of a concept's state. Normally is not populated unless the state is retired.</td></tr></table><p><b>Concepts</b></p><p>This case-sensitive code system <code>http://terminology.hl7.org/CodeSystem/v3-ActStatus</code> defines the following codes in a Is-A heirarchy:</p><table class=\"codes\"><tr><td><b>Lvl</b></td><td style=\"white-space:nowrap\"><b>Code</b></td><td><b>Definition</b></td><td><b>internalId</b></td><td><b>status</b></td></tr><tr><td>1</td><td style=\"white-space:nowrap\">normal<a name=\"v3-ActStatus-normal\"> </a></td><td>Encompasses the expected states of an Act, but excludes &quot;nullified&quot; and &quot;obsolete&quot; which represent unusual terminal states for the life-cycle.</td><td>15936</td><td>active</td></tr><tr><td>2</td><td style=\"white-space:nowrap\">\u00a0\u00a0aborted<a name=\"v3-ActStatus-aborted\"> </a></td><td>The Act has been terminated prior to the originally intended completion.</td><td>15941</td><td>active</td></tr><tr><td>2</td><td style=\"white-space:nowrap\">\u00a0\u00a0active<a name=\"v3-ActStatus-active\"> </a></td><td>The Act can be performed or is being performed</td><td>15942</td><td>active</td></tr><tr><td>2</td><td style=\"white-space:nowrap\">\u00a0\u00a0cancelled<a name=\"v3-ActStatus-cancelled\"> </a></td><td>The Act has been abandoned before activation.</td><td>15938</td><td>active</td></tr><tr><td>2</td><td style=\"white-space:nowrap\">\u00a0\u00a0completed<a name=\"v3-ActStatus-completed\"> </a></td><td>An Act that has terminated normally after all of its constituents have been performed.</td><td>15940</td><td>active</td></tr><tr><td>2</td><td style=\"white-space:nowrap\">\u00a0\u00a0held<a name=\"v3-ActStatus-held\"> </a></td><td>An Act that is still in the preparatory stages has been put aside. No action can occur until the Act is released.</td><td>15937</td><td>active</td></tr><tr><td>2</td><td style=\"white-space:nowrap\">\u00a0\u00a0new<a name=\"v3-ActStatus-new\"> </a></td><td>An Act that is in the preparatory stages and may not yet be acted upon</td><td>15943</td><td>active</td></tr><tr><td>2</td><td style=\"white-space:nowrap\">\u00a0\u00a0suspended<a name=\"v3-ActStatus-suspended\"> </a></td><td>An Act that has been activated (actions could or have been performed against it), but has been temporarily disabled. No further action should be taken against it until it is released</td><td>15939</td><td>active</td></tr><tr><td>1</td><td style=\"white-space:nowrap\">nullified<a name=\"v3-ActStatus-nullified\"> </a></td><td>This Act instance was created in error and has been 'removed' and is treated as though it never existed. A record is retained for audit purposes only.</td><td>15934</td><td>active</td></tr><tr><td>1</td><td style=\"white-space:nowrap\">obsolete<a name=\"v3-ActStatus-obsolete\"> </a></td><td>This Act instance has been replaced by a new instance.</td><td>15935</td><td>active</td></tr></table></div>"
  },
  "url" : "http://terminology.hl7.org/CodeSystem/v3-ActStatus",
  "identifier" : [{
    "system" : "urn:ietf:rfc:3986",
    "value" : "urn:oid:2.16.840.1.113883.5.14"
  }],
  "version" : "0.1.0",
  "name" : "ActStatus",
  "title" : "ActStatus",
  "status" : "active",
  "experimental" : false,
  "date" : "2019-03-20",
  "publisher" : "SatuSehat",
  "contact" : [{
    "name" : "SatuSehat",
    "telecom" : [{
      "system" : "url",
      "value" : "https://satusehat.kemkes.go.id/"
    },
    {
      "system" : "email",
      "value" : "fhir@dto.kemkes.go.id"
    }]
  }],
  "description" : "Codes representing the defined possible states of an Act, as defined by the Act class state machine.",
  "copyright" : "This material derives from the HL7 Terminology THO. THO is copyright ©1989+ Health Level Seven International and is made available under the CC0 designation. For more licensing information see: https://terminology.hl7.org/license",
  "caseSensitive" : true,
  "hierarchyMeaning" : "is-a",
  "content" : "complete",
  "property" : [{
    "extension" : [{
      "url" : "http://terminology.hl7.org/StructureDefinition/ext-mif-relationship-symmetry",
      "valueCode" : "antisymmetric"
    },
    {
      "url" : "http://terminology.hl7.org/StructureDefinition/ext-mif-relationship-transitivity",
      "valueCode" : "transitive"
    },
    {
      "url" : "http://terminology.hl7.org/StructureDefinition/ext-mif-relationship-reflexivity",
      "valueCode" : "irreflexive"
    },
    {
      "url" : "http://terminology.hl7.org/StructureDefinition/ext-mif-relationship-isNavigable",
      "valueBoolean" : true
    },
    {
      "url" : "http://terminology.hl7.org/StructureDefinition/ext-mif-relationship-relationshipKind",
      "valueCode" : "Specializes"
    },
    {
      "url" : "http://terminology.hl7.org/StructureDefinition/ext-mif-relationship-inverseName",
      "valueString" : "Generalizes"
    }],
    "code" : "Specializes",
    "description" : "The child code is a more narrow version of the concept represented by the parent code.  I.e. Every child concept is also a valid parent concept.  Used to allow determination of subsumption.  Must be transitive, irreflexive, antisymmetric.",
    "type" : "Coding"
  },
  {
    "extension" : [{
      "url" : "http://terminology.hl7.org/StructureDefinition/ext-mif-relationship-symmetry",
      "valueCode" : "antisymmetric"
    },
    {
      "url" : "http://terminology.hl7.org/StructureDefinition/ext-mif-relationship-transitivity",
      "valueCode" : "transitive"
    },
    {
      "url" : "http://terminology.hl7.org/StructureDefinition/ext-mif-relationship-reflexivity",
      "valueCode" : "irreflexive"
    },
    {
      "url" : "http://terminology.hl7.org/StructureDefinition/ext-mif-relationship-isNavigable",
      "valueBoolean" : true
    },
    {
      "url" : "http://terminology.hl7.org/StructureDefinition/ext-mif-relationship-relationshipKind",
      "valueCode" : "Generalizes"
    },
    {
      "url" : "http://terminology.hl7.org/StructureDefinition/ext-mif-relationship-inverseName",
      "valueString" : "Specializes"
    }],
    "code" : "Generalizes",
    "description" : "Inverse of Specializes.  Only included as a derived relationship.",
    "type" : "Coding"
  },
  {
    "code" : "internalId",
    "uri" : "http://terminology.hl7.org/CodeSystem/utg-concept-properties#v3-internal-id",
    "description" : "The internal identifier for the concept in the HL7 Access database repository.",
    "type" : "code"
  },
  {
    "code" : "status",
    "uri" : "http://hl7.org/fhir/concept-properties#status",
    "description" : "Designation of a concept's state. Normally is not populated unless the state is retired.",
    "type" : "code"
  }],
  "concept" : [{
    "code" : "normal",
    "display" : "normal",
    "definition" : "Encompasses the expected states of an Act, but excludes \"nullified\" and \"obsolete\" which represent unusual terminal states for the life-cycle.",
    "property" : [{
      "code" : "status",
      "valueCode" : "active"
    },
    {
      "code" : "internalId",
      "valueCode" : "15936"
    }],
    "concept" : [{
      "code" : "aborted",
      "display" : "aborted",
      "definition" : "The Act has been terminated prior to the originally intended completion.",
      "property" : [{
        "code" : "status",
        "valueCode" : "active"
      },
      {
        "code" : "internalId",
        "valueCode" : "15941"
      }]
    },
    {
      "code" : "active",
      "display" : "active",
      "definition" : "The Act can be performed or is being performed",
      "property" : [{
        "code" : "status",
        "valueCode" : "active"
      },
      {
        "code" : "internalId",
        "valueCode" : "15942"
      }]
    },
    {
      "code" : "cancelled",
      "display" : "cancelled",
      "definition" : "The Act has been abandoned before activation.",
      "property" : [{
        "code" : "status",
        "valueCode" : "active"
      },
      {
        "code" : "internalId",
        "valueCode" : "15938"
      }]
    },
    {
      "code" : "completed",
      "display" : "completed",
      "definition" : "An Act that has terminated normally after all of its constituents have been performed.",
      "property" : [{
        "code" : "status",
        "valueCode" : "active"
      },
      {
        "code" : "internalId",
        "valueCode" : "15940"
      }]
    },
    {
      "code" : "held",
      "display" : "held",
      "definition" : "An Act that is still in the preparatory stages has been put aside. No action can occur until the Act is released.",
      "property" : [{
        "code" : "status",
        "valueCode" : "active"
      },
      {
        "code" : "internalId",
        "valueCode" : "15937"
      }]
    },
    {
      "code" : "new",
      "display" : "new",
      "definition" : "An Act that is in the preparatory stages and may not yet be acted upon",
      "property" : [{
        "code" : "status",
        "valueCode" : "active"
      },
      {
        "code" : "internalId",
        "valueCode" : "15943"
      }]
    },
    {
      "code" : "suspended",
      "display" : "suspended",
      "definition" : "An Act that has been activated (actions could or have been performed against it), but has been temporarily disabled. No further action should be taken against it until it is released",
      "property" : [{
        "code" : "status",
        "valueCode" : "active"
      },
      {
        "code" : "internalId",
        "valueCode" : "15939"
      }]
    }]
  },
  {
    "code" : "nullified",
    "display" : "nullified",
    "definition" : "This Act instance was created in error and has been 'removed' and is treated as though it never existed. A record is retained for audit purposes only.",
    "property" : [{
      "code" : "status",
      "valueCode" : "active"
    },
    {
      "code" : "internalId",
      "valueCode" : "15934"
    }]
  },
  {
    "code" : "obsolete",
    "display" : "obsolete",
    "definition" : "This Act instance has been replaced by a new instance.",
    "property" : [{
      "code" : "status",
      "valueCode" : "active"
    },
    {
      "code" : "internalId",
      "valueCode" : "15935"
    }]
  }]
}