{
  "resourceType" : "CodeSystem",
  "id" : "v3-DCM",
  "text" : {
    "status" : "generated",
    "div" : "<div xmlns=\"http://www.w3.org/1999/xhtml\"><p>This case-sensitive code system <code>http://dicom.nema.org/resources/ontology/DCM</code> defines codes, but no codes are represented here</p></div>"
  },
  "url" : "http://dicom.nema.org/resources/ontology/DCM",
  "identifier" : [{
    "system" : "urn:ietf:rfc:3986",
    "value" : "urn:oid:1.2.840.10008.2.16.4"
  }],
  "version" : "0.1.0",
  "name" : "DCM",
  "title" : "DICOM Controlled Terminology",
  "status" : "active",
  "experimental" : false,
  "date" : "2020-09-03T00:00:00-04:00",
  "publisher" : "SatuSehat",
  "contact" : [{
    "name" : "SatuSehat",
    "telecom" : [{
      "system" : "url",
      "value" : "https://satusehat.kemkes.go.id/"
    },
    {
      "system" : "email",
      "value" : "fhir@dto.kemkes.go.id"
    }]
  }],
  "description" : "Coded concepts defined in PS 3.16 Digital Imaging and Communications in Medicine (DICOM): Part 16: Content Mapping Resource, Annex D: DICOM Controlled Terminology Definition",
  "caseSensitive" : true,
  "content" : "not-present"
}