{
  "resourceType" : "CodeSystem",
  "id" : "flag-category",
  "meta" : {
    "lastUpdated" : "2020-04-09T21:10:28.568+00:00",
    "profile" : ["http://hl7.org/fhir/StructureDefinition/shareablecodesystem"]
  },
  "text" : {
    "status" : "generated",
    "div" : "<div xmlns=\"http://www.w3.org/1999/xhtml\"><p>This case-sensitive code system <code>http://terminology.hl7.org/CodeSystem/flag-category</code> defines the following codes:</p><table class=\"codes\"><tr><td style=\"white-space:nowrap\"><b>Code</b></td><td><b>Display</b></td><td><b>Definition</b></td></tr><tr><td style=\"white-space:nowrap\">diet<a name=\"flag-category-diet\"> </a></td><td>Diet</td><td>Flags related to the subject's dietary needs.</td></tr><tr><td style=\"white-space:nowrap\">drug<a name=\"flag-category-drug\"> </a></td><td>Drug</td><td>Flags related to the subject's medications.</td></tr><tr><td style=\"white-space:nowrap\">lab<a name=\"flag-category-lab\"> </a></td><td>Lab</td><td>Flags related to performing laboratory tests and related processes (e.g. phlebotomy).</td></tr><tr><td style=\"white-space:nowrap\">admin<a name=\"flag-category-admin\"> </a></td><td>Administrative</td><td>Flags related to administrative and financial processes.</td></tr><tr><td style=\"white-space:nowrap\">contact<a name=\"flag-category-contact\"> </a></td><td>Subject Contact</td><td>Flags related to coming into contact with the patient.</td></tr><tr><td style=\"white-space:nowrap\">clinical<a name=\"flag-category-clinical\"> </a></td><td>Clinical</td><td>Flags related to the subject's clinical data.</td></tr><tr><td style=\"white-space:nowrap\">behavioral<a name=\"flag-category-behavioral\"> </a></td><td>Behavioral</td><td>Flags related to behavior.</td></tr><tr><td style=\"white-space:nowrap\">research<a name=\"flag-category-research\"> </a></td><td>Research</td><td>Flags related to research.</td></tr><tr><td style=\"white-space:nowrap\">advance-directive<a name=\"flag-category-advance-directive\"> </a></td><td>Advance Directive</td><td>Flags related to subject's advance directives.</td></tr><tr><td style=\"white-space:nowrap\">safety<a name=\"flag-category-safety\"> </a></td><td>Safety</td><td>Flags related to safety precautions.</td></tr></table></div>"
  },
  "extension" : [{
    "url" : "http://hl7.org/fhir/StructureDefinition/structuredefinition-wg",
    "valueCode" : "pc"
  },
  {
    "url" : "http://hl7.org/fhir/StructureDefinition/structuredefinition-fmm",
    "valueInteger" : 1
  }],
  "url" : "http://terminology.hl7.org/CodeSystem/flag-category",
  "identifier" : [{
    "system" : "urn:ietf:rfc:3986",
    "value" : "urn:oid:2.16.840.1.113883.4.642.1.1071"
  }],
  "version" : "0.1.0",
  "name" : "FlagCategory",
  "title" : "Flag Category",
  "status" : "draft",
  "experimental" : false,
  "date" : "2024-03-09T14:36:19-07:00",
  "publisher" : "SatuSehat",
  "contact" : [{
    "name" : "SatuSehat",
    "telecom" : [{
      "system" : "url",
      "value" : "https://satusehat.kemkes.go.id/"
    },
    {
      "system" : "email",
      "value" : "fhir@dto.kemkes.go.id"
    }]
  }],
  "description" : "Example list of general categories for flagged issues. (Not complete or necessarily appropriate.)",
  "copyright" : "This material derives from the HL7 Terminology (THO). THO is copyright ©1989+ Health Level Seven International and is made available under the CC0 designation. For more licensing information see: https://terminology.hl7.org/license",
  "caseSensitive" : true,
  "valueSet" : "http://terminology.hl7.org/ValueSet/flag-category",
  "content" : "complete",
  "concept" : [{
    "code" : "diet",
    "display" : "Diet",
    "definition" : "Flags related to the subject's dietary needs."
  },
  {
    "code" : "drug",
    "display" : "Drug",
    "definition" : "Flags related to the subject's medications."
  },
  {
    "code" : "lab",
    "display" : "Lab",
    "definition" : "Flags related to performing laboratory tests and related processes (e.g. phlebotomy)."
  },
  {
    "code" : "admin",
    "display" : "Administrative",
    "definition" : "Flags related to administrative and financial processes."
  },
  {
    "code" : "contact",
    "display" : "Subject Contact",
    "definition" : "Flags related to coming into contact with the patient."
  },
  {
    "code" : "clinical",
    "display" : "Clinical",
    "definition" : "Flags related to the subject's clinical data."
  },
  {
    "code" : "behavioral",
    "display" : "Behavioral",
    "definition" : "Flags related to behavior."
  },
  {
    "code" : "research",
    "display" : "Research",
    "definition" : "Flags related to research."
  },
  {
    "code" : "advance-directive",
    "display" : "Advance Directive",
    "definition" : "Flags related to subject's advance directives."
  },
  {
    "code" : "safety",
    "display" : "Safety",
    "definition" : "Flags related to safety precautions."
  }]
}