{
  "resourceType" : "CodeSystem",
  "id" : "KemkesOrganizationType",
  "language" : "Indonesia",
  "text" : {
    "status" : "generated",
    "div" : "<div xmlns=\"http://www.w3.org/1999/xhtml\" xml:lang=\"Indonesia\" lang=\"Indonesia\"><p>This case-sensitive code system <code>http://terminology.kemkes.go.id/CodeSystem/organization-type</code> defines the following codes in a Is-A heirarchy:</p><table class=\"codes\"><tr><td style=\"white-space:nowrap\"><b>Code</b></td><td><b>Display</b></td></tr><tr><td style=\"white-space:nowrap\">EHA000004<a name=\"KemkesOrganizationType-EHA000004\"> </a></td><td>Skrining TBC DM</td></tr><tr><td style=\"white-space:nowrap\">OT000001<a name=\"KemkesOrganizationType-OT000001\"> </a></td><td>Polindes</td></tr><tr><td style=\"white-space:nowrap\">OT000002<a name=\"KemkesOrganizationType-OT000002\"> </a></td><td>Pustu</td></tr><tr><td style=\"white-space:nowrap\">OT000003<a name=\"KemkesOrganizationType-OT000003\"> </a></td><td>RS ODHA</td></tr><tr><td style=\"white-space:nowrap\">OT000004<a name=\"KemkesOrganizationType-OT000004\"> </a></td><td>Bidan Praktek Mandiri</td></tr><tr><td style=\"white-space:nowrap\">OT000005<a name=\"KemkesOrganizationType-OT000005\"> </a></td><td>Rumah Dukun</td></tr><tr><td style=\"white-space:nowrap\">OT000006<a name=\"KemkesOrganizationType-OT000006\"> </a></td><td>Rumah Sakit Pemerintah</td></tr><tr><td style=\"white-space:nowrap\">OT000007<a name=\"KemkesOrganizationType-OT000007\"> </a></td><td>Rumah Sakit Swasta</td></tr><tr><td style=\"white-space:nowrap\">OT000008<a name=\"KemkesOrganizationType-OT000008\"> </a></td><td>Rumah Bersalin</td></tr><tr><td style=\"white-space:nowrap\">OT000009<a name=\"KemkesOrganizationType-OT000009\"> </a></td><td>Balai Kesehatan Paru Masyarakat</td></tr><tr><td style=\"white-space:nowrap\">OT000010<a name=\"KemkesOrganizationType-OT000010\"> </a></td><td>Klinik Medis Utama</td></tr><tr><td style=\"white-space:nowrap\">OT000011<a name=\"KemkesOrganizationType-OT000011\"> </a></td><td>Klinik Medis Pratama</td></tr><tr><td style=\"white-space:nowrap\">OT000012<a name=\"KemkesOrganizationType-OT000012\"> </a></td><td>Dokter Praktik Mandiri</td></tr><tr><td style=\"white-space:nowrap\">OT000013<a name=\"KemkesOrganizationType-OT000013\"> </a></td><td>Bidan Praktik Mandiri</td></tr><tr><td style=\"white-space:nowrap\">101<a name=\"KemkesOrganizationType-101\"> </a></td><td>Tempat Praktik Mandiri Tenaga Kesehatan</td></tr><tr><td style=\"white-space:nowrap\">102<a name=\"KemkesOrganizationType-102\"> </a></td><td>Pusat Kesehatan Masyarakat</td></tr><tr><td style=\"white-space:nowrap\">103<a name=\"KemkesOrganizationType-103\"> </a></td><td>Klinik</td></tr><tr><td style=\"white-space:nowrap\">104<a name=\"KemkesOrganizationType-104\"> </a></td><td>Rumah Sakit</td></tr><tr><td style=\"white-space:nowrap\">105<a name=\"KemkesOrganizationType-105\"> </a></td><td>Apotek</td></tr><tr><td style=\"white-space:nowrap\">106<a name=\"KemkesOrganizationType-106\"> </a></td><td>Unit Transfusi Darah</td></tr><tr><td style=\"white-space:nowrap\">107<a name=\"KemkesOrganizationType-107\"> </a></td><td>Laboratorium Kesehatan</td></tr><tr><td style=\"white-space:nowrap\">108<a name=\"KemkesOrganizationType-108\"> </a></td><td>Optikal</td></tr><tr><td style=\"white-space:nowrap\">109<a name=\"KemkesOrganizationType-109\"> </a></td><td>Fasilitas Pelayanan Kedokteran untuk Kepentingan Hukum</td></tr><tr><td style=\"white-space:nowrap\">110<a name=\"KemkesOrganizationType-110\"> </a></td><td>Fasilitas Pelayanan Kesehatan Tradisional</td></tr><tr><td style=\"white-space:nowrap\">111<a name=\"KemkesOrganizationType-111\"> </a></td><td>Balai Kesehatan</td></tr><tr><td style=\"white-space:nowrap\">112<a name=\"KemkesOrganizationType-112\"> </a></td><td>Fasilitas Pelayanan Kesehatan Lainnya</td></tr><tr><td style=\"white-space:nowrap\">113<a name=\"KemkesOrganizationType-113\"> </a></td><td>Industri Farmasi</td></tr><tr><td style=\"white-space:nowrap\">114<a name=\"KemkesOrganizationType-114\"> </a></td><td>Industri Alkes</td></tr><tr><td style=\"white-space:nowrap\">115<a name=\"KemkesOrganizationType-115\"> </a></td><td>Industri PKRT</td></tr><tr><td style=\"white-space:nowrap\">116<a name=\"KemkesOrganizationType-116\"> </a></td><td>Industri Kosmetika</td></tr><tr><td style=\"white-space:nowrap\">117<a name=\"KemkesOrganizationType-117\"> </a></td><td>Industri Obat Tradisional</td></tr><tr><td style=\"white-space:nowrap\">118<a name=\"KemkesOrganizationType-118\"> </a></td><td>Usaha Kecil &amp; Mikro Obat Tradisional</td></tr><tr><td style=\"white-space:nowrap\">119<a name=\"KemkesOrganizationType-119\"> </a></td><td>Industri Rumah Tangga Pangan</td></tr><tr><td style=\"white-space:nowrap\">120<a name=\"KemkesOrganizationType-120\"> </a></td><td>Industri Rumah Tangga Alkes PKRT</td></tr><tr><td style=\"white-space:nowrap\">121<a name=\"KemkesOrganizationType-121\"> </a></td><td>Pedagang Besar Farmasi</td></tr><tr><td style=\"white-space:nowrap\">122<a name=\"KemkesOrganizationType-122\"> </a></td><td>Penyalur Alkes PKRT</td></tr><tr><td style=\"white-space:nowrap\">123<a name=\"KemkesOrganizationType-123\"> </a></td><td>Toko Obat</td></tr><tr><td style=\"white-space:nowrap\">124<a name=\"KemkesOrganizationType-124\"> </a></td><td>Toko Alkes PKRT</td></tr><tr><td style=\"white-space:nowrap\">125<a name=\"KemkesOrganizationType-125\"> </a></td><td>Rumah Duka</td></tr><tr><td style=\"white-space:nowrap\">126<a name=\"KemkesOrganizationType-126\"> </a></td><td>Institusi Pendidikan Tenaga Kesehatan</td></tr><tr><td style=\"white-space:nowrap\">127<a name=\"KemkesOrganizationType-127\"> </a></td><td>Institusi Diklat dan Pengembangan SDMK</td></tr><tr><td style=\"white-space:nowrap\">128<a name=\"KemkesOrganizationType-128\"> </a></td><td>Institusi Pendidikan Lainnya</td></tr><tr><td style=\"white-space:nowrap\">129<a name=\"KemkesOrganizationType-129\"> </a></td><td>Dinas Kesehatan</td></tr><tr><td style=\"white-space:nowrap\">130<a name=\"KemkesOrganizationType-130\"> </a></td><td>Posyandu Prima</td></tr><tr><td style=\"white-space:nowrap\">131<a name=\"KemkesOrganizationType-131\"> </a></td><td>Posyandu</td></tr><tr><td style=\"white-space:nowrap\">132<a name=\"KemkesOrganizationType-132\"> </a></td><td>Sentra Vaksinasi / Pos Imunisasi Lainnya</td></tr><tr><td style=\"white-space:nowrap\">133<a name=\"KemkesOrganizationType-133\"> </a></td><td>Sekolah</td></tr><tr><td style=\"white-space:nowrap\">134<a name=\"KemkesOrganizationType-134\"> </a></td><td>Kantor Kesehatan Pelabuhan</td></tr><tr><td style=\"white-space:nowrap\">135<a name=\"KemkesOrganizationType-135\"> </a></td><td>Instalasi Farmasi</td></tr><tr><td style=\"white-space:nowrap\">136<a name=\"KemkesOrganizationType-136\"> </a></td><td>Sarana Pembuangan Limbah Medis</td></tr><tr><td style=\"white-space:nowrap\">137<a name=\"KemkesOrganizationType-137\"> </a></td><td>Asuransi / Unit Pembiayaan</td></tr></table></div>"
  },
  "url" : "http://terminology.kemkes.go.id/CodeSystem/organization-type",
  "version" : "0.1.0",
  "name" : "KemkesOrganizationType",
  "title" : "Terminology Kemkes organization type CodeSystem",
  "status" : "active",
  "experimental" : false,
  "date" : "2024-02-05T00:00:00.000Z",
  "publisher" : "Thomas Chaidir",
  "contact" : [{
    "name" : "Thomas Chaidir",
    "telecom" : [{
      "system" : "url",
      "value" : "https://satusehat.kemkes.go.id/"
    }]
  }],
  "description" : "Terminology Kemkes organization type CodeSystem",
  "caseSensitive" : true,
  "valueSet" : "http://terminology.kemkes.go.id/ValueSet/organization-type",
  "hierarchyMeaning" : "is-a",
  "compositional" : false,
  "versionNeeded" : true,
  "content" : "complete",
  "count" : 51,
  "concept" : [{
    "code" : "EHA000004",
    "display" : "Skrining TBC DM"
  },
  {
    "code" : "OT000001",
    "display" : "Polindes"
  },
  {
    "code" : "OT000002",
    "display" : "Pustu"
  },
  {
    "code" : "OT000003",
    "display" : "RS ODHA"
  },
  {
    "code" : "OT000004",
    "display" : "Bidan Praktek Mandiri"
  },
  {
    "code" : "OT000005",
    "display" : "Rumah Dukun"
  },
  {
    "code" : "OT000006",
    "display" : "Rumah Sakit Pemerintah"
  },
  {
    "code" : "OT000007",
    "display" : "Rumah Sakit Swasta"
  },
  {
    "code" : "OT000008",
    "display" : "Rumah Bersalin"
  },
  {
    "code" : "OT000009",
    "display" : "Balai Kesehatan Paru Masyarakat"
  },
  {
    "code" : "OT000010",
    "display" : "Klinik Medis Utama"
  },
  {
    "code" : "OT000011",
    "display" : "Klinik Medis Pratama"
  },
  {
    "code" : "OT000012",
    "display" : "Dokter Praktik Mandiri"
  },
  {
    "code" : "OT000013",
    "display" : "Bidan Praktik Mandiri"
  },
  {
    "code" : "101",
    "display" : "Tempat Praktik Mandiri Tenaga Kesehatan"
  },
  {
    "code" : "102",
    "display" : "Pusat Kesehatan Masyarakat"
  },
  {
    "code" : "103",
    "display" : "Klinik"
  },
  {
    "code" : "104",
    "display" : "Rumah Sakit"
  },
  {
    "code" : "105",
    "display" : "Apotek"
  },
  {
    "code" : "106",
    "display" : "Unit Transfusi Darah"
  },
  {
    "code" : "107",
    "display" : "Laboratorium Kesehatan"
  },
  {
    "code" : "108",
    "display" : "Optikal"
  },
  {
    "code" : "109",
    "display" : "Fasilitas Pelayanan Kedokteran untuk Kepentingan Hukum"
  },
  {
    "code" : "110",
    "display" : "Fasilitas Pelayanan Kesehatan Tradisional"
  },
  {
    "code" : "111",
    "display" : "Balai Kesehatan"
  },
  {
    "code" : "112",
    "display" : "Fasilitas Pelayanan Kesehatan Lainnya"
  },
  {
    "code" : "113",
    "display" : "Industri Farmasi"
  },
  {
    "code" : "114",
    "display" : "Industri Alkes"
  },
  {
    "code" : "115",
    "display" : "Industri PKRT"
  },
  {
    "code" : "116",
    "display" : "Industri Kosmetika"
  },
  {
    "code" : "117",
    "display" : "Industri Obat Tradisional"
  },
  {
    "code" : "118",
    "display" : "Usaha Kecil & Mikro Obat Tradisional"
  },
  {
    "code" : "119",
    "display" : "Industri Rumah Tangga Pangan"
  },
  {
    "code" : "120",
    "display" : "Industri Rumah Tangga Alkes PKRT"
  },
  {
    "code" : "121",
    "display" : "Pedagang Besar Farmasi"
  },
  {
    "code" : "122",
    "display" : "Penyalur Alkes PKRT"
  },
  {
    "code" : "123",
    "display" : "Toko Obat"
  },
  {
    "code" : "124",
    "display" : "Toko Alkes PKRT"
  },
  {
    "code" : "125",
    "display" : "Rumah Duka"
  },
  {
    "code" : "126",
    "display" : "Institusi Pendidikan Tenaga Kesehatan"
  },
  {
    "code" : "127",
    "display" : "Institusi Diklat dan Pengembangan SDMK"
  },
  {
    "code" : "128",
    "display" : "Institusi Pendidikan Lainnya"
  },
  {
    "code" : "129",
    "display" : "Dinas Kesehatan"
  },
  {
    "code" : "130",
    "display" : "Posyandu Prima"
  },
  {
    "code" : "131",
    "display" : "Posyandu"
  },
  {
    "code" : "132",
    "display" : "Sentra Vaksinasi / Pos Imunisasi Lainnya"
  },
  {
    "code" : "133",
    "display" : "Sekolah"
  },
  {
    "code" : "134",
    "display" : "Kantor Kesehatan Pelabuhan"
  },
  {
    "code" : "135",
    "display" : "Instalasi Farmasi"
  },
  {
    "code" : "136",
    "display" : "Sarana Pembuangan Limbah Medis"
  },
  {
    "code" : "137",
    "display" : "Asuransi / Unit Pembiayaan"
  }]
}