{
  "resourceType" : "CodeSystem",
  "id" : "v3-ActUSPrivacyLaw",
  "language" : "en",
  "text" : {
    "status" : "extensions",
    "div" : "<div xml:lang=\"en\" xmlns=\"http://www.w3.org/1999/xhtml\" lang=\"en\"><p><b>Properties</b></p><p><b>This code system  defines the following properties for its concepts</b></p><table class=\"grid\"><tr><td><b>Code</b></td><td><b>URI</b></td><td><b>Type</b></td><td><b>Description</b></td></tr><tr><td>Specializes</td><td/><td>Coding</td><td>The child code is a more narrow version of the concept represented by the parent code.  I.e. Every child concept is also a valid parent concept.  Used to allow determination of subsumption.  Must be transitive, irreflexive, antisymmetric.</td></tr><tr><td>Generalizes</td><td/><td>Coding</td><td>Inverse of Specializes.  Only included as a derived relationship.</td></tr><tr><td>internalId</td><td>http://terminology.hl7.org/CodeSystem/utg-concept-properties#v3-internal-id</td><td>code</td><td>The internal identifier for the concept in the HL7 Access database repository.</td></tr><tr><td>status</td><td>http://hl7.org/fhir/concept-properties#status</td><td>code</td><td>A property that indicates the status of the concept. One of active, experimental, deprecated, or retired.</td></tr><tr><td>deprecationDate</td><td>http://hl7.org/fhir/concept-properties#deprecationDate</td><td>dateTime</td><td>The date at which a concept was deprecated. Concepts that are deprecated but not inactive can still be used, but their use is discouraged.</td></tr><tr><td>synonymCode</td><td>http://hl7.org/fhir/concept-properties#synonym</td><td>code</td><td>An additional concept code that was also attributed to a concept</td></tr></table><p><b>Concepts</b></p><p>This case-sensitive code system <code>http://terminology.hl7.org/CodeSystem/v3-ActUSPrivacyLaw</code> defines the following codes in a Is-A heirarchy:</p><table class=\"codes\"><tr><td><b>Lvl</b></td><td style=\"white-space:nowrap\"><b>Code</b></td><td><b>Display</b></td><td><b>Definition</b></td><td><b>Deprecated</b></td><td><b>internalId</b></td><td><b>status</b></td><td><b>deprecationDate</b></td><td><b>synonymCode</b></td></tr><tr style=\"background-color: #ffeeee\"><td>1</td><td style=\"white-space:nowrap\">_ActUSPrivacyLaw<a name=\"v3-ActUSPrivacyLaw-_ActUSPrivacyLaw\"> </a></td><td>ActUSPrivacyLaw</td><td><div><p><em>Definition:</em> A jurisdictional mandate in the U.S. relating to privacy.</p>\n<p><em>Usage Note:</em> ActPrivacyLaw codes may be associated with an Act or a Role to indicate the legal provision to which the assignment of an Act.confidentialityCode or Role.confidentialtyCode complies. May be used to further specify rationale for assignment of other ActPrivacyPolicy codes in the US realm, e.g., ETH and 42CFRPart2 can be differentiated from ETH and Title38Part1.</p>\n</div></td><td>Deprecated</td><td>23360</td><td>deprecated</td><td>2016-03-12</td><td/></tr><tr style=\"background-color: #ffeeee\"><td>2</td><td style=\"white-space:nowrap\">\u00a0\u00a042CFRPart2<a name=\"v3-ActUSPrivacyLaw-42CFRPart2\"> </a></td><td>42 CFR Part2</td><td><div><p>42 CFR Part 2 stipulates the right of an individual who has applied for or been given diagnosis or treatment for alcohol or drug abuse at a federally assisted program.</p>\n<p><em>Definition:</em> Non-disclosure of health information relating to health care paid for by a federally assisted substance abuse program without patient consent.</p>\n<p><em>Usage Note:</em> May be associated with an Act or a Role to indicate the legal provision to which the assignment of an Act.confidentialityCode or Role.confidentialityCode complies.</p>\n</div></td><td>Deprecated</td><td>23361</td><td>deprecated</td><td>2016-03-12</td><td/></tr><tr style=\"background-color: #ffeeee\"><td>2</td><td style=\"white-space:nowrap\">\u00a0\u00a0CommonRule<a name=\"v3-ActUSPrivacyLaw-CommonRule\"> </a></td><td>Common Rule</td><td><div><p>U.S. Federal regulations governing the protection of human subjects in research (codified at Subpart A of 45 CFR part 46) that has been adopted by 15 U.S. Federal departments and agencies in an effort to promote uniformity, understanding, and compliance with human subject protections. Existing regulations governing the protection of human subjects in Food and Drug Administration (FDA)-regulated research (21 CFR parts 50, 56, 312, and 812) are separate from the Common Rule but include similar requirements.</p>\n<p><em>Definition:</em> U.S. federal laws governing research-related privacy policies.</p>\n<p><em>Usage Note:</em> May be associated with an Act or a Role to indicate the legal provision to which the assignment of an Act.confidentialityCode or Role.confidentialtyCode complies.</p>\n</div></td><td>Deprecated</td><td>23362</td><td>deprecated</td><td>2016-03-12</td><td/></tr><tr style=\"background-color: #ffeeee\"><td>2</td><td style=\"white-space:nowrap\">\u00a0\u00a0HIPAANOPP<a name=\"v3-ActUSPrivacyLaw-HIPAANOPP\"> </a></td><td>HIPAA notice of privacy practices</td><td><div><p>The U.S. Public Law 104-191 Health Insurance Portability and Accountability Act (HIPAA) Privacy Rule (45 CFR Part 164 Subpart E) permits access, use and disclosure of certain personal health information (PHI as defined under the law) for purposes of Treatment, Payment, and Operations, and requires that the provider ask that patients acknowledge the Provider's Notice of Privacy Practices as permitted conduct under the law.</p>\n<p><em>Definition:</em> Notification of HIPAA Privacy Practices.</p>\n<p><em>Usage Note:</em> May be associated with an Act or a Role to indicate the legal provision to which the assignment of an Act.confidentialityCode or Role.confidentialtyCode complies.</p>\n</div></td><td>Deprecated</td><td>23363</td><td>deprecated</td><td>2016-03-12</td><td/></tr><tr style=\"background-color: #ffeeee\"><td>2</td><td style=\"white-space:nowrap\">\u00a0\u00a0HIPAAPsyNotes<a name=\"v3-ActUSPrivacyLaw-HIPAAPsyNotes\"> </a></td><td>HIPAA psychotherapy notes</td><td><div><p>The U.S. Public Law 104-191 Health Insurance Portability and Accountability Act (HIPAA) Privacy Rule (45 CFR Part 164 Section 164.508) requires authorization for certain uses and disclosure of psychotherapy notes.</p>\n<p><em>Definition:</em> Authorization that must be obtained for disclosure of psychotherapy notes.</p>\n<p><em>Usage Note:</em> May be associated with an Act or a Role to indicate the legal provision to which the assignment of an Act.confidentialityCode or Role.confidentialityCode complies.</p>\n</div></td><td>Deprecated</td><td>23364</td><td>deprecated</td><td>2016-03-12</td><td/></tr><tr style=\"background-color: #ffeeee\"><td>2</td><td style=\"white-space:nowrap\">\u00a0\u00a0HIPAASelfPay<a name=\"v3-ActUSPrivacyLaw-HIPAASelfPay\"> </a></td><td>HIPAA self-pay</td><td><div><p>Section 13405(a) of the Health Information Technology for Economic and Clinical Health Act (HITECH) stipulates the right of an individual to have disclosures regarding certain health care items or services for which the individual pays out of pocket in full restricted from a health plan.</p>\n<p><em>Definition:</em> Non-disclosure of health information to a health plan relating to health care items or services for which an individual pays out of pocket in full.</p>\n<p><em>Usage Note:</em> May be associated with an Act or a Role to indicate the legal provision to which the assignment of an Act.confidentialityCode or Role.confidentialityCode complies.</p>\n</div></td><td>Deprecated</td><td>23365</td><td>deprecated</td><td>2016-03-12</td><td/></tr><tr style=\"background-color: #ffeeee\"><td>2</td><td style=\"white-space:nowrap\">\u00a0\u00a0Title38Section7332<a name=\"v3-ActUSPrivacyLaw-Title38Section7332\"> </a></td><td>Title 38 Section 7332</td><td><div><p>Title 38 Part 1-protected information may only be disclosed to a third party with the special written consent of the patient except where expressly authorized by 38 USC 7332. VA may disclose this information for specific purposes to: VA employees on a need to know basis - more restrictive than Privacy Act need to know; contractors who need the information in order to perform or fulfill the duties of the contract; and researchers who provide assurances that the information will not be identified in any report. This information may also be disclosed without consent where patient lacks decision-making capacity; in a medical emergency for the purpose of treating a condition which poses an immediate threat to the health of any individual and which requires immediate medical intervention; for eye, tissue, or organ donation purposes; and disclosure of HIV information for public health purposes.</p>\n<p><em>Definition:</em> Title 38 Part 1 - Â§1.462 Confidentiality restrictions.</p>\n<p>(a) General. The patient records to which Â§Â§1.460 through 1.499 of this part apply may be disclosed or used only as permitted by these regulations and may not otherwise be disclosed or used in any civil, criminal, administrative, or legislative proceedings conducted by any Federal, State, or local authority. Any disclosure made under these regulations must be limited to that information which is necessary to carry out the purpose of the disclosure. SUBCHAPTER III--PROTECTION OF PATIENT RIGHTS Sec. 7332. Confidentiality of certain medical records (a)(1) Records of the identity, diagnosis, prognosis, or treatment of any patient or subject which are maintained in connection with the performance of any program or activity (including education, training, treatment, rehabilitation, or research) relating to drug abuse, alcoholism or alcohol abuse, infection with the human immunodeficiency virus, or sickle cell anemia which is carried out by or for the Department under this title shall, except as provided in subsections (e) and (f), be confidential, and (section 5701 of this title to the contrary notwithstanding) such records may be disclosed only for the purposes and under the circumstances expressly authorized under subsection (b).</p>\n<p><em>Usage Note:</em> May be associated with an Act or a Role to indicate the legal provision to which the assignment of an Act.confidentialityCode or Role.confidentialityCode complies.</p>\n</div></td><td>Deprecated</td><td>23367</td><td>deprecated</td><td>2016-03-12</td><td>Title38Part1</td></tr><tr style=\"background-color: #ffeeee\"><td>2</td><td style=\"white-space:nowrap\">\u00a0\u00a0Title38Part1<a name=\"v3-ActUSPrivacyLaw-Title38Part1\"> </a></td><td>Title 38 Section 7332</td><td><div><p>Title 38 Part 1-protected information may only be disclosed to a third party with the special written consent of the patient except where expressly authorized by 38 USC 7332. VA may disclose this information for specific purposes to: VA employees on a need to know basis - more restrictive than Privacy Act need to know; contractors who need the information in order to perform or fulfill the duties of the contract; and researchers who provide assurances that the information will not be identified in any report. This information may also be disclosed without consent where patient lacks decision-making capacity; in a medical emergency for the purpose of treating a condition which poses an immediate threat to the health of any individual and which requires immediate medical intervention; for eye, tissue, or organ donation purposes; and disclosure of HIV information for public health purposes.</p>\n<p><em>Definition:</em> Title 38 Part 1 - Â§1.462 Confidentiality restrictions.</p>\n<p>(a) General. The patient records to which Â§Â§1.460 through 1.499 of this part apply may be disclosed or used only as permitted by these regulations and may not otherwise be disclosed or used in any civil, criminal, administrative, or legislative proceedings conducted by any Federal, State, or local authority. Any disclosure made under these regulations must be limited to that information which is necessary to carry out the purpose of the disclosure. SUBCHAPTER III--PROTECTION OF PATIENT RIGHTS Sec. 7332. Confidentiality of certain medical records (a)(1) Records of the identity, diagnosis, prognosis, or treatment of any patient or subject which are maintained in connection with the performance of any program or activity (including education, training, treatment, rehabilitation, or research) relating to drug abuse, alcoholism or alcohol abuse, infection with the human immunodeficiency virus, or sickle cell anemia which is carried out by or for the Department under this title shall, except as provided in subsections (e) and (f), be confidential, and (section 5701 of this title to the contrary notwithstanding) such records may be disclosed only for the purposes and under the circumstances expressly authorized under subsection (b).</p>\n<p><em>Usage Note:</em> May be associated with an Act or a Role to indicate the legal provision to which the assignment of an Act.confidentialityCode or Role.confidentialityCode complies.</p>\n</div></td><td>Deprecated</td><td>23367</td><td>deprecated</td><td>2016-03-12</td><td>Title38Section7332</td></tr></table></div>"
  },
  "url" : "http://terminology.hl7.org/CodeSystem/v3-ActUSPrivacyLaw",
  "identifier" : [{
    "system" : "urn:ietf:rfc:3986",
    "value" : "urn:oid:2.16.840.1.113883.5.1138"
  }],
  "version" : "0.1.0",
  "name" : "ActUSPrivacyLaw",
  "title" : "ActUSPrivacyLaw",
  "status" : "active",
  "experimental" : false,
  "date" : "2019-03-20",
  "publisher" : "SatuSehat",
  "contact" : [{
    "name" : "SatuSehat",
    "telecom" : [{
      "system" : "url",
      "value" : "https://satusehat.kemkes.go.id/"
    },
    {
      "system" : "email",
      "value" : "fhir@dto.kemkes.go.id"
    }]
  }],
  "description" : "A jurisdictional mandate in the US relating to privacy.\r\n\r\n***Deprecation Comment:*** Content moved to ActCode under \\_ActPrivacyLaw; use that instead.",
  "copyright" : "This material derives from the HL7 Terminology THO. THO is copyright ©1989+ Health Level Seven International and is made available under the CC0 designation. For more licensing information see: https://terminology.hl7.org/license",
  "caseSensitive" : true,
  "hierarchyMeaning" : "is-a",
  "content" : "complete",
  "property" : [{
    "extension" : [{
      "url" : "http://terminology.hl7.org/StructureDefinition/ext-mif-relationship-symmetry",
      "valueCode" : "antisymmetric"
    },
    {
      "url" : "http://terminology.hl7.org/StructureDefinition/ext-mif-relationship-transitivity",
      "valueCode" : "transitive"
    },
    {
      "url" : "http://terminology.hl7.org/StructureDefinition/ext-mif-relationship-reflexivity",
      "valueCode" : "irreflexive"
    },
    {
      "url" : "http://terminology.hl7.org/StructureDefinition/ext-mif-relationship-isNavigable",
      "valueBoolean" : true
    },
    {
      "url" : "http://terminology.hl7.org/StructureDefinition/ext-mif-relationship-relationshipKind",
      "valueCode" : "Specializes"
    },
    {
      "url" : "http://terminology.hl7.org/StructureDefinition/ext-mif-relationship-inverseName",
      "valueString" : "Generalizes"
    }],
    "code" : "Specializes",
    "description" : "The child code is a more narrow version of the concept represented by the parent code.  I.e. Every child concept is also a valid parent concept.  Used to allow determination of subsumption.  Must be transitive, irreflexive, antisymmetric.",
    "type" : "Coding"
  },
  {
    "extension" : [{
      "url" : "http://terminology.hl7.org/StructureDefinition/ext-mif-relationship-symmetry",
      "valueCode" : "antisymmetric"
    },
    {
      "url" : "http://terminology.hl7.org/StructureDefinition/ext-mif-relationship-transitivity",
      "valueCode" : "transitive"
    },
    {
      "url" : "http://terminology.hl7.org/StructureDefinition/ext-mif-relationship-reflexivity",
      "valueCode" : "irreflexive"
    },
    {
      "url" : "http://terminology.hl7.org/StructureDefinition/ext-mif-relationship-isNavigable",
      "valueBoolean" : true
    },
    {
      "url" : "http://terminology.hl7.org/StructureDefinition/ext-mif-relationship-relationshipKind",
      "valueCode" : "Generalizes"
    },
    {
      "url" : "http://terminology.hl7.org/StructureDefinition/ext-mif-relationship-inverseName",
      "valueString" : "Specializes"
    }],
    "code" : "Generalizes",
    "description" : "Inverse of Specializes.  Only included as a derived relationship.",
    "type" : "Coding"
  },
  {
    "code" : "internalId",
    "uri" : "http://terminology.hl7.org/CodeSystem/utg-concept-properties#v3-internal-id",
    "description" : "The internal identifier for the concept in the HL7 Access database repository.",
    "type" : "code"
  },
  {
    "code" : "status",
    "uri" : "http://hl7.org/fhir/concept-properties#status",
    "description" : "A property that indicates the status of the concept. One of active, experimental, deprecated, or retired.",
    "type" : "code"
  },
  {
    "code" : "deprecationDate",
    "uri" : "http://hl7.org/fhir/concept-properties#deprecationDate",
    "description" : "The date at which a concept was deprecated. Concepts that are deprecated but not inactive can still be used, but their use is discouraged.",
    "type" : "dateTime"
  },
  {
    "code" : "synonymCode",
    "uri" : "http://hl7.org/fhir/concept-properties#synonym",
    "description" : "An additional concept code that was also attributed to a concept",
    "type" : "code"
  }],
  "concept" : [{
    "code" : "_ActUSPrivacyLaw",
    "display" : "ActUSPrivacyLaw",
    "definition" : "*Definition:* A jurisdictional mandate in the U.S. relating to privacy.\r\n\r\n*Usage Note:* ActPrivacyLaw codes may be associated with an Act or a Role to indicate the legal provision to which the assignment of an Act.confidentialityCode or Role.confidentialtyCode complies. May be used to further specify rationale for assignment of other ActPrivacyPolicy codes in the US realm, e.g., ETH and 42CFRPart2 can be differentiated from ETH and Title38Part1.",
    "property" : [{
      "code" : "status",
      "valueCode" : "deprecated"
    },
    {
      "code" : "deprecationDate",
      "valueDateTime" : "2016-03-12"
    },
    {
      "code" : "internalId",
      "valueCode" : "23360"
    }],
    "concept" : [{
      "code" : "42CFRPart2",
      "display" : "42 CFR Part2",
      "definition" : "42 CFR Part 2 stipulates the right of an individual who has applied for or been given diagnosis or treatment for alcohol or drug abuse at a federally assisted program.\r\n\r\n*Definition:* Non-disclosure of health information relating to health care paid for by a federally assisted substance abuse program without patient consent.\r\n\r\n*Usage Note:* May be associated with an Act or a Role to indicate the legal provision to which the assignment of an Act.confidentialityCode or Role.confidentialityCode complies.",
      "property" : [{
        "code" : "status",
        "valueCode" : "deprecated"
      },
      {
        "code" : "deprecationDate",
        "valueDateTime" : "2016-03-12"
      },
      {
        "code" : "internalId",
        "valueCode" : "23361"
      }]
    },
    {
      "code" : "CommonRule",
      "display" : "Common Rule",
      "definition" : "U.S. Federal regulations governing the protection of human subjects in research (codified at Subpart A of 45 CFR part 46) that has been adopted by 15 U.S. Federal departments and agencies in an effort to promote uniformity, understanding, and compliance with human subject protections. Existing regulations governing the protection of human subjects in Food and Drug Administration (FDA)-regulated research (21 CFR parts 50, 56, 312, and 812) are separate from the Common Rule but include similar requirements.\r\n\r\n*Definition:* U.S. federal laws governing research-related privacy policies.\r\n\r\n*Usage Note:* May be associated with an Act or a Role to indicate the legal provision to which the assignment of an Act.confidentialityCode or Role.confidentialtyCode complies.",
      "property" : [{
        "code" : "status",
        "valueCode" : "deprecated"
      },
      {
        "code" : "deprecationDate",
        "valueDateTime" : "2016-03-12"
      },
      {
        "code" : "internalId",
        "valueCode" : "23362"
      }]
    },
    {
      "code" : "HIPAANOPP",
      "display" : "HIPAA notice of privacy practices",
      "definition" : "The U.S. Public Law 104-191 Health Insurance Portability and Accountability Act (HIPAA) Privacy Rule (45 CFR Part 164 Subpart E) permits access, use and disclosure of certain personal health information (PHI as defined under the law) for purposes of Treatment, Payment, and Operations, and requires that the provider ask that patients acknowledge the Provider's Notice of Privacy Practices as permitted conduct under the law.\r\n\r\n*Definition:* Notification of HIPAA Privacy Practices.\r\n\r\n*Usage Note:* May be associated with an Act or a Role to indicate the legal provision to which the assignment of an Act.confidentialityCode or Role.confidentialtyCode complies.",
      "property" : [{
        "code" : "status",
        "valueCode" : "deprecated"
      },
      {
        "code" : "deprecationDate",
        "valueDateTime" : "2016-03-12"
      },
      {
        "code" : "internalId",
        "valueCode" : "23363"
      }]
    },
    {
      "code" : "HIPAAPsyNotes",
      "display" : "HIPAA psychotherapy notes",
      "definition" : "The U.S. Public Law 104-191 Health Insurance Portability and Accountability Act (HIPAA) Privacy Rule (45 CFR Part 164 Section 164.508) requires authorization for certain uses and disclosure of psychotherapy notes.\r\n\r\n*Definition:* Authorization that must be obtained for disclosure of psychotherapy notes.\r\n\r\n*Usage Note:* May be associated with an Act or a Role to indicate the legal provision to which the assignment of an Act.confidentialityCode or Role.confidentialityCode complies.",
      "property" : [{
        "code" : "status",
        "valueCode" : "deprecated"
      },
      {
        "code" : "deprecationDate",
        "valueDateTime" : "2016-03-12"
      },
      {
        "code" : "internalId",
        "valueCode" : "23364"
      }]
    },
    {
      "code" : "HIPAASelfPay",
      "display" : "HIPAA self-pay",
      "definition" : "Section 13405(a) of the Health Information Technology for Economic and Clinical Health Act (HITECH) stipulates the right of an individual to have disclosures regarding certain health care items or services for which the individual pays out of pocket in full restricted from a health plan.\r\n\r\n*Definition:* Non-disclosure of health information to a health plan relating to health care items or services for which an individual pays out of pocket in full.\r\n\r\n*Usage Note:* May be associated with an Act or a Role to indicate the legal provision to which the assignment of an Act.confidentialityCode or Role.confidentialityCode complies.",
      "property" : [{
        "code" : "status",
        "valueCode" : "deprecated"
      },
      {
        "code" : "deprecationDate",
        "valueDateTime" : "2016-03-12"
      },
      {
        "code" : "internalId",
        "valueCode" : "23365"
      }]
    },
    {
      "code" : "Title38Section7332",
      "display" : "Title 38 Section 7332",
      "definition" : "Title 38 Part 1-protected information may only be disclosed to a third party with the special written consent of the patient except where expressly authorized by 38 USC 7332. VA may disclose this information for specific purposes to: VA employees on a need to know basis - more restrictive than Privacy Act need to know; contractors who need the information in order to perform or fulfill the duties of the contract; and researchers who provide assurances that the information will not be identified in any report. This information may also be disclosed without consent where patient lacks decision-making capacity; in a medical emergency for the purpose of treating a condition which poses an immediate threat to the health of any individual and which requires immediate medical intervention; for eye, tissue, or organ donation purposes; and disclosure of HIV information for public health purposes.\r\n\r\n*Definition:* Title 38 Part 1 - Â§1.462 Confidentiality restrictions.\r\n\r\n(a) General. The patient records to which Â§Â§1.460 through 1.499 of this part apply may be disclosed or used only as permitted by these regulations and may not otherwise be disclosed or used in any civil, criminal, administrative, or legislative proceedings conducted by any Federal, State, or local authority. Any disclosure made under these regulations must be limited to that information which is necessary to carry out the purpose of the disclosure. SUBCHAPTER III--PROTECTION OF PATIENT RIGHTS Sec. 7332. Confidentiality of certain medical records (a)(1) Records of the identity, diagnosis, prognosis, or treatment of any patient or subject which are maintained in connection with the performance of any program or activity (including education, training, treatment, rehabilitation, or research) relating to drug abuse, alcoholism or alcohol abuse, infection with the human immunodeficiency virus, or sickle cell anemia which is carried out by or for the Department under this title shall, except as provided in subsections (e) and (f), be confidential, and (section 5701 of this title to the contrary notwithstanding) such records may be disclosed only for the purposes and under the circumstances expressly authorized under subsection (b).\r\n\r\n*Usage Note:* May be associated with an Act or a Role to indicate the legal provision to which the assignment of an Act.confidentialityCode or Role.confidentialityCode complies.",
      "property" : [{
        "code" : "status",
        "valueCode" : "deprecated"
      },
      {
        "code" : "deprecationDate",
        "valueDateTime" : "2016-03-12"
      },
      {
        "code" : "synonymCode",
        "valueCode" : "Title38Part1"
      },
      {
        "code" : "internalId",
        "valueCode" : "23367"
      }]
    },
    {
      "code" : "Title38Part1",
      "display" : "Title 38 Section 7332",
      "definition" : "Title 38 Part 1-protected information may only be disclosed to a third party with the special written consent of the patient except where expressly authorized by 38 USC 7332. VA may disclose this information for specific purposes to: VA employees on a need to know basis - more restrictive than Privacy Act need to know; contractors who need the information in order to perform or fulfill the duties of the contract; and researchers who provide assurances that the information will not be identified in any report. This information may also be disclosed without consent where patient lacks decision-making capacity; in a medical emergency for the purpose of treating a condition which poses an immediate threat to the health of any individual and which requires immediate medical intervention; for eye, tissue, or organ donation purposes; and disclosure of HIV information for public health purposes.\r\n\r\n*Definition:* Title 38 Part 1 - Â§1.462 Confidentiality restrictions.\r\n\r\n(a) General. The patient records to which Â§Â§1.460 through 1.499 of this part apply may be disclosed or used only as permitted by these regulations and may not otherwise be disclosed or used in any civil, criminal, administrative, or legislative proceedings conducted by any Federal, State, or local authority. Any disclosure made under these regulations must be limited to that information which is necessary to carry out the purpose of the disclosure. SUBCHAPTER III--PROTECTION OF PATIENT RIGHTS Sec. 7332. Confidentiality of certain medical records (a)(1) Records of the identity, diagnosis, prognosis, or treatment of any patient or subject which are maintained in connection with the performance of any program or activity (including education, training, treatment, rehabilitation, or research) relating to drug abuse, alcoholism or alcohol abuse, infection with the human immunodeficiency virus, or sickle cell anemia which is carried out by or for the Department under this title shall, except as provided in subsections (e) and (f), be confidential, and (section 5701 of this title to the contrary notwithstanding) such records may be disclosed only for the purposes and under the circumstances expressly authorized under subsection (b).\r\n\r\n*Usage Note:* May be associated with an Act or a Role to indicate the legal provision to which the assignment of an Act.confidentialityCode or Role.confidentialityCode complies.",
      "property" : [{
        "code" : "status",
        "valueCode" : "deprecated"
      },
      {
        "code" : "deprecationDate",
        "valueDateTime" : "2016-03-12"
      },
      {
        "code" : "synonymCode",
        "valueCode" : "Title38Section7332"
      },
      {
        "code" : "internalId",
        "valueCode" : "23367"
      }]
    }]
  }]
}