{
  "resourceType" : "CodeSystem",
  "id" : "epsg-ca",
  "text" : {
    "status" : "generated",
    "div" : "<div xmlns=\"http://www.w3.org/1999/xhtml\"><p>This case-sensitive code system <code>http://terminology.hl7.org/CodeSystem/epsg-ca</code> defines codes, but no codes are represented here</p></div>"
  },
  "url" : "http://terminology.hl7.org/CodeSystem/epsg-ca",
  "identifier" : [{
    "system" : "urn:ietf:rfc:3986",
    "value" : "urn:oid:2.16.840.1.113883.6.279"
  }],
  "version" : "0.1.0",
  "name" : "EpsgCa",
  "title" : "European Petroleum Survey Group Geodetic Parameter Dataset Coordinate Axis",
  "status" : "retired",
  "experimental" : false,
  "date" : "2021-11-09T10:00:00+10:00",
  "publisher" : "SatuSehat",
  "contact" : [{
    "name" : "SatuSehat",
    "telecom" : [{
      "system" : "url",
      "value" : "https://satusehat.kemkes.go.id/"
    },
    {
      "system" : "email",
      "value" : "fhir@dto.kemkes.go.id"
    }]
  }],
  "description" : "**Description:**The set of values found in the Coord Axis Code column of the Coordinate Axis table as maintained in the EPSG geodetic parameter dataset. These define the axis for coordinate systems for geographic coordinates.",
  "caseSensitive" : true,
  "content" : "not-present"
}