{
  "resourceType" : "CodeSystem",
  "id" : "KemkesLocationUpgradeClass",
  "meta" : {
    "versionId" : "2",
    "lastUpdated" : "2023-11-09T13:31:14.515+07:00"
  },
  "language" : "Indonesia",
  "text" : {
    "status" : "generated",
    "div" : "<div xmlns=\"http://www.w3.org/1999/xhtml\" xml:lang=\"Indonesia\" lang=\"Indonesia\"><p>This case-sensitive code system <code>http://terminology.kemkes.go.id/CodeSystem/locationUpgradeClass</code> defines the following codes in a Is-A heirarchy:</p><table class=\"codes\"><tr><td style=\"white-space:nowrap\"><b>Code</b></td><td><b>Display</b></td></tr><tr><td style=\"white-space:nowrap\">kelas-tetap<a name=\"KemkesLocationUpgradeClass-kelas-tetap\"> </a></td><td>Kelas Tetap Perawatan</td></tr><tr><td style=\"white-space:nowrap\">naik-kelas<a name=\"KemkesLocationUpgradeClass-naik-kelas\"> </a></td><td>Kenaikan Kelas Perawatan</td></tr><tr><td style=\"white-space:nowrap\">turun-kelas<a name=\"KemkesLocationUpgradeClass-turun-kelas\"> </a></td><td>Penurunan Kelas Perawatan</td></tr><tr><td style=\"white-space:nowrap\">titip-rawat<a name=\"KemkesLocationUpgradeClass-titip-rawat\"> </a></td><td>Titip Kelas Perawatan</td></tr></table></div>"
  },
  "url" : "http://terminology.kemkes.go.id/CodeSystem/locationUpgradeClass",
  "version" : "0.1.0",
  "name" : "KemkesLocationUpgradeClass",
  "title" : "Terminology Kemkes location upgrade class CodeSystem",
  "status" : "active",
  "experimental" : false,
  "date" : "2024-02-05T00:00:00.000Z",
  "publisher" : "Thomas Chaidir",
  "contact" : [{
    "name" : "Thomas Chaidir",
    "telecom" : [{
      "system" : "url",
      "value" : "https://satusehat.kemkes.go.id/"
    }]
  }],
  "description" : "Terminology Kemkes location upgrade class CodeSystem",
  "caseSensitive" : true,
  "valueSet" : "http://terminology.kemkes.go.id/ValueSet/locationUpgradeClass",
  "hierarchyMeaning" : "is-a",
  "compositional" : false,
  "versionNeeded" : true,
  "content" : "complete",
  "count" : 4,
  "concept" : [{
    "code" : "kelas-tetap",
    "display" : "Kelas Tetap Perawatan"
  },
  {
    "code" : "naik-kelas",
    "display" : "Kenaikan Kelas Perawatan"
  },
  {
    "code" : "turun-kelas",
    "display" : "Penurunan Kelas Perawatan"
  },
  {
    "code" : "titip-rawat",
    "display" : "Titip Kelas Perawatan"
  }]
}