{
  "resourceType" : "CodeSystem",
  "id" : "copy-number-event",
  "meta" : {
    "lastUpdated" : "2020-04-09T21:10:28.568+00:00"
  },
  "text" : {
    "status" : "generated",
    "div" : "<div xmlns=\"http://www.w3.org/1999/xhtml\"><p>This case-sensitive code system <code>http://terminology.hl7.org/CodeSystem/copy-number-event</code> defines the following codes:</p><table class=\"codes\"><tr><td style=\"white-space:nowrap\"><b>Code</b></td><td><b>Display</b></td><td><b>Definition</b></td></tr><tr><td style=\"white-space:nowrap\">amp<a name=\"copy-number-event-amp\"> </a></td><td>amplification</td><td>amplification.</td></tr><tr><td style=\"white-space:nowrap\">del<a name=\"copy-number-event-del\"> </a></td><td>deletion</td><td>deletion.</td></tr><tr><td style=\"white-space:nowrap\">lof<a name=\"copy-number-event-lof\"> </a></td><td>loss of function</td><td>loss of function.</td></tr></table></div>"
  },
  "url" : "http://terminology.hl7.org/CodeSystem/copy-number-event",
  "identifier" : [{
    "system" : "urn:ietf:rfc:3986",
    "value" : "urn:oid:2.16.840.1.113883.4.642.1.1087"
  }],
  "version" : "0.1.0",
  "name" : "CopyNumberEvent",
  "title" : "CopyNumberEvent",
  "status" : "draft",
  "experimental" : false,
  "date" : "2020-04-09T21:10:28+00:00",
  "publisher" : "SatuSehat",
  "contact" : [{
    "name" : "SatuSehat",
    "telecom" : [{
      "system" : "url",
      "value" : "https://satusehat.kemkes.go.id/"
    },
    {
      "system" : "email",
      "value" : "fhir@dto.kemkes.go.id"
    }]
  }],
  "description" : "Copy Number Event.",
  "copyright" : "This material derives from the HL7 Terminology (THO). THO is copyright ©1989+ Health Level Seven International and is made available under the CC0 designation. For more licensing information see: https://terminology.hl7.org/license",
  "caseSensitive" : true,
  "valueSet" : "http://terminology.hl7.org/ValueSet/copy-number-event",
  "content" : "complete",
  "concept" : [{
    "code" : "amp",
    "display" : "amplification",
    "definition" : "amplification."
  },
  {
    "code" : "del",
    "display" : "deletion",
    "definition" : "deletion."
  },
  {
    "code" : "lof",
    "display" : "loss of function",
    "definition" : "loss of function."
  }]
}