{
  "resourceType" : "CodeSystem",
  "id" : "usEPAsrs",
  "text" : {
    "status" : "generated",
    "div" : "<div xmlns=\"http://www.w3.org/1999/xhtml\"><p>This case-sensitive code system <code>http://terminology.hl7.org/CodeSystem/usEPAsrs</code> defines codes, but no codes are represented here</p></div>"
  },
  "url" : "http://terminology.hl7.org/CodeSystem/usEPAsrs",
  "identifier" : [{
    "system" : "urn:ietf:rfc:3986",
    "value" : "urn:oid:2.16.840.1.113883.6.275"
  }],
  "version" : "0.1.0",
  "name" : "UsEPAsrs",
  "title" : "US EPA Substance Registry System",
  "status" : "retired",
  "experimental" : false,
  "date" : "2021-11-09T10:00:00+10:00",
  "publisher" : "SatuSehat",
  "contact" : [{
    "name" : "SatuSehat",
    "telecom" : [{
      "system" : "url",
      "value" : "https://satusehat.kemkes.go.id/"
    },
    {
      "system" : "email",
      "value" : "fhir@dto.kemkes.go.id"
    }]
  }],
  "description" : "The United States Environmental Protection Agency's (US EPA) Substance Registry System (SRS) provides information on substances and how they are represented in US environmental statutes, in US EPA information systems, and in information systems owned by other organizations. The SRS provides standardized identification for each substance to improve data quality in US EPA systems and elsewhere.",
  "caseSensitive" : true,
  "content" : "not-present"
}