{
  "resourceType" : "CodeSystem",
  "id" : "immunization-subpotent-reason",
  "meta" : {
    "lastUpdated" : "2020-04-09T21:10:28.568+00:00",
    "profile" : ["http://hl7.org/fhir/StructureDefinition/shareablecodesystem"]
  },
  "text" : {
    "status" : "generated",
    "div" : "<div xmlns=\"http://www.w3.org/1999/xhtml\"><p>This case-sensitive code system <code>http://terminology.hl7.org/CodeSystem/immunization-subpotent-reason</code> defines the following codes:</p><table class=\"codes\"><tr><td style=\"white-space:nowrap\"><b>Code</b></td><td><b>Display</b></td><td><b>Definition</b></td></tr><tr><td style=\"white-space:nowrap\">partialdose<a name=\"immunization-subpotent-reason-partialdose\"> </a></td><td>Partial Dose</td><td>The full volume of the dose was not administered to the patient.</td></tr><tr><td style=\"white-space:nowrap\">coldchainbreak<a name=\"immunization-subpotent-reason-coldchainbreak\"> </a></td><td>Cold Chain Break</td><td>The vaccine experienced a cold chain break.</td></tr><tr><td style=\"white-space:nowrap\">recall<a name=\"immunization-subpotent-reason-recall\"> </a></td><td>Manufacturer Recall</td><td>The vaccine was recalled by the manufacturer.</td></tr><tr><td style=\"white-space:nowrap\">adversestorage<a name=\"immunization-subpotent-reason-adversestorage\"> </a></td><td>Adverse Storage</td><td>The vaccine experienced adverse storage conditions.</td></tr><tr><td style=\"white-space:nowrap\">expired<a name=\"immunization-subpotent-reason-expired\"> </a></td><td>Expired Product</td><td>The vaccine was expired at the time of administration.</td></tr></table></div>"
  },
  "extension" : [{
    "url" : "http://hl7.org/fhir/StructureDefinition/structuredefinition-wg",
    "valueCode" : "pher"
  },
  {
    "url" : "http://hl7.org/fhir/StructureDefinition/structuredefinition-fmm",
    "valueInteger" : 1
  }],
  "url" : "http://terminology.hl7.org/CodeSystem/immunization-subpotent-reason",
  "identifier" : [{
    "system" : "urn:ietf:rfc:3986",
    "value" : "urn:oid:2.16.840.1.113883.4.642.1.1098"
  }],
  "version" : "0.1.0",
  "name" : "ImmunizationSubpotentReason",
  "title" : "Immunization Subpotent Reason",
  "status" : "draft",
  "experimental" : false,
  "date" : "2024-03-09T14:36:19-07:00",
  "publisher" : "SatuSehat",
  "contact" : [{
    "name" : "SatuSehat",
    "telecom" : [{
      "system" : "url",
      "value" : "https://satusehat.kemkes.go.id/"
    },
    {
      "system" : "email",
      "value" : "fhir@dto.kemkes.go.id"
    }]
  }],
  "description" : "The value set to instantiate this attribute should be drawn from a terminologically robust code system that consists of or contains concepts to support describing the reason why a dose is considered to be subpotent. This value set is provided as a suggestive example.",
  "copyright" : "This material derives from the HL7 Terminology (THO). THO is copyright ©1989+ Health Level Seven International and is made available under the CC0 designation. For more licensing information see: https://terminology.hl7.org/license",
  "caseSensitive" : true,
  "valueSet" : "http://terminology.hl7.org/ValueSet/immunization-subpotent-reason",
  "content" : "complete",
  "concept" : [{
    "code" : "partialdose",
    "display" : "Partial Dose",
    "definition" : "The full volume of the dose was not administered to the patient."
  },
  {
    "code" : "coldchainbreak",
    "display" : "Cold Chain Break",
    "definition" : "The vaccine experienced a cold chain break."
  },
  {
    "code" : "recall",
    "display" : "Manufacturer Recall",
    "definition" : "The vaccine was recalled by the manufacturer."
  },
  {
    "code" : "adversestorage",
    "display" : "Adverse Storage",
    "definition" : "The vaccine experienced adverse storage conditions."
  },
  {
    "code" : "expired",
    "display" : "Expired Product",
    "definition" : "The vaccine was expired at the time of administration."
  }]
}