{
  "resourceType" : "CodeSystem",
  "id" : "umls",
  "text" : {
    "status" : "generated",
    "div" : "<div xmlns=\"http://www.w3.org/1999/xhtml\"><p>This case-sensitive code system <code>http://terminology.hl7.org/CodeSystem/umls</code> defines codes, but no codes are represented here</p></div>"
  },
  "url" : "http://terminology.hl7.org/CodeSystem/umls",
  "identifier" : [{
    "system" : "urn:ietf:rfc:3986",
    "value" : "urn:oid:2.16.840.1.113883.6.86"
  }],
  "version" : "0.1.0",
  "name" : "Umls",
  "title" : "Unified Medical Language System",
  "status" : "retired",
  "experimental" : false,
  "date" : "2021-11-09T10:00:00+10:00",
  "publisher" : "SatuSehat",
  "contact" : [{
    "name" : "SatuSehat",
    "telecom" : [{
      "system" : "url",
      "value" : "https://satusehat.kemkes.go.id/"
    },
    {
      "system" : "email",
      "value" : "fhir@dto.kemkes.go.id"
    }]
  }],
  "description" : "UMLS codes as CUIs making up the values in a coding system. More information may be found at http://www.nlm.nih.gov/research/umls/",
  "caseSensitive" : true,
  "content" : "not-present"
}