{
  "resourceType" : "CodeSystem",
  "id" : "v3-DeviceAlertLevel",
  "language" : "en",
  "text" : {
    "status" : "generated",
    "div" : "<div xml:lang=\"en\" xmlns=\"http://www.w3.org/1999/xhtml\" lang=\"en\"><p><b>Properties</b></p><p><b>This code system  defines the following properties for its concepts</b></p><table class=\"grid\"><tr><td><b>Code</b></td><td><b>URI</b></td><td><b>Type</b></td><td><b>Description</b></td></tr><tr><td>Specializes</td><td/><td>Coding</td><td>The child code is a more narrow version of the concept represented by the parent code.  I.e. Every child concept is also a valid parent concept.  Used to allow determination of subsumption.  Must be transitive, irreflexive, antisymmetric.</td></tr><tr><td>Generalizes</td><td/><td>Coding</td><td>Inverse of Specializes.  Only included as a derived relationship.</td></tr><tr><td>internalId</td><td>http://terminology.hl7.org/CodeSystem/utg-concept-properties#v3-internal-id</td><td>code</td><td>The internal identifier for the concept in the HL7 Access database repository.</td></tr><tr><td>status</td><td>http://hl7.org/fhir/concept-properties#status</td><td>code</td><td>Designation of a concept's state. Normally is not populated unless the state is retired.</td></tr></table><p><b>Concepts</b></p><p>This case-sensitive code system <code>http://terminology.hl7.org/CodeSystem/v3-DeviceAlertLevel</code> defines the following codes in a Is-A heirarchy:</p><table class=\"codes\"><tr><td style=\"white-space:nowrap\"><b>Code</b></td><td><b>Display</b></td><td><b>Definition</b></td><td><b>internalId</b></td><td><b>status</b></td></tr><tr><td style=\"white-space:nowrap\">C<a name=\"v3-DeviceAlertLevel-C\"> </a></td><td>Critical</td><td>Shut Down, Fix Problem and Re-initialize</td><td>14070</td><td>active</td></tr><tr><td style=\"white-space:nowrap\">N<a name=\"v3-DeviceAlertLevel-N\"> </a></td><td>Normal</td><td>No Corrective Action Needed</td><td>14067</td><td>active</td></tr><tr><td style=\"white-space:nowrap\">S<a name=\"v3-DeviceAlertLevel-S\"> </a></td><td>Serious</td><td>Corrective Action Required</td><td>14069</td><td>active</td></tr><tr><td style=\"white-space:nowrap\">W<a name=\"v3-DeviceAlertLevel-W\"> </a></td><td>Warning</td><td>Corrective Action Anticipated</td><td>14068</td><td>active</td></tr></table></div>"
  },
  "url" : "http://terminology.hl7.org/CodeSystem/v3-DeviceAlertLevel",
  "identifier" : [{
    "system" : "urn:ietf:rfc:3986",
    "value" : "urn:oid:2.16.840.1.113883.5.31"
  }],
  "version" : "0.1.0",
  "name" : "DeviceAlertLevel",
  "title" : "DeviceAlertLevel",
  "status" : "active",
  "experimental" : false,
  "date" : "2019-03-20",
  "publisher" : "SatuSehat",
  "contact" : [{
    "name" : "SatuSehat",
    "telecom" : [{
      "system" : "url",
      "value" : "https://satusehat.kemkes.go.id/"
    },
    {
      "system" : "email",
      "value" : "fhir@dto.kemkes.go.id"
    }]
  }],
  "description" : "Domain values for the Device.Alert\\_levelCode",
  "copyright" : "This material derives from the HL7 Terminology THO. THO is copyright ©1989+ Health Level Seven International and is made available under the CC0 designation. For more licensing information see: https://terminology.hl7.org/license",
  "caseSensitive" : true,
  "hierarchyMeaning" : "is-a",
  "content" : "complete",
  "property" : [{
    "extension" : [{
      "url" : "http://terminology.hl7.org/StructureDefinition/ext-mif-relationship-symmetry",
      "valueCode" : "antisymmetric"
    },
    {
      "url" : "http://terminology.hl7.org/StructureDefinition/ext-mif-relationship-transitivity",
      "valueCode" : "transitive"
    },
    {
      "url" : "http://terminology.hl7.org/StructureDefinition/ext-mif-relationship-reflexivity",
      "valueCode" : "irreflexive"
    },
    {
      "url" : "http://terminology.hl7.org/StructureDefinition/ext-mif-relationship-isNavigable",
      "valueBoolean" : true
    },
    {
      "url" : "http://terminology.hl7.org/StructureDefinition/ext-mif-relationship-relationshipKind",
      "valueCode" : "Specializes"
    },
    {
      "url" : "http://terminology.hl7.org/StructureDefinition/ext-mif-relationship-inverseName",
      "valueString" : "Generalizes"
    }],
    "code" : "Specializes",
    "description" : "The child code is a more narrow version of the concept represented by the parent code.  I.e. Every child concept is also a valid parent concept.  Used to allow determination of subsumption.  Must be transitive, irreflexive, antisymmetric.",
    "type" : "Coding"
  },
  {
    "extension" : [{
      "url" : "http://terminology.hl7.org/StructureDefinition/ext-mif-relationship-symmetry",
      "valueCode" : "antisymmetric"
    },
    {
      "url" : "http://terminology.hl7.org/StructureDefinition/ext-mif-relationship-transitivity",
      "valueCode" : "transitive"
    },
    {
      "url" : "http://terminology.hl7.org/StructureDefinition/ext-mif-relationship-reflexivity",
      "valueCode" : "irreflexive"
    },
    {
      "url" : "http://terminology.hl7.org/StructureDefinition/ext-mif-relationship-isNavigable",
      "valueBoolean" : true
    },
    {
      "url" : "http://terminology.hl7.org/StructureDefinition/ext-mif-relationship-relationshipKind",
      "valueCode" : "Generalizes"
    },
    {
      "url" : "http://terminology.hl7.org/StructureDefinition/ext-mif-relationship-inverseName",
      "valueString" : "Specializes"
    }],
    "code" : "Generalizes",
    "description" : "Inverse of Specializes.  Only included as a derived relationship.",
    "type" : "Coding"
  },
  {
    "code" : "internalId",
    "uri" : "http://terminology.hl7.org/CodeSystem/utg-concept-properties#v3-internal-id",
    "description" : "The internal identifier for the concept in the HL7 Access database repository.",
    "type" : "code"
  },
  {
    "code" : "status",
    "uri" : "http://hl7.org/fhir/concept-properties#status",
    "description" : "Designation of a concept's state. Normally is not populated unless the state is retired.",
    "type" : "code"
  }],
  "concept" : [{
    "code" : "C",
    "display" : "Critical",
    "definition" : "Shut Down, Fix Problem and Re-initialize",
    "property" : [{
      "code" : "status",
      "valueCode" : "active"
    },
    {
      "code" : "internalId",
      "valueCode" : "14070"
    }]
  },
  {
    "code" : "N",
    "display" : "Normal",
    "definition" : "No Corrective Action Needed",
    "property" : [{
      "code" : "status",
      "valueCode" : "active"
    },
    {
      "code" : "internalId",
      "valueCode" : "14067"
    }]
  },
  {
    "code" : "S",
    "display" : "Serious",
    "definition" : "Corrective Action Required",
    "property" : [{
      "code" : "status",
      "valueCode" : "active"
    },
    {
      "code" : "internalId",
      "valueCode" : "14069"
    }]
  },
  {
    "code" : "W",
    "display" : "Warning",
    "definition" : "Corrective Action Anticipated",
    "property" : [{
      "code" : "status",
      "valueCode" : "active"
    },
    {
      "code" : "internalId",
      "valueCode" : "14068"
    }]
  }]
}