{
  "resourceType" : "CodeSystem",
  "id" : "v3-MdfHmdRowType",
  "language" : "en",
  "text" : {
    "status" : "generated",
    "div" : "<div xml:lang=\"en\" xmlns=\"http://www.w3.org/1999/xhtml\" lang=\"en\"><p><b>Properties</b></p><p><b>This code system  defines the following properties for its concepts</b></p><table class=\"grid\"><tr><td><b>Code</b></td><td><b>URI</b></td><td><b>Type</b></td><td><b>Description</b></td></tr><tr><td>Specializes</td><td/><td>Coding</td><td>The child code is a more narrow version of the concept represented by the parent code.  I.e. Every child concept is also a valid parent concept.  Used to allow determination of subsumption.  Must be transitive, irreflexive, antisymmetric.</td></tr><tr><td>Generalizes</td><td/><td>Coding</td><td>Inverse of Specializes.  Only included as a derived relationship.</td></tr><tr><td>internalId</td><td>http://terminology.hl7.org/CodeSystem/utg-concept-properties#v3-internal-id</td><td>code</td><td>The internal identifier for the concept in the HL7 Access database repository.</td></tr><tr><td>status</td><td>http://hl7.org/fhir/concept-properties#status</td><td>code</td><td>Designation of a concept's state. Normally is not populated unless the state is retired.</td></tr></table><p><b>Concepts</b></p><p>This case-sensitive code system <code>http://terminology.hl7.org/CodeSystem/v3-MdfHmdRowType</code> defines the following codes in a Is-A heirarchy:</p><table class=\"codes\"><tr><td style=\"white-space:nowrap\"><b>Code</b></td><td><b>Display</b></td><td><b>Definition</b></td><td><b>internalId</b></td><td><b>status</b></td></tr><tr><td style=\"white-space:nowrap\">assoc<a name=\"v3-MdfHmdRowType-assoc\"> </a></td><td>Association Row</td><td>Identifies an association leading from the &quot;class&quot; (or association) that is most directly above this row</td><td>10072</td><td>active</td></tr><tr><td style=\"white-space:nowrap\">attr<a name=\"v3-MdfHmdRowType-attr\"> </a></td><td>Attribute Row</td><td>Identifies an attribute of the &quot;class&quot; (or association) that is most directly above this row.</td><td>10073</td><td>active</td></tr><tr><td style=\"white-space:nowrap\">class<a name=\"v3-MdfHmdRowType-class\"> </a></td><td>HMD root class</td><td>Identifies &quot;class&quot; in the HMD. There is only one class entry in a Hierarchical Message Definition. This is the root class for the message.</td><td>10071</td><td>active</td></tr><tr><td style=\"white-space:nowrap\">hmd<a name=\"v3-MdfHmdRowType-hmd\"> </a></td><td>HMD identifier</td><td>Always the first row of the table, identifies the particular Hierarchical Message Definition in the nomenclature of the HL7 Repository.</td><td>10070</td><td>active</td></tr><tr><td style=\"white-space:nowrap\">item<a name=\"v3-MdfHmdRowType-item\"> </a></td><td>Collection Item Row</td><td>Identifies a message element that represents one of whatever is repeated in a collection</td><td>10074</td><td>active</td></tr><tr><td style=\"white-space:nowrap\">stc<a name=\"v3-MdfHmdRowType-stc\"> </a></td><td>Subtype constraint</td><td>This row corresponds to a subcomponent of the row above; it would not normally be included in an HMD, but it is included in order to be able to state a constraint on the subtype. This is explained in 10.2.2.4.</td><td>10075</td><td>active</td></tr></table></div>"
  },
  "url" : "http://terminology.hl7.org/CodeSystem/v3-MdfHmdRowType",
  "identifier" : [{
    "system" : "urn:ietf:rfc:3986",
    "value" : "urn:oid:2.16.840.1.113883.5.76"
  }],
  "version" : "0.1.0",
  "name" : "MdfHmdRowType",
  "title" : "MdfHmdRowType",
  "status" : "retired",
  "experimental" : false,
  "date" : "2019-03-20",
  "publisher" : "SatuSehat",
  "contact" : [{
    "name" : "SatuSehat",
    "telecom" : [{
      "system" : "url",
      "value" : "https://satusehat.kemkes.go.id/"
    },
    {
      "system" : "email",
      "value" : "fhir@dto.kemkes.go.id"
    }]
  }],
  "description" : "The row type codes for the tabular representation of a Hierarchical Message Description.\r\n\r\n**Deprecation Comment:** Deprecated as per 11/2008 Harmonization cleanup; internal and obsolete HL7 usage, no longer used.",
  "caseSensitive" : true,
  "hierarchyMeaning" : "is-a",
  "content" : "complete",
  "property" : [{
    "extension" : [{
      "url" : "http://terminology.hl7.org/StructureDefinition/ext-mif-relationship-symmetry",
      "valueCode" : "antisymmetric"
    },
    {
      "url" : "http://terminology.hl7.org/StructureDefinition/ext-mif-relationship-transitivity",
      "valueCode" : "transitive"
    },
    {
      "url" : "http://terminology.hl7.org/StructureDefinition/ext-mif-relationship-reflexivity",
      "valueCode" : "irreflexive"
    },
    {
      "url" : "http://terminology.hl7.org/StructureDefinition/ext-mif-relationship-isNavigable",
      "valueBoolean" : true
    },
    {
      "url" : "http://terminology.hl7.org/StructureDefinition/ext-mif-relationship-relationshipKind",
      "valueCode" : "Specializes"
    },
    {
      "url" : "http://terminology.hl7.org/StructureDefinition/ext-mif-relationship-inverseName",
      "valueString" : "Generalizes"
    }],
    "code" : "Specializes",
    "description" : "The child code is a more narrow version of the concept represented by the parent code.  I.e. Every child concept is also a valid parent concept.  Used to allow determination of subsumption.  Must be transitive, irreflexive, antisymmetric.",
    "type" : "Coding"
  },
  {
    "extension" : [{
      "url" : "http://terminology.hl7.org/StructureDefinition/ext-mif-relationship-symmetry",
      "valueCode" : "antisymmetric"
    },
    {
      "url" : "http://terminology.hl7.org/StructureDefinition/ext-mif-relationship-transitivity",
      "valueCode" : "transitive"
    },
    {
      "url" : "http://terminology.hl7.org/StructureDefinition/ext-mif-relationship-reflexivity",
      "valueCode" : "irreflexive"
    },
    {
      "url" : "http://terminology.hl7.org/StructureDefinition/ext-mif-relationship-isNavigable",
      "valueBoolean" : true
    },
    {
      "url" : "http://terminology.hl7.org/StructureDefinition/ext-mif-relationship-relationshipKind",
      "valueCode" : "Generalizes"
    },
    {
      "url" : "http://terminology.hl7.org/StructureDefinition/ext-mif-relationship-inverseName",
      "valueString" : "Specializes"
    }],
    "code" : "Generalizes",
    "description" : "Inverse of Specializes.  Only included as a derived relationship.",
    "type" : "Coding"
  },
  {
    "code" : "internalId",
    "uri" : "http://terminology.hl7.org/CodeSystem/utg-concept-properties#v3-internal-id",
    "description" : "The internal identifier for the concept in the HL7 Access database repository.",
    "type" : "code"
  },
  {
    "code" : "status",
    "uri" : "http://hl7.org/fhir/concept-properties#status",
    "description" : "Designation of a concept's state. Normally is not populated unless the state is retired.",
    "type" : "code"
  }],
  "concept" : [{
    "code" : "assoc",
    "display" : "Association Row",
    "definition" : "Identifies an association leading from the \"class\" (or association) that is most directly above this row",
    "property" : [{
      "code" : "status",
      "valueCode" : "active"
    },
    {
      "code" : "internalId",
      "valueCode" : "10072"
    }]
  },
  {
    "code" : "attr",
    "display" : "Attribute Row",
    "definition" : "Identifies an attribute of the \"class\" (or association) that is most directly above this row.",
    "property" : [{
      "code" : "status",
      "valueCode" : "active"
    },
    {
      "code" : "internalId",
      "valueCode" : "10073"
    }]
  },
  {
    "code" : "class",
    "display" : "HMD root class",
    "definition" : "Identifies \"class\" in the HMD. There is only one class entry in a Hierarchical Message Definition. This is the root class for the message.",
    "property" : [{
      "code" : "status",
      "valueCode" : "active"
    },
    {
      "code" : "internalId",
      "valueCode" : "10071"
    }]
  },
  {
    "code" : "hmd",
    "display" : "HMD identifier",
    "definition" : "Always the first row of the table, identifies the particular Hierarchical Message Definition in the nomenclature of the HL7 Repository.",
    "property" : [{
      "code" : "status",
      "valueCode" : "active"
    },
    {
      "code" : "internalId",
      "valueCode" : "10070"
    }]
  },
  {
    "code" : "item",
    "display" : "Collection Item Row",
    "definition" : "Identifies a message element that represents one of whatever is repeated in a collection",
    "property" : [{
      "code" : "status",
      "valueCode" : "active"
    },
    {
      "code" : "internalId",
      "valueCode" : "10074"
    }]
  },
  {
    "code" : "stc",
    "display" : "Subtype constraint",
    "definition" : "This row corresponds to a subcomponent of the row above; it would not normally be included in an HMD, but it is included in order to be able to state a constraint on the subtype. This is explained in 10.2.2.4.",
    "property" : [{
      "code" : "status",
      "valueCode" : "active"
    },
    {
      "code" : "internalId",
      "valueCode" : "10075"
    }]
  }]
}