{
  "resourceType" : "Encounter",
  "id" : "IDCoreEncounterStatusFinished",
  "meta" : {
    "profile" : ["https://fhir.kemkes.go.id/r4/StructureDefinition/IDCoreEncounter"]
  },
  "text" : {
    "status" : "generated",
    "div" : "<div xmlns=\"http://www.w3.org/1999/xhtml\"><p><b>Generated Narrative: Encounter</b><a name=\"IDCoreEncounterStatusFinished\"> </a></p><div style=\"display: inline-block; background-color: #d9e0e7; padding: 6px; margin: 4px; border: 1px solid #8da1b4; border-radius: 5px; line-height: 60%\"><p style=\"margin-bottom: 0px\">Resource Encounter &quot;IDCoreEncounterStatusFinished&quot; </p><p style=\"margin-bottom: 0px\">Profile: <a href=\"StructureDefinition-IDCoreEncounter.html\">IDCoreEncounter</a></p></div><p><b>identifier</b>: <code>http://sys-ids.kemkes.go.id/encounter/10085103</code>/100000030015</p><p><b>status</b>: finished</p><blockquote><p><b>statusHistory</b></p><p><b>status</b>: in-progress</p><p><b>period</b>: 2022-12-25 08:00:00+0000 --&gt; 2022-12-30 09:30:27+0700</p></blockquote><blockquote><p><b>statusHistory</b></p><p><b>status</b>: finished</p><p><b>period</b>: 2022-12-30 09:30:27+0700 --&gt; 2022-12-30 09:30:27+0700</p></blockquote><p><b>class</b>: inpatient encounter (Details: http://terminology.hl7.org/CodeSystem/v3-ActCode code IMP = 'inpatient encounter', stated as 'inpatient encounter')</p><p><b>subject</b>: <a href=\"Patient/100000030015\">Patient/100000030015: Diana Smith</a></p><p><b>basedOn</b>: <a href=\"ServiceRequest/1e1a260d-538f-4172-ad68-0aa5f8ccfc4a\">ServiceRequest/1e1a260d-538f-4172-ad68-0aa5f8ccfc4a</a></p><h3>Participants</h3><table class=\"grid\"><tr><td style=\"display: none\">-</td><td><b>Type</b></td><td><b>Individual</b></td></tr><tr><td style=\"display: none\">*</td><td>attender <span style=\"background: LightGoldenRodYellow; margin: 4px; border: 1px solid khaki\"> (<a href=\"http://terminology.hl7.org/5.3.0/CodeSystem-v3-ParticipationType.html\">ParticipationType</a>#ATND)</span></td><td><a href=\"Practitioner/N10000001\">Practitioner/N10000001: Dokter Bronsig</a></td></tr></table><p><b>period</b>: 2022-12-25 08:00:00+0000 --&gt; 2022-12-30 09:30:27+0700</p><blockquote><p><b>diagnosis</b></p><p><b>condition</b>: <a href=\"Condition/a734df17-84ca-4a09-998c-95442eba13d9\">Condition/a734df17-84ca-4a09-998c-95442eba13d9: Chronic kidney disease, stage 5</a></p><p><b>use</b>: Discharge diagnosis <span style=\"background: LightGoldenRodYellow; margin: 4px; border: 1px solid khaki\"> (<a href=\"http://terminology.hl7.org/5.3.0/CodeSystem-diagnosis-role.html\">Diagnosis Role</a>#DD)</span></p><p><b>rank</b>: 1</p></blockquote><blockquote><p><b>diagnosis</b></p><p><b>condition</b>: <a href=\"Condition/23cc164d-9e49-4d6c-b46b-576efbb123fe\">Condition/23cc164d-9e49-4d6c-b46b-576efbb123fe: Anemia in chronic kidney disease</a></p><p><b>use</b>: Discharge diagnosis <span style=\"background: LightGoldenRodYellow; margin: 4px; border: 1px solid khaki\"> (<a href=\"http://terminology.hl7.org/5.3.0/CodeSystem-diagnosis-role.html\">Diagnosis Role</a>#DD)</span></p><p><b>rank</b>: 2</p></blockquote><h3>Hospitalizations</h3><table class=\"grid\"><tr><td style=\"display: none\">-</td><td><b>DischargeDisposition</b></td></tr><tr><td style=\"display: none\">*</td><td>Anjuran dokter untuk pulang dan kontrol kembali dan melakukan hemodialisis Rutin 1 Bulan Sekali <span style=\"background: LightGoldenRodYellow; margin: 4px; border: 1px solid khaki\"> (<a href=\"http://terminology.hl7.org/5.3.0/CodeSystem-discharge-disposition.html\">Discharge disposition</a>#home &quot;Home&quot;)</span></td></tr></table><h3>Locations</h3><table class=\"grid\"><tr><td style=\"display: none\">-</td><td><b>Extension</b></td><td><b>Location</b></td><td><b>Period</b></td></tr><tr><td style=\"display: none\">*</td><td/><td><a href=\"Location/b29038d4-9ef0-4eb3-a2e9-3c02df668b07\">Location/b29038d4-9ef0-4eb3-a2e9-3c02df668b07: Bed 2, Ruang 44, Bangsal Rawat Inap Kelas 1, Layanan Penyakit Dalam, Lantai 2, Gedung Utama</a></td><td>2022-12-25 08:00:00+0000 --&gt; 2022-12-30 09:30:27+0700</td></tr></table><p><b>serviceProvider</b>: <a href=\"Organization/10085103\">Organization/10085103</a></p></div>"
  },
  "identifier" : [{
    "system" : "http://sys-ids.kemkes.go.id/encounter/10085103",
    "value" : "100000030015"
  }],
  "status" : "finished",
  "statusHistory" : [{
    "status" : "in-progress",
    "period" : {
      "start" : "2022-12-25T08:00:00+00:00",
      "end" : "2022-12-30T09:30:27+07:00"
    }
  },
  {
    "status" : "finished",
    "period" : {
      "start" : "2022-12-30T09:30:27+07:00",
      "end" : "2022-12-30T09:30:27+07:00"
    }
  }],
  "class" : {
    "system" : "http://terminology.hl7.org/CodeSystem/v3-ActCode",
    "code" : "IMP",
    "display" : "inpatient encounter"
  },
  "subject" : {
    "reference" : "Patient/100000030015",
    "display" : "Diana Smith"
  },
  "basedOn" : [{
    "reference" : "ServiceRequest/1e1a260d-538f-4172-ad68-0aa5f8ccfc4a"
  }],
  "participant" : [{
    "type" : [{
      "coding" : [{
        "system" : "http://terminology.hl7.org/CodeSystem/v3-ParticipationType",
        "code" : "ATND",
        "display" : "attender"
      }]
    }],
    "individual" : {
      "reference" : "Practitioner/N10000001",
      "display" : "Dokter Bronsig"
    }
  }],
  "period" : {
    "start" : "2022-12-25T08:00:00+00:00",
    "end" : "2022-12-30T09:30:27+07:00"
  },
  "diagnosis" : [{
    "condition" : {
      "reference" : "Condition/a734df17-84ca-4a09-998c-95442eba13d9",
      "display" : "Chronic kidney disease, stage 5"
    },
    "use" : {
      "coding" : [{
        "system" : "http://terminology.hl7.org/CodeSystem/diagnosis-role",
        "code" : "DD",
        "display" : "Discharge diagnosis"
      }]
    },
    "rank" : 1
  },
  {
    "condition" : {
      "reference" : "Condition/23cc164d-9e49-4d6c-b46b-576efbb123fe",
      "display" : "Anemia in chronic kidney disease"
    },
    "use" : {
      "coding" : [{
        "system" : "http://terminology.hl7.org/CodeSystem/diagnosis-role",
        "code" : "DD",
        "display" : "Discharge diagnosis"
      }]
    },
    "rank" : 2
  }],
  "hospitalization" : {
    "dischargeDisposition" : {
      "coding" : [{
        "system" : "http://terminology.hl7.org/CodeSystem/discharge-disposition",
        "code" : "home",
        "display" : "Home"
      }],
      "text" : "Anjuran dokter untuk pulang dan kontrol kembali dan melakukan hemodialisis Rutin 1 Bulan Sekali"
    }
  },
  "location" : [{
    "extension" : [{
      "extension" : [{
        "url" : "value",
        "valueCodeableConcept" : {
          "coding" : [{
            "system" : "http://terminology.kemkes.go.id/CodeSystem/locationServiceClass-Inpatient",
            "code" : "1",
            "display" : "Kelas 1"
          }]
        }
      },
      {
        "url" : "upgradeClassIndicator",
        "valueCodeableConcept" : {
          "coding" : [{
            "system" : "http://terminology.kemkes.go.id/CodeSystem/locationUpgradeClass",
            "code" : "kelas-tetap",
            "display" : "Kelas Tetap Perawatan"
          }]
        }
      }],
      "url" : "https://fhir.kemkes.go.id/r4/StructureDefinition/ServiceClass"
    }],
    "location" : {
      "reference" : "Location/b29038d4-9ef0-4eb3-a2e9-3c02df668b07",
      "display" : "Bed 2, Ruang 44, Bangsal Rawat Inap Kelas 1, Layanan Penyakit Dalam, Lantai 2, Gedung Utama"
    },
    "period" : {
      "start" : "2022-12-25T08:00:00+00:00",
      "end" : "2022-12-30T09:30:27+07:00"
    }
  }],
  "serviceProvider" : {
    "reference" : "Organization/10085103"
  }
}