{
  "resourceType" : "ValueSet",
  "id" : "v3-SnodentDentalUniversalNumberingSystemInternational",
  "language" : "en",
  "text" : {
    "status" : "extensions",
    "div" : "<div xml:lang=\"en\" xmlns=\"http://www.w3.org/1999/xhtml\" lang=\"en\"><ul><li>Include these codes as defined in <a href=\"CodeSystem-v3-ada-snodent.html\"><code>http://www.ada.org/snodent</code></a><table class=\"none\"><tr><td style=\"white-space:nowrap\"><b>Code</b></td><td><b>Display</b></td><td><b>Definition</b></td></tr><tr><td><a href=\"CodeSystem-v3-ada-snodent.html#v3-ada-snodent-160654D\">160654D</a></td><td style=\"color: #cccccc\">Permanent lower left first premolar tooth</td><td>Permanent mandibular left first premolar tooth; Universal designation 21; ISO designation 34</td></tr><tr><td><a href=\"CodeSystem-v3-ada-snodent.html#v3-ada-snodent-160704D\">160704D</a></td><td style=\"color: #cccccc\">Permanent lower right second molar tooth</td><td>Permanent mandibular right second molar tooth; Universal designation 31; ISO designation 47</td></tr><tr><td><a href=\"CodeSystem-v3-ada-snodent.html#v3-ada-snodent-160770D\">160770D</a></td><td style=\"color: #cccccc\">Permanent lower right first molar tooth</td><td>Permanent mandibular right first molar tooth; Universal designation 30; ISO designation 46</td></tr><tr><td><a href=\"CodeSystem-v3-ada-snodent.html#v3-ada-snodent-160817D\">160817D</a></td><td style=\"color: #cccccc\">Permanent lower left canine tooth</td><td>Permanent mandibular left canine tooth; Universal designation 22; ISO designation 33</td></tr><tr><td><a href=\"CodeSystem-v3-ada-snodent.html#v3-ada-snodent-160840D\">160840D</a></td><td style=\"color: #cccccc\">Permanent upper right canine tooth</td><td>Permanent maxillary right canine tooth; Universal designation 6; ISO designation 13</td></tr><tr><td><a href=\"CodeSystem-v3-ada-snodent.html#v3-ada-snodent-160903D\">160903D</a></td><td style=\"color: #cccccc\">Permanent upper right central incisor tooth</td><td>Permanent maxillary right central incisor tooth; Universal designation 8; ISO designation 11</td></tr><tr><td><a href=\"CodeSystem-v3-ada-snodent.html#v3-ada-snodent-160957D\">160957D</a></td><td style=\"color: #cccccc\">Permanent upper left canine tooth</td><td>Permanent maxillary left canine tooth; Universal designation 11; ISO designation 23</td></tr><tr><td><a href=\"CodeSystem-v3-ada-snodent.html#v3-ada-snodent-161006D\">161006D</a></td><td style=\"color: #cccccc\">Permanent upper left central incisor tooth</td><td>Permanent maxillary left central incisor tooth; Universal designation 9; ISO designation 21</td></tr><tr><td><a href=\"CodeSystem-v3-ada-snodent.html#v3-ada-snodent-161010D\">161010D</a></td><td style=\"color: #cccccc\">Permanent upper right first molar tooth</td><td>Permanent maxillary right first molar tooth; Universal designation 3; ISO designation 16</td></tr><tr><td><a href=\"CodeSystem-v3-ada-snodent.html#v3-ada-snodent-161068D\">161068D</a></td><td style=\"color: #cccccc\">Permanent lower left central incisor tooth</td><td>Permanent mandibular left central incisor tooth; Universal designation 24; ISO designation 31</td></tr><tr><td><a href=\"CodeSystem-v3-ada-snodent.html#v3-ada-snodent-161109D\">161109D</a></td><td style=\"color: #cccccc\">Permanent upper left lateral incisor tooth</td><td>Permanent maxillary left lateral incisor tooth; Universal designation 10; ISO designation 22</td></tr><tr><td><a href=\"CodeSystem-v3-ada-snodent.html#v3-ada-snodent-161121D\">161121D</a></td><td style=\"color: #cccccc\">Permanent lower right third molar tooth</td><td>Permanent mandibular right third molar tooth; Universal designation 32; ISO designation 48</td></tr><tr><td><a href=\"CodeSystem-v3-ada-snodent.html#v3-ada-snodent-161132D\">161132D</a></td><td style=\"color: #cccccc\">Permanent upper left first molar tooth</td><td>Permanent maxillary left first molar tooth; Universal designation 14; ISO designation 26</td></tr><tr><td><a href=\"CodeSystem-v3-ada-snodent.html#v3-ada-snodent-161150D\">161150D</a></td><td style=\"color: #cccccc\">Permanent lower left second premolar tooth</td><td>Permanent mandibular left second premolar tooth; Universal designation 20; ISO designation 35</td></tr><tr><td><a href=\"CodeSystem-v3-ada-snodent.html#v3-ada-snodent-161178D\">161178D</a></td><td style=\"color: #cccccc\">Permanent upper left second premolar tooth</td><td>Permanent maxillary left second premolar tooth; Universal designation 13; ISO designation 25</td></tr><tr><td><a href=\"CodeSystem-v3-ada-snodent.html#v3-ada-snodent-161197D\">161197D</a></td><td style=\"color: #cccccc\">Permanent lower right lateral incisor tooth</td><td>Permanent mandibular right lateral incisor tooth; Universal designation 26; ISO designation 42</td></tr><tr><td><a href=\"CodeSystem-v3-ada-snodent.html#v3-ada-snodent-161227D\">161227D</a></td><td style=\"color: #cccccc\">Permanent upper right third molar tooth</td><td>Permanent maxillary right third molar tooth; Universal designation 1; ISO designation 18</td></tr><tr><td><a href=\"CodeSystem-v3-ada-snodent.html#v3-ada-snodent-161258D\">161258D</a></td><td style=\"color: #cccccc\">Permanent lower left third molar tooth</td><td>Permanent mandibular left third molar tooth; Universal designation 17; ISO designation 38</td></tr><tr><td><a href=\"CodeSystem-v3-ada-snodent.html#v3-ada-snodent-161262D\">161262D</a></td><td style=\"color: #cccccc\">Permanent upper right second molar tooth</td><td>Permanent maxillary right second molar tooth; Universal designation 2; ISO designation 17</td></tr><tr><td><a href=\"CodeSystem-v3-ada-snodent.html#v3-ada-snodent-161291D\">161291D</a></td><td style=\"color: #cccccc\">Permanent lower right central incisor tooth</td><td>Permanent mandibular right central incisor tooth; Universal designation 25; ISO designation 41</td></tr><tr><td><a href=\"CodeSystem-v3-ada-snodent.html#v3-ada-snodent-161317D\">161317D</a></td><td style=\"color: #cccccc\">Permanent upper left second molar tooth</td><td>Permanent maxillary left second molar tooth; Universal designation 15; ISO designation 27</td></tr><tr><td><a href=\"CodeSystem-v3-ada-snodent.html#v3-ada-snodent-161329D\">161329D</a></td><td style=\"color: #cccccc\">Permanent upper left first premolar tooth</td><td>Permanent maxillary left first premolar tooth; Universal designation 12; ISO designation 24</td></tr><tr><td><a href=\"CodeSystem-v3-ada-snodent.html#v3-ada-snodent-161372D\">161372D</a></td><td style=\"color: #cccccc\">Permanent lower left second molar tooth</td><td>Permanent mandibular left second molar tooth; Universal designation 18; ISO designation 37</td></tr><tr><td><a href=\"CodeSystem-v3-ada-snodent.html#v3-ada-snodent-161412D\">161412D</a></td><td style=\"color: #cccccc\">Permanent lower right second premolar tooth</td><td>Permanent mandibular right second premolar tooth; Universal designation 29; ISO designation 45</td></tr><tr><td><a href=\"CodeSystem-v3-ada-snodent.html#v3-ada-snodent-161454D\">161454D</a></td><td style=\"color: #cccccc\">Permanent upper left third molar tooth</td><td>Permanent maxillary left third molar tooth; Universal designation 16; ISO designation 28</td></tr><tr><td><a href=\"CodeSystem-v3-ada-snodent.html#v3-ada-snodent-161477D\">161477D</a></td><td style=\"color: #cccccc\">Permanent lower left lateral incisor tooth</td><td>Permanent mandibular left lateral incisor tooth; Universal designation 23; ISO designation 32</td></tr><tr><td><a href=\"CodeSystem-v3-ada-snodent.html#v3-ada-snodent-161496D\">161496D</a></td><td style=\"color: #cccccc\">Permanent lower right first premolar tooth</td><td>Permanent mandibular right first premolar tooth; Universal designation 28; ISO designation 44</td></tr><tr><td><a href=\"CodeSystem-v3-ada-snodent.html#v3-ada-snodent-161514D\">161514D</a></td><td style=\"color: #cccccc\">Permanent lower right canine tooth</td><td>Permanent mandibular right canine tooth; Universal designation 27; ISO designation 43</td></tr><tr><td><a href=\"CodeSystem-v3-ada-snodent.html#v3-ada-snodent-161533D\">161533D</a></td><td style=\"color: #cccccc\">Permanent lower left first molar tooth</td><td>Permanent mandibular left first molar tooth; Universal designation 19; ISO designation 36</td></tr><tr><td><a href=\"CodeSystem-v3-ada-snodent.html#v3-ada-snodent-161546D\">161546D</a></td><td style=\"color: #cccccc\">Permanent upper right second premolar tooth</td><td>Permanent maxillary right second premolar tooth; Universal designation 4; ISO designation 15</td></tr><tr><td><a href=\"CodeSystem-v3-ada-snodent.html#v3-ada-snodent-161607D\">161607D</a></td><td style=\"color: #cccccc\">Permanent upper right first premolar tooth</td><td>Permanent maxillary right first premolar tooth; Universal designation 5; ISO designation 14</td></tr><tr><td><a href=\"CodeSystem-v3-ada-snodent.html#v3-ada-snodent-161892D\">161892D</a></td><td style=\"color: #cccccc\">Primary lower right canine tooth</td><td>Deciduous mandibular right canine tooth; Universal designation R; ISO designation 83</td></tr><tr><td><a href=\"CodeSystem-v3-ada-snodent.html#v3-ada-snodent-161941D\">161941D</a></td><td style=\"color: #cccccc\">Permanent upper right lateral incisor tooth</td><td>Permanent maxillary right lateral incisor tooth; Universal designation 7; ISO designation 12</td></tr><tr><td><a href=\"CodeSystem-v3-ada-snodent.html#v3-ada-snodent-161956D\">161956D</a></td><td style=\"color: #cccccc\">Primary lower right lateral incisor tooth</td><td>Deciduous mandibular right lateral incisor tooth; Universal designation Q; ISO designation 82</td></tr><tr><td><a href=\"CodeSystem-v3-ada-snodent.html#v3-ada-snodent-162004D\">162004D</a></td><td style=\"color: #cccccc\">Primary upper left first molar tooth</td><td>Deciduous maxillary left first molar tooth; Universal designation I; ISO designation 64</td></tr><tr><td><a href=\"CodeSystem-v3-ada-snodent.html#v3-ada-snodent-162062D\">162062D</a></td><td style=\"color: #cccccc\">Primary lower right central incisor tooth</td><td>Deciduous mandibular right central incisor tooth; Universal designation P; ISO designation 81</td></tr><tr><td><a href=\"CodeSystem-v3-ada-snodent.html#v3-ada-snodent-162091D\">162091D</a></td><td style=\"color: #cccccc\">Primary upper right second molar tooth</td><td>Deciduous maxillary right second molar tooth; Universal designation A; ISO designation 55</td></tr><tr><td><a href=\"CodeSystem-v3-ada-snodent.html#v3-ada-snodent-162129D\">162129D</a></td><td style=\"color: #cccccc\">Primary lower left lateral incisor tooth</td><td>Deciduous mandibular left lateral incisor tooth; Universal designation N; ISO designation 72</td></tr><tr><td><a href=\"CodeSystem-v3-ada-snodent.html#v3-ada-snodent-162206D\">162206D</a></td><td style=\"color: #cccccc\">Primary lower right first molar tooth</td><td>Deciduous mandibular right first molar tooth: Universal designation S; ISO designation 84</td></tr><tr><td><a href=\"CodeSystem-v3-ada-snodent.html#v3-ada-snodent-162234D\">162234D</a></td><td style=\"color: #cccccc\">Primary upper right first molar tooth</td><td>Deciduous maxillary right first molar tooth; Universal designation B; ISO designation 54</td></tr><tr><td><a href=\"CodeSystem-v3-ada-snodent.html#v3-ada-snodent-162268D\">162268D</a></td><td style=\"color: #cccccc\">Primary upper right canine tooth</td><td>Deciduous maxillary right canine tooth; Universal designation C; ISO designation 53</td></tr><tr><td><a href=\"CodeSystem-v3-ada-snodent.html#v3-ada-snodent-162309D\">162309D</a></td><td style=\"color: #cccccc\">Primary upper left canine tooth</td><td>Deciduous maxillary left canine tooth; Universal designation H; ISO designation 63</td></tr><tr><td><a href=\"CodeSystem-v3-ada-snodent.html#v3-ada-snodent-162321D\">162321D</a></td><td style=\"color: #cccccc\">Primary lower left second molar tooth</td><td>Deciduous mandibular left second molar tooth; Universal designation K; ISO designation 75</td></tr><tr><td><a href=\"CodeSystem-v3-ada-snodent.html#v3-ada-snodent-162345D\">162345D</a></td><td style=\"color: #cccccc\">Primary lower left central incisor tooth</td><td>Deciduous mandibular left central incisor tooth: Universal designation O; ISO designation 71</td></tr><tr><td><a href=\"CodeSystem-v3-ada-snodent.html#v3-ada-snodent-162350D\">162350D</a></td><td style=\"color: #cccccc\">Primary upper left lateral incisor tooth</td><td>Deciduous maxillary left lateral incisor tooth; Universal designation G; ISO designation 62</td></tr><tr><td><a href=\"CodeSystem-v3-ada-snodent.html#v3-ada-snodent-162418D\">162418D</a></td><td style=\"color: #cccccc\">Primary upper left central incisor tooth</td><td>Deciduous maxillary left central incisor tooth; Universal designation F; ISO designation 61</td></tr><tr><td><a href=\"CodeSystem-v3-ada-snodent.html#v3-ada-snodent-162425D\">162425D</a></td><td style=\"color: #cccccc\">Primary lower right second molar tooth</td><td>Deciduous mandibular right second molar tooth; Universal designation T; ISO designation 85</td></tr><tr><td><a href=\"CodeSystem-v3-ada-snodent.html#v3-ada-snodent-162441D\">162441D</a></td><td style=\"color: #cccccc\">Primary lower left canine tooth</td><td>Deciduous mandibular left canine tooth; Universal designation M; ISO designation 73</td></tr><tr><td><a href=\"CodeSystem-v3-ada-snodent.html#v3-ada-snodent-162494D\">162494D</a></td><td style=\"color: #cccccc\">Primary upper right lateral incisor tooth</td><td>Deciduous maxillary right lateral incisor tooth; Universal designation D; ISO designation 52</td></tr><tr><td><a href=\"CodeSystem-v3-ada-snodent.html#v3-ada-snodent-162537D\">162537D</a></td><td style=\"color: #cccccc\">Primary lower left first molar tooth</td><td>Deciduous mandibular left first molar tooth; Universal designation L; ISO designation 74</td></tr><tr><td><a href=\"CodeSystem-v3-ada-snodent.html#v3-ada-snodent-162585D\">162585D</a></td><td style=\"color: #cccccc\">Primary upper left second molar tooth</td><td>Deciduous maxillary left second molar tooth; Universal designation J; ISO designation 65</td></tr><tr><td><a href=\"CodeSystem-v3-ada-snodent.html#v3-ada-snodent-162619D\">162619D</a></td><td style=\"color: #cccccc\">Primary upper right central incisor tooth</td><td>Deciduous maxillary right central incisor tooth; Universal designation E; ISO designation 51</td></tr><tr><td><a href=\"CodeSystem-v3-ada-snodent.html#v3-ada-snodent-177259D\">177259D</a></td><td style=\"color: #cccccc\">Supernumerary permanent maxillary right central incisor tooth</td><td>Supernumerary permanent maxillary right central incisor tooth; Universal designation 58</td></tr><tr><td><a href=\"CodeSystem-v3-ada-snodent.html#v3-ada-snodent-177263D\">177263D</a></td><td style=\"color: #cccccc\">Supernumerary deciduous maxillary left lateral incisor tooth</td><td>Supernumerary deciduous maxillary left lateral incisor tooth; Universal designation GS</td></tr><tr><td><a href=\"CodeSystem-v3-ada-snodent.html#v3-ada-snodent-177271D\">177271D</a></td><td style=\"color: #cccccc\">Supernumerary permanent mandibular left lateral incisor tooth</td><td>Supernumerary permanent mandibular left lateral incisor tooth; Universal designation 73</td></tr><tr><td><a href=\"CodeSystem-v3-ada-snodent.html#v3-ada-snodent-177285D\">177285D</a></td><td style=\"color: #cccccc\">Supernumerary permanent mandibular right central incisor tooth</td><td>Supernumerary permanent mandibular right central incisor tooth; Universal designation 75</td></tr><tr><td><a href=\"CodeSystem-v3-ada-snodent.html#v3-ada-snodent-177292D\">177292D</a></td><td style=\"color: #cccccc\">Supernumerary deciduous mandibular left central incisor tooth</td><td>Supernumerary deciduous mandibular left central incisor tooth; Universal designation OS</td></tr><tr><td><a href=\"CodeSystem-v3-ada-snodent.html#v3-ada-snodent-177302D\">177302D</a></td><td style=\"color: #cccccc\">Supernumerary deciduous mandibular right second molar tooth</td><td>Supernumerary deciduous mandibular right second molar tooth; Universal designation TS</td></tr><tr><td><a href=\"CodeSystem-v3-ada-snodent.html#v3-ada-snodent-177318D\">177318D</a></td><td style=\"color: #cccccc\">Supernumerary deciduous mandibular left lateral incisor tooth</td><td>Supernumerary deciduous mandibular left lateral incisor tooth; Universal designation NS</td></tr><tr><td><a href=\"CodeSystem-v3-ada-snodent.html#v3-ada-snodent-177325D\">177325D</a></td><td style=\"color: #cccccc\">Supernumerary permanent maxillary left second premolar tooth</td><td>Supernumerary permanent maxillary left second premolar tooth; Universal designation 63</td></tr><tr><td><a href=\"CodeSystem-v3-ada-snodent.html#v3-ada-snodent-177339D\">177339D</a></td><td style=\"color: #cccccc\">Supernumerary permanent maxillary right canine tooth</td><td>Supernumerary permanent maxillary right canine tooth; Universal designation 56</td></tr><tr><td><a href=\"CodeSystem-v3-ada-snodent.html#v3-ada-snodent-177341D\">177341D</a></td><td style=\"color: #cccccc\">Supernumerary permanent mandibular right canine tooth</td><td>Supernumerary permanent mandibular right canine tooth; Universal designation 77</td></tr><tr><td><a href=\"CodeSystem-v3-ada-snodent.html#v3-ada-snodent-177356D\">177356D</a></td><td style=\"color: #cccccc\">Supernumerary permanent maxillary left canine tooth</td><td>Supernumerary permanent maxillary left canine tooth; Universal designation 61</td></tr><tr><td><a href=\"CodeSystem-v3-ada-snodent.html#v3-ada-snodent-177360D\">177360D</a></td><td style=\"color: #cccccc\">Supernumerary deciduous maxillary right first molar tooth</td><td>Supernumerary deciduous maxillary right first molar tooth; Universal designation BS</td></tr><tr><td><a href=\"CodeSystem-v3-ada-snodent.html#v3-ada-snodent-177373D\">177373D</a></td><td style=\"color: #cccccc\">Supernumerary permanent maxillary left second molar tooth</td><td>Supernumerary permanent maxillary left second molar tooth; Universal designation 65</td></tr><tr><td><a href=\"CodeSystem-v3-ada-snodent.html#v3-ada-snodent-177387D\">177387D</a></td><td style=\"color: #cccccc\">Supernumerary deciduous mandibular right canine tooth</td><td>Supernumerary deciduous mandibular right canine tooth; Universal designation RS</td></tr><tr><td><a href=\"CodeSystem-v3-ada-snodent.html#v3-ada-snodent-177394D\">177394D</a></td><td style=\"color: #cccccc\">Supernumerary permanent maxillary right third molar tooth</td><td>Supernumerary permanent maxillary right third molar tooth; Universal designation 51</td></tr><tr><td><a href=\"CodeSystem-v3-ada-snodent.html#v3-ada-snodent-177409D\">177409D</a></td><td style=\"color: #cccccc\">Supernumerary permanent mandibular right second premolar tooth</td><td>Supernumerary permanent mandibular right second premolar tooth; Universal designation 79</td></tr><tr><td><a href=\"CodeSystem-v3-ada-snodent.html#v3-ada-snodent-177413D\">177413D</a></td><td style=\"color: #cccccc\">Supernumerary permanent mandibular right first molar tooth</td><td>Supernumerary permanent mandibular right first molar tooth; Universal designation 80</td></tr><tr><td><a href=\"CodeSystem-v3-ada-snodent.html#v3-ada-snodent-177421D\">177421D</a></td><td style=\"color: #cccccc\">Supernumerary deciduous mandibular left first molar tooth</td><td>Supernumerary deciduous mandibular left first molar tooth; Universal designation LS</td></tr><tr><td><a href=\"CodeSystem-v3-ada-snodent.html#v3-ada-snodent-177432D\">177432D</a></td><td style=\"color: #cccccc\">Supernumerary permanent mandibular right second molar tooth</td><td>Supernumerary permanent mandibular right second molar tooth; Universal designation 81</td></tr><tr><td><a href=\"CodeSystem-v3-ada-snodent.html#v3-ada-snodent-177445D\">177445D</a></td><td style=\"color: #cccccc\">Supernumerary permanent maxillary left first premolar tooth</td><td>Supernumerary permanent maxillary left first premolar tooth; Universal designation 62</td></tr><tr><td><a href=\"CodeSystem-v3-ada-snodent.html#v3-ada-snodent-177450D\">177450D</a></td><td style=\"color: #cccccc\">Supernumerary deciduous mandibular right central incisor tooth</td><td>Supernumerary deciduous mandibular right central incisor tooth; Universal designation PS</td></tr><tr><td><a href=\"CodeSystem-v3-ada-snodent.html#v3-ada-snodent-177466D\">177466D</a></td><td style=\"color: #cccccc\">Supernumerary deciduous mandibular right lateral incisor tooth</td><td>Supernumerary deciduous mandibular right lateral incisor tooth; Universal designation QS</td></tr><tr><td><a href=\"CodeSystem-v3-ada-snodent.html#v3-ada-snodent-177478D\">177478D</a></td><td style=\"color: #cccccc\">Supernumerary permanent mandibular left first molar tooth</td><td>Supernumerary permanent mandibular left first molar tooth; Universal designation 69</td></tr><tr><td><a href=\"CodeSystem-v3-ada-snodent.html#v3-ada-snodent-177484D\">177484D</a></td><td style=\"color: #cccccc\">Supernumerary permanent maxillary right lateral incisor tooth</td><td>Supernumerary permanent maxillary right lateral incisor tooth; Universal designation 57</td></tr><tr><td><a href=\"CodeSystem-v3-ada-snodent.html#v3-ada-snodent-177497D\">177497D</a></td><td style=\"color: #cccccc\">Supernumerary deciduous maxillary left canine tooth</td><td>Supernumerary deciduous maxillary left canine tooth; Universal designation HS</td></tr><tr><td><a href=\"CodeSystem-v3-ada-snodent.html#v3-ada-snodent-177506D\">177506D</a></td><td style=\"color: #cccccc\">Supernumerary permanent mandibular right lateral incisor tooth</td><td>Supernumerary permanent mandibular right lateral incisor tooth; Universal designation 76</td></tr><tr><td><a href=\"CodeSystem-v3-ada-snodent.html#v3-ada-snodent-177510D\">177510D</a></td><td style=\"color: #cccccc\">Supernumerary permanent mandibular left central incisor tooth</td><td>Supernumerary permanent mandibular left central incisor tooth; Universal designation 74</td></tr><tr><td><a href=\"CodeSystem-v3-ada-snodent.html#v3-ada-snodent-177523D\">177523D</a></td><td style=\"color: #cccccc\">Supernumerary permanent mandibular left canine tooth</td><td>Supernumerary permanent mandibular left canine tooth; Universal designation 72</td></tr><tr><td><a href=\"CodeSystem-v3-ada-snodent.html#v3-ada-snodent-177534D\">177534D</a></td><td style=\"color: #cccccc\">Supernumerary permanent maxillary right first molar tooth</td><td>Supernumerary permanent maxillary right first molar tooth; Universal designation 53</td></tr><tr><td><a href=\"CodeSystem-v3-ada-snodent.html#v3-ada-snodent-177547D\">177547D</a></td><td style=\"color: #cccccc\">Supernumerary permanent maxillary right second premolar tooth</td><td>Supernumerary permanent maxillary right second premolar tooth; Universal designation 54</td></tr><tr><td><a href=\"CodeSystem-v3-ada-snodent.html#v3-ada-snodent-177552D\">177552D</a></td><td style=\"color: #cccccc\">Supernumerary deciduous mandibular left canine tooth</td><td>Supernumerary deciduous mandibular left canine tooth; Universal designation MS</td></tr><tr><td><a href=\"CodeSystem-v3-ada-snodent.html#v3-ada-snodent-177568D\">177568D</a></td><td style=\"color: #cccccc\">Supernumerary permanent maxillary left third molar tooth</td><td>Supernumerary permanent maxillary left third molar tooth; Universal designation 66</td></tr><tr><td><a href=\"CodeSystem-v3-ada-snodent.html#v3-ada-snodent-177575D\">177575D</a></td><td style=\"color: #cccccc\">Supernumerary deciduous maxillary right canine tooth</td><td>Supernumerary deciduous maxillary right canine tooth; Universal designation CS</td></tr><tr><td><a href=\"CodeSystem-v3-ada-snodent.html#v3-ada-snodent-177581D\">177581D</a></td><td style=\"color: #cccccc\">Supernumerary deciduous maxillary left second molar tooth</td><td>Supernumerary deciduous maxillary left second molar tooth; Universal designation JS</td></tr><tr><td><a href=\"CodeSystem-v3-ada-snodent.html#v3-ada-snodent-177599D\">177599D</a></td><td style=\"color: #cccccc\">Supernumerary permanent mandibular right first premolar tooth</td><td>Supernumerary permanent mandibular right first premolar tooth; Universal designation 78</td></tr><tr><td><a href=\"CodeSystem-v3-ada-snodent.html#v3-ada-snodent-177608D\">177608D</a></td><td style=\"color: #cccccc\">Supernumerary permanent mandibular right third molar tooth</td><td>Supernumerary permanent mandibular right third molar tooth; Universal designation 82</td></tr><tr><td><a href=\"CodeSystem-v3-ada-snodent.html#v3-ada-snodent-177612D\">177612D</a></td><td style=\"color: #cccccc\">Supernumerary permanent maxillary right first premolar tooth</td><td>Supernumerary permanent maxillary right first premolar tooth; Universal designation 55</td></tr><tr><td><a href=\"CodeSystem-v3-ada-snodent.html#v3-ada-snodent-177620D\">177620D</a></td><td style=\"color: #cccccc\">Supernumerary deciduous maxillary right lateral incisor tooth</td><td>Supernumerary deciduous maxillary right lateral incisor tooth; Universal designation DS</td></tr><tr><td><a href=\"CodeSystem-v3-ada-snodent.html#v3-ada-snodent-177631D\">177631D</a></td><td style=\"color: #cccccc\">Supernumerary permanent mandibular left first premolar tooth</td><td>Supernumerary permanent mandibular left first premolar tooth ; Universal designation 71</td></tr><tr><td><a href=\"CodeSystem-v3-ada-snodent.html#v3-ada-snodent-177649D\">177649D</a></td><td style=\"color: #cccccc\">Supernumerary permanent maxillary right second molar tooth</td><td>Supernumerary permanent maxillary right second molar tooth; Universal designation 52</td></tr><tr><td><a href=\"CodeSystem-v3-ada-snodent.html#v3-ada-snodent-177654D\">177654D</a></td><td style=\"color: #cccccc\">Supernumerary permanent maxillary left first molar tooth</td><td>Supernumerary permanent maxillary left first molar tooth; Universal designation 64</td></tr><tr><td><a href=\"CodeSystem-v3-ada-snodent.html#v3-ada-snodent-177665D\">177665D</a></td><td style=\"color: #cccccc\">Supernumerary deciduous maxillary right second molar tooth</td><td>Supernumerary deciduous maxillary right second molar tooth; Universal designation AS</td></tr><tr><td><a href=\"CodeSystem-v3-ada-snodent.html#v3-ada-snodent-177677D\">177677D</a></td><td style=\"color: #cccccc\">Supernumerary permanent mandibular left second molar tooth</td><td>Supernumerary permanent mandibular left second molar tooth; Universal designation 68</td></tr><tr><td><a href=\"CodeSystem-v3-ada-snodent.html#v3-ada-snodent-177683D\">177683D</a></td><td style=\"color: #cccccc\">Supernumerary permanent maxillary left lateral incisor tooth</td><td>Supernumerary permanent maxillary left lateral incisor tooth; Universal designation 60</td></tr><tr><td><a href=\"CodeSystem-v3-ada-snodent.html#v3-ada-snodent-177696D\">177696D</a></td><td style=\"color: #cccccc\">Supernumerary deciduous maxillary right central incisor tooth</td><td>Supernumerary deciduous maxillary right central incisor tooth; Universal designation ES</td></tr><tr><td><a href=\"CodeSystem-v3-ada-snodent.html#v3-ada-snodent-177704D\">177704D</a></td><td style=\"color: #cccccc\">Supernumerary deciduous mandibular left second molar tooth</td><td>Supernumerary deciduous mandibular left second molar tooth ; Universal designation KS</td></tr><tr><td><a href=\"CodeSystem-v3-ada-snodent.html#v3-ada-snodent-177715D\">177715D</a></td><td style=\"color: #cccccc\">Supernumerary deciduous maxillary left first molar tooth</td><td>Supernumerary deciduous maxillary left first molar tooth; Universal designation IS</td></tr><tr><td><a href=\"CodeSystem-v3-ada-snodent.html#v3-ada-snodent-177727D\">177727D</a></td><td style=\"color: #cccccc\">Supernumerary permanent mandibular left second premolar tooth</td><td>Supernumerary permanent mandibular left second premolar tooth; Universal designation 70</td></tr><tr><td><a href=\"CodeSystem-v3-ada-snodent.html#v3-ada-snodent-177736D\">177736D</a></td><td style=\"color: #cccccc\">Supernumerary deciduous maxillary left central incisor tooth</td><td>Supernumerary deciduous maxillary left central incisor tooth; Universal designation FS</td></tr><tr><td><a href=\"CodeSystem-v3-ada-snodent.html#v3-ada-snodent-177743D\">177743D</a></td><td style=\"color: #cccccc\">Supernumerary permanent mandibular left third molar tooth</td><td>Supernumerary permanent mandibular left third molar tooth; Universal designation 67</td></tr><tr><td><a href=\"CodeSystem-v3-ada-snodent.html#v3-ada-snodent-177758D\">177758D</a></td><td style=\"color: #cccccc\">Supernumerary deciduous mandibular right first molar tooth</td><td>Supernumerary deciduous mandibular right first molar tooth; Universal designation SS</td></tr><tr><td><a href=\"CodeSystem-v3-ada-snodent.html#v3-ada-snodent-177762D\">177762D</a></td><td style=\"color: #cccccc\">Supernumerary permanent maxillary left central incisor tooth</td><td>Supernumerary permanent maxillary left central incisor tooth; Universal designation 59</td></tr></table></li></ul></div>"
  },
  "extension" : [{
    "url" : "http://hl7.org/fhir/StructureDefinition/structuredefinition-wg",
    "valueCode" : "att"
  }],
  "url" : "http://terminology.hl7.org/ValueSet/v3-SnodentDentalUniversalNumberingSystemInternational",
  "identifier" : [{
    "system" : "urn:ietf:rfc:3986",
    "value" : "urn:oid:2.16.840.1.113883.1.11.20556"
  }],
  "version" : "0.1.0",
  "name" : "SnodentDentalUniversalNumberingSystemInternational",
  "title" : "SnodentDentalUniversalNumberingSystemInternational",
  "status" : "active",
  "experimental" : false,
  "date" : "2019-03-20",
  "publisher" : "SatuSehat",
  "contact" : [{
    "name" : "SatuSehat",
    "telecom" : [{
      "system" : "url",
      "value" : "https://satusehat.kemkes.go.id/"
    },
    {
      "system" : "email",
      "value" : "fhir@dto.kemkes.go.id"
    }]
  }],
  "description" : "The SNODENT identifiers for all of the possible human teeth, both adult and adolescent.\r\n\r\nThis value set contains content from SNODENT® Copyright American Dental Association (ADA). All rights reserved. SNODENT is a registered trademark of the ADA.\r\n\r\nhttp://www.ada.org/en/member-center/member-benefits/practice-resources/dental-informatics/snodent/licensing-snodent\r\n\r\n*Steward:* Attachments WG",
  "copyright" : "This material derives from the HL7 Terminology THO. THO is copyright ©1989+ Health Level Seven International and is made available under the CC0 designation. For more licensing information see: https://terminology.hl7.org/license",
  "compose" : {
    "include" : [{
      "system" : "http://www.ada.org/snodent",
      "concept" : [{
        "code" : "160654D"
      },
      {
        "code" : "160704D"
      },
      {
        "code" : "160770D"
      },
      {
        "code" : "160817D"
      },
      {
        "code" : "160840D"
      },
      {
        "code" : "160903D"
      },
      {
        "code" : "160957D"
      },
      {
        "code" : "161006D"
      },
      {
        "code" : "161010D"
      },
      {
        "code" : "161068D"
      },
      {
        "code" : "161109D"
      },
      {
        "code" : "161121D"
      },
      {
        "code" : "161132D"
      },
      {
        "code" : "161150D"
      },
      {
        "code" : "161178D"
      },
      {
        "code" : "161197D"
      },
      {
        "code" : "161227D"
      },
      {
        "code" : "161258D"
      },
      {
        "code" : "161262D"
      },
      {
        "code" : "161291D"
      },
      {
        "code" : "161317D"
      },
      {
        "code" : "161329D"
      },
      {
        "code" : "161372D"
      },
      {
        "code" : "161412D"
      },
      {
        "code" : "161454D"
      },
      {
        "code" : "161477D"
      },
      {
        "code" : "161496D"
      },
      {
        "code" : "161514D"
      },
      {
        "code" : "161533D"
      },
      {
        "code" : "161546D"
      },
      {
        "code" : "161607D"
      },
      {
        "code" : "161892D"
      },
      {
        "code" : "161941D"
      },
      {
        "code" : "161956D"
      },
      {
        "code" : "162004D"
      },
      {
        "code" : "162062D"
      },
      {
        "code" : "162091D"
      },
      {
        "code" : "162129D"
      },
      {
        "code" : "162206D"
      },
      {
        "code" : "162234D"
      },
      {
        "code" : "162268D"
      },
      {
        "code" : "162309D"
      },
      {
        "code" : "162321D"
      },
      {
        "code" : "162345D"
      },
      {
        "code" : "162350D"
      },
      {
        "code" : "162418D"
      },
      {
        "code" : "162425D"
      },
      {
        "code" : "162441D"
      },
      {
        "code" : "162494D"
      },
      {
        "code" : "162537D"
      },
      {
        "code" : "162585D"
      },
      {
        "code" : "162619D"
      },
      {
        "code" : "177259D"
      },
      {
        "code" : "177263D"
      },
      {
        "code" : "177271D"
      },
      {
        "code" : "177285D"
      },
      {
        "code" : "177292D"
      },
      {
        "code" : "177302D"
      },
      {
        "code" : "177318D"
      },
      {
        "code" : "177325D"
      },
      {
        "code" : "177339D"
      },
      {
        "code" : "177341D"
      },
      {
        "code" : "177356D"
      },
      {
        "code" : "177360D"
      },
      {
        "code" : "177373D"
      },
      {
        "code" : "177387D"
      },
      {
        "code" : "177394D"
      },
      {
        "code" : "177409D"
      },
      {
        "code" : "177413D"
      },
      {
        "code" : "177421D"
      },
      {
        "code" : "177432D"
      },
      {
        "code" : "177445D"
      },
      {
        "code" : "177450D"
      },
      {
        "code" : "177466D"
      },
      {
        "code" : "177478D"
      },
      {
        "code" : "177484D"
      },
      {
        "code" : "177497D"
      },
      {
        "code" : "177506D"
      },
      {
        "code" : "177510D"
      },
      {
        "code" : "177523D"
      },
      {
        "code" : "177534D"
      },
      {
        "code" : "177547D"
      },
      {
        "code" : "177552D"
      },
      {
        "code" : "177568D"
      },
      {
        "code" : "177575D"
      },
      {
        "code" : "177581D"
      },
      {
        "code" : "177599D"
      },
      {
        "code" : "177608D"
      },
      {
        "code" : "177612D"
      },
      {
        "code" : "177620D"
      },
      {
        "code" : "177631D"
      },
      {
        "code" : "177649D"
      },
      {
        "code" : "177654D"
      },
      {
        "code" : "177665D"
      },
      {
        "code" : "177677D"
      },
      {
        "code" : "177683D"
      },
      {
        "code" : "177696D"
      },
      {
        "code" : "177704D"
      },
      {
        "code" : "177715D"
      },
      {
        "code" : "177727D"
      },
      {
        "code" : "177736D"
      },
      {
        "code" : "177743D"
      },
      {
        "code" : "177758D"
      },
      {
        "code" : "177762D"
      }]
    }]
  }
}