{
  "resourceType" : "ValueSet",
  "id" : "v3-ActRelationshipTemporallyPertainsStart",
  "language" : "en",
  "text" : {
    "status" : "extensions",
    "div" : "<div xml:lang=\"en\" xmlns=\"http://www.w3.org/1999/xhtml\" lang=\"en\"><p>This value set includes codes based on the following rules:</p><ul><li>Include codes from <a href=\"CodeSystem-v3-ActRelationshipType.html\"><code>http://terminology.hl7.org/CodeSystem/v3-ActRelationshipType</code></a> where concept  is-a  <a href=\"CodeSystem-v3-ActRelationshipType.html#v3-ActRelationshipType-_ActRelationshipTemporallyPertainsStart\">_ActRelationshipTemporallyPertainsStart</a></li></ul><p>This value set excludes codes based on the following rules:</p><ul><li>Exclude these codes as defined in <a href=\"CodeSystem-v3-ActRelationshipType.html\"><code>http://terminology.hl7.org/CodeSystem/v3-ActRelationshipType</code></a><table class=\"none\"><tr><td style=\"white-space:nowrap\"><b>Code</b></td><td><b>Display</b></td><td><b>Definition</b></td></tr><tr><td><a href=\"CodeSystem-v3-ActRelationshipType.html#v3-ActRelationshipType-_ActRelationshipTemporallyPertainsStart\">_ActRelationshipTemporallyPertainsStart</a></td><td style=\"color: #cccccc\">ActRelationshipTemporallyPertainsStart</td><td>A relationship that defines the relative time of the start source act based on the time of the target act.</td></tr></table></li></ul></div>"
  },
  "extension" : [{
    "extension" : [{
      "url" : "name",
      "valueString" : "Name:Act:inboundRelationship:ActRelationship"
    },
    {
      "url" : "value",
      "valueString" : "startTemporallyRelatedTo"
    }],
    "url" : "http://terminology.hl7.org/StructureDefinition/ext-mif-assocConceptProp"
  },
  {
    "extension" : [{
      "url" : "name",
      "valueString" : "Name:Act:outboundRelationship:ActRelationship"
    },
    {
      "url" : "value",
      "valueString" : "temporallyRelatedStartInformation"
    }],
    "url" : "http://terminology.hl7.org/StructureDefinition/ext-mif-assocConceptProp"
  }],
  "url" : "http://terminology.hl7.org/ValueSet/v3-ActRelationshipTemporallyPertainsStart",
  "identifier" : [{
    "system" : "urn:ietf:rfc:3986",
    "value" : "urn:oid:2.16.840.1.113883.1.11.20372"
  }],
  "version" : "0.1.0",
  "name" : "ActRelationshipTemporallyPertainsStart",
  "title" : "ActRelationshipTemporallyPertainsStart",
  "status" : "active",
  "experimental" : false,
  "date" : "2014-03-26",
  "publisher" : "SatuSehat",
  "contact" : [{
    "name" : "SatuSehat",
    "telecom" : [{
      "system" : "url",
      "value" : "https://satusehat.kemkes.go.id/"
    },
    {
      "system" : "email",
      "value" : "fhir@dto.kemkes.go.id"
    }]
  }],
  "description" : "***No description***",
  "immutable" : true,
  "copyright" : "This material derives from the HL7 Terminology THO. THO is copyright ©1989+ Health Level Seven International and is made available under the CC0 designation. For more licensing information see: https://terminology.hl7.org/license",
  "compose" : {
    "include" : [{
      "system" : "http://terminology.hl7.org/CodeSystem/v3-ActRelationshipType",
      "filter" : [{
        "property" : "concept",
        "op" : "is-a",
        "value" : "_ActRelationshipTemporallyPertainsStart"
      }]
    }],
    "exclude" : [{
      "system" : "http://terminology.hl7.org/CodeSystem/v3-ActRelationshipType",
      "concept" : [{
        "code" : "_ActRelationshipTemporallyPertainsStart"
      }]
    }]
  }
}