{
  "resourceType" : "ValueSet",
  "id" : "v3-ObservationType",
  "language" : "en",
  "text" : {
    "status" : "extensions",
    "div" : "<div xml:lang=\"en\" xmlns=\"http://www.w3.org/1999/xhtml\" lang=\"en\"><p>This value set includes codes based on the following rules:</p><ul><li>Include codes from <a href=\"CodeSystem-v3-ActCode.html\"><code>http://terminology.hl7.org/CodeSystem/v3-ActCode</code></a> where concept  is-a  <a href=\"CodeSystem-v3-ActCode.html#v3-ActCode-_ObservationType\">_ObservationType</a></li><li>Import all the codes that are contained in <a href=\"ValueSet-v3-ObservationDiagnosisTypes.html\">ObservationDiagnosisTypes</a></li><li>Import all the codes that are contained in <a href=\"ValueSet-v3-LogicalObservationIdentifierNamesAndCodes.html\">LogicalObservationIdentifierNamesAndCodes</a></li><li>Import all the codes that are contained in <a href=\"ValueSet-v3-ObservationSeriesType.html\">ObservationSeriesType</a></li><li>Import all the codes that are contained in <a href=\"ValueSet-v3-ObservationSequenceType.html\">ObservationSequenceType</a></li><li>Import all the codes that are contained in <a href=\"ValueSet-v3-AnnotationType.html\">AnnotationType</a></li><li>Import all the codes that are contained in <a href=\"ValueSet-v3-ObservationIntoleranceType.html\">ObservationIntoleranceType</a></li><li>Import all the codes that are contained in <a href=\"ValueSet-v3-ObservationIssueTriggerCodedObservationType.html\">ObservationIssueTriggerCodedObservationType</a></li><li>Import all the codes that are contained in <a href=\"ValueSet-v3-MedicationObservationType.html\">MedicationObservationType</a></li><li>Import all the codes that are contained in <a href=\"ValueSet-v3-ObservationActContextAgeType.html\">ObservationActContextAgeType</a></li><li>Import all the codes that are contained in <a href=\"ValueSet-v3-GeneticObservationType.html\">GeneticObservationType</a></li></ul><p>This value set excludes codes based on the following rules:</p><ul><li>Exclude these codes as defined in <a href=\"CodeSystem-v3-ActCode.html\"><code>http://terminology.hl7.org/CodeSystem/v3-ActCode</code></a><table class=\"none\"><tr><td style=\"white-space:nowrap\"><b>Code</b></td><td><b>Display</b></td><td><b>Definition</b></td></tr><tr><td><a href=\"CodeSystem-v3-ActCode.html#v3-ActCode-_ObservationType\">_ObservationType</a></td><td style=\"color: #cccccc\">ObservationType</td><td>Identifies the kinds of observations that can be performed</td></tr></table></li><li>Exclude these codes as defined in <a href=\"CodeSystem-v3-ActCode.html\"><code>http://terminology.hl7.org/CodeSystem/v3-ActCode</code></a><table class=\"none\"><tr><td style=\"white-space:nowrap\"><b>Code</b></td><td><b>Display</b></td><td><b>Definition</b></td></tr><tr><td><a href=\"CodeSystem-v3-ActCode.html#v3-ActCode-_ObservationIssueTriggerCodedObservationType\">_ObservationIssueTriggerCodedObservationType</a></td><td style=\"color: #cccccc\">ObservationIssueTriggerCodedObservationType</td><td>Distinguishes the kinds of coded observations that could be the trigger for clinical issue detection. These are observations that are not measurable, but instead can be defined with codes. Coded observation types include: Allergy, Intolerance, Medical Condition, Pregnancy status, etc.</td></tr></table></li><li>Exclude these codes as defined in <a href=\"CodeSystem-v3-ActCode.html\"><code>http://terminology.hl7.org/CodeSystem/v3-ActCode</code></a><table class=\"none\"><tr><td style=\"white-space:nowrap\"><b>Code</b></td><td><b>Display</b></td><td><b>Definition</b></td></tr><tr><td><a href=\"CodeSystem-v3-ActCode.html#v3-ActCode-_GeneticObservationType\">_GeneticObservationType</a></td><td style=\"color: #cccccc\">GeneticObservationType</td><td>**Description:** None provided</td></tr></table></li></ul></div>"
  },
  "url" : "http://terminology.hl7.org/ValueSet/v3-ObservationType",
  "identifier" : [{
    "system" : "urn:ietf:rfc:3986",
    "value" : "urn:oid:2.16.840.1.113883.1.11.16226"
  }],
  "version" : "0.1.0",
  "name" : "ObservationType",
  "title" : "ObservationType",
  "status" : "active",
  "experimental" : false,
  "date" : "2014-03-26",
  "publisher" : "SatuSehat",
  "contact" : [{
    "name" : "SatuSehat",
    "telecom" : [{
      "system" : "url",
      "value" : "https://satusehat.kemkes.go.id/"
    },
    {
      "system" : "email",
      "value" : "fhir@dto.kemkes.go.id"
    }]
  }],
  "description" : "Identifies the kinds of observations that can be performed",
  "copyright" : "This material derives from the HL7 Terminology THO. THO is copyright ©1989+ Health Level Seven International and is made available under the CC0 designation. For more licensing information see: https://terminology.hl7.org/license",
  "compose" : {
    "include" : [{
      "system" : "http://terminology.hl7.org/CodeSystem/v3-ActCode",
      "filter" : [{
        "property" : "concept",
        "op" : "is-a",
        "value" : "_ObservationType"
      }]
    },
    {
      "valueSet" : ["http://terminology.hl7.org/ValueSet/v3-ObservationDiagnosisTypes"]
    },
    {
      "valueSet" : ["http://terminology.hl7.org/ValueSet/v3-LogicalObservationIdentifierNamesAndCodes"]
    },
    {
      "valueSet" : ["http://terminology.hl7.org/ValueSet/v3-ObservationSeriesType"]
    },
    {
      "valueSet" : ["http://terminology.hl7.org/ValueSet/v3-ObservationSequenceType"]
    },
    {
      "valueSet" : ["http://terminology.hl7.org/ValueSet/v3-AnnotationType"]
    },
    {
      "valueSet" : ["http://terminology.hl7.org/ValueSet/v3-ObservationIntoleranceType"]
    },
    {
      "valueSet" : ["http://terminology.hl7.org/ValueSet/v3-ObservationIssueTriggerCodedObservationType"]
    },
    {
      "valueSet" : ["http://terminology.hl7.org/ValueSet/v3-MedicationObservationType"]
    },
    {
      "valueSet" : ["http://terminology.hl7.org/ValueSet/v3-ObservationActContextAgeType"]
    },
    {
      "valueSet" : ["http://terminology.hl7.org/ValueSet/v3-GeneticObservationType"]
    }],
    "exclude" : [{
      "system" : "http://terminology.hl7.org/CodeSystem/v3-ActCode",
      "concept" : [{
        "code" : "_ObservationType"
      }]
    },
    {
      "system" : "http://terminology.hl7.org/CodeSystem/v3-ActCode",
      "concept" : [{
        "code" : "_ObservationIssueTriggerCodedObservationType"
      }]
    },
    {
      "system" : "http://terminology.hl7.org/CodeSystem/v3-ActCode",
      "concept" : [{
        "code" : "_GeneticObservationType"
      }]
    }]
  }
}