{
  "resourceType" : "ValueSet",
  "id" : "Observation.valueCodeableConceptSpecific",
  "text" : {
    "status" : "generated",
    "div" : "<div xmlns=\"http://www.w3.org/1999/xhtml\"><p>This value set includes codes based on the following rules:</p><ul><li>Include codes from <a href=\"http://loinc.org\"><code>http://loinc.org</code></a> where concept  is-a  LA17718-0 (Sinus rhythm)</li><li>Include codes from <a href=\"http://loinc.org\"><code>http://loinc.org</code></a> where concept  is-a  LA17099-5 (Sinus tachycardia)</li><li>Include codes from <a href=\"http://loinc.org\"><code>http://loinc.org</code></a> where concept  is-a  LA17098-7 (Sinus bradycardia)</li><li>Include codes from <a href=\"http://loinc.org\"><code>http://loinc.org</code></a> where concept  is-a  LA17091-2 (Left bundle branch block)</li><li>Include codes from <a href=\"http://loinc.org\"><code>http://loinc.org</code></a> where concept  is-a  LA17084-7 (Atrial fibrillation)</li><li>Include codes from <a href=\"http://loinc.org\"><code>http://loinc.org</code></a> where concept  is-a  LA17099-5 (Sinus tachycardia)</li><li>Include codes from <a href=\"http://loinc.org\"><code>http://loinc.org</code></a> where concept  is-a  LA17708-1 (Ventricular tachycardia with pulse)</li><li>Include codes from <a href=\"http://loinc.org\"><code>http://loinc.org</code></a> where concept  is-a  LA17074-8 (Ventricular tachycardia-pulseless)</li><li>Include codes from <a href=\"http://loinc.org\"><code>http://loinc.org</code></a> where concept  is-a  LA17086-2 (AV block-1st degree)</li><li>Include codes from <a href=\"http://loinc.org\"><code>http://loinc.org</code></a> where concept  is-a  LA17087-0 (AV block-2nd degree-type 1)</li><li>Include codes from <a href=\"http://loinc.org\"><code>http://loinc.org</code></a> where concept  is-a  LA17088-8 (AV block-2nd degree-type 2)</li><li>Include codes from <a href=\"http://loinc.org\"><code>http://loinc.org</code></a> where concept  is-a  LA17089-6 (AV block-3rd degree)</li><li>Include codes from <a href=\"http://loinc.org\"><code>http://loinc.org</code></a> where concept  is-a  LA17093-8 (Paced rhythm)</li><li>Include codes from <a href=\"http://www.snomed.org/\"><code>http://snomed.info/sct</code></a> where concept  descends from  118956008 (Morphologically altered structure)</li><li>Include codes from <a href=\"http://www.snomed.org/\"><code>http://snomed.info/sct</code></a> where concept  descends from  12738006 (Brain)</li><li>Include codes from <a href=\"http://www.snomed.org/\"><code>http://snomed.info/sct</code></a> where concept  is-a  10003008 (Non-specific)</li><li>Include codes from <a href=\"http://www.snomed.org/\"><code>http://snomed.info/sct</code></a> where concept  descends from  432504007 (Cerebral infarction (disorder))</li><li>Include codes from <a href=\"http://www.snomed.org/\"><code>http://snomed.info/sct</code></a> where concept  is-a  164895002 (ECG: ventricular tachycardia)</li><li>Include codes from <a href=\"http://www.snomed.org/\"><code>http://snomed.info/sct</code></a> where concept  is-a  164896001 (ECG: ventricular fibrillation)</li><li>Include codes from <a href=\"http://www.snomed.org/\"><code>http://snomed.info/sct</code></a> where concept  is-a  705008001 (Anterior ST segment elevation)</li><li>Include codes from <a href=\"http://www.snomed.org/\"><code>http://snomed.info/sct</code></a> where concept  is-a  705012007 (Anterior and lateral ST segment elevation (finding))</li><li>Include codes from <a href=\"http://www.snomed.org/\"><code>http://snomed.info/sct</code></a> where concept  is-a  164868007 (ECG: anteroseptal infarction)</li><li>Include codes from <a href=\"http://www.snomed.org/\"><code>http://snomed.info/sct</code></a> where concept  is-a  705007006 (Inferior ST segment elevation)</li><li>Include codes from <a href=\"http://www.snomed.org/\"><code>http://snomed.info/sct</code></a> where concept  is-a  705010004 (Posterior ST segment elevation (finding))</li><li>Include codes from <a href=\"http://www.snomed.org/\"><code>http://snomed.info/sct</code></a> where concept  is-a  261665006 (Unknown)</li><li>Include codes from <a href=\"CodeSystem-KemkesClinicalTermCS.html\"><code>http://terminology.kemkes.go.id/CodeSystem/clinical-term</code></a> where concept  is-a  <a href=\"CodeSystem-KemkesClinicalTermCS.html#KemkesClinicalTermCS-OV000367\">OV000367</a></li><li>Include codes from <a href=\"CodeSystem-KemkesClinicalTermCS.html\"><code>http://terminology.kemkes.go.id/CodeSystem/clinical-term</code></a> where concept  is-a  <a href=\"CodeSystem-KemkesClinicalTermCS.html#KemkesClinicalTermCS-OCV000001\">OCV000001</a></li><li>Include codes from <a href=\"CodeSystem-KemkesClinicalTermCS.html\"><code>http://terminology.kemkes.go.id/CodeSystem/clinical-term</code></a> where concept  is-a  <a href=\"CodeSystem-KemkesClinicalTermCS.html#KemkesClinicalTermCS-OCV000003\">OCV000003</a></li><li>Include codes from <a href=\"CodeSystem-KemkesClinicalTermCS.html\"><code>http://terminology.kemkes.go.id/CodeSystem/clinical-term</code></a> where concept  is-a  <a href=\"CodeSystem-KemkesClinicalTermCS.html#KemkesClinicalTermCS-OCV000004\">OCV000004</a></li><li>Include codes from <a href=\"CodeSystem-KemkesClinicalTermCS.html\"><code>http://terminology.kemkes.go.id/CodeSystem/clinical-term</code></a> where concept  is-a  <a href=\"CodeSystem-KemkesClinicalTermCS.html#KemkesClinicalTermCS-OV000368\">OV000368</a></li><li>Include codes from <a href=\"CodeSystem-KemkesClinicalTermCS.html\"><code>http://terminology.kemkes.go.id/CodeSystem/clinical-term</code></a> where concept  is-a  <a href=\"CodeSystem-KemkesClinicalTermCS.html#KemkesClinicalTermCS-OV000369\">OV000369</a></li><li>Include codes from <a href=\"CodeSystem-KemkesClinicalTermCS.html\"><code>http://terminology.kemkes.go.id/CodeSystem/clinical-term</code></a> where concept  is-a  <a href=\"CodeSystem-KemkesClinicalTermCS.html#KemkesClinicalTermCS-OV000370\">OV000370</a></li><li>Include codes from <a href=\"CodeSystem-KemkesClinicalTermCS.html\"><code>http://terminology.kemkes.go.id/CodeSystem/clinical-term</code></a> where concept  is-a  <a href=\"CodeSystem-KemkesClinicalTermCS.html#KemkesClinicalTermCS-OV000401\">OV000401</a></li><li>Include codes from <a href=\"CodeSystem-KemkesClinicalTermCS.html\"><code>http://terminology.kemkes.go.id/CodeSystem/clinical-term</code></a> where concept  is-a  <a href=\"CodeSystem-KemkesClinicalTermCS.html#KemkesClinicalTermCS-OV000402\">OV000402</a></li><li>Include codes from <a href=\"CodeSystem-KemkesClinicalTermCS.html\"><code>http://terminology.kemkes.go.id/CodeSystem/clinical-term</code></a> where concept  is-a  <a href=\"CodeSystem-KemkesClinicalTermCS.html#KemkesClinicalTermCS-OV000403\">OV000403</a></li><li>Include codes from <a href=\"CodeSystem-KemkesClinicalTermCS.html\"><code>http://terminology.kemkes.go.id/CodeSystem/clinical-term</code></a> where concept  is-a  <a href=\"CodeSystem-KemkesClinicalTermCS.html#KemkesClinicalTermCS-OV000407\">OV000407</a></li><li>Include codes from <a href=\"CodeSystem-KemkesClinicalTermCS.html\"><code>http://terminology.kemkes.go.id/CodeSystem/clinical-term</code></a> where concept  is-a  <a href=\"CodeSystem-KemkesClinicalTermCS.html#KemkesClinicalTermCS-OV000408\">OV000408</a></li><li>Include codes from <a href=\"CodeSystem-KemkesClinicalTermCS.html\"><code>http://terminology.kemkes.go.id/CodeSystem/clinical-term</code></a> where concept  is-a  <a href=\"CodeSystem-KemkesClinicalTermCS.html#KemkesClinicalTermCS-OV000409\">OV000409</a></li><li>Include codes from <a href=\"CodeSystem-KemkesClinicalTermCS.html\"><code>http://terminology.kemkes.go.id/CodeSystem/clinical-term</code></a> where concept  is-a  <a href=\"CodeSystem-KemkesClinicalTermCS.html#KemkesClinicalTermCS-X099770\">X099770</a></li><li>Include codes from <a href=\"CodeSystem-KemkesClinicalTermCS.html\"><code>http://terminology.kemkes.go.id/CodeSystem/clinical-term</code></a> where concept  is-a  <a href=\"CodeSystem-KemkesClinicalTermCS.html#KemkesClinicalTermCS-X099771\">X099771</a></li><li>Include codes from <a href=\"CodeSystem-KemkesClinicalTermCS.html\"><code>http://terminology.kemkes.go.id/CodeSystem/clinical-term</code></a> where concept  is-a  <a href=\"CodeSystem-KemkesClinicalTermCS.html#KemkesClinicalTermCS-X099772\">X099772</a></li><li>Include codes from <a href=\"CodeSystem-KemkesClinicalTermCS.html\"><code>http://terminology.kemkes.go.id/CodeSystem/clinical-term</code></a> where concept  is-a  <a href=\"CodeSystem-KemkesClinicalTermCS.html#KemkesClinicalTermCS-X099773\">X099773</a></li><li>Include codes from <a href=\"CodeSystem-KemkesClinicalTermCS.html\"><code>http://terminology.kemkes.go.id/CodeSystem/clinical-term</code></a> where concept  is-a  <a href=\"CodeSystem-KemkesClinicalTermCS.html#KemkesClinicalTermCS-X099774\">X099774</a></li><li>Include codes from <a href=\"CodeSystem-KemkesExaminationCS.html\"><code>http://terminology.kemkes.go.id/CodeSystem/examination</code></a> where concept  is-a  <a href=\"CodeSystem-KemkesExaminationCS.html#KemkesExaminationCS-X099770\">X099770</a></li><li>Include codes from <a href=\"CodeSystem-KemkesExaminationCS.html\"><code>http://terminology.kemkes.go.id/CodeSystem/examination</code></a> where concept  is-a  <a href=\"CodeSystem-KemkesExaminationCS.html#KemkesExaminationCS-X099771\">X099771</a></li><li>Include codes from <a href=\"CodeSystem-KemkesExaminationCS.html\"><code>http://terminology.kemkes.go.id/CodeSystem/examination</code></a> where concept  is-a  <a href=\"CodeSystem-KemkesExaminationCS.html#KemkesExaminationCS-X099772\">X099772</a></li><li>Include codes from <a href=\"CodeSystem-KemkesExaminationCS.html\"><code>http://terminology.kemkes.go.id/CodeSystem/examination</code></a> where concept  is-a  <a href=\"CodeSystem-KemkesExaminationCS.html#KemkesExaminationCS-X099773\">X099773</a></li><li>Include codes from <a href=\"CodeSystem-KemkesExaminationCS.html\"><code>http://terminology.kemkes.go.id/CodeSystem/examination</code></a> where concept  is-a  <a href=\"CodeSystem-KemkesExaminationCS.html#KemkesExaminationCS-X099774\">X099774</a></li><li>Include codes from <a href=\"CodeSystem-KemkesClinicalTermCS.html\"><code>http://terminology.kemkes.go.id/CodeSystem/clinical-term</code></a> where concept  is-a  <a href=\"CodeSystem-KemkesClinicalTermCS.html#KemkesClinicalTermCS-OV000371\">OV000371</a></li><li>Include codes from <a href=\"CodeSystem-KemkesClinicalTermCS.html\"><code>http://terminology.kemkes.go.id/CodeSystem/clinical-term</code></a> where concept  is-a  <a href=\"CodeSystem-KemkesClinicalTermCS.html#KemkesClinicalTermCS-OV000372\">OV000372</a></li></ul></div>"
  },
  "url" : "http://terminology.kemkes.go.id/ValueSet/Observation.valueCodeableConceptSpecific",
  "version" : "0.1.0",
  "name" : "Observation.valueCodeableConceptSpecific",
  "title" : "Value set specific for Observation specific value CodeableConcept",
  "status" : "active",
  "date" : "2024-05-23T10:54:59+07:00",
  "publisher" : "Thomas Chaidir",
  "contact" : [{
    "name" : "Thomas Chaidir",
    "telecom" : [{
      "system" : "url",
      "value" : "https://satusehat.kemkes.go.id/"
    }]
  }],
  "description" : "Value set specific for Observation specific value CodeableConcept",
  "compose" : {
    "include" : [{
      "system" : "http://loinc.org",
      "filter" : [{
        "property" : "concept",
        "op" : "is-a",
        "value" : "LA17718-0"
      }]
    },
    {
      "system" : "http://loinc.org",
      "filter" : [{
        "property" : "concept",
        "op" : "is-a",
        "value" : "LA17099-5"
      }]
    },
    {
      "system" : "http://loinc.org",
      "filter" : [{
        "property" : "concept",
        "op" : "is-a",
        "value" : "LA17098-7"
      }]
    },
    {
      "system" : "http://loinc.org",
      "filter" : [{
        "property" : "concept",
        "op" : "is-a",
        "value" : "LA17091-2"
      }]
    },
    {
      "system" : "http://loinc.org",
      "filter" : [{
        "property" : "concept",
        "op" : "is-a",
        "value" : "LA17084-7"
      }]
    },
    {
      "system" : "http://loinc.org",
      "filter" : [{
        "property" : "concept",
        "op" : "is-a",
        "value" : "LA17099-5"
      }]
    },
    {
      "system" : "http://loinc.org",
      "filter" : [{
        "property" : "concept",
        "op" : "is-a",
        "value" : "LA17708-1"
      }]
    },
    {
      "system" : "http://loinc.org",
      "filter" : [{
        "property" : "concept",
        "op" : "is-a",
        "value" : "LA17074-8"
      }]
    },
    {
      "system" : "http://loinc.org",
      "filter" : [{
        "property" : "concept",
        "op" : "is-a",
        "value" : "LA17086-2"
      }]
    },
    {
      "system" : "http://loinc.org",
      "filter" : [{
        "property" : "concept",
        "op" : "is-a",
        "value" : "LA17087-0"
      }]
    },
    {
      "system" : "http://loinc.org",
      "filter" : [{
        "property" : "concept",
        "op" : "is-a",
        "value" : "LA17088-8"
      }]
    },
    {
      "system" : "http://loinc.org",
      "filter" : [{
        "property" : "concept",
        "op" : "is-a",
        "value" : "LA17089-6"
      }]
    },
    {
      "system" : "http://loinc.org",
      "filter" : [{
        "property" : "concept",
        "op" : "is-a",
        "value" : "LA17093-8"
      }]
    },
    {
      "system" : "http://snomed.info/sct",
      "filter" : [{
        "property" : "concept",
        "op" : "descendent-of",
        "value" : "118956008"
      }]
    },
    {
      "system" : "http://snomed.info/sct",
      "filter" : [{
        "property" : "concept",
        "op" : "descendent-of",
        "value" : "12738006"
      }]
    },
    {
      "system" : "http://snomed.info/sct",
      "filter" : [{
        "property" : "concept",
        "op" : "is-a",
        "value" : "10003008"
      }]
    },
    {
      "system" : "http://snomed.info/sct",
      "filter" : [{
        "property" : "concept",
        "op" : "descendent-of",
        "value" : "432504007"
      }]
    },
    {
      "system" : "http://snomed.info/sct",
      "filter" : [{
        "property" : "concept",
        "op" : "is-a",
        "value" : "164895002"
      }]
    },
    {
      "system" : "http://snomed.info/sct",
      "filter" : [{
        "property" : "concept",
        "op" : "is-a",
        "value" : "164896001"
      }]
    },
    {
      "system" : "http://snomed.info/sct",
      "filter" : [{
        "property" : "concept",
        "op" : "is-a",
        "value" : "705008001"
      }]
    },
    {
      "system" : "http://snomed.info/sct",
      "filter" : [{
        "property" : "concept",
        "op" : "is-a",
        "value" : "705012007"
      }]
    },
    {
      "system" : "http://snomed.info/sct",
      "filter" : [{
        "property" : "concept",
        "op" : "is-a",
        "value" : "164868007"
      }]
    },
    {
      "system" : "http://snomed.info/sct",
      "filter" : [{
        "property" : "concept",
        "op" : "is-a",
        "value" : "705007006"
      }]
    },
    {
      "system" : "http://snomed.info/sct",
      "filter" : [{
        "property" : "concept",
        "op" : "is-a",
        "value" : "705010004"
      }]
    },
    {
      "system" : "http://snomed.info/sct",
      "filter" : [{
        "property" : "concept",
        "op" : "is-a",
        "value" : "261665006"
      }]
    },
    {
      "system" : "http://terminology.kemkes.go.id/CodeSystem/clinical-term",
      "filter" : [{
        "property" : "concept",
        "op" : "is-a",
        "value" : "OV000367"
      }]
    },
    {
      "system" : "http://terminology.kemkes.go.id/CodeSystem/clinical-term",
      "filter" : [{
        "property" : "concept",
        "op" : "is-a",
        "value" : "OCV000001"
      }]
    },
    {
      "system" : "http://terminology.kemkes.go.id/CodeSystem/clinical-term",
      "filter" : [{
        "property" : "concept",
        "op" : "is-a",
        "value" : "OCV000003"
      }]
    },
    {
      "system" : "http://terminology.kemkes.go.id/CodeSystem/clinical-term",
      "filter" : [{
        "property" : "concept",
        "op" : "is-a",
        "value" : "OCV000004"
      }]
    },
    {
      "system" : "http://terminology.kemkes.go.id/CodeSystem/clinical-term",
      "filter" : [{
        "property" : "concept",
        "op" : "is-a",
        "value" : "OV000368"
      }]
    },
    {
      "system" : "http://terminology.kemkes.go.id/CodeSystem/clinical-term",
      "filter" : [{
        "property" : "concept",
        "op" : "is-a",
        "value" : "OV000369"
      }]
    },
    {
      "system" : "http://terminology.kemkes.go.id/CodeSystem/clinical-term",
      "filter" : [{
        "property" : "concept",
        "op" : "is-a",
        "value" : "OV000370"
      }]
    },
    {
      "system" : "http://terminology.kemkes.go.id/CodeSystem/clinical-term",
      "filter" : [{
        "property" : "concept",
        "op" : "is-a",
        "value" : "OV000401"
      }]
    },
    {
      "system" : "http://terminology.kemkes.go.id/CodeSystem/clinical-term",
      "filter" : [{
        "property" : "concept",
        "op" : "is-a",
        "value" : "OV000402"
      }]
    },
    {
      "system" : "http://terminology.kemkes.go.id/CodeSystem/clinical-term",
      "filter" : [{
        "property" : "concept",
        "op" : "is-a",
        "value" : "OV000403"
      }]
    },
    {
      "system" : "http://terminology.kemkes.go.id/CodeSystem/clinical-term",
      "filter" : [{
        "property" : "concept",
        "op" : "is-a",
        "value" : "OV000407"
      }]
    },
    {
      "system" : "http://terminology.kemkes.go.id/CodeSystem/clinical-term",
      "filter" : [{
        "property" : "concept",
        "op" : "is-a",
        "value" : "OV000408"
      }]
    },
    {
      "system" : "http://terminology.kemkes.go.id/CodeSystem/clinical-term",
      "filter" : [{
        "property" : "concept",
        "op" : "is-a",
        "value" : "OV000409"
      }]
    },
    {
      "system" : "http://terminology.kemkes.go.id/CodeSystem/clinical-term",
      "filter" : [{
        "property" : "concept",
        "op" : "is-a",
        "value" : "X099770"
      }]
    },
    {
      "system" : "http://terminology.kemkes.go.id/CodeSystem/clinical-term",
      "filter" : [{
        "property" : "concept",
        "op" : "is-a",
        "value" : "X099771"
      }]
    },
    {
      "system" : "http://terminology.kemkes.go.id/CodeSystem/clinical-term",
      "filter" : [{
        "property" : "concept",
        "op" : "is-a",
        "value" : "X099772"
      }]
    },
    {
      "system" : "http://terminology.kemkes.go.id/CodeSystem/clinical-term",
      "filter" : [{
        "property" : "concept",
        "op" : "is-a",
        "value" : "X099773"
      }]
    },
    {
      "system" : "http://terminology.kemkes.go.id/CodeSystem/clinical-term",
      "filter" : [{
        "property" : "concept",
        "op" : "is-a",
        "value" : "X099774"
      }]
    },
    {
      "system" : "http://terminology.kemkes.go.id/CodeSystem/examination",
      "filter" : [{
        "property" : "concept",
        "op" : "is-a",
        "value" : "X099770"
      }]
    },
    {
      "system" : "http://terminology.kemkes.go.id/CodeSystem/examination",
      "filter" : [{
        "property" : "concept",
        "op" : "is-a",
        "value" : "X099771"
      }]
    },
    {
      "system" : "http://terminology.kemkes.go.id/CodeSystem/examination",
      "filter" : [{
        "property" : "concept",
        "op" : "is-a",
        "value" : "X099772"
      }]
    },
    {
      "system" : "http://terminology.kemkes.go.id/CodeSystem/examination",
      "filter" : [{
        "property" : "concept",
        "op" : "is-a",
        "value" : "X099773"
      }]
    },
    {
      "system" : "http://terminology.kemkes.go.id/CodeSystem/examination",
      "filter" : [{
        "property" : "concept",
        "op" : "is-a",
        "value" : "X099774"
      }]
    },
    {
      "system" : "http://terminology.kemkes.go.id/CodeSystem/clinical-term",
      "filter" : [{
        "property" : "concept",
        "op" : "is-a",
        "value" : "OV000371"
      }]
    },
    {
      "system" : "http://terminology.kemkes.go.id/CodeSystem/clinical-term",
      "filter" : [{
        "property" : "concept",
        "op" : "is-a",
        "value" : "OV000372"
      }]
    }]
  }
}