{
  "resourceType" : "ValueSet",
  "id" : "v3-ActInformationAccessContextCode",
  "language" : "en",
  "text" : {
    "status" : "generated",
    "div" : "<div xml:lang=\"en\" xmlns=\"http://www.w3.org/1999/xhtml\" lang=\"en\"><ul><li>Include codes from <a href=\"CodeSystem-v3-ActCode.html\"><code>http://terminology.hl7.org/CodeSystem/v3-ActCode</code></a> where concept  is-a  <a href=\"CodeSystem-v3-ActCode.html#v3-ActCode-_ActInformationAccessContextCode\">_ActInformationAccessContextCode</a></li></ul></div>"
  },
  "extension" : [{
    "url" : "http://hl7.org/fhir/StructureDefinition/structuredefinition-wg",
    "valueCode" : "sec"
  }],
  "url" : "http://terminology.hl7.org/ValueSet/v3-ActInformationAccessContextCode",
  "identifier" : [{
    "system" : "urn:ietf:rfc:3986",
    "value" : "urn:oid:2.16.840.1.113883.1.11.20550"
  }],
  "version" : "0.1.0",
  "name" : "ActInformationAccessContextCode",
  "title" : "ActInformationAccessContextCode",
  "status" : "active",
  "experimental" : false,
  "date" : "2019-03-20",
  "publisher" : "SatuSehat",
  "contact" : [{
    "name" : "SatuSehat",
    "telecom" : [{
      "system" : "url",
      "value" : "https://satusehat.kemkes.go.id/"
    },
    {
      "system" : "email",
      "value" : "fhir@dto.kemkes.go.id"
    }]
  }],
  "description" : "Conveyance of the type of context in which authorization given under jurisdictional law, by organizational policy, or by a patient consent directive permits the collection, access, use or disclosure of specified patient health information.\r\n\r\n*Steward:* Security WG",
  "copyright" : "This material derives from the HL7 Terminology THO. THO is copyright ©1989+ Health Level Seven International and is made available under the CC0 designation. For more licensing information see: https://terminology.hl7.org/license",
  "compose" : {
    "include" : [{
      "system" : "http://terminology.hl7.org/CodeSystem/v3-ActCode",
      "filter" : [{
        "property" : "concept",
        "op" : "is-a",
        "value" : "_ActInformationAccessContextCode"
      }]
    }]
  }
}