{
  "resourceType" : "ValueSet",
  "id" : "v3-LogicalObservationIdentifierNamesAndCodes",
  "language" : "en",
  "text" : {
    "status" : "generated",
    "div" : "<div xml:lang=\"en\" xmlns=\"http://www.w3.org/1999/xhtml\" lang=\"en\"><ul><li>Include all codes defined in <a href=\"http://loinc.org\"><code>http://loinc.org</code></a></li></ul></div>"
  },
  "url" : "http://terminology.hl7.org/ValueSet/v3-LogicalObservationIdentifierNamesAndCodes",
  "identifier" : [{
    "system" : "urn:ietf:rfc:3986",
    "value" : "urn:oid:2.16.840.1.113883.1.11.16492"
  }],
  "version" : "0.1.0",
  "name" : "LogicalObservationIdentifierNamesAndCodes",
  "title" : "LogicalObservationIdentifierNamesAndCodes",
  "status" : "active",
  "experimental" : false,
  "date" : "2014-03-26",
  "publisher" : "SatuSehat",
  "contact" : [{
    "name" : "SatuSehat",
    "telecom" : [{
      "system" : "url",
      "value" : "https://satusehat.kemkes.go.id/"
    },
    {
      "system" : "email",
      "value" : "fhir@dto.kemkes.go.id"
    }]
  }],
  "description" : "The LOINC database provides a set of universal names and ID codes for identifying laboratory and clinical test results. The purpose is to facilitate the exchange and pooling of results, such as blood hemoglobin, serum potassium, or vital signs, for clinical care, outcomes management, and research. The LOINC codes are not intended to transmit all possible information about a test or observation. They are only intended to identify the test result or clinical observation. http://www.regenstrief.org/LOINC/LOINC.htm",
  "copyright" : "This material derives from the HL7 Terminology THO. THO is copyright ©1989+ Health Level Seven International and is made available under the CC0 designation. For more licensing information see: https://terminology.hl7.org/license",
  "compose" : {
    "include" : [{
      "system" : "http://loinc.org"
    }]
  }
}