{
  "resourceType" : "ValueSet",
  "id" : "v3-LabSpecimenCollectionProviders",
  "language" : "en",
  "text" : {
    "status" : "generated",
    "div" : "<div xml:lang=\"en\" xmlns=\"http://www.w3.org/1999/xhtml\" lang=\"en\"><ul><li>Include these codes as defined in <a href=\"CodeSystem-v3-RoleCode.html\"><code>http://terminology.hl7.org/CodeSystem/v3-RoleCode</code></a><table class=\"none\"><tr><td style=\"white-space:nowrap\"><b>Code</b></td><td><b>Display</b></td></tr><tr><td><a href=\"CodeSystem-v3-RoleCode.html#v3-RoleCode-communityLaboratory\">communityLaboratory</a></td><td style=\"color: #cccccc\">Community Laboratory</td></tr><tr><td><a href=\"CodeSystem-v3-RoleCode.html#v3-RoleCode-homeHealth\">homeHealth</a></td><td style=\"color: #cccccc\">Home Health</td></tr><tr><td><a href=\"CodeSystem-v3-RoleCode.html#v3-RoleCode-laboratory\">laboratory</a></td><td style=\"color: #cccccc\">Laboratory</td></tr><tr><td><a href=\"CodeSystem-v3-RoleCode.html#v3-RoleCode-pathologist\">pathologist</a></td><td style=\"color: #cccccc\">Pathologist</td></tr><tr><td><a href=\"CodeSystem-v3-RoleCode.html#v3-RoleCode-phlebotomist\">phlebotomist</a></td><td style=\"color: #cccccc\">Phlebotomist</td></tr><tr><td><a href=\"CodeSystem-v3-RoleCode.html#v3-RoleCode-subject\">subject</a></td><td style=\"color: #cccccc\">Self</td></tr><tr><td><a href=\"CodeSystem-v3-RoleCode.html#v3-RoleCode-thirdParty\">thirdParty</a></td><td style=\"color: #cccccc\">Third Party</td></tr></table></li></ul></div>"
  },
  "url" : "http://terminology.hl7.org/ValueSet/v3-LabSpecimenCollectionProviders",
  "identifier" : [{
    "system" : "urn:ietf:rfc:3986",
    "value" : "urn:oid:2.16.840.1.113883.1.11.19748"
  }],
  "version" : "0.1.0",
  "name" : "LabSpecimenCollectionProviders",
  "title" : "LabSpecimenCollectionProviders",
  "status" : "active",
  "experimental" : false,
  "date" : "2014-03-26",
  "publisher" : "SatuSehat",
  "contact" : [{
    "name" : "SatuSehat",
    "telecom" : [{
      "system" : "url",
      "value" : "https://satusehat.kemkes.go.id/"
    },
    {
      "system" : "email",
      "value" : "fhir@dto.kemkes.go.id"
    }]
  }],
  "description" : "***No description***",
  "copyright" : "This material derives from the HL7 Terminology THO. THO is copyright ©1989+ Health Level Seven International and is made available under the CC0 designation. For more licensing information see: https://terminology.hl7.org/license",
  "compose" : {
    "include" : [{
      "system" : "http://terminology.hl7.org/CodeSystem/v3-RoleCode",
      "concept" : [{
        "code" : "communityLaboratory"
      },
      {
        "code" : "homeHealth"
      },
      {
        "code" : "laboratory"
      },
      {
        "code" : "pathologist"
      },
      {
        "code" : "phlebotomist"
      },
      {
        "code" : "subject"
      },
      {
        "code" : "thirdParty"
      }]
    }]
  }
}