{
  "resourceType" : "ValueSet",
  "id" : "v3-SnodentJawTypeInternational",
  "language" : "en",
  "text" : {
    "status" : "extensions",
    "div" : "<div xml:lang=\"en\" xmlns=\"http://www.w3.org/1999/xhtml\" lang=\"en\"><ul><li>Include these codes as defined in <a href=\"CodeSystem-v3-ada-snodent.html\"><code>http://www.ada.org/snodent</code></a><table class=\"none\"><tr><td style=\"white-space:nowrap\"><b>Code</b></td><td><b>Display</b></td><td><b>Definition</b></td></tr><tr><td><a href=\"CodeSystem-v3-ada-snodent.html#v3-ada-snodent-108042D\">108042D</a></td><td style=\"color: #cccccc\">Bone structure of maxilla</td><td>Bone structure of maxilla</td></tr><tr><td><a href=\"CodeSystem-v3-ada-snodent.html#v3-ada-snodent-144511D\">144511D</a></td><td style=\"color: #cccccc\">Bone structure of mandible</td><td>Bone structure of mandible</td></tr></table></li></ul></div>"
  },
  "extension" : [{
    "url" : "http://hl7.org/fhir/StructureDefinition/structuredefinition-wg",
    "valueCode" : "att"
  }],
  "url" : "http://terminology.hl7.org/ValueSet/v3-SnodentJawTypeInternational",
  "identifier" : [{
    "system" : "urn:ietf:rfc:3986",
    "value" : "urn:oid:2.16.840.1.113883.1.11.20568"
  }],
  "version" : "0.1.0",
  "name" : "SnodentJawTypeInternational",
  "title" : "SnodentJawTypeInternational",
  "status" : "active",
  "experimental" : false,
  "date" : "2019-03-20",
  "publisher" : "SatuSehat",
  "contact" : [{
    "name" : "SatuSehat",
    "telecom" : [{
      "system" : "url",
      "value" : "https://satusehat.kemkes.go.id/"
    },
    {
      "system" : "email",
      "value" : "fhir@dto.kemkes.go.id"
    }]
  }],
  "description" : "The SNODENT identifiers for the two jaws (mandible and maxilla).\r\n\r\nThis value set contains content from SNODENT® Copyright American Dental Association (ADA). All rights reserved. SNODENT is a registered trademark of the ADA.\r\n\r\nhttp://www.ada.org/en/member-center/member-benefits/practice-resources/dental-informatics/snodent/licensing-snodent\r\n\r\n*Steward:* Attachments WG",
  "copyright" : "This material derives from the HL7 Terminology THO. THO is copyright ©1989+ Health Level Seven International and is made available under the CC0 designation. For more licensing information see: https://terminology.hl7.org/license",
  "compose" : {
    "include" : [{
      "system" : "http://www.ada.org/snodent",
      "concept" : [{
        "code" : "108042D"
      },
      {
        "code" : "144511D"
      }]
    }]
  }
}