{
  "resourceType" : "ValueSet",
  "id" : "jurisdiction",
  "meta" : {
    "lastUpdated" : "2023-03-26T15:21:02.749+11:00",
    "profile" : ["http://hl7.org/fhir/StructureDefinition/shareablevalueset"]
  },
  "text" : {
    "status" : "generated",
    "div" : "<div xmlns=\"http://www.w3.org/1999/xhtml\"><p>This value set includes codes based on the following rules:</p><ul><li>Include all codes defined in <a href=\"CodeSystem-ISO3166Part1.html\"><code>urn:iso:std:iso:3166</code></a></li><li>Include all codes defined in <a href=\"CodeSystem-v3-iso3166-2.html\"><code>urn:iso:std:iso:3166:-2</code></a></li><li>Include codes from <code>http://unstats.un.org/unsd/methods/m49/m49.htm</code> where class  =  region</li></ul></div>"
  },
  "extension" : [{
    "url" : "http://hl7.org/fhir/StructureDefinition/structuredefinition-wg",
    "valueCode" : "vocab"
  },
  {
    "url" : "http://hl7.org/fhir/StructureDefinition/structuredefinition-fmm",
    "valueInteger" : 5
  }],
  "url" : "http://terminology.hl7.org/ValueSet/jurisdiction",
  "identifier" : [{
    "system" : "urn:ietf:rfc:3986",
    "value" : "urn:oid:2.16.840.1.113883.11.21029"
  }],
  "version" : "0.1.0",
  "name" : "JurisdictionValueSet",
  "title" : "Jurisdiction ValueSet",
  "status" : "active",
  "experimental" : false,
  "date" : "2024-02-20T21:40:00+10:00",
  "publisher" : "SatuSehat",
  "contact" : [{
    "name" : "SatuSehat",
    "telecom" : [{
      "system" : "url",
      "value" : "https://satusehat.kemkes.go.id/"
    },
    {
      "system" : "email",
      "value" : "fhir@dto.kemkes.go.id"
    }]
  }],
  "description" : "This value set defines a base set of codes for country, country subdivision and region    for indicating where a resource is intended to be used.   \r\n   \r\n   Note: The codes for countries and country subdivisions are taken from    [ISO 3166](https://www.iso.org/iso-3166-country-codes.html)    while the codes for \"supra-national\" regions are from    [UN Standard country or area codes for statistical use (M49)](http://unstats.un.org/unsd/methods/m49/m49.htm).",
  "jurisdiction" : [{
    "coding" : [{
      "system" : "http://unstats.un.org/unsd/methods/m49/m49.htm",
      "code" : "001",
      "display" : "World"
    }]
  }],
  "copyright" : "This material derives from the HL7 Terminology THO. THO is copyright ©1989+ Health Level Seven International and is made available under the CC0 designation. For more licensing information see: https://terminology.hl7.org/license",
  "compose" : {
    "include" : [{
      "system" : "urn:iso:std:iso:3166"
    },
    {
      "system" : "urn:iso:std:iso:3166:-2"
    },
    {
      "system" : "http://unstats.un.org/unsd/methods/m49/m49.htm",
      "filter" : [{
        "property" : "class",
        "op" : "=",
        "value" : "region"
      }]
    }]
  }
}