{
  "resourceType" : "ValueSet",
  "id" : "v3-ActRelationshipModifies",
  "language" : "en",
  "text" : {
    "status" : "generated",
    "div" : "<div xml:lang=\"en\" xmlns=\"http://www.w3.org/1999/xhtml\" lang=\"en\"><ul><li>Include codes from <a href=\"CodeSystem-v3-ActRelationshipType.html\"><code>http://terminology.hl7.org/CodeSystem/v3-ActRelationshipType</code></a> where concept  is-a  <a href=\"CodeSystem-v3-ActRelationshipType.html#v3-ActRelationshipType-MOD\">MOD</a></li></ul></div>"
  },
  "url" : "http://terminology.hl7.org/ValueSet/v3-ActRelationshipModifies",
  "identifier" : [{
    "system" : "urn:ietf:rfc:3986",
    "value" : "urn:oid:2.16.840.1.113883.1.11.19992"
  }],
  "version" : "0.1.0",
  "name" : "ActRelationshipModifies",
  "title" : "ActRelationshipModifies",
  "status" : "active",
  "experimental" : false,
  "date" : "2014-03-26",
  "publisher" : "SatuSehat",
  "contact" : [{
    "name" : "SatuSehat",
    "telecom" : [{
      "system" : "url",
      "value" : "https://satusehat.kemkes.go.id/"
    },
    {
      "system" : "email",
      "value" : "fhir@dto.kemkes.go.id"
    }]
  }],
  "description" : "Definition: Used to link a newer version or 'snapshot' of a business object (source) to an older version or 'snapshot' of the same business object (target).\r\n\r\n*Usage:*The identifier of the Act should be the same for both source and target. If the identifiers are distinct, RPLC should be used instead.\r\n\r\nName from source to target = \"modifiesPrior\"\r\n\r\nName from target to source = \"modifiesByNew\"",
  "immutable" : true,
  "copyright" : "This material derives from the HL7 Terminology THO. THO is copyright ©1989+ Health Level Seven International and is made available under the CC0 designation. For more licensing information see: https://terminology.hl7.org/license",
  "compose" : {
    "include" : [{
      "system" : "http://terminology.hl7.org/CodeSystem/v3-ActRelationshipType",
      "filter" : [{
        "property" : "concept",
        "op" : "is-a",
        "value" : "MOD"
      }]
    }]
  }
}