{
  "resourceType" : "ValueSet",
  "id" : "v3-CompositeMeasureScoring",
  "language" : "en",
  "text" : {
    "status" : "generated",
    "div" : "<div xml:lang=\"en\" xmlns=\"http://www.w3.org/1999/xhtml\" lang=\"en\"><ul><li>Include codes from <a href=\"CodeSystem-v3-ObservationValue.html\"><code>http://terminology.hl7.org/CodeSystem/v3-ObservationValue</code></a> where concept  is-a  <a href=\"CodeSystem-v3-ObservationValue.html#v3-ObservationValue-_CompositeMeasureScoring\">_CompositeMeasureScoring</a></li></ul></div>"
  },
  "extension" : [{
    "url" : "http://hl7.org/fhir/StructureDefinition/structuredefinition-wg",
    "valueCode" : "cqi"
  }],
  "url" : "http://terminology.hl7.org/ValueSet/v3-CompositeMeasureScoring",
  "identifier" : [{
    "system" : "urn:ietf:rfc:3986",
    "value" : "urn:oid:2.16.840.1.113883.1.11.20553"
  }],
  "version" : "0.1.0",
  "name" : "CompositeMeasureScoring",
  "title" : "CompositeMeasureScoring",
  "status" : "active",
  "experimental" : false,
  "date" : "2019-03-20",
  "publisher" : "SatuSehat",
  "contact" : [{
    "name" : "SatuSehat",
    "telecom" : [{
      "system" : "url",
      "value" : "https://satusehat.kemkes.go.id/"
    },
    {
      "system" : "email",
      "value" : "fhir@dto.kemkes.go.id"
    }]
  }],
  "description" : "Observation values that communicate the method used in a quality measure to combine the component measure results that are included in a composite measure.\r\n\r\n*Steward:* CQI WG",
  "copyright" : "This material derives from the HL7 Terminology THO. THO is copyright ©1989+ Health Level Seven International and is made available under the CC0 designation. For more licensing information see: https://terminology.hl7.org/license",
  "compose" : {
    "include" : [{
      "system" : "http://terminology.hl7.org/CodeSystem/v3-ObservationValue",
      "filter" : [{
        "property" : "concept",
        "op" : "is-a",
        "value" : "_CompositeMeasureScoring"
      }]
    }]
  }
}