{
  "resourceType" : "ValueSet",
  "id" : "v3-ActClassCluster",
  "language" : "en",
  "text" : {
    "status" : "generated",
    "div" : "<div xml:lang=\"en\" xmlns=\"http://www.w3.org/1999/xhtml\" lang=\"en\"><ul><li>Include codes from <a href=\"CodeSystem-v3-ActClass.html\"><code>http://terminology.hl7.org/CodeSystem/v3-ActClass</code></a> where concept  is-a  <a href=\"CodeSystem-v3-ActClass.html#v3-ActClass-CLUSTER\">CLUSTER</a></li></ul></div>"
  },
  "url" : "http://terminology.hl7.org/ValueSet/v3-ActClassCluster",
  "identifier" : [{
    "system" : "urn:ietf:rfc:3986",
    "value" : "urn:oid:2.16.840.1.113883.1.11.20204"
  }],
  "version" : "0.1.0",
  "name" : "ActClassCluster",
  "title" : "ActClassCluster",
  "status" : "active",
  "experimental" : false,
  "date" : "2014-03-26",
  "publisher" : "SatuSehat",
  "contact" : [{
    "name" : "SatuSehat",
    "telecom" : [{
      "system" : "url",
      "value" : "https://satusehat.kemkes.go.id/"
    },
    {
      "system" : "email",
      "value" : "fhir@dto.kemkes.go.id"
    }]
  }],
  "description" : "A group of entries within a composition, topic or category that have a logical association with one another.\r\n\r\nThe representation of a single observation or action might itself be multi-part. The data might need to be represented as a nested set of values, as a table, list, or as a time series. The Cluster class permits such aggregation within an entry for such compound data.\r\n\r\nExamples include \"Haematology investigations\" which might include two or more distinct batteries.\r\n\r\nA cluster may contain batteries and/or individual entries",
  "immutable" : true,
  "copyright" : "This material derives from the HL7 Terminology THO. THO is copyright ©1989+ Health Level Seven International and is made available under the CC0 designation. For more licensing information see: https://terminology.hl7.org/license",
  "compose" : {
    "include" : [{
      "system" : "http://terminology.hl7.org/CodeSystem/v3-ActClass",
      "filter" : [{
        "property" : "concept",
        "op" : "is-a",
        "value" : "CLUSTER"
      }]
    }]
  }
}