{
  "resourceType" : "ValueSet",
  "id" : "v3-RoleClassSubstancePresence",
  "language" : "en",
  "text" : {
    "status" : "generated",
    "div" : "<div xml:lang=\"en\" xmlns=\"http://www.w3.org/1999/xhtml\" lang=\"en\"><ul><li>Include codes from <a href=\"CodeSystem-v3-RoleClass.html\"><code>http://terminology.hl7.org/CodeSystem/v3-RoleClass</code></a> where concept  is-a  <a href=\"CodeSystem-v3-RoleClass.html#v3-RoleClass-CONT\">CONT</a>, concept  is-a  <a href=\"CodeSystem-v3-RoleClass.html#v3-RoleClass-INGR\">INGR</a>, concept  is-a  <a href=\"CodeSystem-v3-RoleClass.html#v3-RoleClass-LOCE\">LOCE</a> and concept  is-a  <a href=\"CodeSystem-v3-RoleClass.html#v3-RoleClass-PART\">PART</a></li></ul></div>"
  },
  "extension" : [{
    "extension" : [{
      "url" : "name",
      "valueString" : "Name:Class"
    },
    {
      "url" : "value",
      "valueString" : "substancePresence"
    }],
    "url" : "http://terminology.hl7.org/StructureDefinition/ext-mif-assocConceptProp"
  },
  {
    "extension" : [{
      "url" : "name",
      "valueString" : "Name:Role:player:Entity"
    },
    {
      "url" : "value",
      "valueString" : "present&"
    }],
    "url" : "http://terminology.hl7.org/StructureDefinition/ext-mif-assocConceptProp"
  },
  {
    "extension" : [{
      "url" : "name",
      "valueString" : "Name:Role:scoper:Entity"
    },
    {
      "url" : "value",
      "valueString" : "environment&"
    }],
    "url" : "http://terminology.hl7.org/StructureDefinition/ext-mif-assocConceptProp"
  }],
  "url" : "http://terminology.hl7.org/ValueSet/v3-RoleClassSubstancePresence",
  "identifier" : [{
    "system" : "urn:ietf:rfc:3986",
    "value" : "urn:oid:2.16.840.1.113883.1.11.20387"
  }],
  "version" : "0.1.0",
  "name" : "RoleClassSubstancePresence",
  "title" : "RoleClassSubstancePresence",
  "status" : "active",
  "experimental" : false,
  "date" : "2014-03-26",
  "publisher" : "SatuSehat",
  "contact" : [{
    "name" : "SatuSehat",
    "telecom" : [{
      "system" : "url",
      "value" : "https://satusehat.kemkes.go.id/"
    },
    {
      "system" : "email",
      "value" : "fhir@dto.kemkes.go.id"
    }]
  }],
  "description" : "The presence of an bio-chemical entity (substance) at a location or environment, such as an ingredient in a mixture, molecular part of a complex, a located entity at a cellular structure, or content of a container, such as a vesicle.",
  "copyright" : "This material derives from the HL7 Terminology THO. THO is copyright ©1989+ Health Level Seven International and is made available under the CC0 designation. For more licensing information see: https://terminology.hl7.org/license",
  "compose" : {
    "include" : [{
      "system" : "http://terminology.hl7.org/CodeSystem/v3-RoleClass",
      "filter" : [{
        "property" : "concept",
        "op" : "is-a",
        "value" : "CONT"
      },
      {
        "property" : "concept",
        "op" : "is-a",
        "value" : "INGR"
      },
      {
        "property" : "concept",
        "op" : "is-a",
        "value" : "LOCE"
      },
      {
        "property" : "concept",
        "op" : "is-a",
        "value" : "PART"
      }]
    }]
  }
}