{
  "resourceType" : "ValueSet",
  "id" : "pronouns",
  "meta" : {
    "profile" : ["http://hl7.org/fhir/StructureDefinition/shareablevalueset"]
  },
  "text" : {
    "status" : "generated",
    "div" : "<div xmlns=\"http://www.w3.org/1999/xhtml\"><ul><li>Include these codes as defined in <a href=\"http://loinc.org\"><code>http://loinc.org</code></a><table class=\"none\"><tr><td style=\"white-space:nowrap\"><b>Code</b></td><td><b>Display</b></td></tr><tr><td><a href=\"https://loinc.org/LA29518-0/\">LA29518-0</a></td><td>he/him/his/his/himself</td></tr><tr><td><a href=\"https://loinc.org/LA29519-8/\">LA29519-8</a></td><td>she/her/her/hers/herself</td></tr><tr><td><a href=\"https://loinc.org/LA29520-6/\">LA29520-6</a></td><td>they/them/their/theirs/themselves</td></tr></table></li></ul></div>"
  },
  "extension" : [{
    "url" : "http://hl7.org/fhir/StructureDefinition/structuredefinition-wg",
    "valueCode" : "pa"
  },
  {
    "url" : "http://hl7.org/fhir/StructureDefinition/structuredefinition-fmm",
    "valueInteger" : 1
  }],
  "url" : "http://terminology.hl7.org/ValueSet/pronouns",
  "identifier" : [{
    "system" : "urn:ietf:rfc:3986",
    "value" : "urn:oid:2.16.840.1.113883.4.642.3.3290"
  }],
  "version" : "0.1.0",
  "name" : "PersonalPronouns",
  "title" : "Personal Pronouns",
  "status" : "active",
  "experimental" : false,
  "date" : "2024-03-09T14:36:19-07:00",
  "publisher" : "SatuSehat",
  "contact" : [{
    "name" : "SatuSehat",
    "telecom" : [{
      "system" : "url",
      "value" : "https://satusehat.kemkes.go.id/"
    },
    {
      "system" : "email",
      "value" : "fhir@dto.kemkes.go.id"
    }]
  }],
  "description" : "Codes that indicate the pronouns to be used when communicating with or about an individual.",
  "copyright" : "This material derives from the HL7 Terminology THO. THO is copyright ©1989+ Health Level Seven International and is made available under the CC0 designation. For more licensing information see: https://terminology.hl7.org/license",
  "compose" : {
    "include" : [{
      "system" : "http://loinc.org",
      "concept" : [{
        "code" : "LA29518-0",
        "display" : "he/him/his/his/himself"
      },
      {
        "code" : "LA29519-8",
        "display" : "she/her/her/hers/herself"
      },
      {
        "code" : "LA29520-6",
        "display" : "they/them/their/theirs/themselves"
      }]
    }]
  }
}