{
  "resourceType" : "ValueSet",
  "id" : "v3-xActRelationshipEntry",
  "language" : "en",
  "text" : {
    "status" : "extensions",
    "div" : "<div xml:lang=\"en\" xmlns=\"http://www.w3.org/1999/xhtml\" lang=\"en\"><ul><li>Include these codes as defined in <a href=\"CodeSystem-v3-ActRelationshipType.html\"><code>http://terminology.hl7.org/CodeSystem/v3-ActRelationshipType</code></a><table class=\"none\"><tr><td style=\"white-space:nowrap\"><b>Code</b></td><td><b>Display</b></td><td><b>Definition</b></td></tr><tr><td><a href=\"CodeSystem-v3-ActRelationshipType.html#v3-ActRelationshipType-COMP\">COMP</a></td><td style=\"color: #cccccc\">has component</td><td>The target act is a component of the source act, with no semantics regarding composition or aggregation implied.</td></tr><tr><td><a href=\"CodeSystem-v3-ActRelationshipType.html#v3-ActRelationshipType-DRIV\">DRIV</a></td><td style=\"color: #cccccc\">is derived from</td><td>Associates a derived Act with its input parameters. E.G., an anion-gap observation can be associated as being derived from given sodium-, (potassium-,), chloride-, and bicarbonate-observations. The narrative content (Act.text) of a source act is wholly machine-derived from the collection of target acts.</td></tr></table></li></ul></div>"
  },
  "extension" : [{
    "extension" : [{
      "url" : "name",
      "valueString" : "Name:Act:inboundRelationship:ActRelationship"
    },
    {
      "url" : "value",
      "valueString" : "entryIn"
    }],
    "url" : "http://terminology.hl7.org/StructureDefinition/ext-mif-assocConceptProp"
  },
  {
    "extension" : [{
      "url" : "name",
      "valueString" : "Name:Act:outboundRelationship:ActRelationship"
    },
    {
      "url" : "value",
      "valueString" : "entry"
    }],
    "url" : "http://terminology.hl7.org/StructureDefinition/ext-mif-assocConceptProp"
  },
  {
    "extension" : [{
      "url" : "name",
      "valueString" : "Sort:Act:inboundRelationship:ActRelationship"
    },
    {
      "url" : "value",
      "valueString" : "DF_______"
    }],
    "url" : "http://terminology.hl7.org/StructureDefinition/ext-mif-assocConceptProp"
  },
  {
    "extension" : [{
      "url" : "name",
      "valueString" : "Sort:Act:outboundRelationship:ActRelationship"
    },
    {
      "url" : "value",
      "valueString" : "DF_______"
    }],
    "url" : "http://terminology.hl7.org/StructureDefinition/ext-mif-assocConceptProp"
  }],
  "url" : "http://terminology.hl7.org/ValueSet/v3-xActRelationshipEntry",
  "identifier" : [{
    "system" : "urn:ietf:rfc:3986",
    "value" : "urn:oid:2.16.840.1.113883.1.11.19446"
  }],
  "version" : "0.1.0",
  "name" : "XActRelationshipEntry",
  "title" : "x_ActRelationshipEntry",
  "status" : "active",
  "experimental" : false,
  "date" : "2014-03-26",
  "publisher" : "SatuSehat",
  "contact" : [{
    "name" : "SatuSehat",
    "telecom" : [{
      "system" : "url",
      "value" : "https://satusehat.kemkes.go.id/"
    },
    {
      "system" : "email",
      "value" : "fhir@dto.kemkes.go.id"
    }]
  }],
  "description" : "Used to enumerate the relationships between a CDA section and its contained entries.",
  "copyright" : "This material derives from the HL7 Terminology THO. THO is copyright ©1989+ Health Level Seven International and is made available under the CC0 designation. For more licensing information see: https://terminology.hl7.org/license",
  "compose" : {
    "include" : [{
      "system" : "http://terminology.hl7.org/CodeSystem/v3-ActRelationshipType",
      "concept" : [{
        "code" : "COMP"
      },
      {
        "code" : "DRIV"
      }]
    }]
  }
}