{
  "resourceType" : "ValueSet",
  "id" : "v3-SnodentOrthodonticTreatmentPreconditionInternational",
  "language" : "en",
  "text" : {
    "status" : "extensions",
    "div" : "<div xml:lang=\"en\" xmlns=\"http://www.w3.org/1999/xhtml\" lang=\"en\"><ul><li>Include these codes as defined in <a href=\"CodeSystem-v3-ada-snodent.html\"><code>http://www.ada.org/snodent</code></a><table class=\"none\"><tr><td style=\"white-space:nowrap\"><b>Code</b></td><td><b>Display</b></td><td><b>Definition</b></td></tr><tr><td><a href=\"CodeSystem-v3-ada-snodent.html#v3-ada-snodent-138900D\">138900D</a></td><td style=\"color: #cccccc\">Defective dental restoration</td><td>Defective dental restoration</td></tr><tr><td><a href=\"CodeSystem-v3-ada-snodent.html#v3-ada-snodent-140234D\">140234D</a></td><td style=\"color: #cccccc\">Poor oral hygiene</td><td>Poor oral hygiene</td></tr><tr><td><a href=\"CodeSystem-v3-ada-snodent.html#v3-ada-snodent-143353D\">143353D</a></td><td style=\"color: #cccccc\">Temporomandibular joint disorder</td><td>Temporomandibular joint disorder</td></tr><tr><td><a href=\"CodeSystem-v3-ada-snodent.html#v3-ada-snodent-210116D\">210116D</a></td><td style=\"color: #cccccc\">Active dental caries</td><td>Active dental caries</td></tr></table></li></ul></div>"
  },
  "extension" : [{
    "url" : "http://hl7.org/fhir/StructureDefinition/structuredefinition-wg",
    "valueCode" : "att"
  }],
  "url" : "http://terminology.hl7.org/ValueSet/v3-SnodentOrthodonticTreatmentPreconditionInternational",
  "identifier" : [{
    "system" : "urn:ietf:rfc:3986",
    "value" : "urn:oid:2.16.840.1.113883.1.11.20563"
  }],
  "version" : "0.1.0",
  "name" : "SnodentOrthodonticTreatmentPreconditionInternational",
  "title" : "SnodentOrthodonticTreatmentPreconditionInternational",
  "status" : "active",
  "experimental" : false,
  "date" : "2019-03-20",
  "publisher" : "SatuSehat",
  "contact" : [{
    "name" : "SatuSehat",
    "telecom" : [{
      "system" : "url",
      "value" : "https://satusehat.kemkes.go.id/"
    },
    {
      "system" : "email",
      "value" : "fhir@dto.kemkes.go.id"
    }]
  }],
  "description" : "The SNODENT identifiers for patient conditions that may preclude starting orthodontic treatment.\r\n\r\nThis value set contains content from SNODENT® Copyright American Dental Association (ADA). All rights reserved. SNODENT is a registered trademark of the ADA.\r\n\r\nhttp://www.ada.org/en/member-center/member-benefits/practice-resources/dental-informatics/snodent/licensing-snodent\r\n\r\n*Steward:* Attachments WG",
  "copyright" : "This material derives from the HL7 Terminology THO. THO is copyright ©1989+ Health Level Seven International and is made available under the CC0 designation. For more licensing information see: https://terminology.hl7.org/license",
  "compose" : {
    "include" : [{
      "system" : "http://www.ada.org/snodent",
      "concept" : [{
        "code" : "138900D"
      },
      {
        "code" : "140234D"
      },
      {
        "code" : "143353D"
      },
      {
        "code" : "210116D"
      }]
    }]
  }
}