{
  "resourceType" : "ValueSet",
  "id" : "v3-xParticipationVrfRespSprfWit",
  "language" : "en",
  "text" : {
    "status" : "extensions",
    "div" : "<div xml:lang=\"en\" xmlns=\"http://www.w3.org/1999/xhtml\" lang=\"en\"><ul><li>Include these codes as defined in <a href=\"CodeSystem-v3-ParticipationType.html\"><code>http://terminology.hl7.org/CodeSystem/v3-ParticipationType</code></a><table class=\"none\"><tr><td style=\"white-space:nowrap\"><b>Code</b></td><td><b>Display</b></td><td><b>Definition</b></td></tr><tr><td><a href=\"CodeSystem-v3-ParticipationType.html#v3-ParticipationType-RESP\">RESP</a></td><td style=\"color: #cccccc\">responsible party</td><td>The person or organization that has primary responsibility for the act. The responsible party is not necessarily present in an action, but is accountable for the action through the power to delegate, and the duty to review actions with the performing actor after the fact. This responsibility may be ethical, legal, contractual, fiscal, or fiduciary in nature.<br/><br/>*Example:* A person who is the head of a biochemical laboratory; a sponsor for a policy or government program.</td></tr><tr><td><a href=\"CodeSystem-v3-ParticipationType.html#v3-ParticipationType-SPRF\">SPRF</a></td><td style=\"color: #cccccc\">secondary performer</td><td>A person assisting in an act through his substantial presence and involvement This includes: assistants, technicians, associates, or whatever the job titles may be.</td></tr><tr><td><a href=\"CodeSystem-v3-ParticipationType.html#v3-ParticipationType-VRF\">VRF</a></td><td style=\"color: #cccccc\">verifier</td><td>A person who verifies the correctness and appropriateness of the service (plan, order, event, etc.) and hence takes on accountability.</td></tr><tr><td><a href=\"CodeSystem-v3-ParticipationType.html#v3-ParticipationType-WIT\">WIT</a></td><td style=\"color: #cccccc\">witness</td><td>Only with service events. A person witnessing the action happening without doing anything. A witness is not necessarily aware, much less approves of anything stated in the service event. Example for a witness is students watching an operation or an advanced directive witness.</td></tr></table></li></ul></div>"
  },
  "extension" : [{
    "extension" : [{
      "url" : "name",
      "valueString" : "Name:Act:participation:Participation"
    },
    {
      "url" : "value",
      "valueString" : "overseer"
    }],
    "url" : "http://terminology.hl7.org/StructureDefinition/ext-mif-assocConceptProp"
  },
  {
    "extension" : [{
      "url" : "name",
      "valueString" : "Name:Role:participation:Participation"
    },
    {
      "url" : "value",
      "valueString" : "oversight"
    }],
    "url" : "http://terminology.hl7.org/StructureDefinition/ext-mif-assocConceptProp"
  },
  {
    "extension" : [{
      "url" : "name",
      "valueString" : "Sort:Act:participation:Participation"
    },
    {
      "url" : "value",
      "valueString" : "C________"
    }],
    "url" : "http://terminology.hl7.org/StructureDefinition/ext-mif-assocConceptProp"
  },
  {
    "extension" : [{
      "url" : "name",
      "valueString" : "Sort:Role:participation:Participation"
    },
    {
      "url" : "value",
      "valueString" : "C________"
    }],
    "url" : "http://terminology.hl7.org/StructureDefinition/ext-mif-assocConceptProp"
  }],
  "url" : "http://terminology.hl7.org/ValueSet/v3-xParticipationVrfRespSprfWit",
  "identifier" : [{
    "system" : "urn:ietf:rfc:3986",
    "value" : "urn:oid:2.16.840.1.113883.1.11.19083"
  }],
  "version" : "0.1.0",
  "name" : "XParticipationVrfRespSprfWit",
  "title" : "x_ParticipationVrfRespSprfWit",
  "status" : "active",
  "experimental" : false,
  "date" : "2014-03-26",
  "publisher" : "SatuSehat",
  "contact" : [{
    "name" : "SatuSehat",
    "telecom" : [{
      "system" : "url",
      "value" : "https://satusehat.kemkes.go.id/"
    },
    {
      "system" : "email",
      "value" : "fhir@dto.kemkes.go.id"
    }]
  }],
  "description" : "One who oversees a control act event. Includes either a type of accountability, as in responsible party, verifier (and its children) and witness; or being an assistant to the control act event, as in secondary performer.",
  "immutable" : true,
  "copyright" : "This material derives from the HL7 Terminology THO. THO is copyright ©1989+ Health Level Seven International and is made available under the CC0 designation. For more licensing information see: https://terminology.hl7.org/license",
  "compose" : {
    "include" : [{
      "system" : "http://terminology.hl7.org/CodeSystem/v3-ParticipationType",
      "concept" : [{
        "code" : "RESP"
      },
      {
        "code" : "SPRF"
      },
      {
        "code" : "VRF"
      },
      {
        "code" : "WIT"
      }]
    }]
  }
}