{
  "resourceType" : "ValueSet",
  "id" : "v3-ClinicalResearchReason",
  "language" : "en",
  "text" : {
    "status" : "generated",
    "div" : "<div xml:lang=\"en\" xmlns=\"http://www.w3.org/1999/xhtml\" lang=\"en\"><p>This value set includes codes based on the following rules:</p><ul><li>Import all the codes that are contained in <a href=\"ValueSet-v3-ClinicalResearchEventReason.html\">ClinicalResearchEventReason</a></li><li>Import all the codes that are contained in <a href=\"ValueSet-v3-ClinicalResearchObservationReason.html\">ClinicalResearchObservationReason</a></li><li>Include all codes defined in <a href=\"CodeSystem-v3-ActReason.html\"><code>http://terminology.hl7.org/CodeSystem/v3-ActReason</code></a></li></ul></div>"
  },
  "url" : "http://terminology.hl7.org/ValueSet/v3-ClinicalResearchReason",
  "identifier" : [{
    "system" : "urn:ietf:rfc:3986",
    "value" : "urn:oid:2.16.840.1.113883.1.11.19754"
  }],
  "version" : "0.1.0",
  "name" : "ClinicalResearchReason",
  "title" : "ClinicalResearchReason",
  "status" : "active",
  "experimental" : false,
  "date" : "2014-03-26",
  "publisher" : "SatuSehat",
  "contact" : [{
    "name" : "SatuSehat",
    "telecom" : [{
      "system" : "url",
      "value" : "https://satusehat.kemkes.go.id/"
    },
    {
      "system" : "email",
      "value" : "fhir@dto.kemkes.go.id"
    }]
  }],
  "description" : "**Definition:**Contains domains for act reasons used in clinical research.",
  "copyright" : "This material derives from the HL7 Terminology THO. THO is copyright ©1989+ Health Level Seven International and is made available under the CC0 designation. For more licensing information see: https://terminology.hl7.org/license",
  "compose" : {
    "include" : [{
      "valueSet" : ["http://terminology.hl7.org/ValueSet/v3-ClinicalResearchEventReason"]
    },
    {
      "valueSet" : ["http://terminology.hl7.org/ValueSet/v3-ClinicalResearchObservationReason"]
    },
    {
      "system" : "http://terminology.hl7.org/CodeSystem/v3-ActReason"
    }]
  }
}