{
  "resourceType" : "ValueSet",
  "id" : "v3-ResourceGroupEntityType",
  "language" : "en",
  "text" : {
    "status" : "generated",
    "div" : "<div xml:lang=\"en\" xmlns=\"http://www.w3.org/1999/xhtml\" lang=\"en\"><ul><li>Include these codes as defined in <a href=\"CodeSystem-v3-EntityCode.html\"><code>http://terminology.hl7.org/CodeSystem/v3-EntityCode</code></a><table class=\"none\"><tr><td style=\"white-space:nowrap\"><b>Code</b></td><td><b>Display</b></td></tr><tr><td><a href=\"CodeSystem-v3-EntityCode.html#v3-EntityCode-PRAC\">PRAC</a></td><td style=\"color: #cccccc\">PractitionerGroup</td></tr></table></li></ul></div>"
  },
  "url" : "http://terminology.hl7.org/ValueSet/v3-ResourceGroupEntityType",
  "identifier" : [{
    "system" : "urn:ietf:rfc:3986",
    "value" : "urn:oid:2.16.840.1.113883.1.11.19652"
  }],
  "version" : "0.1.0",
  "name" : "ResourceGroupEntityType",
  "title" : "ResourceGroupEntityType",
  "status" : "active",
  "experimental" : false,
  "date" : "2014-03-26",
  "publisher" : "SatuSehat",
  "contact" : [{
    "name" : "SatuSehat",
    "telecom" : [{
      "system" : "url",
      "value" : "https://satusehat.kemkes.go.id/"
    },
    {
      "system" : "email",
      "value" : "fhir@dto.kemkes.go.id"
    }]
  }],
  "description" : "Codes to characterize a Resource Group using categories that typify its membership and/or function\r\n\r\n.\r\n\r\n*Example:* PractitionerGroup",
  "copyright" : "This material derives from the HL7 Terminology THO. THO is copyright ©1989+ Health Level Seven International and is made available under the CC0 designation. For more licensing information see: https://terminology.hl7.org/license",
  "compose" : {
    "include" : [{
      "system" : "http://terminology.hl7.org/CodeSystem/v3-EntityCode",
      "concept" : [{
        "code" : "PRAC"
      }]
    }]
  }
}