{
  "resourceType" : "ValueSet",
  "id" : "EncounterTypeVS",
  "text" : {
    "status" : "generated",
    "div" : "<div xmlns=\"http://www.w3.org/1999/xhtml\"><ul><li>Include all codes defined in <a href=\"http://terminology.hl7.org/5.3.0/CodeSystem-encounter-type.html\"><code>http://terminology.hl7.org/CodeSystem/encounter-type</code></a></li></ul></div>"
  },
  "url" : "https://fhir.kemkes.go.id/r4/ValueSet/EncounterTypeVS",
  "version" : "0.1.0",
  "name" : "EncounterTypeVS",
  "title" : "Encounter type",
  "status" : "active",
  "date" : "2024-02-15T12:08:26+07:00",
  "publisher" : "Thomas Chaidir",
  "contact" : [{
    "name" : "Thomas Chaidir",
    "telecom" : [{
      "system" : "url",
      "value" : "https://satusehat.kemkes.go.id/"
    }]
  }],
  "description" : "This example value set defines a set of codes that can be used to indicate the type of encounter: a specific code indicating type of service provided.",
  "compose" : {
    "include" : [{
      "system" : "http://terminology.hl7.org/CodeSystem/encounter-type"
    }]
  }
}