{
  "resourceType" : "ValueSet",
  "id" : "v3-ActInformationTransferCode",
  "language" : "en",
  "text" : {
    "status" : "extensions",
    "div" : "<div xml:lang=\"en\" xmlns=\"http://www.w3.org/1999/xhtml\" lang=\"en\"><ul><li>Include these codes as defined in <a href=\"CodeSystem-v3-ActCode.html\"><code>http://terminology.hl7.org/CodeSystem/v3-ActCode</code></a><table class=\"none\"><tr><td style=\"white-space:nowrap\"><b>Code</b></td><td><b>Display</b></td><td><b>Definition</b></td></tr><tr><td><a href=\"CodeSystem-v3-ActCode.html#v3-ActCode-INFAUT\">INFAUT</a></td><td style=\"color: #cccccc\">authorized information transfer</td><td>Authorization to collect, access, use, or disclose specified patient health information in accordance with jurisdictional law, organizational policy, or a patient's consent directive, which may be implied, deemed, opt-in, opt-out, or explicit.</td></tr><tr><td><a href=\"CodeSystem-v3-ActCode.html#v3-ActCode-INFCRT\">INFCRT</a></td><td style=\"color: #cccccc\">only on court order</td><td>Authorization to collect, access, use, or disclose specified patient health information in accordance with judicial system protocol, such as in the case of a subpoena or court order.</td></tr><tr><td><a href=\"CodeSystem-v3-ActCode.html#v3-ActCode-INFEMER\">INFEMER</a></td><td style=\"color: #cccccc\">only in an emergency</td><td>Authorization to collect, access, use, or disclose specified patient health information in accordance with emergency information transfer protocol dictated by jurisdictional law, organization policy, or standards of practice. For example, sharing of health information during disaster response.</td></tr><tr><td><a href=\"CodeSystem-v3-ActCode.html#v3-ActCode-INFREG\">INFREG</a></td><td style=\"color: #cccccc\">regulatory information transfer</td><td>Authorization to collect, access, use, or disclose specified patient health information for public health, welfare, and safety purposes in accordance with jurisdictional law, organizational policy, or standards of practice. For example, public health reporting of notifiable conditions.</td></tr></table></li></ul></div>"
  },
  "url" : "http://terminology.hl7.org/ValueSet/v3-ActInformationTransferCode",
  "identifier" : [{
    "system" : "urn:ietf:rfc:3986",
    "value" : "urn:oid:2.16.840.1.113883.1.11.20289"
  }],
  "version" : "0.1.0",
  "name" : "ActInformationTransferCode",
  "title" : "ActInformationTransferCode",
  "status" : "active",
  "experimental" : false,
  "date" : "2014-03-26",
  "publisher" : "SatuSehat",
  "contact" : [{
    "name" : "SatuSehat",
    "telecom" : [{
      "system" : "url",
      "value" : "https://satusehat.kemkes.go.id/"
    },
    {
      "system" : "email",
      "value" : "fhir@dto.kemkes.go.id"
    }]
  }],
  "description" : "**Description:** Conveyance of the type of information transfer protocol.",
  "copyright" : "This material derives from the HL7 Terminology THO. THO is copyright ©1989+ Health Level Seven International and is made available under the CC0 designation. For more licensing information see: https://terminology.hl7.org/license",
  "compose" : {
    "include" : [{
      "system" : "http://terminology.hl7.org/CodeSystem/v3-ActCode",
      "concept" : [{
        "code" : "INFAUT"
      },
      {
        "code" : "INFCRT"
      },
      {
        "code" : "INFEMER"
      },
      {
        "code" : "INFREG"
      }]
    }]
  }
}