{
  "resourceType" : "ValueSet",
  "id" : "v3-ActClassProcessStep",
  "language" : "en",
  "text" : {
    "status" : "generated",
    "div" : "<div xml:lang=\"en\" xmlns=\"http://www.w3.org/1999/xhtml\" lang=\"en\"><ul><li>Include codes from <a href=\"CodeSystem-v3-ActClass.html\"><code>http://terminology.hl7.org/CodeSystem/v3-ActClass</code></a> where concept  is-a  <a href=\"CodeSystem-v3-ActClass.html#v3-ActClass-ACSN\">ACSN</a>, concept  is-a  <a href=\"CodeSystem-v3-ActClass.html#v3-ActClass-CONTREG\">CONTREG</a>, concept  is-a  <a href=\"CodeSystem-v3-ActClass.html#v3-ActClass-OBS\">OBS</a>, concept  is-a  <a href=\"CodeSystem-v3-ActClass.html#v3-ActClass-PROC\">PROC</a>, concept  is-a  <a href=\"CodeSystem-v3-ActClass.html#v3-ActClass-SPCTRT\">SPCTRT</a>, concept  is-a  <a href=\"CodeSystem-v3-ActClass.html#v3-ActClass-SPECCOLLECT\">SPECCOLLECT</a>, concept  is-a  <a href=\"CodeSystem-v3-ActClass.html#v3-ActClass-STORE\">STORE</a> and concept  is-a  <a href=\"CodeSystem-v3-ActClass.html#v3-ActClass-TRNS\">TRNS</a></li></ul></div>"
  },
  "url" : "http://terminology.hl7.org/ValueSet/v3-ActClassProcessStep",
  "identifier" : [{
    "system" : "urn:ietf:rfc:3986",
    "value" : "urn:oid:2.16.840.1.113883.1.11.20341"
  }],
  "version" : "0.1.0",
  "name" : "ActClassProcessStep",
  "title" : "ActClassProcessStep",
  "status" : "active",
  "experimental" : false,
  "date" : "2014-03-26",
  "publisher" : "SatuSehat",
  "contact" : [{
    "name" : "SatuSehat",
    "telecom" : [{
      "system" : "url",
      "value" : "https://satusehat.kemkes.go.id/"
    },
    {
      "system" : "email",
      "value" : "fhir@dto.kemkes.go.id"
    }]
  }],
  "description" : "**ActCodeProcessStep** \\- Property applies to value sets that contain classCode values in structural vocabularies. It identifies by name the Concept Domain(s) that represent(s) the concepts that are sub-types of the concept collection established by the value sets of class codes.",
  "copyright" : "This material derives from the HL7 Terminology THO. THO is copyright ©1989+ Health Level Seven International and is made available under the CC0 designation. For more licensing information see: https://terminology.hl7.org/license",
  "compose" : {
    "include" : [{
      "system" : "http://terminology.hl7.org/CodeSystem/v3-ActClass",
      "filter" : [{
        "property" : "concept",
        "op" : "is-a",
        "value" : "ACSN"
      },
      {
        "property" : "concept",
        "op" : "is-a",
        "value" : "CONTREG"
      },
      {
        "property" : "concept",
        "op" : "is-a",
        "value" : "OBS"
      },
      {
        "property" : "concept",
        "op" : "is-a",
        "value" : "PROC"
      },
      {
        "property" : "concept",
        "op" : "is-a",
        "value" : "SPCTRT"
      },
      {
        "property" : "concept",
        "op" : "is-a",
        "value" : "SPECCOLLECT"
      },
      {
        "property" : "concept",
        "op" : "is-a",
        "value" : "STORE"
      },
      {
        "property" : "concept",
        "op" : "is-a",
        "value" : "TRNS"
      }]
    }]
  }
}