{
  "resourceType" : "ValueSet",
  "id" : "v3-immunizationForecastStatusObservationValue",
  "text" : {
    "status" : "generated",
    "div" : "<div xmlns=\"http://www.w3.org/1999/xhtml\"><ul><li>Include these codes as defined in <a href=\"http://www.snomed.org/\"><code>http://snomed.info/sct</code></a><table class=\"none\"><tr><td style=\"white-space:nowrap\"><b>Code</b></td><td><b>Display</b></td></tr><tr><td><a href=\"http://snomed.info/id/171258008\">171258008</a></td><td style=\"color: #cccccc\">Up-to-date with immunizations</td></tr><tr><td><a href=\"http://snomed.info/id/171279008\">171279008</a></td><td style=\"color: #cccccc\">Immunization due</td></tr><tr><td><a href=\"http://snomed.info/id/171259000\">171259000</a></td><td style=\"color: #cccccc\">Not up to date with immunizations (finding)</td></tr></table></li></ul></div>"
  },
  "url" : "http://terminology.hl7.org/ValueSet/v3-immunizationForecastStatusObservationValue",
  "identifier" : [{
    "system" : "urn:ietf:rfc:3986",
    "value" : "urn:oid:2.16.840.1.113883.11.81"
  }],
  "version" : "0.1.0",
  "name" : "ImmunizationForecastStatusObservationValue",
  "title" : "immunizationForecastStatusObservationValue",
  "status" : "active",
  "experimental" : false,
  "date" : "2010-03-22",
  "publisher" : "SatuSehat",
  "contact" : [{
    "name" : "SatuSehat",
    "telecom" : [{
      "system" : "url",
      "value" : "https://satusehat.kemkes.go.id/"
    },
    {
      "system" : "email",
      "value" : "fhir@dto.kemkes.go.id"
    }]
  }],
  "description" : "Represents the patient's status with respect to their immunization guideline as of an evaluation date.",
  "copyright" : "This material derives from the HL7 Terminology THO. THO is copyright ©1989+ Health Level Seven International and is made available under the CC0 designation. For more licensing information see: https://terminology.hl7.org/license",
  "compose" : {
    "include" : [{
      "system" : "http://snomed.info/sct",
      "concept" : [{
        "code" : "171258008"
      },
      {
        "code" : "171279008"
      },
      {
        "code" : "171259000"
      }]
    }]
  }
}