{
  "resourceType" : "ValueSet",
  "id" : "ConditionCategoryVS",
  "meta" : {
    "versionId" : "1",
    "lastUpdated" : "2023-11-05T18:37:42.345+07:00"
  },
  "language" : "English",
  "text" : {
    "status" : "generated",
    "div" : "<div xmlns=\"http://www.w3.org/1999/xhtml\" xml:lang=\"English\" lang=\"English\"><ul><li>Include all codes defined in <a href=\"http://terminology.hl7.org/5.3.0/CodeSystem-condition-category.html\"><code>http://terminology.hl7.org/CodeSystem/condition-category</code></a></li></ul></div>"
  },
  "url" : "http://dto.kemkes.go.id//VS/Condition.category",
  "version" : "0.1.0",
  "name" : "ConditionCategoryVS",
  "title" : "Condition Category",
  "status" : "active",
  "experimental" : false,
  "date" : "2023-11-02T09:00:26.000Z",
  "publisher" : "Thomas Chaidir",
  "contact" : [{
    "name" : "Thomas Chaidir",
    "telecom" : [{
      "system" : "url",
      "value" : "https://satusehat.kemkes.go.id/"
    }]
  }],
  "description" : "Created by: Fadhil Muhammad",
  "compose" : {
    "include" : [{
      "system" : "http://terminology.hl7.org/CodeSystem/condition-category"
    }]
  }
}