{
  "resourceType" : "ValueSet",
  "id" : "v3-xPhoneURLScheme",
  "language" : "en",
  "text" : {
    "status" : "extensions",
    "div" : "<div xml:lang=\"en\" xmlns=\"http://www.w3.org/1999/xhtml\" lang=\"en\"><ul><li>Include these codes as defined in <a href=\"CodeSystem-v3-URLScheme.html\"><code>http://terminology.hl7.org/CodeSystem/v3-URLScheme</code></a><table class=\"none\"><tr><td style=\"white-space:nowrap\"><b>Code</b></td><td><b>Display</b></td><td><b>Definition</b></td></tr><tr><td><a href=\"CodeSystem-v3-URLScheme.html#v3-URLScheme-fax\">fax</a></td><td style=\"color: #cccccc\">Fax</td><td>A telephone number served by a fax device \\[http://www.ietf.org/rfc/rfc3966.txt and http://www.ietf.org/rfc/rfc2806.txt\\].</td></tr><tr><td><a href=\"CodeSystem-v3-URLScheme.html#v3-URLScheme-tel\">tel</a></td><td style=\"color: #cccccc\">Telephone</td><td>A voice telephone number \\[http://www.ietf.org/rfc/rfc3966.txt and http://www.ietf.org/rfc/rfc2806.txt\\].</td></tr></table></li></ul></div>"
  },
  "url" : "http://terminology.hl7.org/ValueSet/v3-xPhoneURLScheme",
  "identifier" : [{
    "system" : "urn:ietf:rfc:3986",
    "value" : "urn:oid:2.16.840.1.113883.1.11.19742"
  }],
  "version" : "0.1.0",
  "name" : "XPhoneURLScheme",
  "title" : "x_PhoneURLScheme",
  "status" : "active",
  "experimental" : false,
  "date" : "2014-03-26",
  "publisher" : "SatuSehat",
  "contact" : [{
    "name" : "SatuSehat",
    "telecom" : [{
      "system" : "url",
      "value" : "https://satusehat.kemkes.go.id/"
    },
    {
      "system" : "email",
      "value" : "fhir@dto.kemkes.go.id"
    }]
  }],
  "description" : "Restricts scheme to phone numbers at which a human can be reached",
  "copyright" : "This material derives from the HL7 Terminology THO. THO is copyright ©1989+ Health Level Seven International and is made available under the CC0 designation. For more licensing information see: https://terminology.hl7.org/license",
  "compose" : {
    "include" : [{
      "system" : "http://terminology.hl7.org/CodeSystem/v3-URLScheme",
      "concept" : [{
        "code" : "fax"
      },
      {
        "code" : "tel"
      }]
    }]
  }
}