{
  "resourceType" : "ValueSet",
  "id" : "verificationresult-primary-source-type",
  "meta" : {
    "lastUpdated" : "2020-02-24T12:41:39.109+11:00",
    "profile" : ["http://hl7.org/fhir/StructureDefinition/shareablevalueset"]
  },
  "text" : {
    "status" : "generated",
    "div" : "<div xmlns=\"http://www.w3.org/1999/xhtml\"><ul><li>Include all codes defined in <a href=\"CodeSystem-primary-source-type.html\"><code>http://terminology.hl7.org/CodeSystem/primary-source-type</code></a></li></ul></div>"
  },
  "extension" : [{
    "url" : "http://hl7.org/fhir/StructureDefinition/structuredefinition-wg",
    "valueCode" : "pa"
  },
  {
    "url" : "http://hl7.org/fhir/StructureDefinition/structuredefinition-fmm",
    "valueInteger" : 1
  }],
  "url" : "http://terminology.hl7.org/ValueSet/verificationresult-primary-source-type",
  "identifier" : [{
    "system" : "urn:ietf:rfc:3986",
    "value" : "urn:oid:2.16.840.1.113883.4.642.3.892"
  }],
  "version" : "0.1.0",
  "name" : "Primary_source_type",
  "title" : "Primary-source-type",
  "status" : "draft",
  "experimental" : false,
  "date" : "2018-06-05T14:06:02+00:00",
  "publisher" : "SatuSehat",
  "contact" : [{
    "name" : "SatuSehat",
    "telecom" : [{
      "system" : "url",
      "value" : "https://satusehat.kemkes.go.id/"
    },
    {
      "system" : "email",
      "value" : "fhir@dto.kemkes.go.id"
    }]
  }],
  "description" : "Type of the validation primary source",
  "immutable" : true,
  "copyright" : "This material derives from the HL7 Terminology THO. THO is copyright ©1989+ Health Level Seven International and is made available under the CC0 designation. For more licensing information see: https://terminology.hl7.org/license",
  "compose" : {
    "include" : [{
      "system" : "http://terminology.hl7.org/CodeSystem/primary-source-type"
    }]
  }
}