{
  "resourceType" : "ValueSet",
  "id" : "v3-ActConsentDirectiveType",
  "language" : "en",
  "text" : {
    "status" : "generated",
    "div" : "<div xml:lang=\"en\" xmlns=\"http://www.w3.org/1999/xhtml\" lang=\"en\"><p>This value set includes codes based on the following rules:</p><ul><li>Import all the codes that are contained in <a href=\"ValueSet-v3-ActConsentType.html\">ActConsentType</a></li><li>Import all the codes that are contained in <a href=\"ValueSet-v3-ActConsentDirective.html\">ActConsentDirective</a></li><li>Include all codes defined in <a href=\"CodeSystem-v3-ActCode.html\"><code>http://terminology.hl7.org/CodeSystem/v3-ActCode</code></a></li></ul></div>"
  },
  "extension" : [{
    "url" : "http://hl7.org/fhir/StructureDefinition/structuredefinition-wg",
    "valueCode" : "sec"
  }],
  "url" : "http://terminology.hl7.org/ValueSet/v3-ActConsentDirectiveType",
  "identifier" : [{
    "system" : "urn:ietf:rfc:3986",
    "value" : "urn:oid:2.16.840.1.113883.1.11.20551"
  }],
  "version" : "0.1.0",
  "name" : "ActConsentDirectiveType",
  "title" : "ActConsentDirectiveType",
  "status" : "active",
  "experimental" : false,
  "date" : "2019-03-20",
  "publisher" : "SatuSehat",
  "contact" : [{
    "name" : "SatuSehat",
    "telecom" : [{
      "system" : "url",
      "value" : "https://satusehat.kemkes.go.id/"
    },
    {
      "system" : "email",
      "value" : "fhir@dto.kemkes.go.id"
    }]
  }],
  "description" : "ActConsentDirective and ActConsentType codes are used to specify the type of Consent Directive or Consent Type to which, for example, a Consent Act conforms, to which a Security Observation (Security Label) refers to, or to which a Privacy or Security Act refers.\r\n\r\n>\r\n\r\n*Steward:* Security WG",
  "copyright" : "This material derives from the HL7 Terminology THO. THO is copyright ©1989+ Health Level Seven International and is made available under the CC0 designation. For more licensing information see: https://terminology.hl7.org/license",
  "compose" : {
    "include" : [{
      "valueSet" : ["http://terminology.hl7.org/ValueSet/v3-ActConsentType"]
    },
    {
      "valueSet" : ["http://terminology.hl7.org/ValueSet/v3-ActConsentDirective"]
    },
    {
      "system" : "http://terminology.hl7.org/CodeSystem/v3-ActCode"
    }]
  }
}