{
  "resourceType" : "ValueSet",
  "id" : "v3-GTSAbbreviationBase",
  "language" : "en",
  "text" : {
    "status" : "extensions",
    "div" : "<div xml:lang=\"en\" xmlns=\"http://www.w3.org/1999/xhtml\" lang=\"en\"><ul><li>Include these codes as defined in <a href=\"CodeSystem-v3-GTSAbbreviation.html\"><code>http://terminology.hl7.org/CodeSystem/v3-GTSAbbreviation</code></a><table class=\"none\"><tr><td style=\"white-space:nowrap\"><b>Code</b></td><td><b>Display</b></td><td><b>Definition</b></td></tr><tr><td><a href=\"CodeSystem-v3-GTSAbbreviation.html#v3-GTSAbbreviation-AM\">AM</a></td><td style=\"color: #cccccc\">AM</td><td>Every morning at institution specified times.</td></tr><tr><td><a href=\"CodeSystem-v3-GTSAbbreviation.html#v3-GTSAbbreviation-BID\">BID</a></td><td style=\"color: #cccccc\">BID</td><td>Two times a day at institution specified time</td></tr><tr><td><a href=\"CodeSystem-v3-GTSAbbreviation.html#v3-GTSAbbreviation-JB\">JB</a></td><td style=\"color: #cccccc\">JB</td><td>Regular business days (Monday to Friday excluding holidays)</td></tr><tr><td><a href=\"CodeSystem-v3-GTSAbbreviation.html#v3-GTSAbbreviation-JE\">JE</a></td><td style=\"color: #cccccc\">JE</td><td>Regular weekends (Saturday and Sunday excluding holidays)</td></tr><tr><td><a href=\"CodeSystem-v3-GTSAbbreviation.html#v3-GTSAbbreviation-JH\">JH</a></td><td style=\"color: #cccccc\">GTSAbbreviationHolidays</td><td>Holidays</td></tr><tr><td><a href=\"CodeSystem-v3-GTSAbbreviation.html#v3-GTSAbbreviation-PM\">PM</a></td><td style=\"color: #cccccc\">PM</td><td>Every afternoon at institution specified times.</td></tr><tr><td><a href=\"CodeSystem-v3-GTSAbbreviation.html#v3-GTSAbbreviation-QID\">QID</a></td><td style=\"color: #cccccc\">QID</td><td>Four times a day at institution specified time</td></tr><tr><td><a href=\"CodeSystem-v3-GTSAbbreviation.html#v3-GTSAbbreviation-TID\">TID</a></td><td style=\"color: #cccccc\">TID</td><td>Three times a day at institution specified time</td></tr></table></li></ul></div>"
  },
  "url" : "http://terminology.hl7.org/ValueSet/v3-GTSAbbreviationBase",
  "identifier" : [{
    "system" : "urn:ietf:rfc:3986",
    "value" : "urn:oid:2.16.840.1.113883.1.11.20310"
  }],
  "version" : "0.1.0",
  "name" : "GTSAbbreviationBase",
  "title" : "GTSAbbreviationBase",
  "status" : "active",
  "experimental" : false,
  "date" : "2014-03-26",
  "publisher" : "SatuSehat",
  "contact" : [{
    "name" : "SatuSehat",
    "telecom" : [{
      "system" : "url",
      "value" : "https://satusehat.kemkes.go.id/"
    },
    {
      "system" : "email",
      "value" : "fhir@dto.kemkes.go.id"
    }]
  }],
  "description" : "**Description:**Basic abbreviations defined for the General timing Specification data type.",
  "copyright" : "This material derives from the HL7 Terminology THO. THO is copyright ©1989+ Health Level Seven International and is made available under the CC0 designation. For more licensing information see: https://terminology.hl7.org/license",
  "compose" : {
    "include" : [{
      "system" : "http://terminology.hl7.org/CodeSystem/v3-GTSAbbreviation",
      "concept" : [{
        "code" : "AM"
      },
      {
        "code" : "BID"
      },
      {
        "code" : "JB"
      },
      {
        "code" : "JE"
      },
      {
        "code" : "JH"
      },
      {
        "code" : "PM"
      },
      {
        "code" : "QID"
      },
      {
        "code" : "TID"
      }]
    }]
  }
}