{
  "resourceType" : "ValueSet",
  "id" : "EncounterLocationServiceClassExtension",
  "text" : {
    "status" : "generated",
    "div" : "<div xmlns=\"http://www.w3.org/1999/xhtml\"><p>This value set includes codes based on the following rules:</p><ul><li>Import all the codes that are contained in <a href=\"ValueSet-EncounterLocationServiceClassInpatient.html\">Encounter Location ServiceClass-Inpatient</a></li><li>Import all the codes that are contained in <a href=\"ValueSet-EncounterLocationServiceClassOutpatient.html\">Encounter Location ServiceClass-Outpatient</a></li></ul></div>"
  },
  "url" : "http://terminology.kemkes.go.id/ValueSet/EncounterLocationServiceClassExtension",
  "version" : "0.1.0",
  "name" : "EncounterLocationServiceClassExtension",
  "title" : "Encounter Location Extension",
  "status" : "active",
  "date" : "2024-05-23T10:54:59+07:00",
  "publisher" : "Thomas Chaidir",
  "contact" : [{
    "name" : "Thomas Chaidir",
    "telecom" : [{
      "system" : "url",
      "value" : "https://satusehat.kemkes.go.id/"
    }]
  }],
  "description" : "A set of codes, specifying location extension valueset.",
  "compose" : {
    "include" : [{
      "valueSet" : ["http://terminology.kemkes.go.id/ValueSet/locationServiceClass-Inpatient"]
    },
    {
      "valueSet" : ["http://terminology.kemkes.go.id/ValueSet/locationServiceClass-Outpatient"]
    }]
  }
}