{
  "resourceType" : "ValueSet",
  "id" : "encounter-status",
  "meta" : {
    "lastUpdated" : "2019-11-01T09:29:23.356+11:00",
    "profile" : ["http://hl7.org/fhir/StructureDefinition/shareablevalueset"]
  },
  "text" : {
    "status" : "generated",
    "div" : "<div xmlns=\"http://www.w3.org/1999/xhtml\"><h2>EncounterStatus</h2><div><p>Current state of the encounter.</p>\n</div><p>This value set includes codes from the following code systems:</p><ul><li>Include all codes defined in <a href=\"codesystem-encounter-status.html\"><code>http://hl7.org/fhir/encounter-status</code></a></li></ul></div>"
  },
  "extension" : [{
    "url" : "http://hl7.org/fhir/StructureDefinition/structuredefinition-wg",
    "valueCode" : "pa"
  },
  {
    "url" : "http://hl7.org/fhir/StructureDefinition/structuredefinition-standards-status",
    "valueCode" : "trial-use"
  },
  {
    "url" : "http://hl7.org/fhir/StructureDefinition/structuredefinition-fmm",
    "valueInteger" : 2
  }],
  "url" : "http://hl7.org/fhir/ValueSet/encounter-status",
  "identifier" : [{
    "system" : "urn:ietf:rfc:3986",
    "value" : "urn:oid:2.16.840.1.113883.4.642.3.246"
  }],
  "version" : "0.1.0",
  "name" : "EncounterStatus",
  "title" : "EncounterStatus",
  "status" : "draft",
  "experimental" : false,
  "date" : "2019-11-01T09:29:23+11:00",
  "publisher" : "SatuSehat",
  "contact" : [{
    "name" : "SatuSehat",
    "telecom" : [{
      "system" : "url",
      "value" : "https://satusehat.kemkes.go.id/"
    },
    {
      "system" : "email",
      "value" : "fhir@dto.kemkes.go.id"
    }]
  }],
  "description" : "Current state of the encounter.",
  "immutable" : true,
  "compose" : {
    "include" : [{
      "system" : "http://hl7.org/fhir/encounter-status"
    }]
  }
}