{
  "resourceType" : "ValueSet",
  "id" : "v3-ActSite",
  "language" : "en",
  "text" : {
    "status" : "generated",
    "div" : "<div xml:lang=\"en\" xmlns=\"http://www.w3.org/1999/xhtml\" lang=\"en\"><ul><li>Include all codes defined in <a href=\"CodeSystem-v3-ActSite.html\"><code>http://terminology.hl7.org/CodeSystem/v3-ActSite</code></a></li></ul></div>"
  },
  "url" : "http://terminology.hl7.org/ValueSet/v3-ActSite",
  "version" : "0.1.0",
  "name" : "ActSite",
  "title" : "v3 Value Set ActSite",
  "status" : "active",
  "experimental" : false,
  "date" : "2018-08-12",
  "publisher" : "SatuSehat",
  "contact" : [{
    "name" : "SatuSehat",
    "telecom" : [{
      "system" : "url",
      "value" : "https://satusehat.kemkes.go.id/"
    },
    {
      "system" : "email",
      "value" : "fhir@dto.kemkes.go.id"
    }]
  }],
  "description" : " An anatomical location on an organism which can be the focus of an act.",
  "immutable" : true,
  "copyright" : "This material derives from the HL7 Terminology THO. THO is copyright ©1989+ Health Level Seven International and is made available under the CC0 designation. For more licensing information see: https://terminology.hl7.org/license",
  "compose" : {
    "include" : [{
      "system" : "http://terminology.hl7.org/CodeSystem/v3-ActSite"
    }]
  }
}