{
  "resourceType" : "ValueSet",
  "id" : "v3-RoleLinkRelated",
  "language" : "en",
  "text" : {
    "status" : "generated",
    "div" : "<div xml:lang=\"en\" xmlns=\"http://www.w3.org/1999/xhtml\" lang=\"en\"><ul><li>Include codes from <a href=\"CodeSystem-v3-RoleLinkType.html\"><code>http://terminology.hl7.org/CodeSystem/v3-RoleLinkType</code></a> where concept  is-a  <a href=\"CodeSystem-v3-RoleLinkType.html#v3-RoleLinkType-REL\">REL</a></li></ul></div>"
  },
  "url" : "http://terminology.hl7.org/ValueSet/v3-RoleLinkRelated",
  "identifier" : [{
    "system" : "urn:ietf:rfc:3986",
    "value" : "urn:oid:2.16.840.1.113883.1.11.19643"
  }],
  "version" : "0.1.0",
  "name" : "RoleLinkRelated",
  "title" : "RoleLinkRelated",
  "status" : "active",
  "experimental" : false,
  "date" : "2014-03-26",
  "publisher" : "SatuSehat",
  "contact" : [{
    "name" : "SatuSehat",
    "telecom" : [{
      "system" : "url",
      "value" : "https://satusehat.kemkes.go.id/"
    },
    {
      "system" : "email",
      "value" : "fhir@dto.kemkes.go.id"
    }]
  }],
  "description" : "An action taken with respect to a subject Entity by a regulatory or authoritative body with supervisory capacity over that entity. The action is taken in response to behavior by the subject Entity that body finds to be undesirable.\r\n\r\nSuspension, license restrictions, monetary fine, letter of reprimand, mandated training, mandated supervision, etc.*Examples:*",
  "immutable" : true,
  "copyright" : "This material derives from the HL7 Terminology THO. THO is copyright ©1989+ Health Level Seven International and is made available under the CC0 designation. For more licensing information see: https://terminology.hl7.org/license",
  "compose" : {
    "include" : [{
      "system" : "http://terminology.hl7.org/CodeSystem/v3-RoleLinkType",
      "filter" : [{
        "property" : "concept",
        "op" : "is-a",
        "value" : "REL"
      }]
    }]
  }
}