{
  "resourceType" : "ValueSet",
  "id" : "v3-ContextControlOverridingNon-propagating",
  "language" : "en",
  "text" : {
    "status" : "generated",
    "div" : "<div xml:lang=\"en\" xmlns=\"http://www.w3.org/1999/xhtml\" lang=\"en\"><ul><li>Include codes from <a href=\"CodeSystem-v3-ContextControl.html\"><code>http://terminology.hl7.org/CodeSystem/v3-ContextControl</code></a> where concept  is-a  <a href=\"CodeSystem-v3-ContextControl.html#v3-ContextControl-ON\">ON</a></li></ul></div>"
  },
  "url" : "http://terminology.hl7.org/ValueSet/v3-ContextControlOverridingNon-propagating",
  "identifier" : [{
    "system" : "urn:ietf:rfc:3986",
    "value" : "urn:oid:2.16.840.1.113883.1.11.20033"
  }],
  "version" : "0.1.0",
  "name" : "ContextControlOverridingNonPropagating",
  "title" : "ContextControlOverridingNon-propagating",
  "status" : "active",
  "experimental" : false,
  "date" : "2014-03-26",
  "publisher" : "SatuSehat",
  "contact" : [{
    "name" : "SatuSehat",
    "telecom" : [{
      "system" : "url",
      "value" : "https://satusehat.kemkes.go.id/"
    },
    {
      "system" : "email",
      "value" : "fhir@dto.kemkes.go.id"
    }]
  }],
  "description" : "The association is added to the existing context associated with the Act, but overrides an association with the same typeCode. However, this overriding association will not propagate to any descendant Acts reached by conducting ActRelationships (see contextControlCode). Examples: If an 'Author' Participation were marked as \"Overriding, Non-Propagating\" it means that the author will replace the set of author participations that have propagated from ancestor Acts. Furthermore, no author participations whatsoever will propagate to any child Acts that allow context to be propagated.",
  "copyright" : "This material derives from the HL7 Terminology THO. THO is copyright ©1989+ Health Level Seven International and is made available under the CC0 designation. For more licensing information see: https://terminology.hl7.org/license",
  "compose" : {
    "include" : [{
      "system" : "http://terminology.hl7.org/CodeSystem/v3-ContextControl",
      "filter" : [{
        "property" : "concept",
        "op" : "is-a",
        "value" : "ON"
      }]
    }]
  }
}