{
  "resourceType" : "ValueSet",
  "id" : "v3-RoleClassMolecularPart",
  "language" : "en",
  "text" : {
    "status" : "extensions",
    "div" : "<div xml:lang=\"en\" xmlns=\"http://www.w3.org/1999/xhtml\" lang=\"en\"><ul><li>Include these codes as defined in <a href=\"CodeSystem-v3-RoleClass.html\"><code>http://terminology.hl7.org/CodeSystem/v3-RoleClass</code></a><table class=\"none\"><tr><td style=\"white-space:nowrap\"><b>Code</b></td><td><b>Display</b></td><td><b>Definition</b></td></tr><tr><td><a href=\"CodeSystem-v3-RoleClass.html#v3-RoleClass-ACTM\">ACTM</a></td><td style=\"color: #cccccc\">active moiety</td><td>The molecule or ion that is responsible for the intended pharmacological action of the drug substance, excluding those appended or associated parts of the molecule that make the molecule an ester, salt (including a salt with hydrogen or coordination bonds), or other noncovalent derivative (such as a complex, chelate, or clathrate).<br/><br/>Examples: heparin-sodium and heparin-potassium have the same active moiety, heparin; the active moiety of morphine-hydrochloride is morphine.</td></tr><tr><td><a href=\"CodeSystem-v3-RoleClass.html#v3-RoleClass-PART\">PART</a></td><td style=\"color: #cccccc\">part</td><td>**Definition:**  an association between two Entities where the playing Entity (the part) is a component of the whole (scoper) in the sense of an integral structural component, that is distinct from other parts in the same whole, has a distinct function in the whole, and, as an effect, the full integrity of the whole depends (to some degree) on the presence of this part, even though the part may often be separable from the whole.<br/><br/>**Discussion:** Part is defined in opposition to (a) ingredient (not separable), (b) content (not a functional component), and (c) member (not functionally distinct from other members).</td></tr></table></li></ul></div>"
  },
  "extension" : [{
    "extension" : [{
      "url" : "name",
      "valueString" : "Name:Class"
    },
    {
      "url" : "value",
      "valueString" : "molecularPart"
    }],
    "url" : "http://terminology.hl7.org/StructureDefinition/ext-mif-assocConceptProp"
  },
  {
    "extension" : [{
      "url" : "name",
      "valueString" : "Name:Role:player:Entity"
    },
    {
      "url" : "value",
      "valueString" : "&"
    }],
    "url" : "http://terminology.hl7.org/StructureDefinition/ext-mif-assocConceptProp"
  },
  {
    "extension" : [{
      "url" : "name",
      "valueString" : "Name:Role:scoper:Entity"
    },
    {
      "url" : "value",
      "valueString" : "whole&"
    }],
    "url" : "http://terminology.hl7.org/StructureDefinition/ext-mif-assocConceptProp"
  },
  {
    "extension" : [{
      "url" : "name",
      "valueString" : "Sort:Entity:playedRole:Role"
    },
    {
      "url" : "value",
      "valueString" : "AA_______"
    }],
    "url" : "http://terminology.hl7.org/StructureDefinition/ext-mif-assocConceptProp"
  },
  {
    "extension" : [{
      "url" : "name",
      "valueString" : "Sort:Entity:scopedRole:Role"
    },
    {
      "url" : "value",
      "valueString" : "AA_______"
    }],
    "url" : "http://terminology.hl7.org/StructureDefinition/ext-mif-assocConceptProp"
  }],
  "url" : "http://terminology.hl7.org/ValueSet/v3-RoleClassMolecularPart",
  "identifier" : [{
    "system" : "urn:ietf:rfc:3986",
    "value" : "urn:oid:2.16.840.1.113883.1.11.20389"
  }],
  "version" : "0.1.0",
  "name" : "RoleClassMolecularPart",
  "title" : "RoleClassMolecularPart",
  "status" : "active",
  "experimental" : false,
  "date" : "2014-03-26",
  "publisher" : "SatuSehat",
  "contact" : [{
    "name" : "SatuSehat",
    "telecom" : [{
      "system" : "url",
      "value" : "https://satusehat.kemkes.go.id/"
    },
    {
      "system" : "email",
      "value" : "fhir@dto.kemkes.go.id"
    }]
  }],
  "description" : "***No description***",
  "copyright" : "This material derives from the HL7 Terminology THO. THO is copyright ©1989+ Health Level Seven International and is made available under the CC0 designation. For more licensing information see: https://terminology.hl7.org/license",
  "compose" : {
    "include" : [{
      "system" : "http://terminology.hl7.org/CodeSystem/v3-RoleClass",
      "concept" : [{
        "code" : "ACTM"
      },
      {
        "code" : "PART"
      }]
    }]
  }
}