{
  "resourceType" : "ValueSet",
  "id" : "v3-ActStatusActiveSuspendedObsolete",
  "language" : "en",
  "text" : {
    "status" : "extensions",
    "div" : "<div xml:lang=\"en\" xmlns=\"http://www.w3.org/1999/xhtml\" lang=\"en\"><ul><li>Include these codes as defined in <a href=\"CodeSystem-v3-ActStatus.html\"><code>http://terminology.hl7.org/CodeSystem/v3-ActStatus</code></a><table class=\"none\"><tr><td style=\"white-space:nowrap\"><b>Code</b></td><td><b>Display</b></td><td><b>Definition</b></td></tr><tr><td><a href=\"CodeSystem-v3-ActStatus.html#v3-ActStatus-active\">active</a></td><td style=\"color: #cccccc\">active</td><td>The Act can be performed or is being performed</td></tr><tr><td><a href=\"CodeSystem-v3-ActStatus.html#v3-ActStatus-obsolete\">obsolete</a></td><td style=\"color: #cccccc\">obsolete</td><td>This Act instance has been replaced by a new instance.</td></tr><tr><td><a href=\"CodeSystem-v3-ActStatus.html#v3-ActStatus-suspended\">suspended</a></td><td style=\"color: #cccccc\">suspended</td><td>An Act that has been activated (actions could or have been performed against it), but has been temporarily disabled. No further action should be taken against it until it is released</td></tr></table></li></ul></div>"
  },
  "url" : "http://terminology.hl7.org/ValueSet/v3-ActStatusActiveSuspendedObsolete",
  "identifier" : [{
    "system" : "urn:ietf:rfc:3986",
    "value" : "urn:oid:2.16.840.1.113883.1.11.20523"
  }],
  "version" : "0.1.0",
  "name" : "ActStatusActiveSuspendedObsolete",
  "title" : "ActStatusActiveSuspendedObsolete",
  "status" : "active",
  "experimental" : false,
  "date" : "2014-08-07",
  "publisher" : "SatuSehat",
  "contact" : [{
    "name" : "SatuSehat",
    "telecom" : [{
      "system" : "url",
      "value" : "https://satusehat.kemkes.go.id/"
    },
    {
      "system" : "email",
      "value" : "fhir@dto.kemkes.go.id"
    }]
  }],
  "description" : "\\*\\* none supplied \\*\\*",
  "immutable" : true,
  "copyright" : "This material derives from the HL7 Terminology THO. THO is copyright ©1989+ Health Level Seven International and is made available under the CC0 designation. For more licensing information see: https://terminology.hl7.org/license",
  "compose" : {
    "include" : [{
      "system" : "http://terminology.hl7.org/CodeSystem/v3-ActStatus",
      "concept" : [{
        "code" : "active"
      },
      {
        "code" : "obsolete"
      },
      {
        "code" : "suspended"
      }]
    }]
  }
}