{
  "resourceType" : "ValueSet",
  "id" : "v3-SecurityCategoryObservationValue",
  "language" : "en",
  "text" : {
    "status" : "generated",
    "div" : "<div xml:lang=\"en\" xmlns=\"http://www.w3.org/1999/xhtml\" lang=\"en\"><p>This value set includes codes based on the following rules:</p><ul><li>Import all the codes that are contained in <a href=\"ValueSet-v3-ActConsentType.html\">ActConsentType</a></li><li>Import all the codes that are contained in <a href=\"ValueSet-v3-ActPrivacyPolicy.html\">ActPrivacyPolicy</a></li><li>Import all the codes that are contained in <a href=\"ValueSet-v3-ActConsentDirective.html\">ActConsentDirective</a></li><li>Import all the codes that are contained in <a href=\"ValueSet-v3-ActPrivacyLaw.html\">ActPrivacyLaw</a></li><li>Import all the codes that are contained in <a href=\"ValueSet-v3-InformationSensitivityPolicy.html\">InformationSensitivityPolicy</a></li><li>Import all the codes that are contained in <a href=\"ValueSet-v3-ActInformationSensitivityPolicy.html\">ActInformationSensitivityPolicy</a></li><li>Import all the codes that are contained in <a href=\"ValueSet-v3-RoleInformationSensitivityPolicy.html\">RoleInformationSensitivityPolicy</a></li><li>Import all the codes that are contained in <a href=\"ValueSet-v3-EntityInformationSensitivityPolicy.html\">EntityInformationSensitivityPolicy</a></li><li>Import all the codes that are contained in <a href=\"ValueSet-v3-Compartment.html\">Compartment</a></li><li>Include all codes defined in <a href=\"CodeSystem-v3-ObservationValue.html\"><code>http://terminology.hl7.org/CodeSystem/v3-ObservationValue</code></a></li></ul></div>"
  },
  "url" : "http://terminology.hl7.org/ValueSet/v3-SecurityCategoryObservationValue",
  "identifier" : [{
    "system" : "urn:ietf:rfc:3986",
    "value" : "urn:oid:2.16.840.1.113883.1.11.20470"
  }],
  "version" : "0.1.0",
  "name" : "SecurityCategoryObservationValue",
  "title" : "SecurityCategoryObservationValue",
  "status" : "active",
  "experimental" : false,
  "date" : "2014-03-26",
  "publisher" : "SatuSehat",
  "contact" : [{
    "name" : "SatuSehat",
    "telecom" : [{
      "system" : "url",
      "value" : "https://satusehat.kemkes.go.id/"
    },
    {
      "system" : "email",
      "value" : "fhir@dto.kemkes.go.id"
    }]
  }],
  "description" : "Security observation values used to indicate security category metadata. V:SecurityCategoryObservationValue is the union of V:PrivacyPolicyType, V:ActPrivacyLaw, V:ActConsentDirective, V:InformationSensitivityPolicy, V:ActInformationSensitivityPolicy, V:RoleInformationSensitivityPolicy, V:EntityInformationSensitivityPolicy, and the V:ActConsentType value used to populate the SecurityCategoryObservationValue attribute in order to convey one or more nonhierarchical categories of sensitivity metadata, which are used to control access to data more finely than with hierarchical security classification alone. Could be bound R1 to a V:ActUSPrivacyPolicy in a future US Realm.",
  "immutable" : true,
  "copyright" : "This material derives from the HL7 Terminology THO. THO is copyright ©1989+ Health Level Seven International and is made available under the CC0 designation. For more licensing information see: https://terminology.hl7.org/license",
  "compose" : {
    "include" : [{
      "valueSet" : ["http://terminology.hl7.org/ValueSet/v3-ActConsentType"]
    },
    {
      "valueSet" : ["http://terminology.hl7.org/ValueSet/v3-ActPrivacyPolicy"]
    },
    {
      "valueSet" : ["http://terminology.hl7.org/ValueSet/v3-ActConsentDirective"]
    },
    {
      "valueSet" : ["http://terminology.hl7.org/ValueSet/v3-ActPrivacyLaw"]
    },
    {
      "valueSet" : ["http://terminology.hl7.org/ValueSet/v3-InformationSensitivityPolicy"]
    },
    {
      "valueSet" : ["http://terminology.hl7.org/ValueSet/v3-ActInformationSensitivityPolicy"]
    },
    {
      "valueSet" : ["http://terminology.hl7.org/ValueSet/v3-RoleInformationSensitivityPolicy"]
    },
    {
      "valueSet" : ["http://terminology.hl7.org/ValueSet/v3-EntityInformationSensitivityPolicy"]
    },
    {
      "valueSet" : ["http://terminology.hl7.org/ValueSet/v3-Compartment"]
    },
    {
      "system" : "http://terminology.hl7.org/CodeSystem/v3-ObservationValue"
    }]
  }
}