{
  "resourceType" : "ValueSet",
  "id" : "v3-ProvenanceEventCurrentState-AS",
  "language" : "en",
  "text" : {
    "status" : "extensions",
    "div" : "<div xml:lang=\"en\" xmlns=\"http://www.w3.org/1999/xhtml\" lang=\"en\"><ul><li>Include these codes as defined in <a href=\"CodeSystem-v3-ActStatus.html\"><code>http://terminology.hl7.org/CodeSystem/v3-ActStatus</code></a><table class=\"none\"><tr><td style=\"white-space:nowrap\"><b>Code</b></td><td><b>Display</b></td><td><b>Definition</b></td></tr><tr><td><a href=\"CodeSystem-v3-ActStatus.html#v3-ActStatus-aborted\">aborted</a></td><td style=\"color: #cccccc\">aborted</td><td>The Act has been terminated prior to the originally intended completion.</td></tr><tr><td><a href=\"CodeSystem-v3-ActStatus.html#v3-ActStatus-cancelled\">cancelled</a></td><td style=\"color: #cccccc\">cancelled</td><td>The Act has been abandoned before activation.</td></tr><tr><td><a href=\"CodeSystem-v3-ActStatus.html#v3-ActStatus-completed\">completed</a></td><td style=\"color: #cccccc\">completed</td><td>An Act that has terminated normally after all of its constituents have been performed.</td></tr><tr><td><a href=\"CodeSystem-v3-ActStatus.html#v3-ActStatus-new\">new</a></td><td style=\"color: #cccccc\">new</td><td>An Act that is in the preparatory stages and may not yet be acted upon</td></tr><tr><td><a href=\"CodeSystem-v3-ActStatus.html#v3-ActStatus-nullified\">nullified</a></td><td style=\"color: #cccccc\">nullified</td><td>This Act instance was created in error and has been 'removed' and is treated as though it never existed. A record is retained for audit purposes only.</td></tr><tr><td><a href=\"CodeSystem-v3-ActStatus.html#v3-ActStatus-obsolete\">obsolete</a></td><td style=\"color: #cccccc\">obsolete</td><td>This Act instance has been replaced by a new instance.</td></tr></table></li></ul></div>"
  },
  "url" : "http://terminology.hl7.org/ValueSet/v3-ProvenanceEventCurrentState-AS",
  "identifier" : [{
    "system" : "urn:ietf:rfc:3986",
    "value" : "urn:oid:2.16.840.1.113883.1.11.20545"
  }],
  "version" : "0.1.0",
  "name" : "ProvenanceEventCurrentStateAS",
  "title" : "ProvenanceEventCurrentState-AS",
  "status" : "active",
  "experimental" : false,
  "date" : "2014-08-07",
  "publisher" : "SatuSehat",
  "contact" : [{
    "name" : "SatuSehat",
    "telecom" : [{
      "system" : "url",
      "value" : "https://satusehat.kemkes.go.id/"
    },
    {
      "system" : "email",
      "value" : "fhir@dto.kemkes.go.id"
    }]
  }],
  "description" : "Specifies the state change of a target Act, using ActStatus codes, from its previous state as a predecessor Act.\r\n\r\nFor example, if the target Act is the result of a predecessor Act being \"obsoleted\" and replaced with the target Act, the source ProvenanceEventCurrentState Act code would be \"obsoleted\".",
  "copyright" : "This material derives from the HL7 Terminology THO. THO is copyright ©1989+ Health Level Seven International and is made available under the CC0 designation. For more licensing information see: https://terminology.hl7.org/license",
  "compose" : {
    "include" : [{
      "system" : "http://terminology.hl7.org/CodeSystem/v3-ActStatus",
      "concept" : [{
        "code" : "aborted"
      },
      {
        "code" : "cancelled"
      },
      {
        "code" : "completed"
      },
      {
        "code" : "new"
      },
      {
        "code" : "nullified"
      },
      {
        "code" : "obsolete"
      }]
    }]
  }
}