{
  "resourceType" : "ValueSet",
  "id" : "composition-altcode-kind",
  "text" : {
    "status" : "generated",
    "div" : "<div xmlns=\"http://www.w3.org/1999/xhtml\"><ul><li>Include all codes defined in <a href=\"CodeSystem-composition-altcode-kind.html\"><code>http://terminology.hl7.org/CodeSystem/composition-altcode-kind</code></a></li></ul></div>"
  },
  "extension" : [{
    "url" : "http://hl7.org/fhir/StructureDefinition/structuredefinition-wg",
    "valueCode" : "sd"
  }],
  "url" : "http://terminology.hl7.org/ValueSet/composition-altcode-kind",
  "identifier" : [{
    "system" : "urn:ietf:rfc:3986",
    "value" : "urn:oid:2.16.840.1.113883.4.642.3.1405"
  }],
  "version" : "0.1.0",
  "name" : "CompositionAlternativeCodeKind",
  "title" : "CompositionCodeKind",
  "status" : "draft",
  "experimental" : false,
  "date" : "2020-02-24T12:41:39+11:00",
  "publisher" : "SatuSehat",
  "contact" : [{
    "name" : "SatuSehat",
    "telecom" : [{
      "system" : "url",
      "value" : "https://satusehat.kemkes.go.id/"
    },
    {
      "system" : "email",
      "value" : "fhir@dto.kemkes.go.id"
    }]
  }],
  "description" : "Indicates the type of use for which the code is defined.",
  "immutable" : true,
  "copyright" : "This material derives from the HL7 Terminology THO. THO is copyright ©1989+ Health Level Seven International and is made available under the CC0 designation. For more licensing information see: https://terminology.hl7.org/license",
  "compose" : {
    "include" : [{
      "system" : "http://terminology.hl7.org/CodeSystem/composition-altcode-kind"
    }]
  }
}