{
  "resourceType" : "ValueSet",
  "id" : "v3-RoleClassExposedEntity",
  "language" : "en",
  "text" : {
    "status" : "generated",
    "div" : "<div xml:lang=\"en\" xmlns=\"http://www.w3.org/1999/xhtml\" lang=\"en\"><ul><li>Include codes from <a href=\"CodeSystem-v3-RoleClass.html\"><code>http://terminology.hl7.org/CodeSystem/v3-RoleClass</code></a> where concept  is-a  <a href=\"CodeSystem-v3-RoleClass.html#v3-RoleClass-EXPR\">EXPR</a></li></ul></div>"
  },
  "url" : "http://terminology.hl7.org/ValueSet/v3-RoleClassExposedEntity",
  "identifier" : [{
    "system" : "urn:ietf:rfc:3986",
    "value" : "urn:oid:2.16.840.1.113883.1.11.20131"
  }],
  "version" : "0.1.0",
  "name" : "RoleClassExposedEntity",
  "title" : "RoleClassExposedEntity",
  "status" : "active",
  "experimental" : false,
  "date" : "2014-03-26",
  "publisher" : "SatuSehat",
  "contact" : [{
    "name" : "SatuSehat",
    "telecom" : [{
      "system" : "url",
      "value" : "https://satusehat.kemkes.go.id/"
    },
    {
      "system" : "email",
      "value" : "fhir@dto.kemkes.go.id"
    }]
  }],
  "description" : "A role played by an entity that has been exposed to a person or animal suffering a contagious disease, or with a location from which a toxin has been distributed. The player of the role is normally a person or animal, but it is possible that other entity types could become exposed. The role is scoped by the source of the exposure, and it is quite possible for a person playing the role of exposed party to also become the scoper a role played by another person. That is to say, once a person has become infected, it is possible, perhaps likely, for that person to infect others.\r\n\r\nManagement of exposures and tracking exposed parties is a key function within public health, and within most public health contexts - exposed parties are known as \"contacts.\"",
  "immutable" : true,
  "copyright" : "This material derives from the HL7 Terminology THO. THO is copyright ©1989+ Health Level Seven International and is made available under the CC0 designation. For more licensing information see: https://terminology.hl7.org/license",
  "compose" : {
    "include" : [{
      "system" : "http://terminology.hl7.org/CodeSystem/v3-RoleClass",
      "filter" : [{
        "property" : "concept",
        "op" : "is-a",
        "value" : "EXPR"
      }]
    }]
  }
}