{
  "resourceType" : "ValueSet",
  "id" : "v3-xRoleClassCredentialedEntity",
  "language" : "en",
  "text" : {
    "status" : "extensions",
    "div" : "<div xml:lang=\"en\" xmlns=\"http://www.w3.org/1999/xhtml\" lang=\"en\"><p>This value set includes codes based on the following rules:</p><ul><li>Include these codes as defined in <a href=\"CodeSystem-v3-RoleClass.html\"><code>http://terminology.hl7.org/CodeSystem/v3-RoleClass</code></a><table class=\"none\"><tr><td style=\"white-space:nowrap\"><b>Code</b></td><td><b>Display</b></td><td><b>Definition</b></td></tr><tr><td><a href=\"CodeSystem-v3-RoleClass.html#v3-RoleClass-ASSIGNED\">ASSIGNED</a></td><td style=\"color: #cccccc\">assigned entity</td><td>An agent role in which the agent is an Entity acting in the employ of an organization. The focus is on functional role on behalf of the organization, unlike the Employee role where the focus is on the 'Human Resources' relationship between the employee and the organization.</td></tr><tr><td><a href=\"CodeSystem-v3-RoleClass.html#v3-RoleClass-QUAL\">QUAL</a></td><td style=\"color: #cccccc\">qualified entity</td><td>An entity (player) that has been recognized as having certain training/experience or other characteristics that would make said entity an appropriate performer for a certain activity. The scoper is an organization that educates or qualifies entities.</td></tr></table></li><li>Import all the codes that are contained in <a href=\"ValueSet-v3-RoleClassLicensedEntity.html\">RoleClassLicensedEntity</a></li></ul></div>"
  },
  "extension" : [{
    "extension" : [{
      "url" : "name",
      "valueString" : "Name:Class"
    },
    {
      "url" : "value",
      "valueString" : "credentialedEntity"
    }],
    "url" : "http://terminology.hl7.org/StructureDefinition/ext-mif-assocConceptProp"
  },
  {
    "extension" : [{
      "url" : "name",
      "valueString" : "Name:Role:player:Entity"
    },
    {
      "url" : "value",
      "valueString" : "subject&"
    }],
    "url" : "http://terminology.hl7.org/StructureDefinition/ext-mif-assocConceptProp"
  },
  {
    "extension" : [{
      "url" : "name",
      "valueString" : "Name:Role:scoper:Entity"
    },
    {
      "url" : "value",
      "valueString" : "(issuing&)|issuer"
    }],
    "url" : "http://terminology.hl7.org/StructureDefinition/ext-mif-assocConceptProp"
  },
  {
    "extension" : [{
      "url" : "name",
      "valueString" : "Sort:Entity:playedRole:Role"
    },
    {
      "url" : "value",
      "valueString" : "AAAADA___"
    }],
    "url" : "http://terminology.hl7.org/StructureDefinition/ext-mif-assocConceptProp"
  },
  {
    "extension" : [{
      "url" : "name",
      "valueString" : "Sort:Entity:scopedRole:Role"
    },
    {
      "url" : "value",
      "valueString" : "AAAADA___"
    }],
    "url" : "http://terminology.hl7.org/StructureDefinition/ext-mif-assocConceptProp"
  }],
  "url" : "http://terminology.hl7.org/ValueSet/v3-xRoleClassCredentialedEntity",
  "identifier" : [{
    "system" : "urn:ietf:rfc:3986",
    "value" : "urn:oid:2.16.840.1.113883.1.11.16930"
  }],
  "version" : "0.1.0",
  "name" : "XRoleClassCredentialedEntity",
  "title" : "x_RoleClassCredentialedEntity",
  "status" : "active",
  "experimental" : false,
  "date" : "2014-03-26",
  "publisher" : "SatuSehat",
  "contact" : [{
    "name" : "SatuSehat",
    "telecom" : [{
      "system" : "url",
      "value" : "https://satusehat.kemkes.go.id/"
    },
    {
      "system" : "email",
      "value" : "fhir@dto.kemkes.go.id"
    }]
  }],
  "description" : "A role played by an entity that receives credentials from the scoping entity.",
  "copyright" : "This material derives from the HL7 Terminology THO. THO is copyright ©1989+ Health Level Seven International and is made available under the CC0 designation. For more licensing information see: https://terminology.hl7.org/license",
  "compose" : {
    "include" : [{
      "system" : "http://terminology.hl7.org/CodeSystem/v3-RoleClass",
      "concept" : [{
        "code" : "ASSIGNED"
      },
      {
        "code" : "QUAL"
      }]
    },
    {
      "valueSet" : ["http://terminology.hl7.org/ValueSet/v3-RoleClassLicensedEntity"]
    }]
  }
}