{
  "resourceType" : "ValueSet",
  "id" : "v3-RoleClassContactCode",
  "language" : "en",
  "text" : {
    "status" : "extensions",
    "div" : "<div xml:lang=\"en\" xmlns=\"http://www.w3.org/1999/xhtml\" lang=\"en\"><ul><li>Include these codes as defined in <a href=\"CodeSystem-v3-RoleClass.html\"><code>http://terminology.hl7.org/CodeSystem/v3-RoleClass</code></a><table class=\"none\"><tr><td style=\"white-space:nowrap\"><b>Code</b></td><td><b>Display</b></td><td><b>Definition</b></td></tr><tr><td><a href=\"CodeSystem-v3-RoleClass.html#v3-RoleClass-ECON\">ECON</a></td><td style=\"color: #cccccc\">emergency contact</td><td>An entity to be contacted in the event of an emergency.</td></tr><tr><td><a href=\"CodeSystem-v3-RoleClass.html#v3-RoleClass-NOK\">NOK</a></td><td style=\"color: #cccccc\">next of kin</td><td>An individual designated for notification as the next of kin for a given entity.</td></tr></table></li></ul></div>"
  },
  "url" : "http://terminology.hl7.org/ValueSet/v3-RoleClassContactCode",
  "identifier" : [{
    "system" : "urn:ietf:rfc:3986",
    "value" : "urn:oid:2.16.840.1.113883.1.11.20279"
  }],
  "version" : "0.1.0",
  "name" : "RoleClassContactCode",
  "title" : "RoleClassContactCode",
  "status" : "active",
  "experimental" : false,
  "date" : "2014-03-26",
  "publisher" : "SatuSehat",
  "contact" : [{
    "name" : "SatuSehat",
    "telecom" : [{
      "system" : "url",
      "value" : "https://satusehat.kemkes.go.id/"
    },
    {
      "system" : "email",
      "value" : "fhir@dto.kemkes.go.id"
    }]
  }],
  "description" : "***No description***",
  "copyright" : "This material derives from the HL7 Terminology THO. THO is copyright ©1989+ Health Level Seven International and is made available under the CC0 designation. For more licensing information see: https://terminology.hl7.org/license",
  "compose" : {
    "include" : [{
      "system" : "http://terminology.hl7.org/CodeSystem/v3-RoleClass",
      "concept" : [{
        "code" : "ECON"
      },
      {
        "code" : "NOK"
      }]
    }]
  }
}