{
  "resourceType" : "ValueSet",
  "id" : "v3-EmergencyMedicalServiceProviderHIPAA",
  "language" : "en",
  "text" : {
    "status" : "generated",
    "div" : "<div xml:lang=\"en\" xmlns=\"http://www.w3.org/1999/xhtml\" lang=\"en\"><ul><li>Include these codes as defined in <code>http://nucc.org/provider-taxonomy</code><table class=\"none\"><tr><td style=\"white-space:nowrap\"><b>Code</b></td><td><b>Display</b></td></tr><tr><td>146L00000X</td><td style=\"color: #cccccc\">Paramedic</td></tr><tr><td>146M00000X</td><td style=\"color: #cccccc\">Intermediate Emergency Medical Technician</td></tr><tr><td>146N00000X</td><td style=\"color: #cccccc\">Basic Emergency Medical Technician</td></tr></table></li></ul></div>"
  },
  "url" : "http://terminology.hl7.org/ValueSet/v3-EmergencyMedicalServiceProviderHIPAA",
  "identifier" : [{
    "system" : "urn:ietf:rfc:3986",
    "value" : "urn:oid:2.16.840.1.113883.1.11.13207"
  }],
  "version" : "0.1.0",
  "name" : "EmergencyMedicalServiceProviderHIPAA",
  "title" : "EmergencyMedicalServiceProviderHIPAA",
  "status" : "retired",
  "experimental" : false,
  "date" : "2014-03-26",
  "publisher" : "SatuSehat",
  "contact" : [{
    "name" : "SatuSehat",
    "telecom" : [{
      "system" : "url",
      "value" : "https://satusehat.kemkes.go.id/"
    },
    {
      "system" : "email",
      "value" : "fhir@dto.kemkes.go.id"
    }]
  }],
  "description" : "Broad category for individuals who complete additional training and education in the area of pre-hospital emergency services and are licensed and/or practice within the scope of that training.",
  "copyright" : "This material derives from the HL7 Terminology THO. THO is copyright ©1989+ Health Level Seven International and is made available under the CC0 designation. For more licensing information see: https://terminology.hl7.org/license",
  "compose" : {
    "include" : [{
      "system" : "http://nucc.org/provider-taxonomy",
      "concept" : [{
        "code" : "146L00000X"
      },
      {
        "code" : "146M00000X"
      },
      {
        "code" : "146N00000X"
      }]
    }]
  }
}