{
  "resourceType" : "ValueSet",
  "id" : "v3-ObservationInterpretationProtocolInclusion",
  "language" : "en",
  "text" : {
    "status" : "generated",
    "div" : "<div xml:lang=\"en\" xmlns=\"http://www.w3.org/1999/xhtml\" lang=\"en\"><p>This value set includes codes based on the following rules:</p><ul><li>Import all the codes that are contained in <a href=\"ValueSet-v3-ObservationInterpretationOustsideThreshold.html\">ObservationInterpretationOustsideThreshold</a></li><li>Include all codes defined in <a href=\"CodeSystem-v3-ObservationInterpretation.html\"><code>http://terminology.hl7.org/CodeSystem/v3-ObservationInterpretation</code></a></li></ul></div>"
  },
  "url" : "http://terminology.hl7.org/ValueSet/v3-ObservationInterpretationProtocolInclusion",
  "identifier" : [{
    "system" : "urn:ietf:rfc:3986",
    "value" : "urn:oid:2.16.840.1.113883.1.11.19759"
  }],
  "version" : "0.1.0",
  "name" : "ObservationInterpretationProtocolInclusion",
  "title" : "ObservationInterpretationProtocolInclusion",
  "status" : "active",
  "experimental" : false,
  "date" : "2014-03-26",
  "publisher" : "SatuSehat",
  "contact" : [{
    "name" : "SatuSehat",
    "telecom" : [{
      "system" : "url",
      "value" : "https://satusehat.kemkes.go.id/"
    },
    {
      "system" : "email",
      "value" : "fhir@dto.kemkes.go.id"
    }]
  }],
  "description" : "The observation/test result is interpreted as being outside the inclusion range for a particular protocol within which the result is being reported.\r\n\r\n**Example:** A positive result on a Hepatitis screening test.\r\n\r\n*Open Issue:* We are not deprecating this value set at this time, but instead are leaving open the consideration of deprecation in the future. \\[Note: The concepts included in this value set have also been suggested for future deprecation, and there are no associated concept subdomains or bindings.\\]",
  "copyright" : "This material derives from the HL7 Terminology THO. THO is copyright ©1989+ Health Level Seven International and is made available under the CC0 designation. For more licensing information see: https://terminology.hl7.org/license",
  "compose" : {
    "include" : [{
      "valueSet" : ["http://terminology.hl7.org/ValueSet/v3-ObservationInterpretationOustsideThreshold"]
    },
    {
      "system" : "http://terminology.hl7.org/CodeSystem/v3-ObservationInterpretation"
    }]
  }
}