{
  "resourceType" : "ValueSet",
  "id" : "v3-KnowledgeSubjectObservationValue",
  "text" : {
    "status" : "generated",
    "div" : "<div xmlns=\"http://www.w3.org/1999/xhtml\"><p>This value set includes codes based on the following rules:</p><ul><li>Include all codes defined in <a href=\"http://www.snomed.org/\"><code>http://snomed.info/sct</code></a></li><li>Include all codes defined in <a href=\"CodeSystem-MeSH.html\"><code>https://www.nlm.nih.gov/mesh</code></a></li><li>Include all codes defined in <a href=\"CodeSystem-icd9cm.html\"><code>http://terminology.hl7.org/CodeSystem/icd9cm</code></a></li><li>Include all codes defined in <code>http://terminology.hl7.org/CodeSystem/icd10</code></li><li>Include all codes defined in <a href=\"http://www.nlm.nih.gov/research/umls/rxnorm\"><code>http://www.nlm.nih.gov/research/umls/rxnorm</code></a></li><li>Include all codes defined in <a href=\"CodeSystem-v3-ndc.html\"><code>http://hl7.org/fhir/sid/ndc</code></a></li><li>Include all codes defined in <a href=\"http://loinc.org\"><code>http://loinc.org</code></a></li></ul></div>"
  },
  "url" : "http://terminology.hl7.org/ValueSet/v3-KnowledgeSubjectObservationValue",
  "identifier" : [{
    "system" : "urn:ietf:rfc:3986",
    "value" : "urn:oid:2.16.840.1.113883.11.76"
  }],
  "version" : "0.1.0",
  "name" : "KnowledgeSubjectObservationValue",
  "title" : "KnowledgeSubjectObservationValue",
  "status" : "active",
  "experimental" : false,
  "date" : "2010-03-16",
  "publisher" : "SatuSehat",
  "contact" : [{
    "name" : "SatuSehat",
    "telecom" : [{
      "system" : "url",
      "value" : "https://satusehat.kemkes.go.id/"
    },
    {
      "system" : "email",
      "value" : "fhir@dto.kemkes.go.id"
    }]
  }],
  "description" : "Observation values used to indicate a knowledge subject of interest for which knowledge content is requested (e.g., a medication, a laboratory test, a medical condition).",
  "copyright" : "This material derives from the HL7 Terminology THO. THO is copyright ©1989+ Health Level Seven International and is made available under the CC0 designation. For more licensing information see: https://terminology.hl7.org/license",
  "compose" : {
    "include" : [{
      "system" : "http://snomed.info/sct"
    },
    {
      "system" : "https://www.nlm.nih.gov/mesh"
    },
    {
      "system" : "http://terminology.hl7.org/CodeSystem/icd9cm"
    },
    {
      "system" : "http://terminology.hl7.org/CodeSystem/icd10"
    },
    {
      "system" : "http://www.nlm.nih.gov/research/umls/rxnorm"
    },
    {
      "system" : "http://hl7.org/fhir/sid/ndc"
    },
    {
      "system" : "http://loinc.org"
    }]
  }
}