{
  "resourceType" : "ValueSet",
  "id" : "v3-ActClass",
  "language" : "en",
  "text" : {
    "status" : "generated",
    "div" : "<div xml:lang=\"en\" xmlns=\"http://www.w3.org/1999/xhtml\" lang=\"en\"><ul><li>Include all codes defined in <a href=\"CodeSystem-v3-ActClass.html\"><code>http://terminology.hl7.org/CodeSystem/v3-ActClass</code></a></li></ul></div>"
  },
  "url" : "http://terminology.hl7.org/ValueSet/v3-ActClass",
  "identifier" : [{
    "system" : "urn:ietf:rfc:3986",
    "value" : "urn:oid:2.16.840.1.113883.1.11.11527"
  }],
  "version" : "0.1.0",
  "name" : "ActClass",
  "title" : "ActClass",
  "status" : "active",
  "experimental" : false,
  "date" : "2014-03-26",
  "publisher" : "SatuSehat",
  "contact" : [{
    "name" : "SatuSehat",
    "telecom" : [{
      "system" : "url",
      "value" : "https://satusehat.kemkes.go.id/"
    },
    {
      "system" : "email",
      "value" : "fhir@dto.kemkes.go.id"
    }]
  }],
  "description" : "A code specifying the major type of Act that this Act-instance represents.\r\n\r\n*Constraints:* The classCode domain is a tightly controlled vocabulary, not an external or user-defined vocabulary.\r\n\r\nEvery Act-instance must have a classCode. If the act class is not further specified, the most general Act.classCode (ACT) is used.\r\n\r\nThe Act.classCode must be a generalization of the specific Act concept (e.g., as expressed in Act.code), in other words, the Act concepts conveyed in an Act must be specializations of the Act.classCode. Especially, Act.code is not a \"modifier\" that can alter the meaning of a class code. (See Act.code for contrast.)",
  "immutable" : true,
  "copyright" : "This material derives from the HL7 Terminology THO. THO is copyright ©1989+ Health Level Seven International and is made available under the CC0 designation. For more licensing information see: https://terminology.hl7.org/license",
  "compose" : {
    "include" : [{
      "system" : "http://terminology.hl7.org/CodeSystem/v3-ActClass"
    }]
  }
}