{
  "resourceType" : "ValueSet",
  "id" : "v3-ActStatusSuspended",
  "language" : "en",
  "text" : {
    "status" : "generated",
    "div" : "<div xml:lang=\"en\" xmlns=\"http://www.w3.org/1999/xhtml\" lang=\"en\"><ul><li>Include codes from <a href=\"CodeSystem-v3-ActStatus.html\"><code>http://terminology.hl7.org/CodeSystem/v3-ActStatus</code></a> where concept  is-a  <a href=\"CodeSystem-v3-ActStatus.html#v3-ActStatus-suspended\">suspended</a></li></ul></div>"
  },
  "url" : "http://terminology.hl7.org/ValueSet/v3-ActStatusSuspended",
  "identifier" : [{
    "system" : "urn:ietf:rfc:3986",
    "value" : "urn:oid:2.16.840.1.113883.1.11.20030"
  }],
  "version" : "0.1.0",
  "name" : "ActStatusSuspended",
  "title" : "ActStatusSuspended",
  "status" : "active",
  "experimental" : false,
  "date" : "2014-03-26",
  "publisher" : "SatuSehat",
  "contact" : [{
    "name" : "SatuSehat",
    "telecom" : [{
      "system" : "url",
      "value" : "https://satusehat.kemkes.go.id/"
    },
    {
      "system" : "email",
      "value" : "fhir@dto.kemkes.go.id"
    }]
  }],
  "description" : "An Act that has been activated (actions could or have been performed against it), but has been temporarily disabled. No further action should be taken against it until it is released",
  "immutable" : true,
  "copyright" : "This material derives from the HL7 Terminology THO. THO is copyright ©1989+ Health Level Seven International and is made available under the CC0 designation. For more licensing information see: https://terminology.hl7.org/license",
  "compose" : {
    "include" : [{
      "system" : "http://terminology.hl7.org/CodeSystem/v3-ActStatus",
      "filter" : [{
        "property" : "concept",
        "op" : "is-a",
        "value" : "suspended"
      }]
    }]
  }
}